  0
SECTION
  2
HEADER
  9
$ACADVER
  1
AC1024
  9
$ACADMAINTVER
 70
6
  9
$DWGCODEPAGE
  3
ANSI_1252
  9
$LASTSAVEDBY
  1
ezdxf
  9
$INSBASE
 10
0.0
 20
0.0
 30
0.0
  9
$EXTMIN
 10
1e+20
 20
1e+20
 30
1e+20
  9
$EXTMAX
 10
-1e+20
 20
-1e+20
 30
-1e+20
  9
$LIMMIN
 10
0.0
 20
0.0
  9
$LIMMAX
 10
420.0
 20
297.0
  9
$ORTHOMODE
 70
0
  9
$REGENMODE
 70
1
  9
$FILLMODE
 70
1
  9
$QTEXTMODE
 70
0
  9
$MIRRTEXT
 70
1
  9
$LTSCALE
 40
1.0
  9
$ATTMODE
 70
1
  9
$TEXTSIZE
 40
2.5
  9
$TRACEWID
 40
1.0
  9
$TEXTSTYLE
  7
Standard
  9
$CLAYER
  8
0
  9
$CELTYPE
  6
ByLayer
  9
$CECOLOR
 62
256
  9
$CELTSCALE
 40
1.0
  9
$DISPSILH
 70
0
  9
$DIMSCALE
 40
1.0
  9
$DIMASZ
 40
2.5
  9
$DIMEXO
 40
0.625
  9
$DIMDLI
 40
3.75
  9
$DIMRND
 40
0.0
  9
$DIMDLE
 40
0.0
  9
$DIMEXE
 40
1.25
  9
$DIMTP
 40
0.0
  9
$DIMTM
 40
0.0
  9
$DIMTXT
 40
2.5
  9
$DIMCEN
 40
2.5
  9
$DIMTSZ
 40
0.0
  9
$DIMTOL
 70
0
  9
$DIMLIM
 70
0
  9
$DIMTIH
 70
0
  9
$DIMTOH
 70
0
  9
$DIMSE1
 70
0
  9
$DIMSE2
 70
0
  9
$DIMTAD
 70
1
  9
$DIMZIN
 70
8
  9
$DIMBLK
  1

  9
$DIMASO
 70
1
  9
$DIMSHO
 70
1
  9
$DIMPOST
  1

  9
$DIMAPOST
  1

  9
$DIMALT
 70
0
  9
$DIMALTD
 70
3
  9
$DIMALTF
 40
0.03937007874
  9
$DIMLFAC
 40
1.0
  9
$DIMTOFL
 70
1
  9
$DIMTVP
 40
0.0
  9
$DIMTIX
 70
0
  9
$DIMSOXD
 70
0
  9
$DIMSAH
 70
0
  9
$DIMBLK1
  1

  9
$DIMBLK2
  1

  9
$DIMSTYLE
  2
ISO-25
  9
$DIMCLRD
 70
0
  9
$DIMCLRE
 70
0
  9
$DIMCLRT
 70
0
  9
$DIMTFAC
 40
1.0
  9
$DIMGAP
 40
0.625
  9
$DIMJUST
 70
0
  9
$DIMSD1
 70
0
  9
$DIMSD2
 70
0
  9
$DIMTOLJ
 70
0
  9
$DIMTZIN
 70
8
  9
$DIMALTZ
 70
0
  9
$DIMALTTZ
 70
0
  9
$DIMUPT
 70
0
  9
$DIMDEC
 70
2
  9
$DIMTDEC
 70
2
  9
$DIMALTU
 70
2
  9
$DIMALTTD
 70
3
  9
$DIMTXSTY
  7
Standard
  9
$DIMAUNIT
 70
0
  9
$DIMADEC
 70
0
  9
$DIMALTRND
 40
0.0
  9
$DIMAZIN
 70
0
  9
$DIMDSEP
 70
44
  9
$DIMATFIT
 70
3
  9
$DIMFRAC
 70
0
  9
$DIMLDRBLK
  1

  9
$DIMLUNIT
 70
2
  9
$DIMLWD
 70
-2
  9
$DIMLWE
 70
-2
  9
$DIMTMOVE
 70
0
  9
$DIMFXL
 40
1.0
  9
$DIMFXLON
 70
0
  9
$DIMJOGANG
 40
0.785398163397
  9
$DIMTFILL
 70
0
  9
$DIMTFILLCLR
 70
0
  9
$DIMARCSYM
 70
0
  9
$DIMLTYPE
  6

  9
$DIMLTEX1
  6

  9
$DIMLTEX2
  6

  9
$DIMTXTDIRECTION
 70
0
  9
$LUNITS
 70
2
  9
$LUPREC
 70
4
  9
$SKETCHINC
 40
1.0
  9
$FILLETRAD
 40
10.0
  9
$AUNITS
 70
0
  9
$AUPREC
 70
2
  9
$MENU
  1
.
  9
$ELEVATION
 40
0.0
  9
$PELEVATION
 40
0.0
  9
$THICKNESS
 40
0.0
  9
$LIMCHECK
 70
0
  9
$CHAMFERA
 40
0.0
  9
$CHAMFERB
 40
0.0
  9
$CHAMFERC
 40
0.0
  9
$CHAMFERD
 40
0.0
  9
$SKPOLY
 70
0
  9
$TDCREATE
 40
2461323.928159722
  9
$TDUCREATE
 40
2458532.153996898
  9
$TDUPDATE
 40
2461323.928159722
  9
$TDUUPDATE
 40
2458532.1544311
  9
$TDINDWG
 40
0.0
  9
$TDUSRTIMER
 40
0.0
  9
$USRTIMER
 70
1
  9
$ANGBASE
 50
0.0
  9
$ANGDIR
 70
0
  9
$PDMODE
 70
0
  9
$PDSIZE
 40
0.0
  9
$PLINEWID
 40
0.0
  9
$SPLFRAME
 70
0
  9
$SPLINETYPE
 70
6
  9
$SPLINESEGS
 70
8
  9
$HANDSEED
  5
A92
  9
$SURFTAB1
 70
6
  9
$SURFTAB2
 70
6
  9
$SURFTYPE
 70
6
  9
$SURFU
 70
6
  9
$SURFV
 70
6
  9
$UCSBASE
  2

  9
$UCSNAME
  2

  9
$UCSORG
 10
0.0
 20
0.0
 30
0.0
  9
$UCSXDIR
 10
1.0
 20
0.0
 30
0.0
  9
$UCSYDIR
 10
0.0
 20
1.0
 30
0.0
  9
$UCSORTHOREF
  2

  9
$UCSORTHOVIEW
 70
0
  9
$UCSORGTOP
 10
0.0
 20
0.0
 30
0.0
  9
$UCSORGBOTTOM
 10
0.0
 20
0.0
 30
0.0
  9
$UCSORGLEFT
 10
0.0
 20
0.0
 30
0.0
  9
$UCSORGRIGHT
 10
0.0
 20
0.0
 30
0.0
  9
$UCSORGFRONT
 10
0.0
 20
0.0
 30
0.0
  9
$UCSORGBACK
 10
0.0
 20
0.0
 30
0.0
  9
$PUCSBASE
  2

  9
$PUCSNAME
  2

  9
$PUCSORG
 10
0.0
 20
0.0
 30
0.0
  9
$PUCSXDIR
 10
1.0
 20
0.0
 30
0.0
  9
$PUCSYDIR
 10
0.0
 20
1.0
 30
0.0
  9
$PUCSORTHOREF
  2

  9
$PUCSORTHOVIEW
 70
0
  9
$PUCSORGTOP
 10
0.0
 20
0.0
 30
0.0
  9
$PUCSORGBOTTOM
 10
0.0
 20
0.0
 30
0.0
  9
$PUCSORGLEFT
 10
0.0
 20
0.0
 30
0.0
  9
$PUCSORGRIGHT
 10
0.0
 20
0.0
 30
0.0
  9
$PUCSORGFRONT
 10
0.0
 20
0.0
 30
0.0
  9
$PUCSORGBACK
 10
0.0
 20
0.0
 30
0.0
  9
$USERI1
 70
0
  9
$USERI2
 70
0
  9
$USERI3
 70
0
  9
$USERI4
 70
0
  9
$USERI5
 70
0
  9
$USERR1
 40
0.0
  9
$USERR2
 40
0.0
  9
$USERR3
 40
0.0
  9
$USERR4
 40
0.0
  9
$USERR5
 40
0.0
  9
$WORLDVIEW
 70
1
  9
$SHADEDGE
 70
3
  9
$SHADEDIF
 70
70
  9
$TILEMODE
 70
1
  9
$MAXACTVP
 70
64
  9
$PINSBASE
 10
0.0
 20
0.0
 30
0.0
  9
$PLIMCHECK
 70
0
  9
$PEXTMIN
 10
1e+20
 20
1e+20
 30
1e+20
  9
$PEXTMAX
 10
-1e+20
 20
-1e+20
 30
-1e+20
  9
$PLIMMIN
 10
-0.0
 20
-0.0
  9
$PLIMMAX
 10
841.0
 20
594.0
  9
$UNITMODE
 70
0
  9
$VISRETAIN
 70
1
  9
$PLINEGEN
 70
0
  9
$PSLTSCALE
 70
1
  9
$TREEDEPTH
 70
3020
  9
$CMLSTYLE
  2
Standard
  9
$CMLJUST
 70
0
  9
$CMLSCALE
 40
20.0
  9
$PROXYGRAPHICS
 70
1
  9
$MEASUREMENT
 70
1
  9
$CELWEIGHT
370
-1
  9
$ENDCAPS
280
0
  9
$JOINSTYLE
280
0
  9
$LWDISPLAY
290
1
  9
$INSUNITS
 70
4
  9
$HYPERLINKBASE
  1

  9
$STYLESHEET
  1

  9
$XEDIT
290
1
  9
$CEPSNTYPE
380
0
  9
$PSTYLEMODE
290
1
  9
$FINGERPRINTGUID
  2
{0D944ACA-3A13-4BCD-B106-DD629FA1D154}
  9
$VERSIONGUID
  2
{D5C74F5A-41EA-4821-8EBE-73B72C823C7C}
  9
$EXTNAMES
290
1
  9
$PSVPSCALE
 40
0.0
  9
$OLESTARTUP
290
0
  9
$SORTENTS
280
127
  9
$INDEXCTL
280
0
  9
$HIDETEXT
280
1
  9
$XCLIPFRAME
280
1
  9
$HALOGAP
280
0
  9
$OBSCOLOR
 70
257
  9
$OBSLTYPE
280
0
  9
$INTERSECTIONDISPLAY
280
0
  9
$INTERSECTIONCOLOR
 70
257
  9
$DIMASSOC
280
2
  9
$PROJECTNAME
  1

  9
$CAMERADISPLAY
290
0
  9
$LENSLENGTH
 40
50.0
  9
$CAMERAHEIGHT
 40
0.0
  9
$STEPSPERSEC
 40
24.0
  9
$STEPSIZE
 40
100.0
  9
$3DDWFPREC
 40
2.0
  9
$PSOLWIDTH
 40
0.005
  9
$PSOLHEIGHT
 40
0.08
  9
$LOFTANG1
 40
1.570796326795
  9
$LOFTANG2
 40
1.570796326795
  9
$LOFTMAG1
 40
0.0
  9
$LOFTMAG2
 40
0.0
  9
$LOFTPARAM
 70
7
  9
$LOFTNORMALS
280
1
  9
$LATITUDE
 40
37.795
  9
$LONGITUDE
 40
-122.394
  9
$NORTHDIRECTION
 40
0.0
  9
$TIMEZONE
 70
-8000
  9
$LIGHTGLYPHDISPLAY
280
1
  9
$TILEMODELIGHTSYNCH
280
1
  9
$CMATERIAL
347
20
  9
$SOLIDHIST
280
0
  9
$SHOWHIST
280
1
  9
$DWFFRAME
280
2
  9
$DGNFRAME
280
2
  9
$REALWORLDSCALE
290
1
  9
$INTERFERECOLOR
 62
256
  9
$CSHADOW
280
0
  9
$SHADOWPLANELOCATION
 40
0.0
  0
ENDSEC
  0
SECTION
  2
CLASSES
  0
CLASS
  1
ACDBDICTIONARYWDFLT
  2
AcDbDictionaryWithDefault
  3
ObjectDBX Classes
 90
0
 91
0
280
0
281
0
  0
CLASS
  1
SUN
  2
AcDbSun
  3
SCENEOE
 90
1153
 91
0
280
0
281
0
  0
CLASS
  1
VISUALSTYLE
  2
AcDbVisualStyle
  3
ObjectDBX Classes
 90
4095
 91
0
280
0
281
0
  0
CLASS
  1
MATERIAL
  2
AcDbMaterial
  3
ObjectDBX Classes
 90
1153
 91
0
280
0
281
0
  0
CLASS
  1
SCALE
  2
AcDbScale
  3
ObjectDBX Classes
 90
1153
 91
0
280
0
281
0
  0
CLASS
  1
TABLESTYLE
  2
AcDbTableStyle
  3
ObjectDBX Classes
 90
4095
 91
0
280
0
281
0
  0
CLASS
  1
MLEADERSTYLE
  2
AcDbMLeaderStyle
  3
ACDB_MLEADERSTYLE_CLASS
 90
4095
 91
0
280
0
281
0
  0
CLASS
  1
DICTIONARYVAR
  2
AcDbDictionaryVar
  3
ObjectDBX Classes
 90
0
 91
0
280
0
281
0
  0
CLASS
  1
CELLSTYLEMAP
  2
AcDbCellStyleMap
  3
ObjectDBX Classes
 90
1152
 91
0
280
0
281
0
  0
CLASS
  1
MENTALRAYRENDERSETTINGS
  2
AcDbMentalRayRenderSettings
  3
SCENEOE
 90
1024
 91
0
280
0
281
0
  0
CLASS
  1
ACDBDETAILVIEWSTYLE
  2
AcDbDetailViewStyle
  3
ObjectDBX Classes
 90
1025
 91
0
280
0
281
0
  0
CLASS
  1
ACDBSECTIONVIEWSTYLE
  2
AcDbSectionViewStyle
  3
ObjectDBX Classes
 90
1025
 91
0
280
0
281
0
  0
CLASS
  1
RASTERVARIABLES
  2
AcDbRasterVariables
  3
ISM
 90
0
 91
0
280
0
281
0
  0
CLASS
  1
LAYOUT
  2
AcDbLayout
  3
ObjectDBX Classes
 90
0
 91
0
280
0
281
0
  0
CLASS
  1
ACDBPLACEHOLDER
  2
AcDbPlaceHolder
  3
ObjectDBX Classes
 90
0
 91
0
280
0
281
0
  0
ENDSEC
  0
SECTION
  2
TABLES
  0
TABLE
  2
VPORT
  5
8
330
0
100
AcDbSymbolTable
 70
1
  0
VPORT
  5
23
330
8
100
AcDbSymbolTableRecord
100
AcDbViewportTableRecord
  2
*Active
 70
0
 10
0.0
 20
0.0
 11
1.0
 21
1.0
 12
0.0
 22
0.0
 13
0.0
 23
0.0
 14
0.5
 24
0.5
 15
0.5
 25
0.5
 16
0.0
 26
0.0
 36
1.0
 17
0.0
 27
0.0
 37
0.0
 40
1000.0
 41
1.34
 42
50.0
 43
0.0
 44
0.0
 50
0.0
 51
0.0
 71
0
 72
1000
 73
1
 74
3
 75
0
 76
0
 77
0
 78
0
281
0
 65
0
146
0.0
  0
ENDTAB
  0
TABLE
  2
LTYPE
  5
2
330
0
100
AcDbSymbolTable
 70
8
  0
LTYPE
  5
24
330
2
100
AcDbSymbolTableRecord
100
AcDbLinetypeTableRecord
  2
ByBlock
 70
0
  3

 72
65
 73
0
 40
0.0
  0
LTYPE
  5
25
330
2
100
AcDbSymbolTableRecord
100
AcDbLinetypeTableRecord
  2
ByLayer
 70
0
  3

 72
65
 73
0
 40
0.0
  0
LTYPE
  5
26
330
2
100
AcDbSymbolTableRecord
100
AcDbLinetypeTableRecord
  2
Continuous
 70
0
  3

 72
65
 73
0
 40
0.0
  0
LTYPE
  5
112
330
2
100
AcDbSymbolTableRecord
100
AcDbLinetypeTableRecord
  2
TRAZO_10-3-2-3
 70
0
  3
trazo 10 3 2 3
 72
65
 73
4
 40
6.35
 49
3.5277777777777777
 74
0
 49
-1.0583333333333331
 74
0
 49
0.7055555555555555
 74
0
 49
-1.0583333333333331
 74
0
  0
LTYPE
  5
113
330
2
100
AcDbSymbolTableRecord
100
AcDbLinetypeTableRecord
  2
TRAZO_8-3
 70
0
  3
trazo 8 3
 72
65
 73
2
 40
3.880555555555555
 49
2.822222222222222
 74
0
 49
-1.0583333333333331
 74
0
  0
LTYPE
  5
3F9
330
2
100
AcDbSymbolTableRecord
100
AcDbLinetypeTableRecord
  2
TRAZO_3-2
 70
0
  3
trazo 3 2
 72
65
 73
2
 40
1.7638888888888886
 49
1.0583333333333331
 74
0
 49
-0.7055555555555555
 74
0
  0
LTYPE
  5
680
330
2
100
AcDbSymbolTableRecord
100
AcDbLinetypeTableRecord
  2
TRAZO_2-2
 70
0
  3
trazo 2 2
 72
65
 73
2
 40
1.411111111111111
 49
0.7055555555555555
 74
0
 49
-0.7055555555555555
 74
0
  0
LTYPE
  5
943
330
2
100
AcDbSymbolTableRecord
100
AcDbLinetypeTableRecord
  2
TRAZO_6-3
 70
0
  3
trazo 6 3
 72
65
 73
2
 40
3.1749999999999994
 49
2.1166666666666663
 74
0
 49
-1.0583333333333331
 74
0
  0
ENDTAB
  0
TABLE
  2
LAYER
  5
1
330
0
100
AcDbSymbolTable
 70
57
  0
LAYER
  5
27
330
1
100
AcDbSymbolTableRecord
100
AcDbLayerTableRecord
  2
0
 70
0
 62
7
  6
Continuous
370
-3
390
13
347
21
  0
LAYER
  5
28
330
1
100
AcDbSymbolTableRecord
100
AcDbLayerTableRecord
  2
Defpoints
 70
0
 62
7
  6
Continuous
290
0
370
-3
390
13
347
21
  0
LAYER
  5
31
330
1
100
AcDbSymbolTableRecord
100
AcDbLayerTableRecord
  2
VENTANAS
 70
0
 62
253
420
10395294
  6
Continuous
290
0
370
9
390
13
347
21
  0
LAYER
  5
32
330
1
100
AcDbSymbolTableRecord
100
AcDbLayerTableRecord
  2
MODELO_ROTULOS
 70
0
 62
253
420
10395294
  6
Continuous
290
0
370
9
390
13
347
21
  0
LAYER
  5
38
330
1
100
AcDbSymbolTableRecord
100
AcDbLayerTableRecord
  2
LAMINA_FONDO
 70
0
 62
7
420
15132390
  6
Continuous
370
5
390
13
347
21
  0
LAYER
  5
39
330
1
100
AcDbSymbolTableRecord
100
AcDbLayerTableRecord
  2
LAMINA_MARCO
 70
0
 62
49
420
2236962
  6
Continuous
370
40
390
13
347
21
  0
LAYER
  5
3A
330
1
100
AcDbSymbolTableRecord
100
AcDbLayerTableRecord
  2
LAMINA_TABLAS
 70
0
 62
49
420
2236962
  6
Continuous
370
15
390
13
347
21
  0
LAYER
  5
3B
330
1
100
AcDbSymbolTableRecord
100
AcDbLayerTableRecord
  2
LAMINA_TEXTO
 70
0
 62
19
420
1118481
  6
Continuous
370
9
390
13
347
21
  0
LAYER
  5
114
330
1
100
AcDbSymbolTableRecord
100
AcDbLayerTableRecord
  2
G-axis
 70
0
 62
253
420
10132122
  6
TRAZO_10-3-2-3
370
18
390
13
347
21
  0
LAYER
  5
115
330
1
100
AcDbSymbolTableRecord
100
AcDbLayerTableRecord
  2
G-bubble
 70
0
 62
27
420
3355443
  6
Continuous
370
30
390
13
347
21
  0
LAYER
  5
116
330
1
100
AcDbSymbolTableRecord
100
AcDbLayerTableRecord
  2
T-grid
 70
0
 62
27
420
3355443
  6
Continuous
370
18
390
13
347
21
  0
LAYER
  5
117
330
1
100
AcDbSymbolTableRecord
100
AcDbLayerTableRecord
  2
G-beam
 70
0
 62
35
420
8018479
  6
Continuous
370
30
390
13
347
21
  0
LAYER
  5
118
330
1
100
AcDbSymbolTableRecord
100
AcDbLayerTableRecord
  2
G-r_tieS
 70
0
 62
217
420
4858714
  6
Continuous
370
18
390
13
347
21
  0
LAYER
  5
119
330
1
100
AcDbSymbolTableRecord
100
AcDbLayerTableRecord
  2
G-tab
 70
0
 62
42
420
11562752
  6
Continuous
370
30
390
13
347
21
  0
LAYER
  5
11A
330
1
100
AcDbSymbolTableRecord
100
AcDbLayerTableRecord
  2
G-column
 70
0
 62
27
420
3355443
  6
Continuous
370
35
390
13
347
21
  0
LAYER
  5
11B
330
1
100
AcDbSymbolTableRecord
100
AcDbLayerTableRecord
  2
G-plate
 70
0
 62
147
420
2054806
  6
Continuous
370
50
390
13
347
21
  0
LAYER
  5
11C
330
1
100
AcDbSymbolTableRecord
100
AcDbLayerTableRecord
  2
G-edge
 70
0
 62
251
420
5592405
  6
TRAZO_8-3
370
30
390
13
347
21
  0
LAYER
  5
11D
330
1
100
AcDbSymbolTableRecord
100
AcDbLayerTableRecord
  2
G-r_bm2
 70
0
 62
147
420
1789810
  6
Continuous
370
18
390
13
347
21
  0
LAYER
  5
11E
330
1
100
AcDbSymbolTableRecord
100
AcDbLayerTableRecord
  2
T-bsm
 70
0
 62
156
420
929604
  6
Continuous
370
18
390
13
347
21
  0
LAYER
  5
11F
330
1
100
AcDbSymbolTableRecord
100
AcDbLayerTableRecord
  2
G-r_bas
 70
0
 62
34
420
8272390
  6
Continuous
370
18
390
13
347
21
  0
LAYER
  5
120
330
1
100
AcDbSymbolTableRecord
100
AcDbLayerTableRecord
  2
G-r_oval_l
 70
0
 62
23
420
15228988
  6
Continuous
370
20
390
13
347
21
  0
LAYER
  5
121
330
1
100
AcDbSymbolTableRecord
100
AcDbLayerTableRecord
  2
G-r_anc
 70
0
 62
24
420
8070172
  6
Continuous
370
18
390
13
347
21
  0
LAYER
  5
122
330
1
100
AcDbSymbolTableRecord
100
AcDbLayerTableRecord
  2
T-label
 70
0
 62
49
420
2236962
  6
Continuous
370
18
390
13
347
21
  0
LAYER
  5
123
330
1
100
AcDbSymbolTableRecord
100
AcDbLayerTableRecord
  2
T-code
 70
0
 62
19
420
1118481
  6
Continuous
370
18
390
13
347
21
  0
LAYER
  5
124
330
1
100
AcDbSymbolTableRecord
100
AcDbLayerTableRecord
  2
T-small
 70
0
 62
47
420
4473924
  6
Continuous
370
18
390
13
347
21
  0
LAYER
  5
125
330
1
100
AcDbSymbolTableRecord
100
AcDbLayerTableRecord
  2
T-red
 70
0
 62
242
420
13632027
  6
Continuous
370
18
390
13
347
21
  0
LAYER
  5
126
330
1
100
AcDbSymbolTableRecord
100
AcDbLayerTableRecord
  2
T-tie
 70
0
 62
195
420
5975151
  6
Continuous
370
18
390
13
347
21
  0
LAYER
  5
127
330
1
100
AcDbSymbolTableRecord
100
AcDbLayerTableRecord
  2
G-lead
 70
0
 62
49
420
2236962
  6
Continuous
370
35
390
13
347
21
  0
LAYER
  5
128
330
1
100
AcDbSymbolTableRecord
100
AcDbLayerTableRecord
  2
COTAS
 70
0
 62
27
420
3355443
  6
Continuous
370
15
390
13
347
21
  0
LAYER
  5
30B
330
1
100
AcDbSymbolTableRecord
100
AcDbLayerTableRecord
  2
G-r_conc
 70
0
 62
252
420
7039851
  6
Continuous
370
30
390
13
347
21
  0
LAYER
  5
30C
330
1
100
AcDbSymbolTableRecord
100
AcDbLayerTableRecord
  2
G-r_bm1
 70
0
 62
156
420
929604
  6
Continuous
370
18
390
13
347
21
  0
LAYER
  5
3FA
330
1
100
AcDbSymbolTableRecord
100
AcDbLayerTableRecord
  2
G-r_old
 70
0
 62
252
420
7039851
  6
Continuous
370
30
390
13
347
21
  0
LAYER
  5
3FB
330
1
100
AcDbSymbolTableRecord
100
AcDbLayerTableRecord
  2
G-r_colS
 70
0
 62
34
420
7031296
  6
Continuous
370
18
390
13
347
21
  0
LAYER
  5
3FC
330
1
100
AcDbSymbolTableRecord
100
AcDbLayerTableRecord
  2
G-r_rodS
 70
0
 62
136
420
742213
  6
Continuous
370
18
390
13
347
21
  0
LAYER
  5
3FD
330
1
100
AcDbSymbolTableRecord
100
AcDbLayerTableRecord
  2
G-r_new
 70
0
 62
119
420
1333810
  6
Continuous
370
18
390
13
347
21
  0
LAYER
  5
3FE
330
1
100
AcDbSymbolTableRecord
100
AcDbLayerTableRecord
  2
G-r_bm3
 70
0
 62
138
420
1845299
  6
Continuous
370
18
390
13
347
21
  0
LAYER
  5
3FF
330
1
100
AcDbSymbolTableRecord
100
AcDbLayerTableRecord
  2
G-r_grout
 70
0
 62
9
420
11908533
  6
Continuous
370
18
390
13
347
21
  0
LAYER
  5
400
330
1
100
AcDbSymbolTableRecord
100
AcDbLayerTableRecord
  2
G-r_eplate
 70
0
 62
253
420
8687514
  6
Continuous
370
20
390
13
347
21
  0
LAYER
  5
401
330
1
100
AcDbSymbolTableRecord
100
AcDbLayerTableRecord
  2
G-r_ipe
 70
0
 62
127
420
2044743
  6
Continuous
370
18
390
13
347
21
  0
LAYER
  5
402
330
1
100
AcDbSymbolTableRecord
100
AcDbLayerTableRecord
  2
G-r_ipef
 70
0
 62
127
420
2044743
  6
Continuous
370
20
390
13
347
21
  0
LAYER
  5
403
330
1
100
AcDbSymbolTableRecord
100
AcDbLayerTableRecord
  2
G-r_bp
 70
0
 62
138
420
1319987
  6
Continuous
370
20
390
13
347
21
  0
LAYER
  5
404
330
1
100
AcDbSymbolTableRecord
100
AcDbLayerTableRecord
  2
G-r_nut
 70
0
 62
26
420
4001547
  6
Continuous
370
18
390
13
347
21
  0
LAYER
  5
405
330
1
100
AcDbSymbolTableRecord
100
AcDbLayerTableRecord
  2
G-r_ancg
 70
0
 62
11
420
13857899
  6
TRAZO_3-2
370
20
390
13
347
21
  0
LAYER
  5
406
330
1
100
AcDbSymbolTableRecord
100
AcDbLayerTableRecord
  2
G-grid
 70
0
 62
253
420
10395294
  6
Continuous
370
20
390
13
347
21
  0
LAYER
  5
407
330
1
100
AcDbSymbolTableRecord
100
AcDbLayerTableRecord
  2
T-new
 70
0
 62
119
420
1333810
  6
Continuous
370
18
390
13
347
21
  0
LAYER
  5
408
330
1
100
AcDbSymbolTableRecord
100
AcDbLayerTableRecord
  2
T-hk
 70
0
 62
44
420
8017152
  6
Continuous
370
18
390
13
347
21
  0
LAYER
  5
409
330
1
100
AcDbSymbolTableRecord
100
AcDbLayerTableRecord
  2
T-anc
 70
0
 62
22
420
11088422
  6
Continuous
370
18
390
13
347
21
  0
LAYER
  5
4FB
330
1
100
AcDbSymbolTableRecord
100
AcDbLayerTableRecord
  2
G-r_col
 70
0
 62
31
420
13810828
  6
Continuous
370
15
390
13
347
21
  0
LAYER
  5
5CC
330
1
100
AcDbSymbolTableRecord
100
AcDbLayerTableRecord
  2
G-r_rod
 70
0
 62
253
420
8961202
  6
Continuous
370
15
390
13
347
21
  0
LAYER
  5
5CD
330
1
100
AcDbSymbolTableRecord
100
AcDbLayerTableRecord
  2
G-r_tie
 70
0
 62
9
420
12492492
  6
Continuous
370
15
390
13
347
21
  0
LAYER
  5
681
330
1
100
AcDbSymbolTableRecord
100
AcDbLayerTableRecord
  2
G-cut
 70
0
 62
251
420
5592405
  6
TRAZO_2-2
370
20
390
13
347
21
  0
LAYER
  5
914
330
1
100
AcDbSymbolTableRecord
100
AcDbLayerTableRecord
  2
G-r_t1
 70
0
 62
217
420
4858714
  6
Continuous
370
18
390
13
347
21
  0
LAYER
  5
915
330
1
100
AcDbSymbolTableRecord
100
AcDbLayerTableRecord
  2
G-r_t2
 70
0
 62
147
420
1789810
  6
Continuous
370
18
390
13
347
21
  0
LAYER
  5
916
330
1
100
AcDbSymbolTableRecord
100
AcDbLayerTableRecord
  2
G-r_t3
 70
0
 62
44
420
8278281
  6
Continuous
370
18
390
13
347
21
  0
LAYER
  5
917
330
1
100
AcDbSymbolTableRecord
100
AcDbLayerTableRecord
  2
G-r_t4
 70
0
 62
136
420
742213
  6
Continuous
370
18
390
13
347
21
  0
LAYER
  5
944
330
1
100
AcDbSymbolTableRecord
100
AcDbLayerTableRecord
  2
G-r_concb
 70
0
 62
253
420
10592673
  6
TRAZO_6-3
370
20
390
13
347
21
  0
LAYER
  5
9BB
330
1
100
AcDbSymbolTableRecord
100
AcDbLayerTableRecord
  2
G-void
 70
0
 62
27
420
3355443
  6
Continuous
370
20
390
13
347
21
  0
ENDTAB
  0
TABLE
  2
STYLE
  5
5
330
0
100
AcDbSymbolTable
 70
3
  0
STYLE
  5
29
330
5
100
AcDbSymbolTableRecord
100
AcDbTextStyleTableRecord
  2
Standard
 70
0
 40
0.0
 41
1.0
 50
0.0
 71
0
 42
2.5
  3
txt
  4

  0
STYLE
  5
2F
330
5
100
AcDbSymbolTableRecord
100
AcDbTextStyleTableRecord
  2
ESTANDAR
 70
0
 40
0.0
 41
1.0
 50
0.0
 71
0
 42
2.5
  3
arial.ttf
  4

  0
STYLE
  5
30
330
5
100
AcDbSymbolTableRecord
100
AcDbTextStyleTableRecord
  2
NEGRITA
 70
0
 40
0.0
 41
1.0
 50
0.0
 71
0
 42
2.5
  3
arialbd.ttf
  4

  0
ENDTAB
  0
TABLE
  2
VIEW
  5
7
330
0
100
AcDbSymbolTable
 70
0
  0
ENDTAB
  0
TABLE
  2
UCS
  5
6
330
0
100
AcDbSymbolTable
 70
0
  0
ENDTAB
  0
TABLE
  2
APPID
  5
3
330
0
100
AcDbSymbolTable
 70
3
  0
APPID
  5
2A
330
3
100
AcDbSymbolTableRecord
100
AcDbRegAppTableRecord
  2
ACAD
 70
0
  0
APPID
  5
A8F
330
3
100
AcDbSymbolTableRecord
100
AcDbRegAppTableRecord
  2
HATCHBACKGROUNDCOLOR
 70
0
  0
APPID
  5
A90
330
3
100
AcDbSymbolTableRecord
100
AcDbRegAppTableRecord
  2
EZDXF
 70
0
  0
ENDTAB
  0
TABLE
  2
DIMSTYLE
  5
4
330
0
100
AcDbSymbolTable
 70
8
100
AcDbDimStyleTable
  0
DIMSTYLE
105
2B
330
4
100
AcDbSymbolTableRecord
100
AcDbDimStyleTableRecord
  2
Standard
 70
0
 40
1.0
 41
2.5
 42
0.625
 43
3.75
 44
1.25
 45
0.0
 46
0.0
 47
0.0
 48
0.0
 49
2.5
140
2.5
141
2.5
142
0.0
143
0.03937007874
144
1.0
145
0.0
146
1.0
147
0.625
148
0.0
 69
0
 70
0
 71
0
 72
0
 73
0
 74
0
 75
0
 76
0
 77
1
 78
8
 79
3
170
0
171
3
172
1
173
0
174
0
175
0
176
0
177
0
178
0
179
2
271
2
272
2
273
2
274
3
275
0
276
0
277
2
278
44
279
0
280
0
281
0
282
0
283
0
284
8
285
0
286
0
288
0
289
3
290
0
371
-2
372
-2
  0
DIMSTYLE
105
3C
330
4
100
AcDbSymbolTableRecord
100
AcDbDimStyleTableRecord
  2
COTAS_PAPEL
 70
0
 40
1.0
 41
2.0
 42
0.5291666666666666
 43
3.75
 44
0.8819444444444444
 45
0.0
 46
0.0
 47
0.0
 48
0.0
 49
2.5
140
1.8288
141
2.5
142
1.0943166666666666
143
0.03937007874
144
1.0
145
0.0
146
1.0
147
0.6
148
0.0
 69
0
 70
0
 71
0
 72
0
 73
0
 74
0
 75
0
 76
0
 77
1
 78
8
 79
3
170
0
171
3
172
1
173
0
174
0
175
0
176
8
177
8
178
250
179
2
271
0
272
2
273
2
274
3
275
0
276
0
277
2
278
44
279
0
280
0
281
0
282
0
283
0
284
8
285
0
286
0
288
0
289
3
290
0
340
2F
371
15
372
13
  0
DIMSTYLE
105
129
330
4
100
AcDbSymbolTableRecord
100
AcDbDimStyleTableRecord
  2
COTAS_1-75
 70
0
 40
75.0
 41
2.0
 42
0.5291666666666666
 43
3.75
 44
0.8819444444444444
 45
0.0
 46
0.0
 47
0.0
 48
0.0
 49
2.5
140
1.8288
141
2.5
142
1.0943166666666666
143
0.03937007874
144
1.0
145
0.0
146
1.0
147
0.6
148
0.0
 69
0
 70
0
 71
0
 72
0
 73
0
 74
0
 75
0
 76
0
 77
1
 78
8
 79
3
170
0
171
3
172
1
173
0
174
0
175
0
176
8
177
8
178
250
179
2
271
0
272
2
273
2
274
3
275
0
276
0
277
2
278
44
279
0
280
0
281
0
282
0
283
0
284
8
285
0
286
0
288
0
289
3
290
0
340
2F
371
15
372
13
  0
DIMSTYLE
105
30D
330
4
100
AcDbSymbolTableRecord
100
AcDbDimStyleTableRecord
  2
COTAS_1-10
 70
0
 40
10.0
 41
2.0
 42
0.5291666666666666
 43
3.75
 44
0.8819444444444444
 45
0.0
 46
0.0
 47
0.0
 48
0.0
 49
2.5
140
1.8288
141
2.5
142
1.0943166666666666
143
0.03937007874
144
1.0
145
0.0
146
1.0
147
0.6
148
0.0
 69
0
 70
0
 71
0
 72
0
 73
0
 74
0
 75
0
 76
0
 77
1
 78
8
 79
3
170
0
171
3
172
1
173
0
174
0
175
0
176
8
177
8
178
250
179
2
271
0
272
2
273
2
274
3
275
0
276
0
277
2
278
44
279
0
280
0
281
0
282
0
283
0
284
8
285
0
286
0
288
0
289
3
290
0
340
2F
371
15
372
13
  0
DIMSTYLE
105
4FC
330
4
100
AcDbSymbolTableRecord
100
AcDbDimStyleTableRecord
  2
COTAS_1-15
 70
0
 40
15.0
 41
2.0
 42
0.5291666666666666
 43
3.75
 44
0.8819444444444444
 45
0.0
 46
0.0
 47
0.0
 48
0.0
 49
2.5
140
1.8288
141
2.5
142
1.0943166666666666
143
0.03937007874
144
1.0
145
0.0
146
1.0
147
0.6
148
0.0
 69
0
 70
0
 71
0
 72
0
 73
0
 74
0
 75
0
 76
0
 77
1
 78
8
 79
3
170
0
171
3
172
1
173
0
174
0
175
0
176
8
177
8
178
250
179
2
271
0
272
2
273
2
274
3
275
0
276
0
277
2
278
44
279
0
280
0
281
0
282
0
283
0
284
8
285
0
286
0
288
0
289
3
290
0
340
2F
371
15
372
13
  0
DIMSTYLE
105
5CE
330
4
100
AcDbSymbolTableRecord
100
AcDbDimStyleTableRecord
  2
COTAS_1-20
 70
0
 40
20.0
 41
2.0
 42
0.5291666666666666
 43
3.75
 44
0.8819444444444444
 45
0.0
 46
0.0
 47
0.0
 48
0.0
 49
2.5
140
1.8288
141
2.5
142
1.0943166666666666
143
0.03937007874
144
1.0
145
0.0
146
1.0
147
0.6
148
0.0
 69
0
 70
0
 71
0
 72
0
 73
0
 74
0
 75
0
 76
0
 77
1
 78
8
 79
3
170
0
171
3
172
1
173
0
174
0
175
0
176
8
177
8
178
250
179
2
271
0
272
2
273
2
274
3
275
0
276
0
277
2
278
44
279
0
280
0
281
0
282
0
283
0
284
8
285
0
286
0
288
0
289
3
290
0
340
2F
371
15
372
13
  0
DIMSTYLE
105
98A
330
4
100
AcDbSymbolTableRecord
100
AcDbDimStyleTableRecord
  2
COTAS_1-5
 70
0
 40
5.0
 41
2.0
 42
0.5291666666666666
 43
3.75
 44
0.8819444444444444
 45
0.0
 46
0.0
 47
0.0
 48
0.0
 49
2.5
140
1.8288
141
2.5
142
1.0943166666666666
143
0.03937007874
144
1.0
145
0.0
146
1.0
147
0.6
148
0.0
 69
0
 70
0
 71
0
 72
0
 73
0
 74
0
 75
0
 76
0
 77
1
 78
8
 79
3
170
0
171
3
172
1
173
0
174
0
175
0
176
8
177
8
178
250
179
2
271
0
272
2
273
2
274
3
275
0
276
0
277
2
278
44
279
0
280
0
281
0
282
0
283
0
284
8
285
0
286
0
288
0
289
3
290
0
340
2F
371
15
372
13
  0
DIMSTYLE
105
9BC
330
4
100
AcDbSymbolTableRecord
100
AcDbDimStyleTableRecord
  2
COTAS_1-2
 70
0
 40
2.0
 41
2.0
 42
0.5291666666666666
 43
3.75
 44
0.8819444444444444
 45
0.0
 46
0.0
 47
0.0
 48
0.0
 49
2.5
140
1.8288
141
2.5
142
1.0943166666666666
143
0.03937007874
144
1.0
145
0.0
146
1.0
147
0.6
148
0.0
 69
0
 70
0
 71
0
 72
0
 73
0
 74
0
 75
0
 76
0
 77
1
 78
8
 79
3
170
0
171
3
172
1
173
0
174
0
175
0
176
8
177
8
178
250
179
2
271
0
272
2
273
2
274
3
275
0
276
0
277
2
278
44
279
0
280
0
281
0
282
0
283
0
284
8
285
0
286
0
288
0
289
3
290
0
340
2F
371
15
372
13
  0
ENDTAB
  0
TABLE
  2
BLOCK_RECORD
  5
9
330
0
100
AcDbSymbolTable
 70
88
  0
BLOCK_RECORD
  5
17
330
9
100
AcDbSymbolTableRecord
100
AcDbBlockTableRecord
  2
*Model_Space
340
1A
 70
0
280
1
281
0
  0
BLOCK_RECORD
  5
252
330
9
100
AcDbSymbolTableRecord
100
AcDbBlockTableRecord
  2
_OBLIQUE
340
0
 70
0
280
1
281
0
  0
BLOCK_RECORD
  5
261
330
9
100
AcDbSymbolTableRecord
100
AcDbBlockTableRecord
  2
*D1
340
0
 70
0
280
1
281
0
  0
BLOCK_RECORD
  5
26F
330
9
100
AcDbSymbolTableRecord
100
AcDbBlockTableRecord
  2
*D2
340
0
 70
0
280
1
281
0
  0
BLOCK_RECORD
  5
27D
330
9
100
AcDbSymbolTableRecord
100
AcDbBlockTableRecord
  2
*D3
340
0
 70
0
280
1
281
0
  0
BLOCK_RECORD
  5
28B
330
9
100
AcDbSymbolTableRecord
100
AcDbBlockTableRecord
  2
*D4
340
0
 70
0
280
1
281
0
  0
BLOCK_RECORD
  5
299
330
9
100
AcDbSymbolTableRecord
100
AcDbBlockTableRecord
  2
*D5
340
0
 70
0
280
1
281
0
  0
BLOCK_RECORD
  5
2A7
330
9
100
AcDbSymbolTableRecord
100
AcDbBlockTableRecord
  2
*D6
340
0
 70
0
280
1
281
0
  0
BLOCK_RECORD
  5
2B5
330
9
100
AcDbSymbolTableRecord
100
AcDbBlockTableRecord
  2
*D7
340
0
 70
0
280
1
281
0
  0
BLOCK_RECORD
  5
2C3
330
9
100
AcDbSymbolTableRecord
100
AcDbBlockTableRecord
  2
*D8
340
0
 70
0
280
1
281
0
  0
BLOCK_RECORD
  5
2D1
330
9
100
AcDbSymbolTableRecord
100
AcDbBlockTableRecord
  2
*D9
340
0
 70
0
280
1
281
0
  0
BLOCK_RECORD
  5
2DF
330
9
100
AcDbSymbolTableRecord
100
AcDbBlockTableRecord
  2
*D10
340
0
 70
0
280
1
281
0
  0
BLOCK_RECORD
  5
2ED
330
9
100
AcDbSymbolTableRecord
100
AcDbBlockTableRecord
  2
*D11
340
0
 70
0
280
1
281
0
  0
BLOCK_RECORD
  5
2FB
330
9
100
AcDbSymbolTableRecord
100
AcDbBlockTableRecord
  2
*D12
340
0
 70
0
280
1
281
0
  0
BLOCK_RECORD
  5
327
330
9
100
AcDbSymbolTableRecord
100
AcDbBlockTableRecord
  2
*D13
340
0
 70
0
280
1
281
0
  0
BLOCK_RECORD
  5
335
330
9
100
AcDbSymbolTableRecord
100
AcDbBlockTableRecord
  2
*D14
340
0
 70
0
280
1
281
0
  0
BLOCK_RECORD
  5
369
330
9
100
AcDbSymbolTableRecord
100
AcDbBlockTableRecord
  2
*D15
340
0
 70
0
280
1
281
0
  0
BLOCK_RECORD
  5
377
330
9
100
AcDbSymbolTableRecord
100
AcDbBlockTableRecord
  2
*D16
340
0
 70
0
280
1
281
0
  0
BLOCK_RECORD
  5
385
330
9
100
AcDbSymbolTableRecord
100
AcDbBlockTableRecord
  2
*D17
340
0
 70
0
280
1
281
0
  0
BLOCK_RECORD
  5
393
330
9
100
AcDbSymbolTableRecord
100
AcDbBlockTableRecord
  2
*D18
340
0
 70
0
280
1
281
0
  0
BLOCK_RECORD
  5
3BF
330
9
100
AcDbSymbolTableRecord
100
AcDbBlockTableRecord
  2
*D19
340
0
 70
0
280
1
281
0
  0
BLOCK_RECORD
  5
3CD
330
9
100
AcDbSymbolTableRecord
100
AcDbBlockTableRecord
  2
*D20
340
0
 70
0
280
1
281
0
  0
BLOCK_RECORD
  5
3DB
330
9
100
AcDbSymbolTableRecord
100
AcDbBlockTableRecord
  2
*D21
340
0
 70
0
280
1
281
0
  0
BLOCK_RECORD
  5
3E9
330
9
100
AcDbSymbolTableRecord
100
AcDbBlockTableRecord
  2
*D22
340
0
 70
0
280
1
281
0
  0
BLOCK_RECORD
  5
489
330
9
100
AcDbSymbolTableRecord
100
AcDbBlockTableRecord
  2
*D23
340
0
 70
0
280
1
281
0
  0
BLOCK_RECORD
  5
497
330
9
100
AcDbSymbolTableRecord
100
AcDbBlockTableRecord
  2
*D24
340
0
 70
0
280
1
281
0
  0
BLOCK_RECORD
  5
4A5
330
9
100
AcDbSymbolTableRecord
100
AcDbBlockTableRecord
  2
*D25
340
0
 70
0
280
1
281
0
  0
BLOCK_RECORD
  5
4B3
330
9
100
AcDbSymbolTableRecord
100
AcDbBlockTableRecord
  2
*D26
340
0
 70
0
280
1
281
0
  0
BLOCK_RECORD
  5
4C1
330
9
100
AcDbSymbolTableRecord
100
AcDbBlockTableRecord
  2
*D27
340
0
 70
0
280
1
281
0
  0
BLOCK_RECORD
  5
4CF
330
9
100
AcDbSymbolTableRecord
100
AcDbBlockTableRecord
  2
*D28
340
0
 70
0
280
1
281
0
  0
BLOCK_RECORD
  5
4DD
330
9
100
AcDbSymbolTableRecord
100
AcDbBlockTableRecord
  2
*D29
340
0
 70
0
280
1
281
0
  0
BLOCK_RECORD
  5
4EB
330
9
100
AcDbSymbolTableRecord
100
AcDbBlockTableRecord
  2
*D30
340
0
 70
0
280
1
281
0
  0
BLOCK_RECORD
  5
576
330
9
100
AcDbSymbolTableRecord
100
AcDbBlockTableRecord
  2
*D31
340
0
 70
0
280
1
281
0
  0
BLOCK_RECORD
  5
584
330
9
100
AcDbSymbolTableRecord
100
AcDbBlockTableRecord
  2
*D32
340
0
 70
0
280
1
281
0
  0
BLOCK_RECORD
  5
592
330
9
100
AcDbSymbolTableRecord
100
AcDbBlockTableRecord
  2
*D33
340
0
 70
0
280
1
281
0
  0
BLOCK_RECORD
  5
5A0
330
9
100
AcDbSymbolTableRecord
100
AcDbBlockTableRecord
  2
*D34
340
0
 70
0
280
1
281
0
  0
BLOCK_RECORD
  5
5AE
330
9
100
AcDbSymbolTableRecord
100
AcDbBlockTableRecord
  2
*D35
340
0
 70
0
280
1
281
0
  0
BLOCK_RECORD
  5
5BC
330
9
100
AcDbSymbolTableRecord
100
AcDbBlockTableRecord
  2
*D36
340
0
 70
0
280
1
281
0
  0
BLOCK_RECORD
  5
62A
330
9
100
AcDbSymbolTableRecord
100
AcDbBlockTableRecord
  2
*D37
340
0
 70
0
280
1
281
0
  0
BLOCK_RECORD
  5
638
330
9
100
AcDbSymbolTableRecord
100
AcDbBlockTableRecord
  2
*D38
340
0
 70
0
280
1
281
0
  0
BLOCK_RECORD
  5
646
330
9
100
AcDbSymbolTableRecord
100
AcDbBlockTableRecord
  2
*D39
340
0
 70
0
280
1
281
0
  0
BLOCK_RECORD
  5
654
330
9
100
AcDbSymbolTableRecord
100
AcDbBlockTableRecord
  2
*D40
340
0
 70
0
280
1
281
0
  0
BLOCK_RECORD
  5
662
330
9
100
AcDbSymbolTableRecord
100
AcDbBlockTableRecord
  2
*D41
340
0
 70
0
280
1
281
0
  0
BLOCK_RECORD
  5
670
330
9
100
AcDbSymbolTableRecord
100
AcDbBlockTableRecord
  2
*D42
340
0
 70
0
280
1
281
0
  0
BLOCK_RECORD
  5
704
330
9
100
AcDbSymbolTableRecord
100
AcDbBlockTableRecord
  2
*D43
340
0
 70
0
280
1
281
0
  0
BLOCK_RECORD
  5
712
330
9
100
AcDbSymbolTableRecord
100
AcDbBlockTableRecord
  2
*D44
340
0
 70
0
280
1
281
0
  0
BLOCK_RECORD
  5
720
330
9
100
AcDbSymbolTableRecord
100
AcDbBlockTableRecord
  2
*D45
340
0
 70
0
280
1
281
0
  0
BLOCK_RECORD
  5
72E
330
9
100
AcDbSymbolTableRecord
100
AcDbBlockTableRecord
  2
*D46
340
0
 70
0
280
1
281
0
  0
BLOCK_RECORD
  5
73C
330
9
100
AcDbSymbolTableRecord
100
AcDbBlockTableRecord
  2
*D47
340
0
 70
0
280
1
281
0
  0
BLOCK_RECORD
  5
74A
330
9
100
AcDbSymbolTableRecord
100
AcDbBlockTableRecord
  2
*D48
340
0
 70
0
280
1
281
0
  0
BLOCK_RECORD
  5
758
330
9
100
AcDbSymbolTableRecord
100
AcDbBlockTableRecord
  2
*D49
340
0
 70
0
280
1
281
0
  0
BLOCK_RECORD
  5
798
330
9
100
AcDbSymbolTableRecord
100
AcDbBlockTableRecord
  2
*D50
340
0
 70
0
280
1
281
0
  0
BLOCK_RECORD
  5
7A6
330
9
100
AcDbSymbolTableRecord
100
AcDbBlockTableRecord
  2
*D51
340
0
 70
0
280
1
281
0
  0
BLOCK_RECORD
  5
7B4
330
9
100
AcDbSymbolTableRecord
100
AcDbBlockTableRecord
  2
*D52
340
0
 70
0
280
1
281
0
  0
BLOCK_RECORD
  5
7C2
330
9
100
AcDbSymbolTableRecord
100
AcDbBlockTableRecord
  2
*D53
340
0
 70
0
280
1
281
0
  0
BLOCK_RECORD
  5
7D0
330
9
100
AcDbSymbolTableRecord
100
AcDbBlockTableRecord
  2
*D54
340
0
 70
0
280
1
281
0
  0
BLOCK_RECORD
  5
7DE
330
9
100
AcDbSymbolTableRecord
100
AcDbBlockTableRecord
  2
*D55
340
0
 70
0
280
1
281
0
  0
BLOCK_RECORD
  5
7EC
330
9
100
AcDbSymbolTableRecord
100
AcDbBlockTableRecord
  2
*D56
340
0
 70
0
280
1
281
0
  0
BLOCK_RECORD
  5
7FA
330
9
100
AcDbSymbolTableRecord
100
AcDbBlockTableRecord
  2
*D57
340
0
 70
0
280
1
281
0
  0
BLOCK_RECORD
  5
808
330
9
100
AcDbSymbolTableRecord
100
AcDbBlockTableRecord
  2
*D58
340
0
 70
0
280
1
281
0
  0
BLOCK_RECORD
  5
816
330
9
100
AcDbSymbolTableRecord
100
AcDbBlockTableRecord
  2
*D59
340
0
 70
0
280
1
281
0
  0
BLOCK_RECORD
  5
86E
330
9
100
AcDbSymbolTableRecord
100
AcDbBlockTableRecord
  2
*D60
340
0
 70
0
280
1
281
0
  0
BLOCK_RECORD
  5
87C
330
9
100
AcDbSymbolTableRecord
100
AcDbBlockTableRecord
  2
*D61
340
0
 70
0
280
1
281
0
  0
BLOCK_RECORD
  5
88A
330
9
100
AcDbSymbolTableRecord
100
AcDbBlockTableRecord
  2
*D62
340
0
 70
0
280
1
281
0
  0
BLOCK_RECORD
  5
898
330
9
100
AcDbSymbolTableRecord
100
AcDbBlockTableRecord
  2
*D63
340
0
 70
0
280
1
281
0
  0
BLOCK_RECORD
  5
8C0
330
9
100
AcDbSymbolTableRecord
100
AcDbBlockTableRecord
  2
*D64
340
0
 70
0
280
1
281
0
  0
BLOCK_RECORD
  5
8CE
330
9
100
AcDbSymbolTableRecord
100
AcDbBlockTableRecord
  2
*D65
340
0
 70
0
280
1
281
0
  0
BLOCK_RECORD
  5
8F6
330
9
100
AcDbSymbolTableRecord
100
AcDbBlockTableRecord
  2
*D66
340
0
 70
0
280
1
281
0
  0
BLOCK_RECORD
  5
904
330
9
100
AcDbSymbolTableRecord
100
AcDbBlockTableRecord
  2
*D67
340
0
 70
0
280
1
281
0
  0
BLOCK_RECORD
  5
933
330
9
100
AcDbSymbolTableRecord
100
AcDbBlockTableRecord
  2
*D68
340
0
 70
0
280
1
281
0
  0
BLOCK_RECORD
  5
95E
330
9
100
AcDbSymbolTableRecord
100
AcDbBlockTableRecord
  2
*D69
340
0
 70
0
280
1
281
0
  0
BLOCK_RECORD
  5
96C
330
9
100
AcDbSymbolTableRecord
100
AcDbBlockTableRecord
  2
*D70
340
0
 70
0
280
1
281
0
  0
BLOCK_RECORD
  5
97A
330
9
100
AcDbSymbolTableRecord
100
AcDbBlockTableRecord
  2
*D71
340
0
 70
0
280
1
281
0
  0
BLOCK_RECORD
  5
99D
330
9
100
AcDbSymbolTableRecord
100
AcDbBlockTableRecord
  2
*D72
340
0
 70
0
280
1
281
0
  0
BLOCK_RECORD
  5
9AB
330
9
100
AcDbSymbolTableRecord
100
AcDbBlockTableRecord
  2
*D73
340
0
 70
0
280
1
281
0
  0
BLOCK_RECORD
  5
9C3
330
9
100
AcDbSymbolTableRecord
100
AcDbBlockTableRecord
  2
*D74
340
0
 70
0
280
1
281
0
  0
BLOCK_RECORD
  5
9D1
330
9
100
AcDbSymbolTableRecord
100
AcDbBlockTableRecord
  2
*D75
340
0
 70
0
280
1
281
0
  0
BLOCK_RECORD
  5
9F0
330
9
100
AcDbSymbolTableRecord
100
AcDbBlockTableRecord
  2
*D76
340
0
 70
0
280
1
281
0
  0
BLOCK_RECORD
  5
9FE
330
9
100
AcDbSymbolTableRecord
100
AcDbBlockTableRecord
  2
*D77
340
0
 70
0
280
1
281
0
  0
BLOCK_RECORD
  5
A0C
330
9
100
AcDbSymbolTableRecord
100
AcDbBlockTableRecord
  2
*D78
340
0
 70
0
280
1
281
0
  0
BLOCK_RECORD
  5
A1A
330
9
100
AcDbSymbolTableRecord
100
AcDbBlockTableRecord
  2
*D79
340
0
 70
0
280
1
281
0
  0
BLOCK_RECORD
  5
A28
330
9
100
AcDbSymbolTableRecord
100
AcDbBlockTableRecord
  2
*D80
340
0
 70
0
280
1
281
0
  0
BLOCK_RECORD
  5
A47
330
9
100
AcDbSymbolTableRecord
100
AcDbBlockTableRecord
  2
*D81
340
0
 70
0
280
1
281
0
  0
BLOCK_RECORD
  5
A55
330
9
100
AcDbSymbolTableRecord
100
AcDbBlockTableRecord
  2
*D82
340
0
 70
0
280
1
281
0
  0
BLOCK_RECORD
  5
A63
330
9
100
AcDbSymbolTableRecord
100
AcDbBlockTableRecord
  2
*D83
340
0
 70
0
280
1
281
0
  0
BLOCK_RECORD
  5
A71
330
9
100
AcDbSymbolTableRecord
100
AcDbBlockTableRecord
  2
*D84
340
0
 70
0
280
1
281
0
  0
BLOCK_RECORD
  5
A7F
330
9
100
AcDbSymbolTableRecord
100
AcDbBlockTableRecord
  2
*D85
340
0
 70
0
280
1
281
0
  0
BLOCK_RECORD
  5
33
330
9
100
AcDbSymbolTableRecord
100
AcDbBlockTableRecord
  2
*Paper_Space
340
36
 70
0
280
1
281
0
  0
ENDTAB
  0
ENDSEC
  0
SECTION
  2
BLOCKS
  0
BLOCK
  5
18
330
17
100
AcDbEntity
  8
0
100
AcDbBlockBegin
  2
*Model_Space
 70
0
 10
0.0
 20
0.0
 30
0.0
  3
*Model_Space
  1

  0
ENDBLK
  5
19
330
17
100
AcDbEntity
  8
0
100
AcDbBlockEnd
  0
BLOCK
  5
253
330
252
100
AcDbEntity
  8
0
100
AcDbBlockBegin
  2
_OBLIQUE
 70
0
 10
0.0
 20
0.0
 30
0.0
  3
_OBLIQUE
  1

  0
LINE
  5
255
330
252
100
AcDbEntity
  8
0
  6
BYBLOCK
 62
0
100
AcDbLine
 10
-0.5
 20
-0.5
 30
0.0
 11
0.5
 21
0.5
 31
0.0
  0
ENDBLK
  5
254
330
252
100
AcDbEntity
  8
0
100
AcDbBlockEnd
  0
BLOCK
  5
262
330
261
100
AcDbEntity
  8
0
100
AcDbBlockBegin
  2
*D1
 70
1
 10
0.0
 20
0.0
 30
0.0
  3
*D1
  1

  0
LINE
  5
264
330
261
100
AcDbEntity
  8
0
 62
8
370
13
100
AcDbLine
 10
4872.5
 20
-13655.5625
 30
0.0
 11
4872.5
 21
-17012.020833333332
 31
0.0
  0
LINE
  5
265
330
261
100
AcDbEntity
  8
0
 62
8
370
13
100
AcDbLine
 10
6652.5
 20
-13655.5625
 30
0.0
 11
6652.5
 21
-17012.020833333332
 31
0.0
  0
INSERT
  5
266
330
261
100
AcDbEntity
  8
COTAS
 62
8
100
AcDbBlockReference
  2
_OBLIQUE
 10
4872.5
 20
-16945.875
 30
0.0
 41
164.14749999999998
 42
164.14749999999998
  0
INSERT
  5
268
330
261
100
AcDbEntity
  8
COTAS
 62
8
100
AcDbBlockReference
  2
_OBLIQUE
 10
6652.5
 20
-16945.875
 30
0.0
 41
164.14749999999998
 42
164.14749999999998
  0
LINE
  5
26A
330
261
100
AcDbEntity
  8
0
 62
8
370
15
100
AcDbLine
 10
4872.5
 20
-16945.875
 30
0.0
 11
6652.5
 21
-16945.875
 31
0.0
  0
MTEXT
  5
26B
330
261
100
AcDbEntity
  8
COTAS
 62
250
100
AcDbMText
 10
5762.5
 20
-16832.295
 30
0.0
 40
137.16
 71
5
  1
1780
  7
ESTANDAR
  0
POINT
  5
26C
330
261
100
AcDbEntity
  8
Defpoints
100
AcDbPoint
 10
4872.5
 20
-16945.875
 30
0.0
  0
POINT
  5
26D
330
261
100
AcDbEntity
  8
Defpoints
100
AcDbPoint
 10
4872.5
 20
-13615.875
 30
0.0
  0
POINT
  5
26E
330
261
100
AcDbEntity
  8
Defpoints
100
AcDbPoint
 10
6652.5
 20
-13615.875
 30
0.0
  0
ENDBLK
  5
263
330
261
100
AcDbEntity
  8
0
100
AcDbBlockEnd
  0
BLOCK
  5
270
330
26F
100
AcDbEntity
  8
0
100
AcDbBlockBegin
  2
*D2
 70
1
 10
0.0
 20
0.0
 30
0.0
  3
*D2
  1

  0
LINE
  5
272
330
26F
100
AcDbEntity
  8
0
 62
8
370
13
100
AcDbLine
 10
6652.5
 20
-16906.1875
 30
0.0
 11
6652.5
 21
-16879.729166666668
 31
0.0
  0
LINE
  5
273
330
26F
100
AcDbEntity
  8
0
 62
8
370
13
100
AcDbLine
 10
9042.5
 20
-16906.1875
 30
0.0
 11
9042.5
 21
-16879.729166666668
 31
0.0
  0
INSERT
  5
274
330
26F
100
AcDbEntity
  8
COTAS
 62
8
100
AcDbBlockReference
  2
_OBLIQUE
 10
6652.5
 20
-16945.875
 30
0.0
 41
164.14749999999998
 42
164.14749999999998
  0
INSERT
  5
276
330
26F
100
AcDbEntity
  8
COTAS
 62
8
100
AcDbBlockReference
  2
_OBLIQUE
 10
9042.5
 20
-16945.875
 30
0.0
 41
164.14749999999998
 42
164.14749999999998
  0
LINE
  5
278
330
26F
100
AcDbEntity
  8
0
 62
8
370
15
100
AcDbLine
 10
6652.5
 20
-16945.875
 30
0.0
 11
9042.5
 21
-16945.875
 31
0.0
  0
MTEXT
  5
279
330
26F
100
AcDbEntity
  8
COTAS
 62
250
100
AcDbMText
 10
7847.5
 20
-16832.295
 30
0.0
 40
137.16
 71
5
  1
2390
  7
ESTANDAR
  0
POINT
  5
27A
330
26F
100
AcDbEntity
  8
Defpoints
100
AcDbPoint
 10
6652.5
 20
-16945.875
 30
0.0
  0
POINT
  5
27B
330
26F
100
AcDbEntity
  8
Defpoints
100
AcDbPoint
 10
6652.5
 20
-16945.875
 30
0.0
  0
POINT
  5
27C
330
26F
100
AcDbEntity
  8
Defpoints
100
AcDbPoint
 10
9042.5
 20
-16945.875
 30
0.0
  0
ENDBLK
  5
271
330
26F
100
AcDbEntity
  8
0
100
AcDbBlockEnd
  0
BLOCK
  5
27E
330
27D
100
AcDbEntity
  8
0
100
AcDbBlockBegin
  2
*D3
 70
1
 10
0.0
 20
0.0
 30
0.0
  3
*D3
  1

  0
LINE
  5
280
330
27D
100
AcDbEntity
  8
0
 62
8
370
13
100
AcDbLine
 10
9042.5
 20
-16906.1875
 30
0.0
 11
9042.5
 21
-16879.729166666668
 31
0.0
  0
LINE
  5
281
330
27D
100
AcDbEntity
  8
0
 62
8
370
13
100
AcDbLine
 10
11432.5
 20
-16906.1875
 30
0.0
 11
11432.5
 21
-16879.729166666668
 31
0.0
  0
INSERT
  5
282
330
27D
100
AcDbEntity
  8
COTAS
 62
8
100
AcDbBlockReference
  2
_OBLIQUE
 10
9042.5
 20
-16945.875
 30
0.0
 41
164.14749999999998
 42
164.14749999999998
  0
INSERT
  5
284
330
27D
100
AcDbEntity
  8
COTAS
 62
8
100
AcDbBlockReference
  2
_OBLIQUE
 10
11432.5
 20
-16945.875
 30
0.0
 41
164.14749999999998
 42
164.14749999999998
  0
LINE
  5
286
330
27D
100
AcDbEntity
  8
0
 62
8
370
15
100
AcDbLine
 10
9042.5
 20
-16945.875
 30
0.0
 11
11432.5
 21
-16945.875
 31
0.0
  0
MTEXT
  5
287
330
27D
100
AcDbEntity
  8
COTAS
 62
250
100
AcDbMText
 10
10237.5
 20
-16832.295
 30
0.0
 40
137.16
 71
5
  1
2390
  7
ESTANDAR
  0
POINT
  5
288
330
27D
100
AcDbEntity
  8
Defpoints
100
AcDbPoint
 10
9042.5
 20
-16945.875
 30
0.0
  0
POINT
  5
289
330
27D
100
AcDbEntity
  8
Defpoints
100
AcDbPoint
 10
9042.5
 20
-16945.875
 30
0.0
  0
POINT
  5
28A
330
27D
100
AcDbEntity
  8
Defpoints
100
AcDbPoint
 10
11432.5
 20
-16945.875
 30
0.0
  0
ENDBLK
  5
27F
330
27D
100
AcDbEntity
  8
0
100
AcDbBlockEnd
  0
BLOCK
  5
28C
330
28B
100
AcDbEntity
  8
0
100
AcDbBlockBegin
  2
*D4
 70
1
 10
0.0
 20
0.0
 30
0.0
  3
*D4
  1

  0
LINE
  5
28E
330
28B
100
AcDbEntity
  8
0
 62
8
370
13
100
AcDbLine
 10
11432.5
 20
-16906.1875
 30
0.0
 11
11432.5
 21
-16879.729166666668
 31
0.0
  0
LINE
  5
28F
330
28B
100
AcDbEntity
  8
0
 62
8
370
13
100
AcDbLine
 10
13822.5
 20
-16906.1875
 30
0.0
 11
13822.5
 21
-16879.729166666668
 31
0.0
  0
INSERT
  5
290
330
28B
100
AcDbEntity
  8
COTAS
 62
8
100
AcDbBlockReference
  2
_OBLIQUE
 10
11432.5
 20
-16945.875
 30
0.0
 41
164.14749999999998
 42
164.14749999999998
  0
INSERT
  5
292
330
28B
100
AcDbEntity
  8
COTAS
 62
8
100
AcDbBlockReference
  2
_OBLIQUE
 10
13822.5
 20
-16945.875
 30
0.0
 41
164.14749999999998
 42
164.14749999999998
  0
LINE
  5
294
330
28B
100
AcDbEntity
  8
0
 62
8
370
15
100
AcDbLine
 10
11432.5
 20
-16945.875
 30
0.0
 11
13822.5
 21
-16945.875
 31
0.0
  0
MTEXT
  5
295
330
28B
100
AcDbEntity
  8
COTAS
 62
250
100
AcDbMText
 10
12627.5
 20
-16832.295
 30
0.0
 40
137.16
 71
5
  1
2390
  7
ESTANDAR
  0
POINT
  5
296
330
28B
100
AcDbEntity
  8
Defpoints
100
AcDbPoint
 10
11432.5
 20
-16945.875
 30
0.0
  0
POINT
  5
297
330
28B
100
AcDbEntity
  8
Defpoints
100
AcDbPoint
 10
11432.5
 20
-16945.875
 30
0.0
  0
POINT
  5
298
330
28B
100
AcDbEntity
  8
Defpoints
100
AcDbPoint
 10
13822.5
 20
-16945.875
 30
0.0
  0
ENDBLK
  5
28D
330
28B
100
AcDbEntity
  8
0
100
AcDbBlockEnd
  0
BLOCK
  5
29A
330
299
100
AcDbEntity
  8
0
100
AcDbBlockBegin
  2
*D5
 70
1
 10
0.0
 20
0.0
 30
0.0
  3
*D5
  1

  0
LINE
  5
29C
330
299
100
AcDbEntity
  8
0
 62
8
370
13
100
AcDbLine
 10
13822.5
 20
-16906.1875
 30
0.0
 11
13822.5
 21
-16879.729166666668
 31
0.0
  0
LINE
  5
29D
330
299
100
AcDbEntity
  8
0
 62
8
370
13
100
AcDbLine
 10
16212.5
 20
-16906.1875
 30
0.0
 11
16212.5
 21
-16879.729166666668
 31
0.0
  0
INSERT
  5
29E
330
299
100
AcDbEntity
  8
COTAS
 62
8
100
AcDbBlockReference
  2
_OBLIQUE
 10
13822.5
 20
-16945.875
 30
0.0
 41
164.14749999999998
 42
164.14749999999998
  0
INSERT
  5
2A0
330
299
100
AcDbEntity
  8
COTAS
 62
8
100
AcDbBlockReference
  2
_OBLIQUE
 10
16212.5
 20
-16945.875
 30
0.0
 41
164.14749999999998
 42
164.14749999999998
  0
LINE
  5
2A2
330
299
100
AcDbEntity
  8
0
 62
8
370
15
100
AcDbLine
 10
13822.5
 20
-16945.875
 30
0.0
 11
16212.5
 21
-16945.875
 31
0.0
  0
MTEXT
  5
2A3
330
299
100
AcDbEntity
  8
COTAS
 62
250
100
AcDbMText
 10
15017.5
 20
-16832.295
 30
0.0
 40
137.16
 71
5
  1
2390
  7
ESTANDAR
  0
POINT
  5
2A4
330
299
100
AcDbEntity
  8
Defpoints
100
AcDbPoint
 10
13822.5
 20
-16945.875
 30
0.0
  0
POINT
  5
2A5
330
299
100
AcDbEntity
  8
Defpoints
100
AcDbPoint
 10
13822.5
 20
-16945.875
 30
0.0
  0
POINT
  5
2A6
330
299
100
AcDbEntity
  8
Defpoints
100
AcDbPoint
 10
16212.5
 20
-16945.875
 30
0.0
  0
ENDBLK
  5
29B
330
299
100
AcDbEntity
  8
0
100
AcDbBlockEnd
  0
BLOCK
  5
2A8
330
2A7
100
AcDbEntity
  8
0
100
AcDbBlockBegin
  2
*D6
 70
1
 10
0.0
 20
0.0
 30
0.0
  3
*D6
  1

  0
LINE
  5
2AA
330
2A7
100
AcDbEntity
  8
0
 62
8
370
13
100
AcDbLine
 10
16212.5
 20
-16906.1875
 30
0.0
 11
16212.5
 21
-16879.729166666668
 31
0.0
  0
LINE
  5
2AB
330
2A7
100
AcDbEntity
  8
0
 62
8
370
13
100
AcDbLine
 10
17482.5
 20
-16906.1875
 30
0.0
 11
17482.5
 21
-16879.729166666668
 31
0.0
  0
INSERT
  5
2AC
330
2A7
100
AcDbEntity
  8
COTAS
 62
8
100
AcDbBlockReference
  2
_OBLIQUE
 10
16212.5
 20
-16945.875
 30
0.0
 41
164.14749999999998
 42
164.14749999999998
  0
INSERT
  5
2AE
330
2A7
100
AcDbEntity
  8
COTAS
 62
8
100
AcDbBlockReference
  2
_OBLIQUE
 10
17482.5
 20
-16945.875
 30
0.0
 41
164.14749999999998
 42
164.14749999999998
  0
LINE
  5
2B0
330
2A7
100
AcDbEntity
  8
0
 62
8
370
15
100
AcDbLine
 10
16212.5
 20
-16945.875
 30
0.0
 11
17482.5
 21
-16945.875
 31
0.0
  0
MTEXT
  5
2B1
330
2A7
100
AcDbEntity
  8
COTAS
 62
250
100
AcDbMText
 10
16847.5
 20
-16832.295
 30
0.0
 40
137.16
 71
5
  1
1270
  7
ESTANDAR
  0
POINT
  5
2B2
330
2A7
100
AcDbEntity
  8
Defpoints
100
AcDbPoint
 10
16212.5
 20
-16945.875
 30
0.0
  0
POINT
  5
2B3
330
2A7
100
AcDbEntity
  8
Defpoints
100
AcDbPoint
 10
16212.5
 20
-16945.875
 30
0.0
  0
POINT
  5
2B4
330
2A7
100
AcDbEntity
  8
Defpoints
100
AcDbPoint
 10
17482.5
 20
-16945.875
 30
0.0
  0
ENDBLK
  5
2A9
330
2A7
100
AcDbEntity
  8
0
100
AcDbBlockEnd
  0
BLOCK
  5
2B6
330
2B5
100
AcDbEntity
  8
0
100
AcDbBlockBegin
  2
*D7
 70
1
 10
0.0
 20
0.0
 30
0.0
  3
*D7
  1

  0
LINE
  5
2B8
330
2B5
100
AcDbEntity
  8
0
 62
8
370
13
100
AcDbLine
 10
19452.8125
 20
-14885.875
 30
0.0
 11
19426.354166666668
 21
-14885.875
 31
0.0
  0
LINE
  5
2B9
330
2B5
100
AcDbEntity
  8
0
 62
8
370
13
100
AcDbLine
 10
19452.8125
 20
-13615.875
 30
0.0
 11
19426.354166666668
 21
-13615.875
 31
0.0
  0
INSERT
  5
2BA
330
2B5
100
AcDbEntity
  8
COTAS
 62
8
100
AcDbBlockReference
  2
_OBLIQUE
 10
19492.5
 20
-14885.875
 30
0.0
 41
164.14749999999998
 42
164.14749999999998
 50
90.0
  0
INSERT
  5
2BC
330
2B5
100
AcDbEntity
  8
COTAS
 62
8
100
AcDbBlockReference
  2
_OBLIQUE
 10
19492.5
 20
-13615.875
 30
0.0
 41
164.14749999999998
 42
164.14749999999998
 50
90.0
  0
LINE
  5
2BE
330
2B5
100
AcDbEntity
  8
0
 62
8
370
15
100
AcDbLine
 10
19492.5
 20
-14885.875
 30
0.0
 11
19492.5
 21
-13615.875
 31
0.0
  0
MTEXT
  5
2BF
330
2B5
100
AcDbEntity
  8
COTAS
 62
250
100
AcDbMText
 10
19378.92
 20
-14250.875
 30
0.0
 40
137.16
 71
5
  1
1270
  7
ESTANDAR
 50
90.0
  0
POINT
  5
2C0
330
2B5
100
AcDbEntity
  8
Defpoints
100
AcDbPoint
 10
19492.5
 20
-14885.875
 30
0.0
  0
POINT
  5
2C1
330
2B5
100
AcDbEntity
  8
Defpoints
100
AcDbPoint
 10
19492.5
 20
-14885.875
 30
0.0
  0
POINT
  5
2C2
330
2B5
100
AcDbEntity
  8
Defpoints
100
AcDbPoint
 10
19492.5
 20
-13615.875
 30
0.0
  0
ENDBLK
  5
2B7
330
2B5
100
AcDbEntity
  8
0
100
AcDbBlockEnd
  0
BLOCK
  5
2C4
330
2C3
100
AcDbEntity
  8
0
100
AcDbBlockBegin
  2
*D8
 70
1
 10
0.0
 20
0.0
 30
0.0
  3
*D8
  1

  0
LINE
  5
2C6
330
2C3
100
AcDbEntity
  8
0
 62
8
370
13
100
AcDbLine
 10
19452.8125
 20
-13615.875
 30
0.0
 11
19426.354166666668
 21
-13615.875
 31
0.0
  0
LINE
  5
2C7
330
2C3
100
AcDbEntity
  8
0
 62
8
370
13
100
AcDbLine
 10
19452.8125
 20
-12172.875
 30
0.0
 11
19426.354166666668
 21
-12172.875
 31
0.0
  0
INSERT
  5
2C8
330
2C3
100
AcDbEntity
  8
COTAS
 62
8
100
AcDbBlockReference
  2
_OBLIQUE
 10
19492.5
 20
-13615.875
 30
0.0
 41
164.14749999999998
 42
164.14749999999998
 50
90.0
  0
INSERT
  5
2CA
330
2C3
100
AcDbEntity
  8
COTAS
 62
8
100
AcDbBlockReference
  2
_OBLIQUE
 10
19492.5
 20
-12172.875
 30
0.0
 41
164.14749999999998
 42
164.14749999999998
 50
90.0
  0
LINE
  5
2CC
330
2C3
100
AcDbEntity
  8
0
 62
8
370
15
100
AcDbLine
 10
19492.5
 20
-13615.875
 30
0.0
 11
19492.5
 21
-12172.875
 31
0.0
  0
MTEXT
  5
2CD
330
2C3
100
AcDbEntity
  8
COTAS
 62
250
100
AcDbMText
 10
19378.92
 20
-12894.375
 30
0.0
 40
137.16
 71
5
  1
1443
  7
ESTANDAR
 50
90.0
  0
POINT
  5
2CE
330
2C3
100
AcDbEntity
  8
Defpoints
100
AcDbPoint
 10
19492.5
 20
-13615.875
 30
0.0
  0
POINT
  5
2CF
330
2C3
100
AcDbEntity
  8
Defpoints
100
AcDbPoint
 10
19492.5
 20
-13615.875
 30
0.0
  0
POINT
  5
2D0
330
2C3
100
AcDbEntity
  8
Defpoints
100
AcDbPoint
 10
19492.5
 20
-12172.875
 30
0.0
  0
ENDBLK
  5
2C5
330
2C3
100
AcDbEntity
  8
0
100
AcDbBlockEnd
  0
BLOCK
  5
2D2
330
2D1
100
AcDbEntity
  8
0
100
AcDbBlockBegin
  2
*D9
 70
1
 10
0.0
 20
0.0
 30
0.0
  3
*D9
  1

  0
LINE
  5
2D4
330
2D1
100
AcDbEntity
  8
0
 62
8
370
13
100
AcDbLine
 10
19452.8125
 20
-12172.875
 30
0.0
 11
19426.354166666668
 21
-12172.875
 31
0.0
  0
LINE
  5
2D5
330
2D1
100
AcDbEntity
  8
0
 62
8
370
13
100
AcDbLine
 10
19452.8125
 20
-10728.875
 30
0.0
 11
19426.354166666668
 21
-10728.875
 31
0.0
  0
INSERT
  5
2D6
330
2D1
100
AcDbEntity
  8
COTAS
 62
8
100
AcDbBlockReference
  2
_OBLIQUE
 10
19492.5
 20
-12172.875
 30
0.0
 41
164.14749999999998
 42
164.14749999999998
 50
90.0
  0
INSERT
  5
2D8
330
2D1
100
AcDbEntity
  8
COTAS
 62
8
100
AcDbBlockReference
  2
_OBLIQUE
 10
19492.5
 20
-10728.875
 30
0.0
 41
164.14749999999998
 42
164.14749999999998
 50
90.0
  0
LINE
  5
2DA
330
2D1
100
AcDbEntity
  8
0
 62
8
370
15
100
AcDbLine
 10
19492.5
 20
-12172.875
 30
0.0
 11
19492.5
 21
-10728.875
 31
0.0
  0
MTEXT
  5
2DB
330
2D1
100
AcDbEntity
  8
COTAS
 62
250
100
AcDbMText
 10
19378.92
 20
-11450.875
 30
0.0
 40
137.16
 71
5
  1
1444
  7
ESTANDAR
 50
90.0
  0
POINT
  5
2DC
330
2D1
100
AcDbEntity
  8
Defpoints
100
AcDbPoint
 10
19492.5
 20
-12172.875
 30
0.0
  0
POINT
  5
2DD
330
2D1
100
AcDbEntity
  8
Defpoints
100
AcDbPoint
 10
19492.5
 20
-12172.875
 30
0.0
  0
POINT
  5
2DE
330
2D1
100
AcDbEntity
  8
Defpoints
100
AcDbPoint
 10
19492.5
 20
-10728.875
 30
0.0
  0
ENDBLK
  5
2D3
330
2D1
100
AcDbEntity
  8
0
100
AcDbBlockEnd
  0
BLOCK
  5
2E0
330
2DF
100
AcDbEntity
  8
0
100
AcDbBlockBegin
  2
*D10
 70
1
 10
0.0
 20
0.0
 30
0.0
  3
*D10
  1

  0
LINE
  5
2E2
330
2DF
100
AcDbEntity
  8
0
 62
8
370
13
100
AcDbLine
 10
19452.8125
 20
-10728.875
 30
0.0
 11
19426.354166666668
 21
-10728.875
 31
0.0
  0
LINE
  5
2E3
330
2DF
100
AcDbEntity
  8
0
 62
8
370
13
100
AcDbLine
 10
19452.8125
 20
-9285.875
 30
0.0
 11
19426.354166666668
 21
-9285.875
 31
0.0
  0
INSERT
  5
2E4
330
2DF
100
AcDbEntity
  8
COTAS
 62
8
100
AcDbBlockReference
  2
_OBLIQUE
 10
19492.5
 20
-10728.875
 30
0.0
 41
164.14749999999998
 42
164.14749999999998
 50
90.0
  0
INSERT
  5
2E6
330
2DF
100
AcDbEntity
  8
COTAS
 62
8
100
AcDbBlockReference
  2
_OBLIQUE
 10
19492.5
 20
-9285.875
 30
0.0
 41
164.14749999999998
 42
164.14749999999998
 50
90.0
  0
LINE
  5
2E8
330
2DF
100
AcDbEntity
  8
0
 62
8
370
15
100
AcDbLine
 10
19492.5
 20
-10728.875
 30
0.0
 11
19492.5
 21
-9285.875
 31
0.0
  0
MTEXT
  5
2E9
330
2DF
100
AcDbEntity
  8
COTAS
 62
250
100
AcDbMText
 10
19378.92
 20
-10007.375
 30
0.0
 40
137.16
 71
5
  1
1443
  7
ESTANDAR
 50
90.0
  0
POINT
  5
2EA
330
2DF
100
AcDbEntity
  8
Defpoints
100
AcDbPoint
 10
19492.5
 20
-10728.875
 30
0.0
  0
POINT
  5
2EB
330
2DF
100
AcDbEntity
  8
Defpoints
100
AcDbPoint
 10
19492.5
 20
-10728.875
 30
0.0
  0
POINT
  5
2EC
330
2DF
100
AcDbEntity
  8
Defpoints
100
AcDbPoint
 10
19492.5
 20
-9285.875
 30
0.0
  0
ENDBLK
  5
2E1
330
2DF
100
AcDbEntity
  8
0
100
AcDbBlockEnd
  0
BLOCK
  5
2EE
330
2ED
100
AcDbEntity
  8
0
100
AcDbBlockBegin
  2
*D11
 70
1
 10
0.0
 20
0.0
 30
0.0
  3
*D11
  1

  0
LINE
  5
2F0
330
2ED
100
AcDbEntity
  8
0
 62
8
370
13
100
AcDbLine
 10
19452.8125
 20
-9285.875
 30
0.0
 11
19426.354166666668
 21
-9285.875
 31
0.0
  0
LINE
  5
2F1
330
2ED
100
AcDbEntity
  8
0
 62
8
370
13
100
AcDbLine
 10
19452.8125
 20
-7885.875
 30
0.0
 11
19426.354166666668
 21
-7885.875
 31
0.0
  0
INSERT
  5
2F2
330
2ED
100
AcDbEntity
  8
COTAS
 62
8
100
AcDbBlockReference
  2
_OBLIQUE
 10
19492.5
 20
-9285.875
 30
0.0
 41
164.14749999999998
 42
164.14749999999998
 50
90.0
  0
INSERT
  5
2F4
330
2ED
100
AcDbEntity
  8
COTAS
 62
8
100
AcDbBlockReference
  2
_OBLIQUE
 10
19492.5
 20
-7885.875
 30
0.0
 41
164.14749999999998
 42
164.14749999999998
 50
90.0
  0
LINE
  5
2F6
330
2ED
100
AcDbEntity
  8
0
 62
8
370
15
100
AcDbLine
 10
19492.5
 20
-9285.875
 30
0.0
 11
19492.5
 21
-7885.875
 31
0.0
  0
MTEXT
  5
2F7
330
2ED
100
AcDbEntity
  8
COTAS
 62
250
100
AcDbMText
 10
19378.92
 20
-8585.875
 30
0.0
 40
137.16
 71
5
  1
1400
  7
ESTANDAR
 50
90.0
  0
POINT
  5
2F8
330
2ED
100
AcDbEntity
  8
Defpoints
100
AcDbPoint
 10
19492.5
 20
-9285.875
 30
0.0
  0
POINT
  5
2F9
330
2ED
100
AcDbEntity
  8
Defpoints
100
AcDbPoint
 10
19492.5
 20
-9285.875
 30
0.0
  0
POINT
  5
2FA
330
2ED
100
AcDbEntity
  8
Defpoints
100
AcDbPoint
 10
19492.5
 20
-7885.875
 30
0.0
  0
ENDBLK
  5
2EF
330
2ED
100
AcDbEntity
  8
0
100
AcDbBlockEnd
  0
BLOCK
  5
2FC
330
2FB
100
AcDbEntity
  8
0
100
AcDbBlockBegin
  2
*D12
 70
1
 10
0.0
 20
0.0
 30
0.0
  3
*D12
  1

  0
LINE
  5
2FE
330
2FB
100
AcDbEntity
  8
0
 62
8
370
13
100
AcDbLine
 10
19452.8125
 20
-7885.875
 30
0.0
 11
19426.354166666668
 21
-7885.875
 31
0.0
  0
LINE
  5
2FF
330
2FB
100
AcDbEntity
  8
0
 62
8
370
13
100
AcDbLine
 10
19452.8125
 20
-3865.875
 30
0.0
 11
19426.354166666668
 21
-3865.875
 31
0.0
  0
INSERT
  5
300
330
2FB
100
AcDbEntity
  8
COTAS
 62
8
100
AcDbBlockReference
  2
_OBLIQUE
 10
19492.5
 20
-7885.875
 30
0.0
 41
164.14749999999998
 42
164.14749999999998
 50
90.0
  0
INSERT
  5
302
330
2FB
100
AcDbEntity
  8
COTAS
 62
8
100
AcDbBlockReference
  2
_OBLIQUE
 10
19492.5
 20
-3865.875
 30
0.0
 41
164.14749999999998
 42
164.14749999999998
 50
90.0
  0
LINE
  5
304
330
2FB
100
AcDbEntity
  8
0
 62
8
370
15
100
AcDbLine
 10
19492.5
 20
-7885.875
 30
0.0
 11
19492.5
 21
-3865.875
 31
0.0
  0
MTEXT
  5
305
330
2FB
100
AcDbEntity
  8
COTAS
 62
250
100
AcDbMText
 10
19378.92
 20
-5875.875
 30
0.0
 40
137.16
 71
5
  1
4020
  7
ESTANDAR
 50
90.0
  0
POINT
  5
306
330
2FB
100
AcDbEntity
  8
Defpoints
100
AcDbPoint
 10
19492.5
 20
-7885.875
 30
0.0
  0
POINT
  5
307
330
2FB
100
AcDbEntity
  8
Defpoints
100
AcDbPoint
 10
19492.5
 20
-7885.875
 30
0.0
  0
POINT
  5
308
330
2FB
100
AcDbEntity
  8
Defpoints
100
AcDbPoint
 10
19492.5
 20
-3865.875
 30
0.0
  0
ENDBLK
  5
2FD
330
2FB
100
AcDbEntity
  8
0
100
AcDbBlockEnd
  0
BLOCK
  5
328
330
327
100
AcDbEntity
  8
0
100
AcDbBlockBegin
  2
*D13
 70
1
 10
0.0
 20
0.0
 30
0.0
  3
*D13
  1

  0
LINE
  5
32A
330
327
100
AcDbEntity
  8
0
 62
8
370
13
100
AcDbLine
 10
26511.549999999996
 20
-629.8796666666666
 30
0.0
 11
26511.549999999996
 21
-733.4074444444444
 31
0.0
  0
LINE
  5
32B
330
327
100
AcDbEntity
  8
0
 62
8
370
13
100
AcDbLine
 10
26811.549999999996
 20
-629.8796666666666
 30
0.0
 11
26811.549999999996
 21
-733.4074444444444
 31
0.0
  0
INSERT
  5
32C
330
327
100
AcDbEntity
  8
COTAS
 62
8
100
AcDbBlockReference
  2
_OBLIQUE
 10
26511.549999999996
 20
-724.588
 30
0.0
 41
21.886333333333333
 42
21.886333333333333
  0
INSERT
  5
32E
330
327
100
AcDbEntity
  8
COTAS
 62
8
100
AcDbBlockReference
  2
_OBLIQUE
 10
26811.549999999996
 20
-724.588
 30
0.0
 41
21.886333333333333
 42
21.886333333333333
  0
LINE
  5
330
330
327
100
AcDbEntity
  8
0
 62
8
370
15
100
AcDbLine
 10
26511.549999999996
 20
-724.588
 30
0.0
 11
26811.549999999996
 21
-724.588
 31
0.0
  0
MTEXT
  5
331
330
327
100
AcDbEntity
  8
COTAS
 62
250
100
AcDbMText
 10
26661.549999999996
 20
-709.444
 30
0.0
 40
18.288
 71
5
  1
300
  7
ESTANDAR
  0
POINT
  5
332
330
327
100
AcDbEntity
  8
Defpoints
100
AcDbPoint
 10
26511.549999999996
 20
-724.588
 30
0.0
  0
POINT
  5
333
330
327
100
AcDbEntity
  8
Defpoints
100
AcDbPoint
 10
26511.549999999996
 20
-624.588
 30
0.0
  0
POINT
  5
334
330
327
100
AcDbEntity
  8
Defpoints
100
AcDbPoint
 10
26811.549999999996
 20
-624.588
 30
0.0
  0
ENDBLK
  5
329
330
327
100
AcDbEntity
  8
0
100
AcDbBlockEnd
  0
BLOCK
  5
336
330
335
100
AcDbEntity
  8
0
100
AcDbBlockBegin
  2
*D14
 70
1
 10
0.0
 20
0.0
 30
0.0
  3
*D14
  1

  0
LINE
  5
338
330
335
100
AcDbEntity
  8
0
 62
8
370
13
100
AcDbLine
 10
26506.258333333328
 20
-624.588
 30
0.0
 11
26442.73055555555
 21
-624.588
 31
0.0
  0
LINE
  5
339
330
335
100
AcDbEntity
  8
0
 62
8
370
13
100
AcDbLine
 10
26506.258333333328
 20
-274.58799999999997
 30
0.0
 11
26442.73055555555
 21
-274.58799999999997
 31
0.0
  0
INSERT
  5
33A
330
335
100
AcDbEntity
  8
COTAS
 62
8
100
AcDbBlockReference
  2
_OBLIQUE
 10
26451.549999999996
 20
-624.588
 30
0.0
 41
21.886333333333333
 42
21.886333333333333
 50
90.0
  0
INSERT
  5
33C
330
335
100
AcDbEntity
  8
COTAS
 62
8
100
AcDbBlockReference
  2
_OBLIQUE
 10
26451.549999999996
 20
-274.58799999999997
 30
0.0
 41
21.886333333333333
 42
21.886333333333333
 50
90.0
  0
LINE
  5
33E
330
335
100
AcDbEntity
  8
0
 62
8
370
15
100
AcDbLine
 10
26451.549999999996
 20
-624.588
 30
0.0
 11
26451.549999999996
 21
-274.58799999999997
 31
0.0
  0
MTEXT
  5
33F
330
335
100
AcDbEntity
  8
COTAS
 62
250
100
AcDbMText
 10
26436.405999999995
 20
-449.58799999999997
 30
0.0
 40
18.288
 71
5
  1
350
  7
ESTANDAR
 50
90.0
  0
POINT
  5
340
330
335
100
AcDbEntity
  8
Defpoints
100
AcDbPoint
 10
26451.549999999996
 20
-624.588
 30
0.0
  0
POINT
  5
341
330
335
100
AcDbEntity
  8
Defpoints
100
AcDbPoint
 10
26511.549999999996
 20
-624.588
 30
0.0
  0
POINT
  5
342
330
335
100
AcDbEntity
  8
Defpoints
100
AcDbPoint
 10
26511.549999999996
 20
-274.58799999999997
 30
0.0
  0
ENDBLK
  5
337
330
335
100
AcDbEntity
  8
0
100
AcDbBlockEnd
  0
BLOCK
  5
36A
330
369
100
AcDbEntity
  8
0
100
AcDbBlockBegin
  2
*D15
 70
1
 10
0.0
 20
0.0
 30
0.0
  3
*D15
  1

  0
LINE
  5
36C
330
369
100
AcDbEntity
  8
0
 62
8
370
13
100
AcDbLine
 10
27407.089999999997
 20
-359.87966666666665
 30
0.0
 11
27407.089999999997
 21
-423.4074444444444
 31
0.0
  0
LINE
  5
36D
330
369
100
AcDbEntity
  8
0
 62
8
370
13
100
AcDbLine
 10
27571.089999999997
 20
-359.87966666666665
 30
0.0
 11
27571.089999999997
 21
-423.4074444444444
 31
0.0
  0
INSERT
  5
36E
330
369
100
AcDbEntity
  8
COTAS
 62
8
100
AcDbBlockReference
  2
_OBLIQUE
 10
27407.089999999997
 20
-414.58799999999997
 30
0.0
 41
21.886333333333333
 42
21.886333333333333
  0
INSERT
  5
370
330
369
100
AcDbEntity
  8
COTAS
 62
8
100
AcDbBlockReference
  2
_OBLIQUE
 10
27571.089999999997
 20
-414.58799999999997
 30
0.0
 41
21.886333333333333
 42
21.886333333333333
  0
LINE
  5
372
330
369
100
AcDbEntity
  8
0
 62
8
370
15
100
AcDbLine
 10
27407.089999999997
 20
-414.58799999999997
 30
0.0
 11
27571.089999999997
 21
-414.58799999999997
 31
0.0
  0
MTEXT
  5
373
330
369
100
AcDbEntity
  8
COTAS
 62
250
100
AcDbMText
 10
27489.089999999997
 20
-399.44399999999996
 30
0.0
 40
18.288
 71
5
  1
164
  7
ESTANDAR
  0
POINT
  5
374
330
369
100
AcDbEntity
  8
Defpoints
100
AcDbPoint
 10
27407.089999999997
 20
-414.58799999999997
 30
0.0
  0
POINT
  5
375
330
369
100
AcDbEntity
  8
Defpoints
100
AcDbPoint
 10
27407.089999999997
 20
-354.58799999999997
 30
0.0
  0
POINT
  5
376
330
369
100
AcDbEntity
  8
Defpoints
100
AcDbPoint
 10
27571.089999999997
 20
-354.58799999999997
 30
0.0
  0
ENDBLK
  5
36B
330
369
100
AcDbEntity
  8
0
100
AcDbBlockEnd
  0
BLOCK
  5
378
330
377
100
AcDbEntity
  8
0
100
AcDbBlockBegin
  2
*D16
 70
1
 10
0.0
 20
0.0
 30
0.0
  3
*D16
  1

  0
LINE
  5
37A
330
377
100
AcDbEntity
  8
0
 62
8
370
13
100
AcDbLine
 10
27633.79833333333
 20
-274.58799999999997
 30
0.0
 11
27590.27055555555
 21
-274.58799999999997
 31
0.0
  0
LINE
  5
37B
330
377
100
AcDbEntity
  8
0
 62
8
370
13
100
AcDbLine
 10
27633.79833333333
 20
-354.58799999999997
 30
0.0
 11
27590.27055555555
 21
-354.58799999999997
 31
0.0
  0
INSERT
  5
37C
330
377
100
AcDbEntity
  8
COTAS
 62
8
100
AcDbBlockReference
  2
_OBLIQUE
 10
27599.089999999997
 20
-274.58799999999997
 30
0.0
 41
21.886333333333333
 42
21.886333333333333
 50
-90.0
  0
INSERT
  5
37E
330
377
100
AcDbEntity
  8
COTAS
 62
8
100
AcDbBlockReference
  2
_OBLIQUE
 10
27599.089999999997
 20
-354.58799999999997
 30
0.0
 41
21.886333333333333
 42
21.886333333333333
 50
-90.0
  0
LINE
  5
380
330
377
100
AcDbEntity
  8
0
 62
8
370
15
100
AcDbLine
 10
27599.089999999997
 20
-274.58799999999997
 30
0.0
 11
27599.089999999997
 21
-354.58799999999997
 31
0.0
  0
MTEXT
  5
381
330
377
100
AcDbEntity
  8
COTAS
 62
250
100
AcDbMText
 10
27614.233999999997
 20
-314.58799999999997
 30
0.0
 40
18.288
 71
5
  1
80
  7
ESTANDAR
 50
-90.0
  0
POINT
  5
382
330
377
100
AcDbEntity
  8
Defpoints
100
AcDbPoint
 10
27599.089999999997
 20
-274.58799999999997
 30
0.0
  0
POINT
  5
383
330
377
100
AcDbEntity
  8
Defpoints
100
AcDbPoint
 10
27639.089999999997
 20
-274.58799999999997
 30
0.0
  0
POINT
  5
384
330
377
100
AcDbEntity
  8
Defpoints
100
AcDbPoint
 10
27639.089999999997
 20
-354.58799999999997
 30
0.0
  0
ENDBLK
  5
379
330
377
100
AcDbEntity
  8
0
100
AcDbBlockEnd
  0
BLOCK
  5
386
330
385
100
AcDbEntity
  8
0
100
AcDbBlockBegin
  2
*D17
 70
1
 10
0.0
 20
0.0
 30
0.0
  3
*D17
  1

  0
LINE
  5
388
330
385
100
AcDbEntity
  8
0
 62
8
370
13
100
AcDbLine
 10
27339.089999999997
 20
-629.8796666666666
 30
0.0
 11
27339.089999999997
 21
-733.4074444444444
 31
0.0
  0
LINE
  5
389
330
385
100
AcDbEntity
  8
0
 62
8
370
13
100
AcDbLine
 10
27639.089999999997
 20
-629.8796666666666
 30
0.0
 11
27639.089999999997
 21
-733.4074444444444
 31
0.0
  0
INSERT
  5
38A
330
385
100
AcDbEntity
  8
COTAS
 62
8
100
AcDbBlockReference
  2
_OBLIQUE
 10
27339.089999999997
 20
-724.588
 30
0.0
 41
21.886333333333333
 42
21.886333333333333
  0
INSERT
  5
38C
330
385
100
AcDbEntity
  8
COTAS
 62
8
100
AcDbBlockReference
  2
_OBLIQUE
 10
27639.089999999997
 20
-724.588
 30
0.0
 41
21.886333333333333
 42
21.886333333333333
  0
LINE
  5
38E
330
385
100
AcDbEntity
  8
0
 62
8
370
15
100
AcDbLine
 10
27339.089999999997
 20
-724.588
 30
0.0
 11
27639.089999999997
 21
-724.588
 31
0.0
  0
MTEXT
  5
38F
330
385
100
AcDbEntity
  8
COTAS
 62
250
100
AcDbMText
 10
27489.089999999997
 20
-709.444
 30
0.0
 40
18.288
 71
5
  1
300
  7
ESTANDAR
  0
POINT
  5
390
330
385
100
AcDbEntity
  8
Defpoints
100
AcDbPoint
 10
27339.089999999997
 20
-724.588
 30
0.0
  0
POINT
  5
391
330
385
100
AcDbEntity
  8
Defpoints
100
AcDbPoint
 10
27339.089999999997
 20
-624.588
 30
0.0
  0
POINT
  5
392
330
385
100
AcDbEntity
  8
Defpoints
100
AcDbPoint
 10
27639.089999999997
 20
-624.588
 30
0.0
  0
ENDBLK
  5
387
330
385
100
AcDbEntity
  8
0
100
AcDbBlockEnd
  0
BLOCK
  5
394
330
393
100
AcDbEntity
  8
0
100
AcDbBlockBegin
  2
*D18
 70
1
 10
0.0
 20
0.0
 30
0.0
  3
*D18
  1

  0
LINE
  5
396
330
393
100
AcDbEntity
  8
0
 62
8
370
13
100
AcDbLine
 10
27333.79833333333
 20
-624.588
 30
0.0
 11
27270.27055555555
 21
-624.588
 31
0.0
  0
LINE
  5
397
330
393
100
AcDbEntity
  8
0
 62
8
370
13
100
AcDbLine
 10
27333.79833333333
 20
-274.58799999999997
 30
0.0
 11
27270.27055555555
 21
-274.58799999999997
 31
0.0
  0
INSERT
  5
398
330
393
100
AcDbEntity
  8
COTAS
 62
8
100
AcDbBlockReference
  2
_OBLIQUE
 10
27279.089999999997
 20
-624.588
 30
0.0
 41
21.886333333333333
 42
21.886333333333333
 50
90.0
  0
INSERT
  5
39A
330
393
100
AcDbEntity
  8
COTAS
 62
8
100
AcDbBlockReference
  2
_OBLIQUE
 10
27279.089999999997
 20
-274.58799999999997
 30
0.0
 41
21.886333333333333
 42
21.886333333333333
 50
90.0
  0
LINE
  5
39C
330
393
100
AcDbEntity
  8
0
 62
8
370
15
100
AcDbLine
 10
27279.089999999997
 20
-624.588
 30
0.0
 11
27279.089999999997
 21
-274.58799999999997
 31
0.0
  0
MTEXT
  5
39D
330
393
100
AcDbEntity
  8
COTAS
 62
250
100
AcDbMText
 10
27263.945999999996
 20
-449.58799999999997
 30
0.0
 40
18.288
 71
5
  1
350
  7
ESTANDAR
 50
90.0
  0
POINT
  5
39E
330
393
100
AcDbEntity
  8
Defpoints
100
AcDbPoint
 10
27279.089999999997
 20
-624.588
 30
0.0
  0
POINT
  5
39F
330
393
100
AcDbEntity
  8
Defpoints
100
AcDbPoint
 10
27339.089999999997
 20
-624.588
 30
0.0
  0
POINT
  5
3A0
330
393
100
AcDbEntity
  8
Defpoints
100
AcDbPoint
 10
27339.089999999997
 20
-274.58799999999997
 30
0.0
  0
ENDBLK
  5
395
330
393
100
AcDbEntity
  8
0
100
AcDbBlockEnd
  0
BLOCK
  5
3C0
330
3BF
100
AcDbEntity
  8
0
100
AcDbBlockBegin
  2
*D19
 70
1
 10
0.0
 20
0.0
 30
0.0
  3
*D19
  1

  0
LINE
  5
3C2
330
3BF
100
AcDbEntity
  8
0
 62
8
370
13
100
AcDbLine
 10
28222.629999999997
 20
-359.87966666666665
 30
0.0
 11
28222.629999999997
 21
-423.4074444444444
 31
0.0
  0
LINE
  5
3C3
330
3BF
100
AcDbEntity
  8
0
 62
8
370
13
100
AcDbLine
 10
28410.629999999997
 20
-359.87966666666665
 30
0.0
 11
28410.629999999997
 21
-423.4074444444444
 31
0.0
  0
INSERT
  5
3C4
330
3BF
100
AcDbEntity
  8
COTAS
 62
8
100
AcDbBlockReference
  2
_OBLIQUE
 10
28222.629999999997
 20
-414.58799999999997
 30
0.0
 41
21.886333333333333
 42
21.886333333333333
  0
INSERT
  5
3C6
330
3BF
100
AcDbEntity
  8
COTAS
 62
8
100
AcDbBlockReference
  2
_OBLIQUE
 10
28410.629999999997
 20
-414.58799999999997
 30
0.0
 41
21.886333333333333
 42
21.886333333333333
  0
LINE
  5
3C8
330
3BF
100
AcDbEntity
  8
0
 62
8
370
15
100
AcDbLine
 10
28222.629999999997
 20
-414.58799999999997
 30
0.0
 11
28410.629999999997
 21
-414.58799999999997
 31
0.0
  0
MTEXT
  5
3C9
330
3BF
100
AcDbEntity
  8
COTAS
 62
250
100
AcDbMText
 10
28316.629999999997
 20
-399.44399999999996
 30
0.0
 40
18.288
 71
5
  1
188
  7
ESTANDAR
  0
POINT
  5
3CA
330
3BF
100
AcDbEntity
  8
Defpoints
100
AcDbPoint
 10
28222.629999999997
 20
-414.58799999999997
 30
0.0
  0
POINT
  5
3CB
330
3BF
100
AcDbEntity
  8
Defpoints
100
AcDbPoint
 10
28222.629999999997
 20
-354.58799999999997
 30
0.0
  0
POINT
  5
3CC
330
3BF
100
AcDbEntity
  8
Defpoints
100
AcDbPoint
 10
28410.629999999997
 20
-354.58799999999997
 30
0.0
  0
ENDBLK
  5
3C1
330
3BF
100
AcDbEntity
  8
0
100
AcDbBlockEnd
  0
BLOCK
  5
3CE
330
3CD
100
AcDbEntity
  8
0
100
AcDbBlockBegin
  2
*D20
 70
1
 10
0.0
 20
0.0
 30
0.0
  3
*D20
  1

  0
LINE
  5
3D0
330
3CD
100
AcDbEntity
  8
0
 62
8
370
13
100
AcDbLine
 10
28461.33833333333
 20
-274.58799999999997
 30
0.0
 11
28417.810555555552
 21
-274.58799999999997
 31
0.0
  0
LINE
  5
3D1
330
3CD
100
AcDbEntity
  8
0
 62
8
370
13
100
AcDbLine
 10
28461.33833333333
 20
-354.58799999999997
 30
0.0
 11
28417.810555555552
 21
-354.58799999999997
 31
0.0
  0
INSERT
  5
3D2
330
3CD
100
AcDbEntity
  8
COTAS
 62
8
100
AcDbBlockReference
  2
_OBLIQUE
 10
28426.629999999997
 20
-274.58799999999997
 30
0.0
 41
21.886333333333333
 42
21.886333333333333
 50
-90.0
  0
INSERT
  5
3D4
330
3CD
100
AcDbEntity
  8
COTAS
 62
8
100
AcDbBlockReference
  2
_OBLIQUE
 10
28426.629999999997
 20
-354.58799999999997
 30
0.0
 41
21.886333333333333
 42
21.886333333333333
 50
-90.0
  0
LINE
  5
3D6
330
3CD
100
AcDbEntity
  8
0
 62
8
370
15
100
AcDbLine
 10
28426.629999999997
 20
-274.58799999999997
 30
0.0
 11
28426.629999999997
 21
-354.58799999999997
 31
0.0
  0
MTEXT
  5
3D7
330
3CD
100
AcDbEntity
  8
COTAS
 62
250
100
AcDbMText
 10
28441.773999999998
 20
-314.58799999999997
 30
0.0
 40
18.288
 71
5
  1
80
  7
ESTANDAR
 50
-90.0
  0
POINT
  5
3D8
330
3CD
100
AcDbEntity
  8
Defpoints
100
AcDbPoint
 10
28426.629999999997
 20
-274.58799999999997
 30
0.0
  0
POINT
  5
3D9
330
3CD
100
AcDbEntity
  8
Defpoints
100
AcDbPoint
 10
28466.629999999997
 20
-274.58799999999997
 30
0.0
  0
POINT
  5
3DA
330
3CD
100
AcDbEntity
  8
Defpoints
100
AcDbPoint
 10
28466.629999999997
 20
-354.58799999999997
 30
0.0
  0
ENDBLK
  5
3CF
330
3CD
100
AcDbEntity
  8
0
100
AcDbBlockEnd
  0
BLOCK
  5
3DC
330
3DB
100
AcDbEntity
  8
0
100
AcDbBlockBegin
  2
*D21
 70
1
 10
0.0
 20
0.0
 30
0.0
  3
*D21
  1

  0
LINE
  5
3DE
330
3DB
100
AcDbEntity
  8
0
 62
8
370
13
100
AcDbLine
 10
28166.629999999997
 20
-629.8796666666666
 30
0.0
 11
28166.629999999997
 21
-733.4074444444444
 31
0.0
  0
LINE
  5
3DF
330
3DB
100
AcDbEntity
  8
0
 62
8
370
13
100
AcDbLine
 10
28466.629999999997
 20
-629.8796666666666
 30
0.0
 11
28466.629999999997
 21
-733.4074444444444
 31
0.0
  0
INSERT
  5
3E0
330
3DB
100
AcDbEntity
  8
COTAS
 62
8
100
AcDbBlockReference
  2
_OBLIQUE
 10
28166.629999999997
 20
-724.588
 30
0.0
 41
21.886333333333333
 42
21.886333333333333
  0
INSERT
  5
3E2
330
3DB
100
AcDbEntity
  8
COTAS
 62
8
100
AcDbBlockReference
  2
_OBLIQUE
 10
28466.629999999997
 20
-724.588
 30
0.0
 41
21.886333333333333
 42
21.886333333333333
  0
LINE
  5
3E4
330
3DB
100
AcDbEntity
  8
0
 62
8
370
15
100
AcDbLine
 10
28166.629999999997
 20
-724.588
 30
0.0
 11
28466.629999999997
 21
-724.588
 31
0.0
  0
MTEXT
  5
3E5
330
3DB
100
AcDbEntity
  8
COTAS
 62
250
100
AcDbMText
 10
28316.629999999997
 20
-709.444
 30
0.0
 40
18.288
 71
5
  1
300
  7
ESTANDAR
  0
POINT
  5
3E6
330
3DB
100
AcDbEntity
  8
Defpoints
100
AcDbPoint
 10
28166.629999999997
 20
-724.588
 30
0.0
  0
POINT
  5
3E7
330
3DB
100
AcDbEntity
  8
Defpoints
100
AcDbPoint
 10
28166.629999999997
 20
-624.588
 30
0.0
  0
POINT
  5
3E8
330
3DB
100
AcDbEntity
  8
Defpoints
100
AcDbPoint
 10
28466.629999999997
 20
-624.588
 30
0.0
  0
ENDBLK
  5
3DD
330
3DB
100
AcDbEntity
  8
0
100
AcDbBlockEnd
  0
BLOCK
  5
3EA
330
3E9
100
AcDbEntity
  8
0
100
AcDbBlockBegin
  2
*D22
 70
1
 10
0.0
 20
0.0
 30
0.0
  3
*D22
  1

  0
LINE
  5
3EC
330
3E9
100
AcDbEntity
  8
0
 62
8
370
13
100
AcDbLine
 10
28161.33833333333
 20
-624.588
 30
0.0
 11
28097.810555555552
 21
-624.588
 31
0.0
  0
LINE
  5
3ED
330
3E9
100
AcDbEntity
  8
0
 62
8
370
13
100
AcDbLine
 10
28161.33833333333
 20
-274.58799999999997
 30
0.0
 11
28097.810555555552
 21
-274.58799999999997
 31
0.0
  0
INSERT
  5
3EE
330
3E9
100
AcDbEntity
  8
COTAS
 62
8
100
AcDbBlockReference
  2
_OBLIQUE
 10
28106.629999999997
 20
-624.588
 30
0.0
 41
21.886333333333333
 42
21.886333333333333
 50
90.0
  0
INSERT
  5
3F0
330
3E9
100
AcDbEntity
  8
COTAS
 62
8
100
AcDbBlockReference
  2
_OBLIQUE
 10
28106.629999999997
 20
-274.58799999999997
 30
0.0
 41
21.886333333333333
 42
21.886333333333333
 50
90.0
  0
LINE
  5
3F2
330
3E9
100
AcDbEntity
  8
0
 62
8
370
15
100
AcDbLine
 10
28106.629999999997
 20
-624.588
 30
0.0
 11
28106.629999999997
 21
-274.58799999999997
 31
0.0
  0
MTEXT
  5
3F3
330
3E9
100
AcDbEntity
  8
COTAS
 62
250
100
AcDbMText
 10
28091.485999999997
 20
-449.58799999999997
 30
0.0
 40
18.288
 71
5
  1
350
  7
ESTANDAR
 50
90.0
  0
POINT
  5
3F4
330
3E9
100
AcDbEntity
  8
Defpoints
100
AcDbPoint
 10
28106.629999999997
 20
-624.588
 30
0.0
  0
POINT
  5
3F5
330
3E9
100
AcDbEntity
  8
Defpoints
100
AcDbPoint
 10
28166.629999999997
 20
-624.588
 30
0.0
  0
POINT
  5
3F6
330
3E9
100
AcDbEntity
  8
Defpoints
100
AcDbPoint
 10
28166.629999999997
 20
-274.58799999999997
 30
0.0
  0
ENDBLK
  5
3EB
330
3E9
100
AcDbEntity
  8
0
100
AcDbBlockEnd
  0
BLOCK
  5
48A
330
489
100
AcDbEntity
  8
0
100
AcDbBlockBegin
  2
*D23
 70
1
 10
0.0
 20
0.0
 30
0.0
  3
*D23
  1

  0
LINE
  5
48C
330
489
100
AcDbEntity
  8
0
 62
8
370
13
100
AcDbLine
 10
29087.539333333334
 20
-368.21400000000006
 30
0.0
 11
29024.011555555557
 21
-368.21400000000006
 31
0.0
  0
LINE
  5
48D
330
489
100
AcDbEntity
  8
0
 62
8
370
13
100
AcDbLine
 10
29087.539333333334
 20
-410.21400000000006
 30
0.0
 11
29024.011555555557
 21
-410.21400000000006
 31
0.0
  0
INSERT
  5
48E
330
489
100
AcDbEntity
  8
COTAS
 62
8
100
AcDbBlockReference
  2
_OBLIQUE
 10
29032.831000000002
 20
-368.21400000000006
 30
0.0
 41
21.886333333333333
 42
21.886333333333333
 50
-90.0
  0
INSERT
  5
490
330
489
100
AcDbEntity
  8
COTAS
 62
8
100
AcDbBlockReference
  2
_OBLIQUE
 10
29032.831000000002
 20
-410.21400000000006
 30
0.0
 41
21.886333333333333
 42
21.886333333333333
 50
-90.0
  0
LINE
  5
492
330
489
100
AcDbEntity
  8
0
 62
8
370
15
100
AcDbLine
 10
29032.831000000002
 20
-368.21400000000006
 30
0.0
 11
29032.831000000002
 21
-410.21400000000006
 31
0.0
  0
MTEXT
  5
493
330
489
100
AcDbEntity
  8
COTAS
 62
250
100
AcDbMText
 10
29047.975000000002
 20
-389.21400000000006
 30
0.0
 40
18.288
 71
5
  1
42
  7
ESTANDAR
 50
-90.0
  0
POINT
  5
494
330
489
100
AcDbEntity
  8
Defpoints
100
AcDbPoint
 10
29032.831000000002
 20
-368.21400000000006
 30
0.0
  0
POINT
  5
495
330
489
100
AcDbEntity
  8
Defpoints
100
AcDbPoint
 10
29092.831000000002
 20
-368.21400000000006
 30
0.0
  0
POINT
  5
496
330
489
100
AcDbEntity
  8
Defpoints
100
AcDbPoint
 10
29092.831000000002
 20
-410.21400000000006
 30
0.0
  0
ENDBLK
  5
48B
330
489
100
AcDbEntity
  8
0
100
AcDbBlockEnd
  0
BLOCK
  5
498
330
497
100
AcDbEntity
  8
0
100
AcDbBlockBegin
  2
*D24
 70
1
 10
0.0
 20
0.0
 30
0.0
  3
*D24
  1

  0
LINE
  5
49A
330
497
100
AcDbEntity
  8
0
 62
8
370
13
100
AcDbLine
 10
29087.539333333334
 20
-410.21400000000006
 30
0.0
 11
29024.011555555557
 21
-410.21400000000006
 31
0.0
  0
LINE
  5
49B
330
497
100
AcDbEntity
  8
0
 62
8
370
13
100
AcDbLine
 10
29087.539333333334
 20
-566.214
 30
0.0
 11
29024.011555555557
 21
-566.214
 31
0.0
  0
INSERT
  5
49C
330
497
100
AcDbEntity
  8
COTAS
 62
8
100
AcDbBlockReference
  2
_OBLIQUE
 10
29032.831000000002
 20
-410.21400000000006
 30
0.0
 41
21.886333333333333
 42
21.886333333333333
 50
-90.0
  0
INSERT
  5
49E
330
497
100
AcDbEntity
  8
COTAS
 62
8
100
AcDbBlockReference
  2
_OBLIQUE
 10
29032.831000000002
 20
-566.214
 30
0.0
 41
21.886333333333333
 42
21.886333333333333
 50
-90.0
  0
LINE
  5
4A0
330
497
100
AcDbEntity
  8
0
 62
8
370
15
100
AcDbLine
 10
29032.831000000002
 20
-410.21400000000006
 30
0.0
 11
29032.831000000002
 21
-566.214
 31
0.0
  0
MTEXT
  5
4A1
330
497
100
AcDbEntity
  8
COTAS
 62
250
100
AcDbMText
 10
29047.975000000002
 20
-488.21400000000006
 30
0.0
 40
18.288
 71
5
  1
156
  7
ESTANDAR
 50
-90.0
  0
POINT
  5
4A2
330
497
100
AcDbEntity
  8
Defpoints
100
AcDbPoint
 10
29032.831000000002
 20
-410.21400000000006
 30
0.0
  0
POINT
  5
4A3
330
497
100
AcDbEntity
  8
Defpoints
100
AcDbPoint
 10
29092.831000000002
 20
-410.21400000000006
 30
0.0
  0
POINT
  5
4A4
330
497
100
AcDbEntity
  8
Defpoints
100
AcDbPoint
 10
29092.831000000002
 20
-566.214
 30
0.0
  0
ENDBLK
  5
499
330
497
100
AcDbEntity
  8
0
100
AcDbBlockEnd
  0
BLOCK
  5
4A6
330
4A5
100
AcDbEntity
  8
0
100
AcDbBlockBegin
  2
*D25
 70
1
 10
0.0
 20
0.0
 30
0.0
  3
*D25
  1

  0
LINE
  5
4A8
330
4A5
100
AcDbEntity
  8
0
 62
8
370
13
100
AcDbLine
 10
29087.539333333334
 20
-566.214
 30
0.0
 11
29024.011555555557
 21
-566.214
 31
0.0
  0
LINE
  5
4A9
330
4A5
100
AcDbEntity
  8
0
 62
8
370
13
100
AcDbLine
 10
29087.539333333334
 20
-628.214
 30
0.0
 11
29024.011555555557
 21
-628.214
 31
0.0
  0
INSERT
  5
4AA
330
4A5
100
AcDbEntity
  8
COTAS
 62
8
100
AcDbBlockReference
  2
_OBLIQUE
 10
29032.831000000002
 20
-566.214
 30
0.0
 41
21.886333333333333
 42
21.886333333333333
 50
-90.0
  0
INSERT
  5
4AC
330
4A5
100
AcDbEntity
  8
COTAS
 62
8
100
AcDbBlockReference
  2
_OBLIQUE
 10
29032.831000000002
 20
-628.214
 30
0.0
 41
21.886333333333333
 42
21.886333333333333
 50
-90.0
  0
LINE
  5
4AE
330
4A5
100
AcDbEntity
  8
0
 62
8
370
15
100
AcDbLine
 10
29032.831000000002
 20
-566.214
 30
0.0
 11
29032.831000000002
 21
-628.214
 31
0.0
  0
MTEXT
  5
4AF
330
4A5
100
AcDbEntity
  8
COTAS
 62
250
100
AcDbMText
 10
29047.975000000002
 20
-597.214
 30
0.0
 40
18.288
 71
5
  1
62
  7
ESTANDAR
 50
-90.0
  0
POINT
  5
4B0
330
4A5
100
AcDbEntity
  8
Defpoints
100
AcDbPoint
 10
29032.831000000002
 20
-566.214
 30
0.0
  0
POINT
  5
4B1
330
4A5
100
AcDbEntity
  8
Defpoints
100
AcDbPoint
 10
29092.831000000002
 20
-566.214
 30
0.0
  0
POINT
  5
4B2
330
4A5
100
AcDbEntity
  8
Defpoints
100
AcDbPoint
 10
29092.831000000002
 20
-628.214
 30
0.0
  0
ENDBLK
  5
4A7
330
4A5
100
AcDbEntity
  8
0
100
AcDbBlockEnd
  0
BLOCK
  5
4B4
330
4B3
100
AcDbEntity
  8
0
100
AcDbBlockBegin
  2
*D26
 70
1
 10
0.0
 20
0.0
 30
0.0
  3
*D26
  1

  0
LINE
  5
4B6
330
4B3
100
AcDbEntity
  8
0
 62
8
370
13
100
AcDbLine
 10
29434.831000000002
 20
-187.9223333333334
 30
0.0
 11
29434.831000000002
 21
-184.3945555555556
 31
0.0
  0
LINE
  5
4B7
330
4B3
100
AcDbEntity
  8
0
 62
8
370
13
100
AcDbLine
 10
29459.831000000002
 20
-187.9223333333334
 30
0.0
 11
29459.831000000002
 21
-184.3945555555556
 31
0.0
  0
INSERT
  5
4B8
330
4B3
100
AcDbEntity
  8
COTAS
 62
8
100
AcDbBlockReference
  2
_OBLIQUE
 10
29434.831000000002
 20
-193.21400000000006
 30
0.0
 41
21.886333333333333
 42
21.886333333333333
  0
INSERT
  5
4BA
330
4B3
100
AcDbEntity
  8
COTAS
 62
8
100
AcDbBlockReference
  2
_OBLIQUE
 10
29459.831000000002
 20
-193.21400000000006
 30
0.0
 41
21.886333333333333
 42
21.886333333333333
  0
LINE
  5
4BC
330
4B3
100
AcDbEntity
  8
0
 62
8
370
15
100
AcDbLine
 10
29434.831000000002
 20
-193.21400000000006
 30
0.0
 11
29459.831000000002
 21
-193.21400000000006
 31
0.0
  0
MTEXT
  5
4BD
330
4B3
100
AcDbEntity
  8
COTAS
 62
250
100
AcDbMText
 10
29447.331000000002
 20
-169.25055555555562
 30
0.0
 40
18.288
 71
5
  1
25
  7
ESTANDAR
  0
POINT
  5
4BE
330
4B3
100
AcDbEntity
  8
Defpoints
100
AcDbPoint
 10
29434.831000000002
 20
-193.21400000000006
 30
0.0
  0
POINT
  5
4BF
330
4B3
100
AcDbEntity
  8
Defpoints
100
AcDbPoint
 10
29434.831000000002
 20
-193.21400000000006
 30
0.0
  0
POINT
  5
4C0
330
4B3
100
AcDbEntity
  8
Defpoints
100
AcDbPoint
 10
29459.831000000002
 20
-193.21400000000006
 30
0.0
  0
ENDBLK
  5
4B5
330
4B3
100
AcDbEntity
  8
0
100
AcDbBlockEnd
  0
BLOCK
  5
4C2
330
4C1
100
AcDbEntity
  8
0
100
AcDbBlockBegin
  2
*D27
 70
1
 10
0.0
 20
0.0
 30
0.0
  3
*D27
  1

  0
LINE
  5
4C4
330
4C1
100
AcDbEntity
  8
0
 62
8
370
13
100
AcDbLine
 10
29459.831000000002
 20
-187.9223333333334
 30
0.0
 11
29459.831000000002
 21
-184.3945555555556
 31
0.0
  0
LINE
  5
4C5
330
4C1
100
AcDbEntity
  8
0
 62
8
370
13
100
AcDbLine
 10
29768.831000000002
 20
-187.9223333333334
 30
0.0
 11
29768.831000000002
 21
-184.3945555555556
 31
0.0
  0
INSERT
  5
4C6
330
4C1
100
AcDbEntity
  8
COTAS
 62
8
100
AcDbBlockReference
  2
_OBLIQUE
 10
29459.831000000002
 20
-193.21400000000006
 30
0.0
 41
21.886333333333333
 42
21.886333333333333
  0
INSERT
  5
4C8
330
4C1
100
AcDbEntity
  8
COTAS
 62
8
100
AcDbBlockReference
  2
_OBLIQUE
 10
29768.831000000002
 20
-193.21400000000006
 30
0.0
 41
21.886333333333333
 42
21.886333333333333
  0
LINE
  5
4CA
330
4C1
100
AcDbEntity
  8
0
 62
8
370
15
100
AcDbLine
 10
29459.831000000002
 20
-193.21400000000006
 30
0.0
 11
29768.831000000002
 21
-193.21400000000006
 31
0.0
  0
MTEXT
  5
4CB
330
4C1
100
AcDbEntity
  8
COTAS
 62
250
100
AcDbMText
 10
29614.331000000002
 20
-178.07000000000005
 30
0.0
 40
18.288
 71
5
  1
309
  7
ESTANDAR
  0
POINT
  5
4CC
330
4C1
100
AcDbEntity
  8
Defpoints
100
AcDbPoint
 10
29459.831000000002
 20
-193.21400000000006
 30
0.0
  0
POINT
  5
4CD
330
4C1
100
AcDbEntity
  8
Defpoints
100
AcDbPoint
 10
29459.831000000002
 20
-193.21400000000006
 30
0.0
  0
POINT
  5
4CE
330
4C1
100
AcDbEntity
  8
Defpoints
100
AcDbPoint
 10
29768.831000000002
 20
-193.21400000000006
 30
0.0
  0
ENDBLK
  5
4C3
330
4C1
100
AcDbEntity
  8
0
100
AcDbBlockEnd
  0
BLOCK
  5
4D0
330
4CF
100
AcDbEntity
  8
0
100
AcDbBlockBegin
  2
*D28
 70
1
 10
0.0
 20
0.0
 30
0.0
  3
*D28
  1

  0
LINE
  5
4D2
330
4CF
100
AcDbEntity
  8
0
 62
8
370
13
100
AcDbLine
 10
29768.831000000002
 20
-187.9223333333334
 30
0.0
 11
29768.831000000002
 21
-184.3945555555556
 31
0.0
  0
LINE
  5
4D3
330
4CF
100
AcDbEntity
  8
0
 62
8
370
13
100
AcDbLine
 10
29859.831000000002
 20
-187.9223333333334
 30
0.0
 11
29859.831000000002
 21
-184.3945555555556
 31
0.0
  0
INSERT
  5
4D4
330
4CF
100
AcDbEntity
  8
COTAS
 62
8
100
AcDbBlockReference
  2
_OBLIQUE
 10
29768.831000000002
 20
-193.21400000000006
 30
0.0
 41
21.886333333333333
 42
21.886333333333333
  0
INSERT
  5
4D6
330
4CF
100
AcDbEntity
  8
COTAS
 62
8
100
AcDbBlockReference
  2
_OBLIQUE
 10
29859.831000000002
 20
-193.21400000000006
 30
0.0
 41
21.886333333333333
 42
21.886333333333333
  0
LINE
  5
4D8
330
4CF
100
AcDbEntity
  8
0
 62
8
370
15
100
AcDbLine
 10
29768.831000000002
 20
-193.21400000000006
 30
0.0
 11
29859.831000000002
 21
-193.21400000000006
 31
0.0
  0
MTEXT
  5
4D9
330
4CF
100
AcDbEntity
  8
COTAS
 62
250
100
AcDbMText
 10
29814.331000000002
 20
-178.07000000000005
 30
0.0
 40
18.288
 71
5
  1
91
  7
ESTANDAR
  0
POINT
  5
4DA
330
4CF
100
AcDbEntity
  8
Defpoints
100
AcDbPoint
 10
29768.831000000002
 20
-193.21400000000006
 30
0.0
  0
POINT
  5
4DB
330
4CF
100
AcDbEntity
  8
Defpoints
100
AcDbPoint
 10
29768.831000000002
 20
-193.21400000000006
 30
0.0
  0
POINT
  5
4DC
330
4CF
100
AcDbEntity
  8
Defpoints
100
AcDbPoint
 10
29859.831000000002
 20
-193.21400000000006
 30
0.0
  0
ENDBLK
  5
4D1
330
4CF
100
AcDbEntity
  8
0
100
AcDbBlockEnd
  0
BLOCK
  5
4DE
330
4DD
100
AcDbEntity
  8
0
100
AcDbBlockBegin
  2
*D29
 70
1
 10
0.0
 20
0.0
 30
0.0
  3
*D29
  1

  0
LINE
  5
4E0
330
4DD
100
AcDbEntity
  8
0
 62
8
370
13
100
AcDbLine
 10
29454.539333333334
 20
-368.21400000000006
 30
0.0
 11
29406.011555555557
 21
-368.21400000000006
 31
0.0
  0
LINE
  5
4E1
330
4DD
100
AcDbEntity
  8
0
 62
8
370
13
100
AcDbLine
 10
29454.539333333334
 20
-263.21400000000006
 30
0.0
 11
29406.011555555557
 21
-263.21400000000006
 31
0.0
  0
INSERT
  5
4E2
330
4DD
100
AcDbEntity
  8
COTAS
 62
8
100
AcDbBlockReference
  2
_OBLIQUE
 10
29414.831000000002
 20
-368.21400000000006
 30
0.0
 41
21.886333333333333
 42
21.886333333333333
 50
90.0
  0
INSERT
  5
4E4
330
4DD
100
AcDbEntity
  8
COTAS
 62
8
100
AcDbBlockReference
  2
_OBLIQUE
 10
29414.831000000002
 20
-263.21400000000006
 30
0.0
 41
21.886333333333333
 42
21.886333333333333
 50
90.0
  0
LINE
  5
4E6
330
4DD
100
AcDbEntity
  8
0
 62
8
370
15
100
AcDbLine
 10
29414.831000000002
 20
-368.21400000000006
 30
0.0
 11
29414.831000000002
 21
-263.21400000000006
 31
0.0
  0
MTEXT
  5
4E7
330
4DD
100
AcDbEntity
  8
COTAS
 62
250
100
AcDbMText
 10
29399.687
 20
-315.71400000000006
 30
0.0
 40
18.288
 71
5
  1
105
  7
ESTANDAR
 50
90.0
  0
POINT
  5
4E8
330
4DD
100
AcDbEntity
  8
Defpoints
100
AcDbPoint
 10
29414.831000000002
 20
-368.21400000000006
 30
0.0
  0
POINT
  5
4E9
330
4DD
100
AcDbEntity
  8
Defpoints
100
AcDbPoint
 10
29459.831000000002
 20
-368.21400000000006
 30
0.0
  0
POINT
  5
4EA
330
4DD
100
AcDbEntity
  8
Defpoints
100
AcDbPoint
 10
29459.831000000002
 20
-263.21400000000006
 30
0.0
  0
ENDBLK
  5
4DF
330
4DD
100
AcDbEntity
  8
0
100
AcDbBlockEnd
  0
BLOCK
  5
4EC
330
4EB
100
AcDbEntity
  8
0
100
AcDbBlockBegin
  2
*D30
 70
1
 10
0.0
 20
0.0
 30
0.0
  3
*D30
  1

  0
LINE
  5
4EE
330
4EB
100
AcDbEntity
  8
0
 62
8
370
13
100
AcDbLine
 10
29865.12266666667
 20
-326.21400000000006
 30
0.0
 11
29908.650444444447
 21
-326.21400000000006
 31
0.0
  0
LINE
  5
4EF
330
4EB
100
AcDbEntity
  8
0
 62
8
370
13
100
AcDbLine
 10
29865.12266666667
 20
-263.21400000000006
 30
0.0
 11
29908.650444444447
 21
-263.21400000000006
 31
0.0
  0
INSERT
  5
4F0
330
4EB
100
AcDbEntity
  8
COTAS
 62
8
100
AcDbBlockReference
  2
_OBLIQUE
 10
29899.831000000002
 20
-326.21400000000006
 30
0.0
 41
21.886333333333333
 42
21.886333333333333
 50
90.0
  0
INSERT
  5
4F2
330
4EB
100
AcDbEntity
  8
COTAS
 62
8
100
AcDbBlockReference
  2
_OBLIQUE
 10
29899.831000000002
 20
-263.21400000000006
 30
0.0
 41
21.886333333333333
 42
21.886333333333333
 50
90.0
  0
LINE
  5
4F4
330
4EB
100
AcDbEntity
  8
0
 62
8
370
15
100
AcDbLine
 10
29899.831000000002
 20
-326.21400000000006
 30
0.0
 11
29899.831000000002
 21
-263.21400000000006
 31
0.0
  0
MTEXT
  5
4F5
330
4EB
100
AcDbEntity
  8
COTAS
 62
250
100
AcDbMText
 10
29884.687
 20
-294.71400000000006
 30
0.0
 40
18.288
 71
5
  1
63
  7
ESTANDAR
 50
90.0
  0
POINT
  5
4F6
330
4EB
100
AcDbEntity
  8
Defpoints
100
AcDbPoint
 10
29899.831000000002
 20
-326.21400000000006
 30
0.0
  0
POINT
  5
4F7
330
4EB
100
AcDbEntity
  8
Defpoints
100
AcDbPoint
 10
29859.831000000002
 20
-326.21400000000006
 30
0.0
  0
POINT
  5
4F8
330
4EB
100
AcDbEntity
  8
Defpoints
100
AcDbPoint
 10
29859.831000000002
 20
-263.21400000000006
 30
0.0
  0
ENDBLK
  5
4ED
330
4EB
100
AcDbEntity
  8
0
100
AcDbBlockEnd
  0
BLOCK
  5
577
330
576
100
AcDbEntity
  8
0
100
AcDbBlockBegin
  2
*D31
 70
1
 10
0.0
 20
0.0
 30
0.0
  3
*D31
  1

  0
LINE
  5
579
330
576
100
AcDbEntity
  8
0
 62
8
370
13
100
AcDbLine
 10
32790.445
 20
-675.2985
 30
0.0
 11
32790.445
 21
-750.5901666666666
 31
0.0
  0
LINE
  5
57A
330
576
100
AcDbEntity
  8
0
 62
8
370
13
100
AcDbLine
 10
32870.445
 20
-675.2985
 30
0.0
 11
32870.445
 21
-750.5901666666666
 31
0.0
  0
INSERT
  5
57B
330
576
100
AcDbEntity
  8
COTAS
 62
8
100
AcDbBlockReference
  2
_OBLIQUE
 10
32790.445
 20
-737.361
 30
0.0
 41
32.829499999999996
 42
32.829499999999996
  0
INSERT
  5
57D
330
576
100
AcDbEntity
  8
COTAS
 62
8
100
AcDbBlockReference
  2
_OBLIQUE
 10
32870.445
 20
-737.361
 30
0.0
 41
32.829499999999996
 42
32.829499999999996
  0
LINE
  5
57F
330
576
100
AcDbEntity
  8
0
 62
8
370
15
100
AcDbLine
 10
32790.445
 20
-737.361
 30
0.0
 11
32870.445
 21
-737.361
 31
0.0
  0
MTEXT
  5
580
330
576
100
AcDbEntity
  8
COTAS
 62
250
100
AcDbMText
 10
32830.445
 20
-714.645
 30
0.0
 40
27.432
 71
5
  1
80
  7
ESTANDAR
  0
POINT
  5
581
330
576
100
AcDbEntity
  8
Defpoints
100
AcDbPoint
 10
32790.445
 20
-737.361
 30
0.0
  0
POINT
  5
582
330
576
100
AcDbEntity
  8
Defpoints
100
AcDbPoint
 10
32790.445
 20
-667.361
 30
0.0
  0
POINT
  5
583
330
576
100
AcDbEntity
  8
Defpoints
100
AcDbPoint
 10
32870.445
 20
-667.361
 30
0.0
  0
ENDBLK
  5
578
330
576
100
AcDbEntity
  8
0
100
AcDbBlockEnd
  0
BLOCK
  5
585
330
584
100
AcDbEntity
  8
0
100
AcDbBlockBegin
  2
*D32
 70
1
 10
0.0
 20
0.0
 30
0.0
  3
*D32
  1

  0
LINE
  5
587
330
584
100
AcDbEntity
  8
0
 62
8
370
13
100
AcDbLine
 10
32760.445
 20
-675.2985
 30
0.0
 11
32760.445
 21
-830.5901666666666
 31
0.0
  0
LINE
  5
588
330
584
100
AcDbEntity
  8
0
 62
8
370
13
100
AcDbLine
 10
32900.445
 20
-675.2985
 30
0.0
 11
32900.445
 21
-830.5901666666666
 31
0.0
  0
INSERT
  5
589
330
584
100
AcDbEntity
  8
COTAS
 62
8
100
AcDbBlockReference
  2
_OBLIQUE
 10
32760.445
 20
-817.361
 30
0.0
 41
32.829499999999996
 42
32.829499999999996
  0
INSERT
  5
58B
330
584
100
AcDbEntity
  8
COTAS
 62
8
100
AcDbBlockReference
  2
_OBLIQUE
 10
32900.445
 20
-817.361
 30
0.0
 41
32.829499999999996
 42
32.829499999999996
  0
LINE
  5
58D
330
584
100
AcDbEntity
  8
0
 62
8
370
15
100
AcDbLine
 10
32760.445
 20
-817.361
 30
0.0
 11
32900.445
 21
-817.361
 31
0.0
  0
MTEXT
  5
58E
330
584
100
AcDbEntity
  8
COTAS
 62
250
100
AcDbMText
 10
32830.445
 20
-794.645
 30
0.0
 40
27.432
 71
5
  1
140
  7
ESTANDAR
  0
POINT
  5
58F
330
584
100
AcDbEntity
  8
Defpoints
100
AcDbPoint
 10
32760.445
 20
-817.361
 30
0.0
  0
POINT
  5
590
330
584
100
AcDbEntity
  8
Defpoints
100
AcDbPoint
 10
32760.445
 20
-667.361
 30
0.0
  0
POINT
  5
591
330
584
100
AcDbEntity
  8
Defpoints
100
AcDbPoint
 10
32900.445
 20
-667.361
 30
0.0
  0
ENDBLK
  5
586
330
584
100
AcDbEntity
  8
0
100
AcDbBlockEnd
  0
BLOCK
  5
593
330
592
100
AcDbEntity
  8
0
100
AcDbBlockBegin
  2
*D33
 70
1
 10
0.0
 20
0.0
 30
0.0
  3
*D33
  1

  0
LINE
  5
595
330
592
100
AcDbEntity
  8
0
 62
8
370
13
100
AcDbLine
 10
32748.445
 20
-889.4235
 30
0.0
 11
32748.445
 21
-884.1318333333334
 31
0.0
  0
LINE
  5
596
330
592
100
AcDbEntity
  8
0
 62
8
370
13
100
AcDbLine
 10
32912.445
 20
-889.4235
 30
0.0
 11
32912.445
 21
-884.1318333333334
 31
0.0
  0
INSERT
  5
597
330
592
100
AcDbEntity
  8
COTAS
 62
8
100
AcDbBlockReference
  2
_OBLIQUE
 10
32748.445
 20
-897.361
 30
0.0
 41
32.829499999999996
 42
32.829499999999996
  0
INSERT
  5
599
330
592
100
AcDbEntity
  8
COTAS
 62
8
100
AcDbBlockReference
  2
_OBLIQUE
 10
32912.445
 20
-897.361
 30
0.0
 41
32.829499999999996
 42
32.829499999999996
  0
LINE
  5
59B
330
592
100
AcDbEntity
  8
0
 62
8
370
15
100
AcDbLine
 10
32748.445
 20
-897.361
 30
0.0
 11
32912.445
 21
-897.361
 31
0.0
  0
MTEXT
  5
59C
330
592
100
AcDbEntity
  8
COTAS
 62
250
100
AcDbMText
 10
32830.445
 20
-874.645
 30
0.0
 40
27.432
 71
5
  1
164
  7
ESTANDAR
  0
POINT
  5
59D
330
592
100
AcDbEntity
  8
Defpoints
100
AcDbPoint
 10
32748.445
 20
-897.361
 30
0.0
  0
POINT
  5
59E
330
592
100
AcDbEntity
  8
Defpoints
100
AcDbPoint
 10
32748.445
 20
-897.361
 30
0.0
  0
POINT
  5
59F
330
592
100
AcDbEntity
  8
Defpoints
100
AcDbPoint
 10
32912.445
 20
-897.361
 30
0.0
  0
ENDBLK
  5
594
330
592
100
AcDbEntity
  8
0
100
AcDbBlockEnd
  0
BLOCK
  5
5A1
330
5A0
100
AcDbEntity
  8
0
100
AcDbBlockBegin
  2
*D34
 70
1
 10
0.0
 20
0.0
 30
0.0
  3
*D34
  1

  0
LINE
  5
5A3
330
5A0
100
AcDbEntity
  8
0
 62
8
370
13
100
AcDbLine
 10
32638.3825
 20
-407.361
 30
0.0
 11
32703.674166666668
 21
-407.361
 31
0.0
  0
LINE
  5
5A4
330
5A0
100
AcDbEntity
  8
0
 62
8
370
13
100
AcDbLine
 10
32638.3825
 20
-487.361
 30
0.0
 11
32703.674166666668
 21
-487.361
 31
0.0
  0
INSERT
  5
5A5
330
5A0
100
AcDbEntity
  8
COTAS
 62
8
100
AcDbBlockReference
  2
_OBLIQUE
 10
32690.445
 20
-407.361
 30
0.0
 41
32.829499999999996
 42
32.829499999999996
 50
-90.0
  0
INSERT
  5
5A7
330
5A0
100
AcDbEntity
  8
COTAS
 62
8
100
AcDbBlockReference
  2
_OBLIQUE
 10
32690.445
 20
-487.361
 30
0.0
 41
32.829499999999996
 42
32.829499999999996
 50
-90.0
  0
LINE
  5
5A9
330
5A0
100
AcDbEntity
  8
0
 62
8
370
15
100
AcDbLine
 10
32690.445
 20
-407.361
 30
0.0
 11
32690.445
 21
-487.361
 31
0.0
  0
MTEXT
  5
5AA
330
5A0
100
AcDbEntity
  8
COTAS
 62
250
100
AcDbMText
 10
32713.161
 20
-447.361
 30
0.0
 40
27.432
 71
5
  1
80
  7
ESTANDAR
 50
-90.0
  0
POINT
  5
5AB
330
5A0
100
AcDbEntity
  8
Defpoints
100
AcDbPoint
 10
32690.445
 20
-407.361
 30
0.0
  0
POINT
  5
5AC
330
5A0
100
AcDbEntity
  8
Defpoints
100
AcDbPoint
 10
32630.445
 20
-407.361
 30
0.0
  0
POINT
  5
5AD
330
5A0
100
AcDbEntity
  8
Defpoints
100
AcDbPoint
 10
32630.445
 20
-487.361
 30
0.0
  0
ENDBLK
  5
5A2
330
5A0
100
AcDbEntity
  8
0
100
AcDbBlockEnd
  0
BLOCK
  5
5AF
330
5AE
100
AcDbEntity
  8
0
100
AcDbBlockBegin
  2
*D35
 70
1
 10
0.0
 20
0.0
 30
0.0
  3
*D35
  1

  0
LINE
  5
5B1
330
5AE
100
AcDbEntity
  8
0
 62
8
370
13
100
AcDbLine
 10
32630.445
 20
-294.4235
 30
0.0
 11
32630.445
 21
-239.13183333333333
 31
0.0
  0
LINE
  5
5B2
330
5AE
100
AcDbEntity
  8
0
 62
8
370
13
100
AcDbLine
 10
33030.445
 20
-294.4235
 30
0.0
 11
33030.445
 21
-239.13183333333333
 31
0.0
  0
INSERT
  5
5B3
330
5AE
100
AcDbEntity
  8
COTAS
 62
8
100
AcDbBlockReference
  2
_OBLIQUE
 10
32630.445
 20
-252.361
 30
0.0
 41
32.829499999999996
 42
32.829499999999996
  0
INSERT
  5
5B5
330
5AE
100
AcDbEntity
  8
COTAS
 62
8
100
AcDbBlockReference
  2
_OBLIQUE
 10
33030.445
 20
-252.361
 30
0.0
 41
32.829499999999996
 42
32.829499999999996
  0
LINE
  5
5B7
330
5AE
100
AcDbEntity
  8
0
 62
8
370
15
100
AcDbLine
 10
32630.445
 20
-252.361
 30
0.0
 11
33030.445
 21
-252.361
 31
0.0
  0
MTEXT
  5
5B8
330
5AE
100
AcDbEntity
  8
COTAS
 62
250
100
AcDbMText
 10
32830.445
 20
-229.64499999999998
 30
0.0
 40
27.432
 71
5
  1
400
  7
ESTANDAR
  0
POINT
  5
5B9
330
5AE
100
AcDbEntity
  8
Defpoints
100
AcDbPoint
 10
32630.445
 20
-252.361
 30
0.0
  0
POINT
  5
5BA
330
5AE
100
AcDbEntity
  8
Defpoints
100
AcDbPoint
 10
32630.445
 20
-302.361
 30
0.0
  0
POINT
  5
5BB
330
5AE
100
AcDbEntity
  8
Defpoints
100
AcDbPoint
 10
33030.445
 20
-302.361
 30
0.0
  0
ENDBLK
  5
5B0
330
5AE
100
AcDbEntity
  8
0
100
AcDbBlockEnd
  0
BLOCK
  5
5BD
330
5BC
100
AcDbEntity
  8
0
100
AcDbBlockBegin
  2
*D36
 70
1
 10
0.0
 20
0.0
 30
0.0
  3
*D36
  1

  0
LINE
  5
5BF
330
5BC
100
AcDbEntity
  8
0
 62
8
370
13
100
AcDbLine
 10
32402.5075
 20
-407.361
 30
0.0
 11
32347.215833333332
 21
-407.361
 31
0.0
  0
LINE
  5
5C0
330
5BC
100
AcDbEntity
  8
0
 62
8
370
13
100
AcDbLine
 10
32402.5075
 20
-302.361
 30
0.0
 11
32347.215833333332
 21
-302.361
 31
0.0
  0
INSERT
  5
5C1
330
5BC
100
AcDbEntity
  8
COTAS
 62
8
100
AcDbBlockReference
  2
_OBLIQUE
 10
32360.445
 20
-407.361
 30
0.0
 41
32.829499999999996
 42
32.829499999999996
 50
90.0
  0
INSERT
  5
5C3
330
5BC
100
AcDbEntity
  8
COTAS
 62
8
100
AcDbBlockReference
  2
_OBLIQUE
 10
32360.445
 20
-302.361
 30
0.0
 41
32.829499999999996
 42
32.829499999999996
 50
90.0
  0
LINE
  5
5C5
330
5BC
100
AcDbEntity
  8
0
 62
8
370
15
100
AcDbLine
 10
32360.445
 20
-407.361
 30
0.0
 11
32360.445
 21
-302.361
 31
0.0
  0
MTEXT
  5
5C6
330
5BC
100
AcDbEntity
  8
COTAS
 62
250
100
AcDbMText
 10
32337.729
 20
-354.861
 30
0.0
 40
27.432
 71
5
  1
105
  7
ESTANDAR
 50
90.0
  0
POINT
  5
5C7
330
5BC
100
AcDbEntity
  8
Defpoints
100
AcDbPoint
 10
32360.445
 20
-407.361
 30
0.0
  0
POINT
  5
5C8
330
5BC
100
AcDbEntity
  8
Defpoints
100
AcDbPoint
 10
32410.445
 20
-407.361
 30
0.0
  0
POINT
  5
5C9
330
5BC
100
AcDbEntity
  8
Defpoints
100
AcDbPoint
 10
32410.445
 20
-302.361
 30
0.0
  0
ENDBLK
  5
5BE
330
5BC
100
AcDbEntity
  8
0
100
AcDbBlockEnd
  0
BLOCK
  5
62B
330
62A
100
AcDbEntity
  8
0
100
AcDbBlockBegin
  2
*D37
 70
1
 10
0.0
 20
0.0
 30
0.0
  3
*D37
  1

  0
LINE
  5
62D
330
62A
100
AcDbEntity
  8
0
 62
8
370
13
100
AcDbLine
 10
35104.479999999996
 20
-2267.9166666666665
 30
0.0
 11
35104.479999999996
 21
-2260.8611111111113
 31
0.0
  0
LINE
  5
62E
330
62A
100
AcDbEntity
  8
0
 62
8
370
13
100
AcDbLine
 10
35184.479999999996
 20
-2267.9166666666665
 30
0.0
 11
35184.479999999996
 21
-2260.8611111111113
 31
0.0
  0
INSERT
  5
62F
330
62A
100
AcDbEntity
  8
COTAS
 62
8
100
AcDbBlockReference
  2
_OBLIQUE
 10
35104.479999999996
 20
-2278.5
 30
0.0
 41
43.772666666666666
 42
43.772666666666666
  0
INSERT
  5
631
330
62A
100
AcDbEntity
  8
COTAS
 62
8
100
AcDbBlockReference
  2
_OBLIQUE
 10
35184.479999999996
 20
-2278.5
 30
0.0
 41
43.772666666666666
 42
43.772666666666666
  0
LINE
  5
633
330
62A
100
AcDbEntity
  8
0
 62
8
370
15
100
AcDbLine
 10
35104.479999999996
 20
-2278.5
 30
0.0
 11
35184.479999999996
 21
-2278.5
 31
0.0
  0
MTEXT
  5
634
330
62A
100
AcDbEntity
  8
COTAS
 62
250
100
AcDbMText
 10
35144.479999999996
 20
-2248.212
 30
0.0
 40
36.576
 71
5
  1
80
  7
ESTANDAR
  0
POINT
  5
635
330
62A
100
AcDbEntity
  8
Defpoints
100
AcDbPoint
 10
35104.479999999996
 20
-2278.5
 30
0.0
  0
POINT
  5
636
330
62A
100
AcDbEntity
  8
Defpoints
100
AcDbPoint
 10
35104.479999999996
 20
-2278.5
 30
0.0
  0
POINT
  5
637
330
62A
100
AcDbEntity
  8
Defpoints
100
AcDbPoint
 10
35184.479999999996
 20
-2278.5
 30
0.0
  0
ENDBLK
  5
62C
330
62A
100
AcDbEntity
  8
0
100
AcDbBlockEnd
  0
BLOCK
  5
639
330
638
100
AcDbEntity
  8
0
100
AcDbBlockBegin
  2
*D38
 70
1
 10
0.0
 20
0.0
 30
0.0
  3
*D38
  1

  0
LINE
  5
63B
330
638
100
AcDbEntity
  8
0
 62
8
370
13
100
AcDbLine
 10
34683.89666666666
 20
-1941.5
 30
0.0
 11
34616.841111111105
 21
-1941.5
 31
0.0
  0
LINE
  5
63C
330
638
100
AcDbEntity
  8
0
 62
8
370
13
100
AcDbLine
 10
34683.89666666666
 20
-1632.5
 30
0.0
 11
34616.841111111105
 21
-1632.5
 31
0.0
  0
INSERT
  5
63D
330
638
100
AcDbEntity
  8
COTAS
 62
8
100
AcDbBlockReference
  2
_OBLIQUE
 10
34634.479999999996
 20
-1941.5
 30
0.0
 41
43.772666666666666
 42
43.772666666666666
 50
90.0
  0
INSERT
  5
63F
330
638
100
AcDbEntity
  8
COTAS
 62
8
100
AcDbBlockReference
  2
_OBLIQUE
 10
34634.479999999996
 20
-1632.5
 30
0.0
 41
43.772666666666666
 42
43.772666666666666
 50
90.0
  0
LINE
  5
641
330
638
100
AcDbEntity
  8
0
 62
8
370
15
100
AcDbLine
 10
34634.479999999996
 20
-1941.5
 30
0.0
 11
34634.479999999996
 21
-1632.5
 31
0.0
  0
MTEXT
  5
642
330
638
100
AcDbEntity
  8
COTAS
 62
250
100
AcDbMText
 10
34604.191999999995
 20
-1787.0
 30
0.0
 40
36.576
 71
5
  1
309
  7
ESTANDAR
 50
90.0
  0
POINT
  5
643
330
638
100
AcDbEntity
  8
Defpoints
100
AcDbPoint
 10
34634.479999999996
 20
-1941.5
 30
0.0
  0
POINT
  5
644
330
638
100
AcDbEntity
  8
Defpoints
100
AcDbPoint
 10
34694.479999999996
 20
-1941.5
 30
0.0
  0
POINT
  5
645
330
638
100
AcDbEntity
  8
Defpoints
100
AcDbPoint
 10
34694.479999999996
 20
-1632.5
 30
0.0
  0
ENDBLK
  5
63A
330
638
100
AcDbEntity
  8
0
100
AcDbBlockEnd
  0
BLOCK
  5
647
330
646
100
AcDbEntity
  8
0
100
AcDbBlockBegin
  2
*D39
 70
1
 10
0.0
 20
0.0
 30
0.0
  3
*D39
  1

  0
LINE
  5
649
330
646
100
AcDbEntity
  8
0
 62
8
370
13
100
AcDbLine
 10
34683.89666666666
 20
-1966.5
 30
0.0
 11
34616.841111111105
 21
-1966.5
 31
0.0
  0
LINE
  5
64A
330
646
100
AcDbEntity
  8
0
 62
8
370
13
100
AcDbLine
 10
34683.89666666666
 20
-1941.5
 30
0.0
 11
34616.841111111105
 21
-1941.5
 31
0.0
  0
INSERT
  5
64B
330
646
100
AcDbEntity
  8
COTAS
 62
8
100
AcDbBlockReference
  2
_OBLIQUE
 10
34634.479999999996
 20
-1966.5
 30
0.0
 41
43.772666666666666
 42
43.772666666666666
 50
90.0
  0
INSERT
  5
64D
330
646
100
AcDbEntity
  8
COTAS
 62
8
100
AcDbBlockReference
  2
_OBLIQUE
 10
34634.479999999996
 20
-1941.5
 30
0.0
 41
43.772666666666666
 42
43.772666666666666
 50
90.0
  0
LINE
  5
64F
330
646
100
AcDbEntity
  8
0
 62
8
370
15
100
AcDbLine
 10
34634.479999999996
 20
-1966.5
 30
0.0
 11
34634.479999999996
 21
-1941.5
 31
0.0
  0
MTEXT
  5
650
330
646
100
AcDbEntity
  8
COTAS
 62
250
100
AcDbMText
 10
34586.553111111105
 20
-1954.0
 30
0.0
 40
36.576
 71
5
  1
25
  7
ESTANDAR
 50
90.0
  0
POINT
  5
651
330
646
100
AcDbEntity
  8
Defpoints
100
AcDbPoint
 10
34634.479999999996
 20
-1966.5
 30
0.0
  0
POINT
  5
652
330
646
100
AcDbEntity
  8
Defpoints
100
AcDbPoint
 10
34694.479999999996
 20
-1966.5
 30
0.0
  0
POINT
  5
653
330
646
100
AcDbEntity
  8
Defpoints
100
AcDbPoint
 10
34694.479999999996
 20
-1941.5
 30
0.0
  0
ENDBLK
  5
648
330
646
100
AcDbEntity
  8
0
100
AcDbBlockEnd
  0
BLOCK
  5
655
330
654
100
AcDbEntity
  8
0
100
AcDbBlockBegin
  2
*D40
 70
1
 10
0.0
 20
0.0
 30
0.0
  3
*D40
  1

  0
LINE
  5
657
330
654
100
AcDbEntity
  8
0
 62
8
370
13
100
AcDbLine
 10
35062.479999999996
 20
-410.9166666666667
 30
0.0
 11
35062.479999999996
 21
-403.8611111111111
 31
0.0
  0
LINE
  5
658
330
654
100
AcDbEntity
  8
0
 62
8
370
13
100
AcDbLine
 10
35226.479999999996
 20
-410.9166666666667
 30
0.0
 11
35226.479999999996
 21
-403.8611111111111
 31
0.0
  0
INSERT
  5
659
330
654
100
AcDbEntity
  8
COTAS
 62
8
100
AcDbBlockReference
  2
_OBLIQUE
 10
35062.479999999996
 20
-421.5
 30
0.0
 41
43.772666666666666
 42
43.772666666666666
  0
INSERT
  5
65B
330
654
100
AcDbEntity
  8
COTAS
 62
8
100
AcDbBlockReference
  2
_OBLIQUE
 10
35226.479999999996
 20
-421.5
 30
0.0
 41
43.772666666666666
 42
43.772666666666666
  0
LINE
  5
65D
330
654
100
AcDbEntity
  8
0
 62
8
370
15
100
AcDbLine
 10
35062.479999999996
 20
-421.5
 30
0.0
 11
35226.479999999996
 21
-421.5
 31
0.0
  0
MTEXT
  5
65E
330
654
100
AcDbEntity
  8
COTAS
 62
250
100
AcDbMText
 10
35144.479999999996
 20
-391.212
 30
0.0
 40
36.576
 71
5
  1
164
  7
ESTANDAR
  0
POINT
  5
65F
330
654
100
AcDbEntity
  8
Defpoints
100
AcDbPoint
 10
35062.479999999996
 20
-421.5
 30
0.0
  0
POINT
  5
660
330
654
100
AcDbEntity
  8
Defpoints
100
AcDbPoint
 10
35062.479999999996
 20
-421.5
 30
0.0
  0
POINT
  5
661
330
654
100
AcDbEntity
  8
Defpoints
100
AcDbPoint
 10
35226.479999999996
 20
-421.5
 30
0.0
  0
ENDBLK
  5
656
330
654
100
AcDbEntity
  8
0
100
AcDbBlockEnd
  0
BLOCK
  5
663
330
662
100
AcDbEntity
  8
0
100
AcDbBlockBegin
  2
*D41
 70
1
 10
0.0
 20
0.0
 30
0.0
  3
*D41
  1

  0
LINE
  5
665
330
662
100
AcDbEntity
  8
0
 62
8
370
13
100
AcDbLine
 10
35605.06333333333
 20
-1941.5
 30
0.0
 11
35672.11888888889
 21
-1941.5
 31
0.0
  0
LINE
  5
666
330
662
100
AcDbEntity
  8
0
 62
8
370
13
100
AcDbLine
 10
35605.06333333333
 20
-1875.5
 30
0.0
 11
35672.11888888889
 21
-1875.5
 31
0.0
  0
INSERT
  5
667
330
662
100
AcDbEntity
  8
COTAS
 62
8
100
AcDbBlockReference
  2
_OBLIQUE
 10
35654.479999999996
 20
-1941.5
 30
0.0
 41
43.772666666666666
 42
43.772666666666666
 50
90.0
  0
INSERT
  5
669
330
662
100
AcDbEntity
  8
COTAS
 62
8
100
AcDbBlockReference
  2
_OBLIQUE
 10
35654.479999999996
 20
-1875.5
 30
0.0
 41
43.772666666666666
 42
43.772666666666666
 50
90.0
  0
LINE
  5
66B
330
662
100
AcDbEntity
  8
0
 62
8
370
15
100
AcDbLine
 10
35654.479999999996
 20
-1941.5
 30
0.0
 11
35654.479999999996
 21
-1875.5
 31
0.0
  0
MTEXT
  5
66C
330
662
100
AcDbEntity
  8
COTAS
 62
250
100
AcDbMText
 10
35606.553111111105
 20
-1908.5
 30
0.0
 40
36.576
 71
5
  1
66
  7
ESTANDAR
 50
90.0
  0
POINT
  5
66D
330
662
100
AcDbEntity
  8
Defpoints
100
AcDbPoint
 10
35654.479999999996
 20
-1941.5
 30
0.0
  0
POINT
  5
66E
330
662
100
AcDbEntity
  8
Defpoints
100
AcDbPoint
 10
35594.479999999996
 20
-1941.5
 30
0.0
  0
POINT
  5
66F
330
662
100
AcDbEntity
  8
Defpoints
100
AcDbPoint
 10
35594.479999999996
 20
-1875.5
 30
0.0
  0
ENDBLK
  5
664
330
662
100
AcDbEntity
  8
0
100
AcDbBlockEnd
  0
BLOCK
  5
671
330
670
100
AcDbEntity
  8
0
100
AcDbBlockBegin
  2
*D42
 70
1
 10
0.0
 20
0.0
 30
0.0
  3
*D42
  1

  0
LINE
  5
673
330
670
100
AcDbEntity
  8
0
 62
8
370
13
100
AcDbLine
 10
35605.06333333333
 20
-1875.5
 30
0.0
 11
35672.11888888889
 21
-1875.5
 31
0.0
  0
LINE
  5
674
330
670
100
AcDbEntity
  8
0
 62
8
370
13
100
AcDbLine
 10
35605.06333333333
 20
-655.5
 30
0.0
 11
35672.11888888889
 21
-655.5
 31
0.0
  0
INSERT
  5
675
330
670
100
AcDbEntity
  8
COTAS
 62
8
100
AcDbBlockReference
  2
_OBLIQUE
 10
35654.479999999996
 20
-1875.5
 30
0.0
 41
43.772666666666666
 42
43.772666666666666
 50
90.0
  0
INSERT
  5
677
330
670
100
AcDbEntity
  8
COTAS
 62
8
100
AcDbBlockReference
  2
_OBLIQUE
 10
35654.479999999996
 20
-655.5
 30
0.0
 41
43.772666666666666
 42
43.772666666666666
 50
90.0
  0
LINE
  5
679
330
670
100
AcDbEntity
  8
0
 62
8
370
15
100
AcDbLine
 10
35654.479999999996
 20
-1875.5
 30
0.0
 11
35654.479999999996
 21
-655.5
 31
0.0
  0
MTEXT
  5
67A
330
670
100
AcDbEntity
  8
COTAS
 62
250
100
AcDbMText
 10
35624.191999999995
 20
-1265.5
 30
0.0
 40
36.576
 71
5
  1
1220
  7
ESTANDAR
 50
90.0
  0
POINT
  5
67B
330
670
100
AcDbEntity
  8
Defpoints
100
AcDbPoint
 10
35654.479999999996
 20
-1875.5
 30
0.0
  0
POINT
  5
67C
330
670
100
AcDbEntity
  8
Defpoints
100
AcDbPoint
 10
35594.479999999996
 20
-1875.5
 30
0.0
  0
POINT
  5
67D
330
670
100
AcDbEntity
  8
Defpoints
100
AcDbPoint
 10
35594.479999999996
 20
-655.5
 30
0.0
  0
ENDBLK
  5
672
330
670
100
AcDbEntity
  8
0
100
AcDbBlockEnd
  0
BLOCK
  5
705
330
704
100
AcDbEntity
  8
0
100
AcDbBlockBegin
  2
*D43
 70
1
 10
0.0
 20
0.0
 30
0.0
  3
*D43
  1

  0
LINE
  5
707
330
704
100
AcDbEntity
  8
0
 62
8
370
13
100
AcDbLine
 10
38326.74833333333
 20
-322.5
 30
0.0
 11
38283.22055555555
 21
-322.5
 31
0.0
  0
LINE
  5
708
330
704
100
AcDbEntity
  8
0
 62
8
370
13
100
AcDbLine
 10
38326.74833333333
 20
-384.5
 30
0.0
 11
38283.22055555555
 21
-384.5
 31
0.0
  0
INSERT
  5
709
330
704
100
AcDbEntity
  8
COTAS
 62
8
100
AcDbBlockReference
  2
_OBLIQUE
 10
38292.03999999999
 20
-322.5
 30
0.0
 41
21.886333333333333
 42
21.886333333333333
 50
-90.0
  0
INSERT
  5
70B
330
704
100
AcDbEntity
  8
COTAS
 62
8
100
AcDbBlockReference
  2
_OBLIQUE
 10
38292.03999999999
 20
-384.5
 30
0.0
 41
21.886333333333333
 42
21.886333333333333
 50
-90.0
  0
LINE
  5
70D
330
704
100
AcDbEntity
  8
0
 62
8
370
15
100
AcDbLine
 10
38292.03999999999
 20
-322.5
 30
0.0
 11
38292.03999999999
 21
-384.5
 31
0.0
  0
MTEXT
  5
70E
330
704
100
AcDbEntity
  8
COTAS
 62
250
100
AcDbMText
 10
38307.183999999994
 20
-353.5
 30
0.0
 40
18.288
 71
5
  1
62
  7
ESTANDAR
 50
-90.0
  0
POINT
  5
70F
330
704
100
AcDbEntity
  8
Defpoints
100
AcDbPoint
 10
38292.03999999999
 20
-322.5
 30
0.0
  0
POINT
  5
710
330
704
100
AcDbEntity
  8
Defpoints
100
AcDbPoint
 10
38332.03999999999
 20
-322.5
 30
0.0
  0
POINT
  5
711
330
704
100
AcDbEntity
  8
Defpoints
100
AcDbPoint
 10
38332.03999999999
 20
-384.5
 30
0.0
  0
ENDBLK
  5
706
330
704
100
AcDbEntity
  8
0
100
AcDbBlockEnd
  0
BLOCK
  5
713
330
712
100
AcDbEntity
  8
0
100
AcDbBlockBegin
  2
*D44
 70
1
 10
0.0
 20
0.0
 30
0.0
  3
*D44
  1

  0
LINE
  5
715
330
712
100
AcDbEntity
  8
0
 62
8
370
13
100
AcDbLine
 10
38326.74833333333
 20
-384.5
 30
0.0
 11
38283.22055555555
 21
-384.5
 31
0.0
  0
LINE
  5
716
330
712
100
AcDbEntity
  8
0
 62
8
370
13
100
AcDbLine
 10
38326.74833333333
 20
-495.5
 30
0.0
 11
38283.22055555555
 21
-495.5
 31
0.0
  0
INSERT
  5
717
330
712
100
AcDbEntity
  8
COTAS
 62
8
100
AcDbBlockReference
  2
_OBLIQUE
 10
38292.03999999999
 20
-384.5
 30
0.0
 41
21.886333333333333
 42
21.886333333333333
 50
-90.0
  0
INSERT
  5
719
330
712
100
AcDbEntity
  8
COTAS
 62
8
100
AcDbBlockReference
  2
_OBLIQUE
 10
38292.03999999999
 20
-495.5
 30
0.0
 41
21.886333333333333
 42
21.886333333333333
 50
-90.0
  0
LINE
  5
71B
330
712
100
AcDbEntity
  8
0
 62
8
370
15
100
AcDbLine
 10
38292.03999999999
 20
-384.5
 30
0.0
 11
38292.03999999999
 21
-495.5
 31
0.0
  0
MTEXT
  5
71C
330
712
100
AcDbEntity
  8
COTAS
 62
250
100
AcDbMText
 10
38307.183999999994
 20
-440.0
 30
0.0
 40
18.288
 71
5
  1
111
  7
ESTANDAR
 50
-90.0
  0
POINT
  5
71D
330
712
100
AcDbEntity
  8
Defpoints
100
AcDbPoint
 10
38292.03999999999
 20
-384.5
 30
0.0
  0
POINT
  5
71E
330
712
100
AcDbEntity
  8
Defpoints
100
AcDbPoint
 10
38332.03999999999
 20
-384.5
 30
0.0
  0
POINT
  5
71F
330
712
100
AcDbEntity
  8
Defpoints
100
AcDbPoint
 10
38332.03999999999
 20
-495.5
 30
0.0
  0
ENDBLK
  5
714
330
712
100
AcDbEntity
  8
0
100
AcDbBlockEnd
  0
BLOCK
  5
721
330
720
100
AcDbEntity
  8
0
100
AcDbBlockBegin
  2
*D45
 70
1
 10
0.0
 20
0.0
 30
0.0
  3
*D45
  1

  0
LINE
  5
723
330
720
100
AcDbEntity
  8
0
 62
8
370
13
100
AcDbLine
 10
37635.03999999999
 20
-917.2083333333334
 30
0.0
 11
37635.03999999999
 21
-913.6805555555555
 31
0.0
  0
LINE
  5
724
330
720
100
AcDbEntity
  8
0
 62
8
370
13
100
AcDbLine
 10
37715.03999999999
 20
-917.2083333333334
 30
0.0
 11
37715.03999999999
 21
-913.6805555555555
 31
0.0
  0
INSERT
  5
725
330
720
100
AcDbEntity
  8
COTAS
 62
8
100
AcDbBlockReference
  2
_OBLIQUE
 10
37635.03999999999
 20
-922.5
 30
0.0
 41
21.886333333333333
 42
21.886333333333333
  0
INSERT
  5
727
330
720
100
AcDbEntity
  8
COTAS
 62
8
100
AcDbBlockReference
  2
_OBLIQUE
 10
37715.03999999999
 20
-922.5
 30
0.0
 41
21.886333333333333
 42
21.886333333333333
  0
LINE
  5
729
330
720
100
AcDbEntity
  8
0
 62
8
370
15
100
AcDbLine
 10
37635.03999999999
 20
-922.5
 30
0.0
 11
37715.03999999999
 21
-922.5
 31
0.0
  0
MTEXT
  5
72A
330
720
100
AcDbEntity
  8
COTAS
 62
250
100
AcDbMText
 10
37675.03999999999
 20
-898.5365555555555
 30
0.0
 40
18.288
 71
5
  1
80 (A1 de D4Y)
  7
ESTANDAR
  0
POINT
  5
72B
330
720
100
AcDbEntity
  8
Defpoints
100
AcDbPoint
 10
37635.03999999999
 20
-922.5
 30
0.0
  0
POINT
  5
72C
330
720
100
AcDbEntity
  8
Defpoints
100
AcDbPoint
 10
37635.03999999999
 20
-922.5
 30
0.0
  0
POINT
  5
72D
330
720
100
AcDbEntity
  8
Defpoints
100
AcDbPoint
 10
37715.03999999999
 20
-922.5
 30
0.0
  0
ENDBLK
  5
722
330
720
100
AcDbEntity
  8
0
100
AcDbBlockEnd
  0
BLOCK
  5
72F
330
72E
100
AcDbEntity
  8
0
100
AcDbBlockBegin
  2
*D46
 70
1
 10
0.0
 20
0.0
 30
0.0
  3
*D46
  1

  0
LINE
  5
731
330
72E
100
AcDbEntity
  8
0
 62
8
370
13
100
AcDbLine
 10
36480.33166666666
 20
-322.5
 30
0.0
 11
36543.85944444444
 21
-322.5
 31
0.0
  0
LINE
  5
732
330
72E
100
AcDbEntity
  8
0
 62
8
370
13
100
AcDbLine
 10
36480.33166666666
 20
-402.5
 30
0.0
 11
36543.85944444444
 21
-402.5
 31
0.0
  0
INSERT
  5
733
330
72E
100
AcDbEntity
  8
COTAS
 62
8
100
AcDbBlockReference
  2
_OBLIQUE
 10
36535.03999999999
 20
-322.5
 30
0.0
 41
21.886333333333333
 42
21.886333333333333
 50
-90.0
  0
INSERT
  5
735
330
72E
100
AcDbEntity
  8
COTAS
 62
8
100
AcDbBlockReference
  2
_OBLIQUE
 10
36535.03999999999
 20
-402.5
 30
0.0
 41
21.886333333333333
 42
21.886333333333333
 50
-90.0
  0
LINE
  5
737
330
72E
100
AcDbEntity
  8
0
 62
8
370
15
100
AcDbLine
 10
36535.03999999999
 20
-322.5
 30
0.0
 11
36535.03999999999
 21
-402.5
 31
0.0
  0
MTEXT
  5
738
330
72E
100
AcDbEntity
  8
COTAS
 62
250
100
AcDbMText
 10
36550.183999999994
 20
-362.5
 30
0.0
 40
18.288
 71
5
  1
80
  7
ESTANDAR
 50
-90.0
  0
POINT
  5
739
330
72E
100
AcDbEntity
  8
Defpoints
100
AcDbPoint
 10
36535.03999999999
 20
-322.5
 30
0.0
  0
POINT
  5
73A
330
72E
100
AcDbEntity
  8
Defpoints
100
AcDbPoint
 10
36475.03999999999
 20
-322.5
 30
0.0
  0
POINT
  5
73B
330
72E
100
AcDbEntity
  8
Defpoints
100
AcDbPoint
 10
36475.03999999999
 20
-402.5
 30
0.0
  0
ENDBLK
  5
730
330
72E
100
AcDbEntity
  8
0
100
AcDbBlockEnd
  0
BLOCK
  5
73D
330
73C
100
AcDbEntity
  8
0
100
AcDbBlockBegin
  2
*D47
 70
1
 10
0.0
 20
0.0
 30
0.0
  3
*D47
  1

  0
LINE
  5
73F
330
73C
100
AcDbEntity
  8
0
 62
8
370
13
100
AcDbLine
 10
36480.33166666666
 20
-402.5
 30
0.0
 11
36543.85944444444
 21
-402.5
 31
0.0
  0
LINE
  5
740
330
73C
100
AcDbEntity
  8
0
 62
8
370
13
100
AcDbLine
 10
36480.33166666666
 20
-420.5
 30
0.0
 11
36543.85944444444
 21
-420.5
 31
0.0
  0
INSERT
  5
741
330
73C
100
AcDbEntity
  8
COTAS
 62
8
100
AcDbBlockReference
  2
_OBLIQUE
 10
36535.03999999999
 20
-402.5
 30
0.0
 41
21.886333333333333
 42
21.886333333333333
 50
-90.0
  0
INSERT
  5
743
330
73C
100
AcDbEntity
  8
COTAS
 62
8
100
AcDbBlockReference
  2
_OBLIQUE
 10
36535.03999999999
 20
-420.5
 30
0.0
 41
21.886333333333333
 42
21.886333333333333
 50
-90.0
  0
LINE
  5
745
330
73C
100
AcDbEntity
  8
0
 62
8
370
15
100
AcDbLine
 10
36535.03999999999
 20
-402.5
 30
0.0
 11
36535.03999999999
 21
-420.5
 31
0.0
  0
MTEXT
  5
746
330
73C
100
AcDbEntity
  8
COTAS
 62
250
100
AcDbMText
 10
36559.00344444444
 20
-411.5
 30
0.0
 40
18.288
 71
5
  1
18
  7
ESTANDAR
 50
-90.0
  0
POINT
  5
747
330
73C
100
AcDbEntity
  8
Defpoints
100
AcDbPoint
 10
36535.03999999999
 20
-402.5
 30
0.0
  0
POINT
  5
748
330
73C
100
AcDbEntity
  8
Defpoints
100
AcDbPoint
 10
36475.03999999999
 20
-402.5
 30
0.0
  0
POINT
  5
749
330
73C
100
AcDbEntity
  8
Defpoints
100
AcDbPoint
 10
36475.03999999999
 20
-420.5
 30
0.0
  0
ENDBLK
  5
73E
330
73C
100
AcDbEntity
  8
0
100
AcDbBlockEnd
  0
BLOCK
  5
74B
330
74A
100
AcDbEntity
  8
0
100
AcDbBlockBegin
  2
*D48
 70
1
 10
0.0
 20
0.0
 30
0.0
  3
*D48
  1

  0
LINE
  5
74D
330
74A
100
AcDbEntity
  8
0
 62
8
370
13
100
AcDbLine
 10
37480.33166666666
 20
-322.5
 30
0.0
 11
37543.85944444444
 21
-322.5
 31
0.0
  0
LINE
  5
74E
330
74A
100
AcDbEntity
  8
0
 62
8
370
13
100
AcDbLine
 10
37480.33166666666
 20
-364.5
 30
0.0
 11
37543.85944444444
 21
-364.5
 31
0.0
  0
INSERT
  5
74F
330
74A
100
AcDbEntity
  8
COTAS
 62
8
100
AcDbBlockReference
  2
_OBLIQUE
 10
37535.03999999999
 20
-322.5
 30
0.0
 41
21.886333333333333
 42
21.886333333333333
 50
-90.0
  0
INSERT
  5
751
330
74A
100
AcDbEntity
  8
COTAS
 62
8
100
AcDbBlockReference
  2
_OBLIQUE
 10
37535.03999999999
 20
-364.5
 30
0.0
 41
21.886333333333333
 42
21.886333333333333
 50
-90.0
  0
LINE
  5
753
330
74A
100
AcDbEntity
  8
0
 62
8
370
15
100
AcDbLine
 10
37535.03999999999
 20
-322.5
 30
0.0
 11
37535.03999999999
 21
-364.5
 31
0.0
  0
MTEXT
  5
754
330
74A
100
AcDbEntity
  8
COTAS
 62
250
100
AcDbMText
 10
37550.183999999994
 20
-343.5
 30
0.0
 40
18.288
 71
5
  1
42
  7
ESTANDAR
 50
-90.0
  0
POINT
  5
755
330
74A
100
AcDbEntity
  8
Defpoints
100
AcDbPoint
 10
37535.03999999999
 20
-322.5
 30
0.0
  0
POINT
  5
756
330
74A
100
AcDbEntity
  8
Defpoints
100
AcDbPoint
 10
37475.03999999999
 20
-322.5
 30
0.0
  0
POINT
  5
757
330
74A
100
AcDbEntity
  8
Defpoints
100
AcDbPoint
 10
37475.03999999999
 20
-364.5
 30
0.0
  0
ENDBLK
  5
74C
330
74A
100
AcDbEntity
  8
0
100
AcDbBlockEnd
  0
BLOCK
  5
759
330
758
100
AcDbEntity
  8
0
100
AcDbBlockBegin
  2
*D49
 70
1
 10
0.0
 20
0.0
 30
0.0
  3
*D49
  1

  0
LINE
  5
75B
330
758
100
AcDbEntity
  8
0
 62
8
370
13
100
AcDbLine
 10
37480.33166666666
 20
-364.5
 30
0.0
 11
37543.85944444444
 21
-364.5
 31
0.0
  0
LINE
  5
75C
330
758
100
AcDbEntity
  8
0
 62
8
370
13
100
AcDbLine
 10
37480.33166666666
 20
-520.5
 30
0.0
 11
37543.85944444444
 21
-520.5
 31
0.0
  0
INSERT
  5
75D
330
758
100
AcDbEntity
  8
COTAS
 62
8
100
AcDbBlockReference
  2
_OBLIQUE
 10
37535.03999999999
 20
-364.5
 30
0.0
 41
21.886333333333333
 42
21.886333333333333
 50
-90.0
  0
INSERT
  5
75F
330
758
100
AcDbEntity
  8
COTAS
 62
8
100
AcDbBlockReference
  2
_OBLIQUE
 10
37535.03999999999
 20
-520.5
 30
0.0
 41
21.886333333333333
 42
21.886333333333333
 50
-90.0
  0
LINE
  5
761
330
758
100
AcDbEntity
  8
0
 62
8
370
15
100
AcDbLine
 10
37535.03999999999
 20
-364.5
 30
0.0
 11
37535.03999999999
 21
-520.5
 31
0.0
  0
MTEXT
  5
762
330
758
100
AcDbEntity
  8
COTAS
 62
250
100
AcDbMText
 10
37550.183999999994
 20
-442.5
 30
0.0
 40
18.288
 71
5
  1
156
  7
ESTANDAR
 50
-90.0
  0
POINT
  5
763
330
758
100
AcDbEntity
  8
Defpoints
100
AcDbPoint
 10
37535.03999999999
 20
-364.5
 30
0.0
  0
POINT
  5
764
330
758
100
AcDbEntity
  8
Defpoints
100
AcDbPoint
 10
37475.03999999999
 20
-364.5
 30
0.0
  0
POINT
  5
765
330
758
100
AcDbEntity
  8
Defpoints
100
AcDbPoint
 10
37475.03999999999
 20
-520.5
 30
0.0
  0
ENDBLK
  5
75A
330
758
100
AcDbEntity
  8
0
100
AcDbBlockEnd
  0
BLOCK
  5
799
330
798
100
AcDbEntity
  8
0
100
AcDbBlockBegin
  2
*D50
 70
1
 10
0.0
 20
0.0
 30
0.0
  3
*D50
  1

  0
LINE
  5
79B
330
798
100
AcDbEntity
  8
0
 62
8
370
13
100
AcDbLine
 10
39652.24999999999
 20
-240.95833333333334
 30
0.0
 11
39652.24999999999
 21
-177.43055555555554
 31
0.0
  0
LINE
  5
79C
330
798
100
AcDbEntity
  8
0
 62
8
370
13
100
AcDbLine
 10
39707.24999999999
 20
-240.95833333333334
 30
0.0
 11
39707.24999999999
 21
-177.43055555555554
 31
0.0
  0
INSERT
  5
79D
330
798
100
AcDbEntity
  8
COTAS
 62
8
100
AcDbBlockReference
  2
_OBLIQUE
 10
39652.24999999999
 20
-186.25
 30
0.0
 41
21.886333333333333
 42
21.886333333333333
  0
INSERT
  5
79F
330
798
100
AcDbEntity
  8
COTAS
 62
8
100
AcDbBlockReference
  2
_OBLIQUE
 10
39707.24999999999
 20
-186.25
 30
0.0
 41
21.886333333333333
 42
21.886333333333333
  0
LINE
  5
7A1
330
798
100
AcDbEntity
  8
0
 62
8
370
15
100
AcDbLine
 10
39652.24999999999
 20
-186.25
 30
0.0
 11
39707.24999999999
 21
-186.25
 31
0.0
  0
MTEXT
  5
7A2
330
798
100
AcDbEntity
  8
COTAS
 62
250
100
AcDbMText
 10
39679.74999999999
 20
-171.106
 30
0.0
 40
18.288
 71
5
  1
55
  7
ESTANDAR
  0
POINT
  5
7A3
330
798
100
AcDbEntity
  8
Defpoints
100
AcDbPoint
 10
39652.24999999999
 20
-186.25
 30
0.0
  0
POINT
  5
7A4
330
798
100
AcDbEntity
  8
Defpoints
100
AcDbPoint
 10
39652.24999999999
 20
-246.25
 30
0.0
  0
POINT
  5
7A5
330
798
100
AcDbEntity
  8
Defpoints
100
AcDbPoint
 10
39707.24999999999
 20
-246.25
 30
0.0
  0
ENDBLK
  5
79A
330
798
100
AcDbEntity
  8
0
100
AcDbBlockEnd
  0
BLOCK
  5
7A7
330
7A6
100
AcDbEntity
  8
0
100
AcDbBlockBegin
  2
*D51
 70
1
 10
0.0
 20
0.0
 30
0.0
  3
*D51
  1

  0
LINE
  5
7A9
330
7A6
100
AcDbEntity
  8
0
 62
8
370
13
100
AcDbLine
 10
39609.74999999999
 20
-240.95833333333334
 30
0.0
 11
39609.74999999999
 21
-107.43055555555556
 31
0.0
  0
LINE
  5
7AA
330
7A6
100
AcDbEntity
  8
0
 62
8
370
13
100
AcDbLine
 10
39749.74999999999
 20
-240.95833333333334
 30
0.0
 11
39749.74999999999
 21
-107.43055555555556
 31
0.0
  0
INSERT
  5
7AB
330
7A6
100
AcDbEntity
  8
COTAS
 62
8
100
AcDbBlockReference
  2
_OBLIQUE
 10
39609.74999999999
 20
-116.25
 30
0.0
 41
21.886333333333333
 42
21.886333333333333
  0
INSERT
  5
7AD
330
7A6
100
AcDbEntity
  8
COTAS
 62
8
100
AcDbBlockReference
  2
_OBLIQUE
 10
39749.74999999999
 20
-116.25
 30
0.0
 41
21.886333333333333
 42
21.886333333333333
  0
LINE
  5
7AF
330
7A6
100
AcDbEntity
  8
0
 62
8
370
15
100
AcDbLine
 10
39609.74999999999
 20
-116.25
 30
0.0
 11
39749.74999999999
 21
-116.25
 31
0.0
  0
MTEXT
  5
7B0
330
7A6
100
AcDbEntity
  8
COTAS
 62
250
100
AcDbMText
 10
39679.74999999999
 20
-101.106
 30
0.0
 40
18.288
 71
5
  1
140
  7
ESTANDAR
  0
POINT
  5
7B1
330
7A6
100
AcDbEntity
  8
Defpoints
100
AcDbPoint
 10
39609.74999999999
 20
-116.25
 30
0.0
  0
POINT
  5
7B2
330
7A6
100
AcDbEntity
  8
Defpoints
100
AcDbPoint
 10
39609.74999999999
 20
-246.25
 30
0.0
  0
POINT
  5
7B3
330
7A6
100
AcDbEntity
  8
Defpoints
100
AcDbPoint
 10
39749.74999999999
 20
-246.25
 30
0.0
  0
ENDBLK
  5
7A8
330
7A6
100
AcDbEntity
  8
0
100
AcDbBlockEnd
  0
BLOCK
  5
7B5
330
7B4
100
AcDbEntity
  8
0
100
AcDbBlockBegin
  2
*D52
 70
1
 10
0.0
 20
0.0
 30
0.0
  3
*D52
  1

  0
LINE
  5
7B7
330
7B4
100
AcDbEntity
  8
0
 62
8
370
13
100
AcDbLine
 10
39615.04166666666
 20
-246.25
 30
0.0
 11
39678.56944444444
 21
-246.25
 31
0.0
  0
LINE
  5
7B8
330
7B4
100
AcDbEntity
  8
0
 62
8
370
13
100
AcDbLine
 10
39615.04166666666
 20
-288.25
 30
0.0
 11
39678.56944444444
 21
-288.25
 31
0.0
  0
INSERT
  5
7B9
330
7B4
100
AcDbEntity
  8
COTAS
 62
8
100
AcDbBlockReference
  2
_OBLIQUE
 10
39669.74999999999
 20
-246.25
 30
0.0
 41
21.886333333333333
 42
21.886333333333333
 50
-90.0
  0
INSERT
  5
7BB
330
7B4
100
AcDbEntity
  8
COTAS
 62
8
100
AcDbBlockReference
  2
_OBLIQUE
 10
39669.74999999999
 20
-288.25
 30
0.0
 41
21.886333333333333
 42
21.886333333333333
 50
-90.0
  0
LINE
  5
7BD
330
7B4
100
AcDbEntity
  8
0
 62
8
370
15
100
AcDbLine
 10
39669.74999999999
 20
-246.25
 30
0.0
 11
39669.74999999999
 21
-288.25
 31
0.0
  0
MTEXT
  5
7BE
330
7B4
100
AcDbEntity
  8
COTAS
 62
250
100
AcDbMText
 10
39684.89399999999
 20
-267.25
 30
0.0
 40
18.288
 71
5
  1
42
  7
ESTANDAR
 50
-90.0
  0
POINT
  5
7BF
330
7B4
100
AcDbEntity
  8
Defpoints
100
AcDbPoint
 10
39669.74999999999
 20
-246.25
 30
0.0
  0
POINT
  5
7C0
330
7B4
100
AcDbEntity
  8
Defpoints
100
AcDbPoint
 10
39609.74999999999
 20
-246.25
 30
0.0
  0
POINT
  5
7C1
330
7B4
100
AcDbEntity
  8
Defpoints
100
AcDbPoint
 10
39609.74999999999
 20
-288.25
 30
0.0
  0
ENDBLK
  5
7B6
330
7B4
100
AcDbEntity
  8
0
100
AcDbBlockEnd
  0
BLOCK
  5
7C3
330
7C2
100
AcDbEntity
  8
0
100
AcDbBlockBegin
  2
*D53
 70
1
 10
0.0
 20
0.0
 30
0.0
  3
*D53
  1

  0
LINE
  5
7C5
330
7C2
100
AcDbEntity
  8
0
 62
8
370
13
100
AcDbLine
 10
39615.04166666666
 20
-288.25
 30
0.0
 11
39678.56944444444
 21
-288.25
 31
0.0
  0
LINE
  5
7C6
330
7C2
100
AcDbEntity
  8
0
 62
8
370
13
100
AcDbLine
 10
39615.04166666666
 20
-396.25
 30
0.0
 11
39678.56944444444
 21
-396.25
 31
0.0
  0
INSERT
  5
7C7
330
7C2
100
AcDbEntity
  8
COTAS
 62
8
100
AcDbBlockReference
  2
_OBLIQUE
 10
39669.74999999999
 20
-288.25
 30
0.0
 41
21.886333333333333
 42
21.886333333333333
 50
-90.0
  0
INSERT
  5
7C9
330
7C2
100
AcDbEntity
  8
COTAS
 62
8
100
AcDbBlockReference
  2
_OBLIQUE
 10
39669.74999999999
 20
-396.25
 30
0.0
 41
21.886333333333333
 42
21.886333333333333
 50
-90.0
  0
LINE
  5
7CB
330
7C2
100
AcDbEntity
  8
0
 62
8
370
15
100
AcDbLine
 10
39669.74999999999
 20
-288.25
 30
0.0
 11
39669.74999999999
 21
-396.25
 31
0.0
  0
MTEXT
  5
7CC
330
7C2
100
AcDbEntity
  8
COTAS
 62
250
100
AcDbMText
 10
39684.89399999999
 20
-342.25
 30
0.0
 40
18.288
 71
5
  1
108
  7
ESTANDAR
 50
-90.0
  0
POINT
  5
7CD
330
7C2
100
AcDbEntity
  8
Defpoints
100
AcDbPoint
 10
39669.74999999999
 20
-288.25
 30
0.0
  0
POINT
  5
7CE
330
7C2
100
AcDbEntity
  8
Defpoints
100
AcDbPoint
 10
39609.74999999999
 20
-288.25
 30
0.0
  0
POINT
  5
7CF
330
7C2
100
AcDbEntity
  8
Defpoints
100
AcDbPoint
 10
39609.74999999999
 20
-396.25
 30
0.0
  0
ENDBLK
  5
7C4
330
7C2
100
AcDbEntity
  8
0
100
AcDbBlockEnd
  0
BLOCK
  5
7D1
330
7D0
100
AcDbEntity
  8
0
100
AcDbBlockBegin
  2
*D54
 70
1
 10
0.0
 20
0.0
 30
0.0
  3
*D54
  1

  0
LINE
  5
7D3
330
7D0
100
AcDbEntity
  8
0
 62
8
370
13
100
AcDbLine
 10
39615.04166666666
 20
-396.25
 30
0.0
 11
39678.56944444444
 21
-396.25
 31
0.0
  0
LINE
  5
7D4
330
7D0
100
AcDbEntity
  8
0
 62
8
370
13
100
AcDbLine
 10
39615.04166666666
 20
-466.25
 30
0.0
 11
39678.56944444444
 21
-466.25
 31
0.0
  0
INSERT
  5
7D5
330
7D0
100
AcDbEntity
  8
COTAS
 62
8
100
AcDbBlockReference
  2
_OBLIQUE
 10
39669.74999999999
 20
-396.25
 30
0.0
 41
21.886333333333333
 42
21.886333333333333
 50
-90.0
  0
INSERT
  5
7D7
330
7D0
100
AcDbEntity
  8
COTAS
 62
8
100
AcDbBlockReference
  2
_OBLIQUE
 10
39669.74999999999
 20
-466.25
 30
0.0
 41
21.886333333333333
 42
21.886333333333333
 50
-90.0
  0
LINE
  5
7D9
330
7D0
100
AcDbEntity
  8
0
 62
8
370
15
100
AcDbLine
 10
39669.74999999999
 20
-396.25
 30
0.0
 11
39669.74999999999
 21
-466.25
 31
0.0
  0
MTEXT
  5
7DA
330
7D0
100
AcDbEntity
  8
COTAS
 62
250
100
AcDbMText
 10
39684.89399999999
 20
-431.25
 30
0.0
 40
18.288
 71
5
  1
70
  7
ESTANDAR
 50
-90.0
  0
POINT
  5
7DB
330
7D0
100
AcDbEntity
  8
Defpoints
100
AcDbPoint
 10
39669.74999999999
 20
-396.25
 30
0.0
  0
POINT
  5
7DC
330
7D0
100
AcDbEntity
  8
Defpoints
100
AcDbPoint
 10
39609.74999999999
 20
-396.25
 30
0.0
  0
POINT
  5
7DD
330
7D0
100
AcDbEntity
  8
Defpoints
100
AcDbPoint
 10
39609.74999999999
 20
-466.25
 30
0.0
  0
ENDBLK
  5
7D2
330
7D0
100
AcDbEntity
  8
0
100
AcDbBlockEnd
  0
BLOCK
  5
7DF
330
7DE
100
AcDbEntity
  8
0
100
AcDbBlockBegin
  2
*D55
 70
1
 10
0.0
 20
0.0
 30
0.0
  3
*D55
  1

  0
LINE
  5
7E1
330
7DE
100
AcDbEntity
  8
0
 62
8
370
13
100
AcDbLine
 10
39725.74999999999
 20
-601.5416666666666
 30
0.0
 11
39725.74999999999
 21
-665.0694444444445
 31
0.0
  0
LINE
  5
7E2
330
7DE
100
AcDbEntity
  8
0
 62
8
370
13
100
AcDbLine
 10
39835.74999999999
 20
-601.5416666666666
 30
0.0
 11
39835.74999999999
 21
-665.0694444444445
 31
0.0
  0
INSERT
  5
7E3
330
7DE
100
AcDbEntity
  8
COTAS
 62
8
100
AcDbBlockReference
  2
_OBLIQUE
 10
39725.74999999999
 20
-656.25
 30
0.0
 41
21.886333333333333
 42
21.886333333333333
  0
INSERT
  5
7E5
330
7DE
100
AcDbEntity
  8
COTAS
 62
8
100
AcDbBlockReference
  2
_OBLIQUE
 10
39835.74999999999
 20
-656.25
 30
0.0
 41
21.886333333333333
 42
21.886333333333333
  0
LINE
  5
7E7
330
7DE
100
AcDbEntity
  8
0
 62
8
370
15
100
AcDbLine
 10
39725.74999999999
 20
-656.25
 30
0.0
 11
39835.74999999999
 21
-656.25
 31
0.0
  0
MTEXT
  5
7E8
330
7DE
100
AcDbEntity
  8
COTAS
 62
250
100
AcDbMText
 10
39780.74999999999
 20
-641.106
 30
0.0
 40
18.288
 71
5
  1
110
  7
ESTANDAR
  0
POINT
  5
7E9
330
7DE
100
AcDbEntity
  8
Defpoints
100
AcDbPoint
 10
39725.74999999999
 20
-656.25
 30
0.0
  0
POINT
  5
7EA
330
7DE
100
AcDbEntity
  8
Defpoints
100
AcDbPoint
 10
39725.74999999999
 20
-596.25
 30
0.0
  0
POINT
  5
7EB
330
7DE
100
AcDbEntity
  8
Defpoints
100
AcDbPoint
 10
39835.74999999999
 20
-596.25
 30
0.0
  0
ENDBLK
  5
7E0
330
7DE
100
AcDbEntity
  8
0
100
AcDbBlockEnd
  0
BLOCK
  5
7ED
330
7EC
100
AcDbEntity
  8
0
100
AcDbBlockBegin
  2
*D56
 70
1
 10
0.0
 20
0.0
 30
0.0
  3
*D56
  1

  0
LINE
  5
7EF
330
7EC
100
AcDbEntity
  8
0
 62
8
370
13
100
AcDbLine
 10
39835.74999999999
 20
-601.5416666666666
 30
0.0
 11
39835.74999999999
 21
-665.0694444444445
 31
0.0
  0
LINE
  5
7F0
330
7EC
100
AcDbEntity
  8
0
 62
8
370
13
100
AcDbLine
 10
39945.74999999999
 20
-601.5416666666666
 30
0.0
 11
39945.74999999999
 21
-665.0694444444445
 31
0.0
  0
INSERT
  5
7F1
330
7EC
100
AcDbEntity
  8
COTAS
 62
8
100
AcDbBlockReference
  2
_OBLIQUE
 10
39835.74999999999
 20
-656.25
 30
0.0
 41
21.886333333333333
 42
21.886333333333333
  0
INSERT
  5
7F3
330
7EC
100
AcDbEntity
  8
COTAS
 62
8
100
AcDbBlockReference
  2
_OBLIQUE
 10
39945.74999999999
 20
-656.25
 30
0.0
 41
21.886333333333333
 42
21.886333333333333
  0
LINE
  5
7F5
330
7EC
100
AcDbEntity
  8
0
 62
8
370
15
100
AcDbLine
 10
39835.74999999999
 20
-656.25
 30
0.0
 11
39945.74999999999
 21
-656.25
 31
0.0
  0
MTEXT
  5
7F6
330
7EC
100
AcDbEntity
  8
COTAS
 62
250
100
AcDbMText
 10
39890.74999999999
 20
-641.106
 30
0.0
 40
18.288
 71
5
  1
110
  7
ESTANDAR
  0
POINT
  5
7F7
330
7EC
100
AcDbEntity
  8
Defpoints
100
AcDbPoint
 10
39835.74999999999
 20
-656.25
 30
0.0
  0
POINT
  5
7F8
330
7EC
100
AcDbEntity
  8
Defpoints
100
AcDbPoint
 10
39835.74999999999
 20
-596.25
 30
0.0
  0
POINT
  5
7F9
330
7EC
100
AcDbEntity
  8
Defpoints
100
AcDbPoint
 10
39945.74999999999
 20
-596.25
 30
0.0
  0
ENDBLK
  5
7EE
330
7EC
100
AcDbEntity
  8
0
100
AcDbBlockEnd
  0
BLOCK
  5
7FB
330
7FA
100
AcDbEntity
  8
0
100
AcDbBlockBegin
  2
*D57
 70
1
 10
0.0
 20
0.0
 30
0.0
  3
*D57
  1

  0
LINE
  5
7FD
330
7FA
100
AcDbEntity
  8
0
 62
8
370
13
100
AcDbLine
 10
39945.74999999999
 20
-601.5416666666666
 30
0.0
 11
39945.74999999999
 21
-665.0694444444445
 31
0.0
  0
LINE
  5
7FE
330
7FA
100
AcDbEntity
  8
0
 62
8
370
13
100
AcDbLine
 10
40055.74999999999
 20
-601.5416666666666
 30
0.0
 11
40055.74999999999
 21
-665.0694444444445
 31
0.0
  0
INSERT
  5
7FF
330
7FA
100
AcDbEntity
  8
COTAS
 62
8
100
AcDbBlockReference
  2
_OBLIQUE
 10
39945.74999999999
 20
-656.25
 30
0.0
 41
21.886333333333333
 42
21.886333333333333
  0
INSERT
  5
801
330
7FA
100
AcDbEntity
  8
COTAS
 62
8
100
AcDbBlockReference
  2
_OBLIQUE
 10
40055.74999999999
 20
-656.25
 30
0.0
 41
21.886333333333333
 42
21.886333333333333
  0
LINE
  5
803
330
7FA
100
AcDbEntity
  8
0
 62
8
370
15
100
AcDbLine
 10
39945.74999999999
 20
-656.25
 30
0.0
 11
40055.74999999999
 21
-656.25
 31
0.0
  0
MTEXT
  5
804
330
7FA
100
AcDbEntity
  8
COTAS
 62
250
100
AcDbMText
 10
40000.74999999999
 20
-641.106
 30
0.0
 40
18.288
 71
5
  1
110
  7
ESTANDAR
  0
POINT
  5
805
330
7FA
100
AcDbEntity
  8
Defpoints
100
AcDbPoint
 10
39945.74999999999
 20
-656.25
 30
0.0
  0
POINT
  5
806
330
7FA
100
AcDbEntity
  8
Defpoints
100
AcDbPoint
 10
39945.74999999999
 20
-596.25
 30
0.0
  0
POINT
  5
807
330
7FA
100
AcDbEntity
  8
Defpoints
100
AcDbPoint
 10
40055.74999999999
 20
-596.25
 30
0.0
  0
ENDBLK
  5
7FC
330
7FA
100
AcDbEntity
  8
0
100
AcDbBlockEnd
  0
BLOCK
  5
809
330
808
100
AcDbEntity
  8
0
100
AcDbBlockBegin
  2
*D58
 70
1
 10
0.0
 20
0.0
 30
0.0
  3
*D58
  1

  0
LINE
  5
80B
330
808
100
AcDbEntity
  8
0
 62
8
370
13
100
AcDbLine
 10
39633.74999999999
 20
-601.5416666666666
 30
0.0
 11
39633.74999999999
 21
-665.0694444444445
 31
0.0
  0
LINE
  5
80C
330
808
100
AcDbEntity
  8
0
 62
8
370
13
100
AcDbLine
 10
39725.74999999999
 20
-601.5416666666666
 30
0.0
 11
39725.74999999999
 21
-665.0694444444445
 31
0.0
  0
INSERT
  5
80D
330
808
100
AcDbEntity
  8
COTAS
 62
8
100
AcDbBlockReference
  2
_OBLIQUE
 10
39633.74999999999
 20
-656.25
 30
0.0
 41
21.886333333333333
 42
21.886333333333333
  0
INSERT
  5
80F
330
808
100
AcDbEntity
  8
COTAS
 62
8
100
AcDbBlockReference
  2
_OBLIQUE
 10
39725.74999999999
 20
-656.25
 30
0.0
 41
21.886333333333333
 42
21.886333333333333
  0
LINE
  5
811
330
808
100
AcDbEntity
  8
0
 62
8
370
15
100
AcDbLine
 10
39633.74999999999
 20
-656.25
 30
0.0
 11
39725.74999999999
 21
-656.25
 31
0.0
  0
MTEXT
  5
812
330
808
100
AcDbEntity
  8
COTAS
 62
250
100
AcDbMText
 10
39679.74999999999
 20
-641.106
 30
0.0
 40
18.288
 71
5
  1
92
  7
ESTANDAR
  0
POINT
  5
813
330
808
100
AcDbEntity
  8
Defpoints
100
AcDbPoint
 10
39633.74999999999
 20
-656.25
 30
0.0
  0
POINT
  5
814
330
808
100
AcDbEntity
  8
Defpoints
100
AcDbPoint
 10
39633.74999999999
 20
-596.25
 30
0.0
  0
POINT
  5
815
330
808
100
AcDbEntity
  8
Defpoints
100
AcDbPoint
 10
39725.74999999999
 20
-596.25
 30
0.0
  0
ENDBLK
  5
80A
330
808
100
AcDbEntity
  8
0
100
AcDbBlockEnd
  0
BLOCK
  5
817
330
816
100
AcDbEntity
  8
0
100
AcDbBlockBegin
  2
*D59
 70
1
 10
0.0
 20
0.0
 30
0.0
  3
*D59
  1

  0
LINE
  5
819
330
816
100
AcDbEntity
  8
0
 62
8
370
13
100
AcDbLine
 10
40194.45833333333
 20
-246.25
 30
0.0
 11
40130.93055555555
 21
-246.25
 31
0.0
  0
LINE
  5
81A
330
816
100
AcDbEntity
  8
0
 62
8
370
13
100
AcDbLine
 10
40194.45833333333
 20
-596.25
 30
0.0
 11
40130.93055555555
 21
-596.25
 31
0.0
  0
INSERT
  5
81B
330
816
100
AcDbEntity
  8
COTAS
 62
8
100
AcDbBlockReference
  2
_OBLIQUE
 10
40139.74999999999
 20
-246.25
 30
0.0
 41
21.886333333333333
 42
21.886333333333333
 50
-90.0
  0
INSERT
  5
81D
330
816
100
AcDbEntity
  8
COTAS
 62
8
100
AcDbBlockReference
  2
_OBLIQUE
 10
40139.74999999999
 20
-596.25
 30
0.0
 41
21.886333333333333
 42
21.886333333333333
 50
-90.0
  0
LINE
  5
81F
330
816
100
AcDbEntity
  8
0
 62
8
370
15
100
AcDbLine
 10
40139.74999999999
 20
-246.25
 30
0.0
 11
40139.74999999999
 21
-596.25
 31
0.0
  0
MTEXT
  5
820
330
816
100
AcDbEntity
  8
COTAS
 62
250
100
AcDbMText
 10
40154.89399999999
 20
-421.25
 30
0.0
 40
18.288
 71
5
  1
350
  7
ESTANDAR
 50
-90.0
  0
POINT
  5
821
330
816
100
AcDbEntity
  8
Defpoints
100
AcDbPoint
 10
40139.74999999999
 20
-246.25
 30
0.0
  0
POINT
  5
822
330
816
100
AcDbEntity
  8
Defpoints
100
AcDbPoint
 10
40199.74999999999
 20
-246.25
 30
0.0
  0
POINT
  5
823
330
816
100
AcDbEntity
  8
Defpoints
100
AcDbPoint
 10
40199.74999999999
 20
-596.25
 30
0.0
  0
ENDBLK
  5
818
330
816
100
AcDbEntity
  8
0
100
AcDbBlockEnd
  0
BLOCK
  5
86F
330
86E
100
AcDbEntity
  8
0
100
AcDbBlockBegin
  2
*D60
 70
1
 10
0.0
 20
0.0
 30
0.0
  3
*D60
  1

  0
LINE
  5
871
330
86E
100
AcDbEntity
  8
0
 62
8
370
13
100
AcDbLine
 10
40901.9975
 20
-595.557
 30
0.0
 11
40836.70583333333
 21
-595.557
 31
0.0
  0
LINE
  5
872
330
86E
100
AcDbEntity
  8
0
 62
8
370
13
100
AcDbLine
 10
40901.9975
 20
-570.557
 30
0.0
 11
40836.70583333333
 21
-570.557
 31
0.0
  0
INSERT
  5
873
330
86E
100
AcDbEntity
  8
COTAS
 62
8
100
AcDbBlockReference
  2
_OBLIQUE
 10
40849.935
 20
-595.557
 30
0.0
 41
32.829499999999996
 42
32.829499999999996
 50
90.0
  0
INSERT
  5
875
330
86E
100
AcDbEntity
  8
COTAS
 62
8
100
AcDbBlockReference
  2
_OBLIQUE
 10
40849.935
 20
-570.557
 30
0.0
 41
32.829499999999996
 42
32.829499999999996
 50
90.0
  0
LINE
  5
877
330
86E
100
AcDbEntity
  8
0
 62
8
370
15
100
AcDbLine
 10
40849.935
 20
-595.557
 30
0.0
 11
40849.935
 21
-570.557
 31
0.0
  0
MTEXT
  5
878
330
86E
100
AcDbEntity
  8
COTAS
 62
250
100
AcDbMText
 10
40813.98983333333
 20
-583.057
 30
0.0
 40
27.432
 71
5
  1
25
  7
ESTANDAR
 50
90.0
  0
POINT
  5
879
330
86E
100
AcDbEntity
  8
Defpoints
100
AcDbPoint
 10
40849.935
 20
-595.557
 30
0.0
  0
POINT
  5
87A
330
86E
100
AcDbEntity
  8
Defpoints
100
AcDbPoint
 10
40909.935
 20
-595.557
 30
0.0
  0
POINT
  5
87B
330
86E
100
AcDbEntity
  8
Defpoints
100
AcDbPoint
 10
40909.935
 20
-570.557
 30
0.0
  0
ENDBLK
  5
870
330
86E
100
AcDbEntity
  8
0
100
AcDbBlockEnd
  0
BLOCK
  5
87D
330
87C
100
AcDbEntity
  8
0
100
AcDbBlockBegin
  2
*D61
 70
1
 10
0.0
 20
0.0
 30
0.0
  3
*D61
  1

  0
LINE
  5
87F
330
87C
100
AcDbEntity
  8
0
 62
8
370
13
100
AcDbLine
 10
41957.8725
 20
-895.557
 30
0.0
 11
42023.16416666666
 21
-895.557
 31
0.0
  0
LINE
  5
880
330
87C
100
AcDbEntity
  8
0
 62
8
370
13
100
AcDbLine
 10
41957.8725
 20
-595.557
 30
0.0
 11
42023.16416666666
 21
-595.557
 31
0.0
  0
INSERT
  5
881
330
87C
100
AcDbEntity
  8
COTAS
 62
8
100
AcDbBlockReference
  2
_OBLIQUE
 10
42009.935
 20
-895.557
 30
0.0
 41
32.829499999999996
 42
32.829499999999996
 50
90.0
  0
INSERT
  5
883
330
87C
100
AcDbEntity
  8
COTAS
 62
8
100
AcDbBlockReference
  2
_OBLIQUE
 10
42009.935
 20
-595.557
 30
0.0
 41
32.829499999999996
 42
32.829499999999996
 50
90.0
  0
LINE
  5
885
330
87C
100
AcDbEntity
  8
0
 62
8
370
15
100
AcDbLine
 10
42009.935
 20
-895.557
 30
0.0
 11
42009.935
 21
-595.557
 31
0.0
  0
MTEXT
  5
886
330
87C
100
AcDbEntity
  8
COTAS
 62
250
100
AcDbMText
 10
41987.219
 20
-745.557
 30
0.0
 40
27.432
 71
5
  1
300
  7
ESTANDAR
 50
90.0
  0
POINT
  5
887
330
87C
100
AcDbEntity
  8
Defpoints
100
AcDbPoint
 10
42009.935
 20
-895.557
 30
0.0
  0
POINT
  5
888
330
87C
100
AcDbEntity
  8
Defpoints
100
AcDbPoint
 10
41949.935
 20
-895.557
 30
0.0
  0
POINT
  5
889
330
87C
100
AcDbEntity
  8
Defpoints
100
AcDbPoint
 10
41949.935
 20
-595.557
 30
0.0
  0
ENDBLK
  5
87E
330
87C
100
AcDbEntity
  8
0
100
AcDbBlockEnd
  0
BLOCK
  5
88B
330
88A
100
AcDbEntity
  8
0
100
AcDbBlockBegin
  2
*D62
 70
1
 10
0.0
 20
0.0
 30
0.0
  3
*D62
  1

  0
LINE
  5
88D
330
88A
100
AcDbEntity
  8
0
 62
8
370
13
100
AcDbLine
 10
41394.4975
 20
-965.557
 30
0.0
 11
41299.20583333333
 21
-965.557
 31
0.0
  0
LINE
  5
88E
330
88A
100
AcDbEntity
  8
0
 62
8
370
13
100
AcDbLine
 10
41394.4975
 20
-525.557
 30
0.0
 11
41299.20583333333
 21
-525.557
 31
0.0
  0
INSERT
  5
88F
330
88A
100
AcDbEntity
  8
COTAS
 62
8
100
AcDbBlockReference
  2
_OBLIQUE
 10
41312.435
 20
-965.557
 30
0.0
 41
32.829499999999996
 42
32.829499999999996
 50
90.0
  0
INSERT
  5
891
330
88A
100
AcDbEntity
  8
COTAS
 62
8
100
AcDbBlockReference
  2
_OBLIQUE
 10
41312.435
 20
-525.557
 30
0.0
 41
32.829499999999996
 42
32.829499999999996
 50
90.0
  0
LINE
  5
893
330
88A
100
AcDbEntity
  8
0
 62
8
370
15
100
AcDbLine
 10
41312.435
 20
-965.557
 30
0.0
 11
41312.435
 21
-525.557
 31
0.0
  0
MTEXT
  5
894
330
88A
100
AcDbEntity
  8
COTAS
 62
250
100
AcDbMText
 10
41289.719
 20
-745.557
 30
0.0
 40
27.432
 71
5
  1
440
  7
ESTANDAR
 50
90.0
  0
POINT
  5
895
330
88A
100
AcDbEntity
  8
Defpoints
100
AcDbPoint
 10
41312.435
 20
-965.557
 30
0.0
  0
POINT
  5
896
330
88A
100
AcDbEntity
  8
Defpoints
100
AcDbPoint
 10
41402.435
 20
-965.557
 30
0.0
  0
POINT
  5
897
330
88A
100
AcDbEntity
  8
Defpoints
100
AcDbPoint
 10
41402.435
 20
-525.557
 30
0.0
  0
ENDBLK
  5
88C
330
88A
100
AcDbEntity
  8
0
100
AcDbBlockEnd
  0
BLOCK
  5
899
330
898
100
AcDbEntity
  8
0
100
AcDbBlockBegin
  2
*D63
 70
1
 10
0.0
 20
0.0
 30
0.0
  3
*D63
  1

  0
LINE
  5
89B
330
898
100
AcDbEntity
  8
0
 62
8
370
13
100
AcDbLine
 10
41402.435
 20
-527.6195
 30
0.0
 11
41402.435
 21
-522.3278333333334
 31
0.0
  0
LINE
  5
89C
330
898
100
AcDbEntity
  8
0
 62
8
370
13
100
AcDbLine
 10
41457.435
 20
-527.6195
 30
0.0
 11
41457.435
 21
-522.3278333333334
 31
0.0
  0
INSERT
  5
89D
330
898
100
AcDbEntity
  8
COTAS
 62
8
100
AcDbBlockReference
  2
_OBLIQUE
 10
41402.435
 20
-535.557
 30
0.0
 41
32.829499999999996
 42
32.829499999999996
  0
INSERT
  5
89F
330
898
100
AcDbEntity
  8
COTAS
 62
8
100
AcDbBlockReference
  2
_OBLIQUE
 10
41457.435
 20
-535.557
 30
0.0
 41
32.829499999999996
 42
32.829499999999996
  0
LINE
  5
8A1
330
898
100
AcDbEntity
  8
0
 62
8
370
15
100
AcDbLine
 10
41402.435
 20
-535.557
 30
0.0
 11
41457.435
 21
-535.557
 31
0.0
  0
MTEXT
  5
8A2
330
898
100
AcDbEntity
  8
COTAS
 62
250
100
AcDbMText
 10
41429.935
 20
-512.841
 30
0.0
 40
27.432
 71
5
  1
55
  7
ESTANDAR
  0
POINT
  5
8A3
330
898
100
AcDbEntity
  8
Defpoints
100
AcDbPoint
 10
41402.435
 20
-535.557
 30
0.0
  0
POINT
  5
8A4
330
898
100
AcDbEntity
  8
Defpoints
100
AcDbPoint
 10
41402.435
 20
-535.557
 30
0.0
  0
POINT
  5
8A5
330
898
100
AcDbEntity
  8
Defpoints
100
AcDbPoint
 10
41457.435
 20
-535.557
 30
0.0
  0
ENDBLK
  5
89A
330
898
100
AcDbEntity
  8
0
100
AcDbBlockEnd
  0
BLOCK
  5
8C1
330
8C0
100
AcDbEntity
  8
0
100
AcDbBlockBegin
  2
*D64
 70
1
 10
0.0
 20
0.0
 30
0.0
  3
*D64
  1

  0
LINE
  5
8C3
330
8C0
100
AcDbEntity
  8
0
 62
8
370
13
100
AcDbLine
 10
42653.6525
 20
-442.2916666666667
 30
0.0
 11
42653.6525
 21
-535.8194444444445
 31
0.0
  0
LINE
  5
8C4
330
8C0
100
AcDbEntity
  8
0
 62
8
370
13
100
AcDbLine
 10
42981.6525
 20
-442.2916666666667
 30
0.0
 11
42981.6525
 21
-535.8194444444445
 31
0.0
  0
INSERT
  5
8C5
330
8C0
100
AcDbEntity
  8
COTAS
 62
8
100
AcDbBlockReference
  2
_OBLIQUE
 10
42653.6525
 20
-527.0
 30
0.0
 41
21.886333333333333
 42
21.886333333333333
  0
INSERT
  5
8C7
330
8C0
100
AcDbEntity
  8
COTAS
 62
8
100
AcDbBlockReference
  2
_OBLIQUE
 10
42981.6525
 20
-527.0
 30
0.0
 41
21.886333333333333
 42
21.886333333333333
  0
LINE
  5
8C9
330
8C0
100
AcDbEntity
  8
0
 62
8
370
15
100
AcDbLine
 10
42653.6525
 20
-527.0
 30
0.0
 11
42981.6525
 21
-527.0
 31
0.0
  0
MTEXT
  5
8CA
330
8C0
100
AcDbEntity
  8
COTAS
 62
250
100
AcDbMText
 10
42817.6525
 20
-511.856
 30
0.0
 40
18.288
 71
5
  1
328
  7
ESTANDAR
  0
POINT
  5
8CB
330
8C0
100
AcDbEntity
  8
Defpoints
100
AcDbPoint
 10
42653.6525
 20
-527.0
 30
0.0
  0
POINT
  5
8CC
330
8C0
100
AcDbEntity
  8
Defpoints
100
AcDbPoint
 10
42653.6525
 20
-437.0
 30
0.0
  0
POINT
  5
8CD
330
8C0
100
AcDbEntity
  8
Defpoints
100
AcDbPoint
 10
42981.6525
 20
-437.0
 30
0.0
  0
ENDBLK
  5
8C2
330
8C0
100
AcDbEntity
  8
0
100
AcDbBlockEnd
  0
BLOCK
  5
8CF
330
8CE
100
AcDbEntity
  8
0
100
AcDbBlockBegin
  2
*D65
 70
1
 10
0.0
 20
0.0
 30
0.0
  3
*D65
  1

  0
LINE
  5
8D1
330
8CE
100
AcDbEntity
  8
0
 62
8
370
13
100
AcDbLine
 10
42986.94416666666
 20
-437.0
 30
0.0
 11
43080.47194444444
 21
-437.0
 31
0.0
  0
LINE
  5
8D2
330
8CE
100
AcDbEntity
  8
0
 62
8
370
13
100
AcDbLine
 10
42986.94416666666
 20
-109.0
 30
0.0
 11
43080.47194444444
 21
-109.0
 31
0.0
  0
INSERT
  5
8D3
330
8CE
100
AcDbEntity
  8
COTAS
 62
8
100
AcDbBlockReference
  2
_OBLIQUE
 10
43071.6525
 20
-437.0
 30
0.0
 41
21.886333333333333
 42
21.886333333333333
 50
90.0
  0
INSERT
  5
8D5
330
8CE
100
AcDbEntity
  8
COTAS
 62
8
100
AcDbBlockReference
  2
_OBLIQUE
 10
43071.6525
 20
-109.0
 30
0.0
 41
21.886333333333333
 42
21.886333333333333
 50
90.0
  0
LINE
  5
8D7
330
8CE
100
AcDbEntity
  8
0
 62
8
370
15
100
AcDbLine
 10
43071.6525
 20
-437.0
 30
0.0
 11
43071.6525
 21
-109.0
 31
0.0
  0
MTEXT
  5
8D8
330
8CE
100
AcDbEntity
  8
COTAS
 62
250
100
AcDbMText
 10
43056.508499999996
 20
-273.0
 30
0.0
 40
18.288
 71
5
  1
328
  7
ESTANDAR
 50
90.0
  0
POINT
  5
8D9
330
8CE
100
AcDbEntity
  8
Defpoints
100
AcDbPoint
 10
43071.6525
 20
-437.0
 30
0.0
  0
POINT
  5
8DA
330
8CE
100
AcDbEntity
  8
Defpoints
100
AcDbPoint
 10
42981.6525
 20
-437.0
 30
0.0
  0
POINT
  5
8DB
330
8CE
100
AcDbEntity
  8
Defpoints
100
AcDbPoint
 10
42981.6525
 20
-109.0
 30
0.0
  0
ENDBLK
  5
8D0
330
8CE
100
AcDbEntity
  8
0
100
AcDbBlockEnd
  0
BLOCK
  5
8F7
330
8F6
100
AcDbEntity
  8
0
100
AcDbBlockBegin
  2
*D66
 70
1
 10
0.0
 20
0.0
 30
0.0
  3
*D66
  1

  0
LINE
  5
8F9
330
8F6
100
AcDbEntity
  8
0
 62
8
370
13
100
AcDbLine
 10
43349.6525
 20
-440.2916666666667
 30
0.0
 11
43349.6525
 21
-533.8194444444445
 31
0.0
  0
LINE
  5
8FA
330
8F6
100
AcDbEntity
  8
0
 62
8
370
13
100
AcDbLine
 10
43669.6525
 20
-440.2916666666667
 30
0.0
 11
43669.6525
 21
-533.8194444444445
 31
0.0
  0
INSERT
  5
8FB
330
8F6
100
AcDbEntity
  8
COTAS
 62
8
100
AcDbBlockReference
  2
_OBLIQUE
 10
43349.6525
 20
-525.0
 30
0.0
 41
21.886333333333333
 42
21.886333333333333
  0
INSERT
  5
8FD
330
8F6
100
AcDbEntity
  8
COTAS
 62
8
100
AcDbBlockReference
  2
_OBLIQUE
 10
43669.6525
 20
-525.0
 30
0.0
 41
21.886333333333333
 42
21.886333333333333
  0
LINE
  5
8FF
330
8F6
100
AcDbEntity
  8
0
 62
8
370
15
100
AcDbLine
 10
43349.6525
 20
-525.0
 30
0.0
 11
43669.6525
 21
-525.0
 31
0.0
  0
MTEXT
  5
900
330
8F6
100
AcDbEntity
  8
COTAS
 62
250
100
AcDbMText
 10
43509.6525
 20
-509.856
 30
0.0
 40
18.288
 71
5
  1
320
  7
ESTANDAR
  0
POINT
  5
901
330
8F6
100
AcDbEntity
  8
Defpoints
100
AcDbPoint
 10
43349.6525
 20
-525.0
 30
0.0
  0
POINT
  5
902
330
8F6
100
AcDbEntity
  8
Defpoints
100
AcDbPoint
 10
43349.6525
 20
-435.0
 30
0.0
  0
POINT
  5
903
330
8F6
100
AcDbEntity
  8
Defpoints
100
AcDbPoint
 10
43669.6525
 20
-435.0
 30
0.0
  0
ENDBLK
  5
8F8
330
8F6
100
AcDbEntity
  8
0
100
AcDbBlockEnd
  0
BLOCK
  5
905
330
904
100
AcDbEntity
  8
0
100
AcDbBlockBegin
  2
*D67
 70
1
 10
0.0
 20
0.0
 30
0.0
  3
*D67
  1

  0
LINE
  5
907
330
904
100
AcDbEntity
  8
0
 62
8
370
13
100
AcDbLine
 10
43674.94416666666
 20
-435.0
 30
0.0
 11
43768.47194444444
 21
-435.0
 31
0.0
  0
LINE
  5
908
330
904
100
AcDbEntity
  8
0
 62
8
370
13
100
AcDbLine
 10
43674.94416666666
 20
-115.0
 30
0.0
 11
43768.47194444444
 21
-115.0
 31
0.0
  0
INSERT
  5
909
330
904
100
AcDbEntity
  8
COTAS
 62
8
100
AcDbBlockReference
  2
_OBLIQUE
 10
43759.6525
 20
-435.0
 30
0.0
 41
21.886333333333333
 42
21.886333333333333
 50
90.0
  0
INSERT
  5
90B
330
904
100
AcDbEntity
  8
COTAS
 62
8
100
AcDbBlockReference
  2
_OBLIQUE
 10
43759.6525
 20
-115.0
 30
0.0
 41
21.886333333333333
 42
21.886333333333333
 50
90.0
  0
LINE
  5
90D
330
904
100
AcDbEntity
  8
0
 62
8
370
15
100
AcDbLine
 10
43759.6525
 20
-435.0
 30
0.0
 11
43759.6525
 21
-115.0
 31
0.0
  0
MTEXT
  5
90E
330
904
100
AcDbEntity
  8
COTAS
 62
250
100
AcDbMText
 10
43744.508499999996
 20
-275.0
 30
0.0
 40
18.288
 71
5
  1
320
  7
ESTANDAR
 50
90.0
  0
POINT
  5
90F
330
904
100
AcDbEntity
  8
Defpoints
100
AcDbPoint
 10
43759.6525
 20
-435.0
 30
0.0
  0
POINT
  5
910
330
904
100
AcDbEntity
  8
Defpoints
100
AcDbPoint
 10
43669.6525
 20
-435.0
 30
0.0
  0
POINT
  5
911
330
904
100
AcDbEntity
  8
Defpoints
100
AcDbPoint
 10
43669.6525
 20
-115.0
 30
0.0
  0
ENDBLK
  5
906
330
904
100
AcDbEntity
  8
0
100
AcDbBlockEnd
  0
BLOCK
  5
934
330
933
100
AcDbEntity
  8
0
100
AcDbBlockBegin
  2
*D68
 70
1
 10
0.0
 20
0.0
 30
0.0
  3
*D68
  1

  0
LINE
  5
936
330
933
100
AcDbEntity
  8
0
 62
8
370
13
100
AcDbLine
 10
43993.5525
 20
-475.2916666666667
 30
0.0
 11
43993.5525
 21
-538.8194444444445
 31
0.0
  0
LINE
  5
937
330
933
100
AcDbEntity
  8
0
 62
8
370
13
100
AcDbLine
 10
44393.5525
 20
-475.2916666666667
 30
0.0
 11
44393.5525
 21
-538.8194444444445
 31
0.0
  0
INSERT
  5
938
330
933
100
AcDbEntity
  8
COTAS
 62
8
100
AcDbBlockReference
  2
_OBLIQUE
 10
43993.5525
 20
-530.0
 30
0.0
 41
21.886333333333333
 42
21.886333333333333
  0
INSERT
  5
93A
330
933
100
AcDbEntity
  8
COTAS
 62
8
100
AcDbBlockReference
  2
_OBLIQUE
 10
44393.5525
 20
-530.0
 30
0.0
 41
21.886333333333333
 42
21.886333333333333
  0
LINE
  5
93C
330
933
100
AcDbEntity
  8
0
 62
8
370
15
100
AcDbLine
 10
43993.5525
 20
-530.0
 30
0.0
 11
44393.5525
 21
-530.0
 31
0.0
  0
MTEXT
  5
93D
330
933
100
AcDbEntity
  8
COTAS
 62
250
100
AcDbMText
 10
44193.5525
 20
-514.856
 30
0.0
 40
18.288
 71
5
  1
400 (columna)
  7
ESTANDAR
  0
POINT
  5
93E
330
933
100
AcDbEntity
  8
Defpoints
100
AcDbPoint
 10
43993.5525
 20
-530.0
 30
0.0
  0
POINT
  5
93F
330
933
100
AcDbEntity
  8
Defpoints
100
AcDbPoint
 10
43993.5525
 20
-470.0
 30
0.0
  0
POINT
  5
940
330
933
100
AcDbEntity
  8
Defpoints
100
AcDbPoint
 10
44393.5525
 20
-470.0
 30
0.0
  0
ENDBLK
  5
935
330
933
100
AcDbEntity
  8
0
100
AcDbBlockEnd
  0
BLOCK
  5
95F
330
95E
100
AcDbEntity
  8
0
100
AcDbBlockBegin
  2
*D69
 70
1
 10
0.0
 20
0.0
 30
0.0
  3
*D69
  1

  0
LINE
  5
961
330
95E
100
AcDbEntity
  8
0
 62
8
370
13
100
AcDbLine
 10
44704.472499999996
 20
-293.8306666666667
 30
0.0
 11
44704.472499999996
 21
-347.35844444444444
 31
0.0
  0
LINE
  5
962
330
95E
100
AcDbEntity
  8
0
 62
8
370
13
100
AcDbLine
 10
45144.472499999996
 20
-293.8306666666667
 30
0.0
 11
45144.472499999996
 21
-347.35844444444444
 31
0.0
  0
INSERT
  5
963
330
95E
100
AcDbEntity
  8
COTAS
 62
8
100
AcDbBlockReference
  2
_OBLIQUE
 10
44704.472499999996
 20
-338.539
 30
0.0
 41
21.886333333333333
 42
21.886333333333333
  0
INSERT
  5
965
330
95E
100
AcDbEntity
  8
COTAS
 62
8
100
AcDbBlockReference
  2
_OBLIQUE
 10
45144.472499999996
 20
-338.539
 30
0.0
 41
21.886333333333333
 42
21.886333333333333
  0
LINE
  5
967
330
95E
100
AcDbEntity
  8
0
 62
8
370
15
100
AcDbLine
 10
44704.472499999996
 20
-338.539
 30
0.0
 11
45144.472499999996
 21
-338.539
 31
0.0
  0
MTEXT
  5
968
330
95E
100
AcDbEntity
  8
COTAS
 62
250
100
AcDbMText
 10
44924.472499999996
 20
-323.395
 30
0.0
 40
18.288
 71
5
  1
L = 440
  7
ESTANDAR
  0
POINT
  5
969
330
95E
100
AcDbEntity
  8
Defpoints
100
AcDbPoint
 10
44704.472499999996
 20
-338.539
 30
0.0
  0
POINT
  5
96A
330
95E
100
AcDbEntity
  8
Defpoints
100
AcDbPoint
 10
44704.472499999996
 20
-288.539
 30
0.0
  0
POINT
  5
96B
330
95E
100
AcDbEntity
  8
Defpoints
100
AcDbPoint
 10
45144.472499999996
 20
-288.539
 30
0.0
  0
ENDBLK
  5
960
330
95E
100
AcDbEntity
  8
0
100
AcDbBlockEnd
  0
BLOCK
  5
96D
330
96C
100
AcDbEntity
  8
0
100
AcDbBlockBegin
  2
*D70
 70
1
 10
0.0
 20
0.0
 30
0.0
  3
*D70
  1

  0
LINE
  5
96F
330
96C
100
AcDbEntity
  8
0
 62
8
370
13
100
AcDbLine
 10
44799.472499999996
 20
-178.24733333333333
 30
0.0
 11
44799.472499999996
 21
-174.71955555555553
 31
0.0
  0
LINE
  5
970
330
96C
100
AcDbEntity
  8
0
 62
8
370
13
100
AcDbLine
 10
45108.472499999996
 20
-178.24733333333333
 30
0.0
 11
45108.472499999996
 21
-174.71955555555553
 31
0.0
  0
INSERT
  5
971
330
96C
100
AcDbEntity
  8
COTAS
 62
8
100
AcDbBlockReference
  2
_OBLIQUE
 10
44799.472499999996
 20
-183.539
 30
0.0
 41
21.886333333333333
 42
21.886333333333333
  0
INSERT
  5
973
330
96C
100
AcDbEntity
  8
COTAS
 62
8
100
AcDbBlockReference
  2
_OBLIQUE
 10
45108.472499999996
 20
-183.539
 30
0.0
 41
21.886333333333333
 42
21.886333333333333
  0
LINE
  5
975
330
96C
100
AcDbEntity
  8
0
 62
8
370
15
100
AcDbLine
 10
44799.472499999996
 20
-183.539
 30
0.0
 11
45108.472499999996
 21
-183.539
 31
0.0
  0
MTEXT
  5
976
330
96C
100
AcDbEntity
  8
COTAS
 62
250
100
AcDbMText
 10
44953.972499999996
 20
-168.39499999999998
 30
0.0
 40
18.288
 71
5
  1
309
  7
ESTANDAR
  0
POINT
  5
977
330
96C
100
AcDbEntity
  8
Defpoints
100
AcDbPoint
 10
44799.472499999996
 20
-183.539
 30
0.0
  0
POINT
  5
978
330
96C
100
AcDbEntity
  8
Defpoints
100
AcDbPoint
 10
44799.472499999996
 20
-183.539
 30
0.0
  0
POINT
  5
979
330
96C
100
AcDbEntity
  8
Defpoints
100
AcDbPoint
 10
45108.472499999996
 20
-183.539
 30
0.0
  0
ENDBLK
  5
96E
330
96C
100
AcDbEntity
  8
0
100
AcDbBlockEnd
  0
BLOCK
  5
97B
330
97A
100
AcDbEntity
  8
0
100
AcDbBlockBegin
  2
*D71
 70
1
 10
0.0
 20
0.0
 30
0.0
  3
*D71
  1

  0
LINE
  5
97D
330
97A
100
AcDbEntity
  8
0
 62
8
370
13
100
AcDbLine
 10
44762.472499999996
 20
-178.24733333333333
 30
0.0
 11
44762.472499999996
 21
-174.71955555555553
 31
0.0
  0
LINE
  5
97E
330
97A
100
AcDbEntity
  8
0
 62
8
370
13
100
AcDbLine
 10
44799.472499999996
 20
-178.24733333333333
 30
0.0
 11
44799.472499999996
 21
-174.71955555555553
 31
0.0
  0
INSERT
  5
97F
330
97A
100
AcDbEntity
  8
COTAS
 62
8
100
AcDbBlockReference
  2
_OBLIQUE
 10
44762.472499999996
 20
-183.539
 30
0.0
 41
21.886333333333333
 42
21.886333333333333
  0
INSERT
  5
981
330
97A
100
AcDbEntity
  8
COTAS
 62
8
100
AcDbBlockReference
  2
_OBLIQUE
 10
44799.472499999996
 20
-183.539
 30
0.0
 41
21.886333333333333
 42
21.886333333333333
  0
LINE
  5
983
330
97A
100
AcDbEntity
  8
0
 62
8
370
15
100
AcDbLine
 10
44762.472499999996
 20
-183.539
 30
0.0
 11
44799.472499999996
 21
-183.539
 31
0.0
  0
MTEXT
  5
984
330
97A
100
AcDbEntity
  8
COTAS
 62
250
100
AcDbMText
 10
44780.972499999996
 20
-168.39499999999998
 30
0.0
 40
18.288
 71
5
  1
37
  7
ESTANDAR
  0
POINT
  5
985
330
97A
100
AcDbEntity
  8
Defpoints
100
AcDbPoint
 10
44762.472499999996
 20
-183.539
 30
0.0
  0
POINT
  5
986
330
97A
100
AcDbEntity
  8
Defpoints
100
AcDbPoint
 10
44762.472499999996
 20
-183.539
 30
0.0
  0
POINT
  5
987
330
97A
100
AcDbEntity
  8
Defpoints
100
AcDbPoint
 10
44799.472499999996
 20
-183.539
 30
0.0
  0
ENDBLK
  5
97C
330
97A
100
AcDbEntity
  8
0
100
AcDbBlockEnd
  0
BLOCK
  5
99E
330
99D
100
AcDbEntity
  8
0
100
AcDbBlockBegin
  2
*D72
 70
1
 10
0.0
 20
0.0
 30
0.0
  3
*D72
  1

  0
LINE
  5
9A0
330
99D
100
AcDbEntity
  8
0
 62
8
370
13
100
AcDbLine
 10
45479.9275
 20
-142.59583333333333
 30
0.0
 11
45479.9275
 21
-194.35972222222222
 31
0.0
  0
LINE
  5
9A1
330
99D
100
AcDbEntity
  8
0
 62
8
370
13
100
AcDbLine
 10
45919.9275
 20
-142.59583333333333
 30
0.0
 11
45919.9275
 21
-194.35972222222222
 31
0.0
  0
INSERT
  5
9A2
330
99D
100
AcDbEntity
  8
COTAS
 62
8
100
AcDbBlockReference
  2
_OBLIQUE
 10
45479.9275
 20
-189.95
 30
0.0
 41
10.943166666666666
 42
10.943166666666666
  0
INSERT
  5
9A4
330
99D
100
AcDbEntity
  8
COTAS
 62
8
100
AcDbBlockReference
  2
_OBLIQUE
 10
45919.9275
 20
-189.95
 30
0.0
 41
10.943166666666666
 42
10.943166666666666
  0
LINE
  5
9A6
330
99D
100
AcDbEntity
  8
0
 62
8
370
15
100
AcDbLine
 10
45479.9275
 20
-189.95
 30
0.0
 11
45919.9275
 21
-189.95
 31
0.0
  0
MTEXT
  5
9A7
330
99D
100
AcDbEntity
  8
COTAS
 62
250
100
AcDbMText
 10
45699.9275
 20
-182.378
 30
0.0
 40
9.144
 71
5
  1
L = 440
  7
ESTANDAR
  0
POINT
  5
9A8
330
99D
100
AcDbEntity
  8
Defpoints
100
AcDbPoint
 10
45479.9275
 20
-189.95
 30
0.0
  0
POINT
  5
9A9
330
99D
100
AcDbEntity
  8
Defpoints
100
AcDbPoint
 10
45479.9275
 20
-139.95
 30
0.0
  0
POINT
  5
9AA
330
99D
100
AcDbEntity
  8
Defpoints
100
AcDbPoint
 10
45919.9275
 20
-139.95
 30
0.0
  0
ENDBLK
  5
99F
330
99D
100
AcDbEntity
  8
0
100
AcDbBlockEnd
  0
BLOCK
  5
9AC
330
9AB
100
AcDbEntity
  8
0
100
AcDbBlockBegin
  2
*D73
 70
1
 10
0.0
 20
0.0
 30
0.0
  3
*D73
  1

  0
LINE
  5
9AE
330
9AB
100
AcDbEntity
  8
0
 62
8
370
13
100
AcDbLine
 10
45549.9275
 20
-32.30416666666665
 30
0.0
 11
45549.9275
 21
-30.540277777777767
 31
0.0
  0
LINE
  5
9AF
330
9AB
100
AcDbEntity
  8
0
 62
8
370
13
100
AcDbLine
 10
45849.9275
 20
-32.30416666666665
 30
0.0
 11
45849.9275
 21
-30.540277777777767
 31
0.0
  0
INSERT
  5
9B0
330
9AB
100
AcDbEntity
  8
COTAS
 62
8
100
AcDbBlockReference
  2
_OBLIQUE
 10
45549.9275
 20
-34.94999999999999
 30
0.0
 41
10.943166666666666
 42
10.943166666666666
  0
INSERT
  5
9B2
330
9AB
100
AcDbEntity
  8
COTAS
 62
8
100
AcDbBlockReference
  2
_OBLIQUE
 10
45849.9275
 20
-34.94999999999999
 30
0.0
 41
10.943166666666666
 42
10.943166666666666
  0
LINE
  5
9B4
330
9AB
100
AcDbEntity
  8
0
 62
8
370
15
100
AcDbLine
 10
45549.9275
 20
-34.94999999999999
 30
0.0
 11
45849.9275
 21
-34.94999999999999
 31
0.0
  0
MTEXT
  5
9B5
330
9AB
100
AcDbEntity
  8
COTAS
 62
250
100
AcDbMText
 10
45699.9275
 20
-27.37799999999999
 30
0.0
 40
9.144
 71
5
  1
300 (viga)
  7
ESTANDAR
  0
POINT
  5
9B6
330
9AB
100
AcDbEntity
  8
Defpoints
100
AcDbPoint
 10
45549.9275
 20
-34.94999999999999
 30
0.0
  0
POINT
  5
9B7
330
9AB
100
AcDbEntity
  8
Defpoints
100
AcDbPoint
 10
45549.9275
 20
-34.94999999999999
 30
0.0
  0
POINT
  5
9B8
330
9AB
100
AcDbEntity
  8
Defpoints
100
AcDbPoint
 10
45849.9275
 20
-34.94999999999999
 30
0.0
  0
ENDBLK
  5
9AD
330
9AB
100
AcDbEntity
  8
0
100
AcDbBlockEnd
  0
BLOCK
  5
9C4
330
9C3
100
AcDbEntity
  8
0
100
AcDbBlockBegin
  2
*D74
 70
1
 10
0.0
 20
0.0
 30
0.0
  3
*D74
  1

  0
LINE
  5
9C6
330
9C3
100
AcDbEntity
  8
0
 62
8
370
13
100
AcDbLine
 10
46059.692500000005
 20
-69.63833333333334
 30
0.0
 11
46059.692500000005
 21
-85.34388888888888
 31
0.0
  0
LINE
  5
9C7
330
9C3
100
AcDbEntity
  8
0
 62
8
370
13
100
AcDbLine
 10
46109.692500000005
 20
-69.63833333333334
 30
0.0
 11
46109.692500000005
 21
-85.34388888888888
 31
0.0
  0
INSERT
  5
9C8
330
9C3
100
AcDbEntity
  8
COTAS
 62
8
100
AcDbBlockReference
  2
_OBLIQUE
 10
46059.692500000005
 20
-83.58
 30
0.0
 41
4.377266666666666
 42
4.377266666666666
  0
INSERT
  5
9CA
330
9C3
100
AcDbEntity
  8
COTAS
 62
8
100
AcDbBlockReference
  2
_OBLIQUE
 10
46109.692500000005
 20
-83.58
 30
0.0
 41
4.377266666666666
 42
4.377266666666666
  0
LINE
  5
9CC
330
9C3
100
AcDbEntity
  8
0
 62
8
370
15
100
AcDbLine
 10
46059.692500000005
 20
-83.58
 30
0.0
 11
46109.692500000005
 21
-83.58
 31
0.0
  0
MTEXT
  5
9CD
330
9C3
100
AcDbEntity
  8
COTAS
 62
250
100
AcDbMText
 10
46084.692500000005
 20
-80.5512
 30
0.0
 40
3.6576
 71
5
  1
50
  7
ESTANDAR
  0
POINT
  5
9CE
330
9C3
100
AcDbEntity
  8
Defpoints
100
AcDbPoint
 10
46059.692500000005
 20
-83.58
 30
0.0
  0
POINT
  5
9CF
330
9C3
100
AcDbEntity
  8
Defpoints
100
AcDbPoint
 10
46059.692500000005
 20
-68.58
 30
0.0
  0
POINT
  5
9D0
330
9C3
100
AcDbEntity
  8
Defpoints
100
AcDbPoint
 10
46109.692500000005
 20
-68.58
 30
0.0
  0
ENDBLK
  5
9C5
330
9C3
100
AcDbEntity
  8
0
100
AcDbBlockEnd
  0
BLOCK
  5
9D2
330
9D1
100
AcDbEntity
  8
0
100
AcDbBlockBegin
  2
*D75
 70
1
 10
0.0
 20
0.0
 30
0.0
  3
*D75
  1

  0
LINE
  5
9D4
330
9D1
100
AcDbEntity
  8
0
 62
8
370
13
100
AcDbLine
 10
46110.75083333334
 20
-68.58
 30
0.0
 11
46126.456388888895
 21
-68.58
 31
0.0
  0
LINE
  5
9D5
330
9D1
100
AcDbEntity
  8
0
 62
8
370
13
100
AcDbLine
 10
46110.75083333334
 20
-18.58
 30
0.0
 11
46126.456388888895
 21
-18.58
 31
0.0
  0
INSERT
  5
9D6
330
9D1
100
AcDbEntity
  8
COTAS
 62
8
100
AcDbBlockReference
  2
_OBLIQUE
 10
46124.692500000005
 20
-68.58
 30
0.0
 41
4.377266666666666
 42
4.377266666666666
 50
90.0
  0
INSERT
  5
9D8
330
9D1
100
AcDbEntity
  8
COTAS
 62
8
100
AcDbBlockReference
  2
_OBLIQUE
 10
46124.692500000005
 20
-18.58
 30
0.0
 41
4.377266666666666
 42
4.377266666666666
 50
90.0
  0
LINE
  5
9DA
330
9D1
100
AcDbEntity
  8
0
 62
8
370
15
100
AcDbLine
 10
46124.692500000005
 20
-68.58
 30
0.0
 11
46124.692500000005
 21
-18.58
 31
0.0
  0
MTEXT
  5
9DB
330
9D1
100
AcDbEntity
  8
COTAS
 62
250
100
AcDbMText
 10
46121.663700000005
 20
-43.58
 30
0.0
 40
3.6576
 71
5
  1
50
  7
ESTANDAR
 50
90.0
  0
POINT
  5
9DC
330
9D1
100
AcDbEntity
  8
Defpoints
100
AcDbPoint
 10
46124.692500000005
 20
-68.58
 30
0.0
  0
POINT
  5
9DD
330
9D1
100
AcDbEntity
  8
Defpoints
100
AcDbPoint
 10
46109.692500000005
 20
-68.58
 30
0.0
  0
POINT
  5
9DE
330
9D1
100
AcDbEntity
  8
Defpoints
100
AcDbPoint
 10
46109.692500000005
 20
-18.58
 30
0.0
  0
ENDBLK
  5
9D3
330
9D1
100
AcDbEntity
  8
0
100
AcDbBlockEnd
  0
BLOCK
  5
9F1
330
9F0
100
AcDbEntity
  8
0
100
AcDbBlockBegin
  2
*D76
 70
1
 10
0.0
 20
0.0
 30
0.0
  3
*D76
  1

  0
LINE
  5
9F3
330
9F0
100
AcDbEntity
  8
0
 62
8
370
13
100
AcDbLine
 10
46248.6465
 20
-410.2916666666667
 30
0.0
 11
46248.6465
 21
-443.81944444444446
 31
0.0
  0
LINE
  5
9F4
330
9F0
100
AcDbEntity
  8
0
 62
8
370
13
100
AcDbLine
 10
46388.6465
 20
-410.2916666666667
 30
0.0
 11
46388.6465
 21
-443.81944444444446
 31
0.0
  0
INSERT
  5
9F5
330
9F0
100
AcDbEntity
  8
COTAS
 62
8
100
AcDbBlockReference
  2
_OBLIQUE
 10
46248.6465
 20
-435.0
 30
0.0
 41
21.886333333333333
 42
21.886333333333333
  0
INSERT
  5
9F7
330
9F0
100
AcDbEntity
  8
COTAS
 62
8
100
AcDbBlockReference
  2
_OBLIQUE
 10
46388.6465
 20
-435.0
 30
0.0
 41
21.886333333333333
 42
21.886333333333333
  0
LINE
  5
9F9
330
9F0
100
AcDbEntity
  8
0
 62
8
370
15
100
AcDbLine
 10
46248.6465
 20
-435.0
 30
0.0
 11
46388.6465
 21
-435.0
 31
0.0
  0
MTEXT
  5
9FA
330
9F0
100
AcDbEntity
  8
COTAS
 62
250
100
AcDbMText
 10
46318.6465
 20
-419.856
 30
0.0
 40
18.288
 71
5
  1
140
  7
ESTANDAR
  0
POINT
  5
9FB
330
9F0
100
AcDbEntity
  8
Defpoints
100
AcDbPoint
 10
46248.6465
 20
-435.0
 30
0.0
  0
POINT
  5
9FC
330
9F0
100
AcDbEntity
  8
Defpoints
100
AcDbPoint
 10
46248.6465
 20
-405.0
 30
0.0
  0
POINT
  5
9FD
330
9F0
100
AcDbEntity
  8
Defpoints
100
AcDbPoint
 10
46388.6465
 20
-405.0
 30
0.0
  0
ENDBLK
  5
9F2
330
9F0
100
AcDbEntity
  8
0
100
AcDbBlockEnd
  0
BLOCK
  5
9FF
330
9FE
100
AcDbEntity
  8
0
100
AcDbBlockBegin
  2
*D77
 70
1
 10
0.0
 20
0.0
 30
0.0
  3
*D77
  1

  0
LINE
  5
A01
330
9FE
100
AcDbEntity
  8
0
 62
8
370
13
100
AcDbLine
 10
46278.6465
 20
-139.70833333333334
 30
0.0
 11
46278.6465
 21
-106.18055555555556
 31
0.0
  0
LINE
  5
A02
330
9FE
100
AcDbEntity
  8
0
 62
8
370
13
100
AcDbLine
 10
46358.6465
 20
-139.70833333333334
 30
0.0
 11
46358.6465
 21
-106.18055555555556
 31
0.0
  0
INSERT
  5
A03
330
9FE
100
AcDbEntity
  8
COTAS
 62
8
100
AcDbBlockReference
  2
_OBLIQUE
 10
46278.6465
 20
-115.0
 30
0.0
 41
21.886333333333333
 42
21.886333333333333
  0
INSERT
  5
A05
330
9FE
100
AcDbEntity
  8
COTAS
 62
8
100
AcDbBlockReference
  2
_OBLIQUE
 10
46358.6465
 20
-115.0
 30
0.0
 41
21.886333333333333
 42
21.886333333333333
  0
LINE
  5
A07
330
9FE
100
AcDbEntity
  8
0
 62
8
370
15
100
AcDbLine
 10
46278.6465
 20
-115.0
 30
0.0
 11
46358.6465
 21
-115.0
 31
0.0
  0
MTEXT
  5
A08
330
9FE
100
AcDbEntity
  8
COTAS
 62
250
100
AcDbMText
 10
46318.6465
 20
-99.856
 30
0.0
 40
18.288
 71
5
  1
80
  7
ESTANDAR
  0
POINT
  5
A09
330
9FE
100
AcDbEntity
  8
Defpoints
100
AcDbPoint
 10
46278.6465
 20
-115.0
 30
0.0
  0
POINT
  5
A0A
330
9FE
100
AcDbEntity
  8
Defpoints
100
AcDbPoint
 10
46278.6465
 20
-145.0
 30
0.0
  0
POINT
  5
A0B
330
9FE
100
AcDbEntity
  8
Defpoints
100
AcDbPoint
 10
46358.6465
 20
-145.0
 30
0.0
  0
ENDBLK
  5
A00
330
9FE
100
AcDbEntity
  8
0
100
AcDbBlockEnd
  0
BLOCK
  5
A0D
330
A0C
100
AcDbEntity
  8
0
100
AcDbBlockBegin
  2
*D78
 70
1
 10
0.0
 20
0.0
 30
0.0
  3
*D78
  1

  0
LINE
  5
A0F
330
A0C
100
AcDbEntity
  8
0
 62
8
370
13
100
AcDbLine
 10
46393.93816666667
 20
-145.0
 30
0.0
 11
46427.46594444445
 21
-145.0
 31
0.0
  0
LINE
  5
A10
330
A0C
100
AcDbEntity
  8
0
 62
8
370
13
100
AcDbLine
 10
46393.93816666667
 20
-187.0
 30
0.0
 11
46427.46594444445
 21
-187.0
 31
0.0
  0
INSERT
  5
A11
330
A0C
100
AcDbEntity
  8
COTAS
 62
8
100
AcDbBlockReference
  2
_OBLIQUE
 10
46418.6465
 20
-145.0
 30
0.0
 41
21.886333333333333
 42
21.886333333333333
 50
-90.0
  0
INSERT
  5
A13
330
A0C
100
AcDbEntity
  8
COTAS
 62
8
100
AcDbBlockReference
  2
_OBLIQUE
 10
46418.6465
 20
-187.0
 30
0.0
 41
21.886333333333333
 42
21.886333333333333
 50
-90.0
  0
LINE
  5
A15
330
A0C
100
AcDbEntity
  8
0
 62
8
370
15
100
AcDbLine
 10
46418.6465
 20
-145.0
 30
0.0
 11
46418.6465
 21
-187.0
 31
0.0
  0
MTEXT
  5
A16
330
A0C
100
AcDbEntity
  8
COTAS
 62
250
100
AcDbMText
 10
46433.7905
 20
-166.0
 30
0.0
 40
18.288
 71
5
  1
42
  7
ESTANDAR
 50
-90.0
  0
POINT
  5
A17
330
A0C
100
AcDbEntity
  8
Defpoints
100
AcDbPoint
 10
46418.6465
 20
-145.0
 30
0.0
  0
POINT
  5
A18
330
A0C
100
AcDbEntity
  8
Defpoints
100
AcDbPoint
 10
46388.6465
 20
-145.0
 30
0.0
  0
POINT
  5
A19
330
A0C
100
AcDbEntity
  8
Defpoints
100
AcDbPoint
 10
46388.6465
 20
-187.0
 30
0.0
  0
ENDBLK
  5
A0E
330
A0C
100
AcDbEntity
  8
0
100
AcDbBlockEnd
  0
BLOCK
  5
A1B
330
A1A
100
AcDbEntity
  8
0
100
AcDbBlockBegin
  2
*D79
 70
1
 10
0.0
 20
0.0
 30
0.0
  3
*D79
  1

  0
LINE
  5
A1D
330
A1A
100
AcDbEntity
  8
0
 62
8
370
13
100
AcDbLine
 10
46393.93816666667
 20
-187.0
 30
0.0
 11
46427.46594444445
 21
-187.0
 31
0.0
  0
LINE
  5
A1E
330
A1A
100
AcDbEntity
  8
0
 62
8
370
13
100
AcDbLine
 10
46393.93816666667
 20
-343.0
 30
0.0
 11
46427.46594444445
 21
-343.0
 31
0.0
  0
INSERT
  5
A1F
330
A1A
100
AcDbEntity
  8
COTAS
 62
8
100
AcDbBlockReference
  2
_OBLIQUE
 10
46418.6465
 20
-187.0
 30
0.0
 41
21.886333333333333
 42
21.886333333333333
 50
-90.0
  0
INSERT
  5
A21
330
A1A
100
AcDbEntity
  8
COTAS
 62
8
100
AcDbBlockReference
  2
_OBLIQUE
 10
46418.6465
 20
-343.0
 30
0.0
 41
21.886333333333333
 42
21.886333333333333
 50
-90.0
  0
LINE
  5
A23
330
A1A
100
AcDbEntity
  8
0
 62
8
370
15
100
AcDbLine
 10
46418.6465
 20
-187.0
 30
0.0
 11
46418.6465
 21
-343.0
 31
0.0
  0
MTEXT
  5
A24
330
A1A
100
AcDbEntity
  8
COTAS
 62
250
100
AcDbMText
 10
46433.7905
 20
-265.0
 30
0.0
 40
18.288
 71
5
  1
156
  7
ESTANDAR
 50
-90.0
  0
POINT
  5
A25
330
A1A
100
AcDbEntity
  8
Defpoints
100
AcDbPoint
 10
46418.6465
 20
-187.0
 30
0.0
  0
POINT
  5
A26
330
A1A
100
AcDbEntity
  8
Defpoints
100
AcDbPoint
 10
46388.6465
 20
-187.0
 30
0.0
  0
POINT
  5
A27
330
A1A
100
AcDbEntity
  8
Defpoints
100
AcDbPoint
 10
46388.6465
 20
-343.0
 30
0.0
  0
ENDBLK
  5
A1C
330
A1A
100
AcDbEntity
  8
0
100
AcDbBlockEnd
  0
BLOCK
  5
A29
330
A28
100
AcDbEntity
  8
0
100
AcDbBlockBegin
  2
*D80
 70
1
 10
0.0
 20
0.0
 30
0.0
  3
*D80
  1

  0
LINE
  5
A2B
330
A28
100
AcDbEntity
  8
0
 62
8
370
13
100
AcDbLine
 10
46393.93816666667
 20
-343.0
 30
0.0
 11
46427.46594444445
 21
-343.0
 31
0.0
  0
LINE
  5
A2C
330
A28
100
AcDbEntity
  8
0
 62
8
370
13
100
AcDbLine
 10
46393.93816666667
 20
-405.0
 30
0.0
 11
46427.46594444445
 21
-405.0
 31
0.0
  0
INSERT
  5
A2D
330
A28
100
AcDbEntity
  8
COTAS
 62
8
100
AcDbBlockReference
  2
_OBLIQUE
 10
46418.6465
 20
-343.0
 30
0.0
 41
21.886333333333333
 42
21.886333333333333
 50
-90.0
  0
INSERT
  5
A2F
330
A28
100
AcDbEntity
  8
COTAS
 62
8
100
AcDbBlockReference
  2
_OBLIQUE
 10
46418.6465
 20
-405.0
 30
0.0
 41
21.886333333333333
 42
21.886333333333333
 50
-90.0
  0
LINE
  5
A31
330
A28
100
AcDbEntity
  8
0
 62
8
370
15
100
AcDbLine
 10
46418.6465
 20
-343.0
 30
0.0
 11
46418.6465
 21
-405.0
 31
0.0
  0
MTEXT
  5
A32
330
A28
100
AcDbEntity
  8
COTAS
 62
250
100
AcDbMText
 10
46433.7905
 20
-374.0
 30
0.0
 40
18.288
 71
5
  1
62
  7
ESTANDAR
 50
-90.0
  0
POINT
  5
A33
330
A28
100
AcDbEntity
  8
Defpoints
100
AcDbPoint
 10
46418.6465
 20
-343.0
 30
0.0
  0
POINT
  5
A34
330
A28
100
AcDbEntity
  8
Defpoints
100
AcDbPoint
 10
46388.6465
 20
-343.0
 30
0.0
  0
POINT
  5
A35
330
A28
100
AcDbEntity
  8
Defpoints
100
AcDbPoint
 10
46388.6465
 20
-405.0
 30
0.0
  0
ENDBLK
  5
A2A
330
A28
100
AcDbEntity
  8
0
100
AcDbBlockEnd
  0
BLOCK
  5
A48
330
A47
100
AcDbEntity
  8
0
100
AcDbBlockBegin
  2
*D81
 70
1
 10
0.0
 20
0.0
 30
0.0
  3
*D81
  1

  0
LINE
  5
A4A
330
A47
100
AcDbEntity
  8
0
 62
8
370
13
100
AcDbLine
 10
46667.411499999995
 20
-390.2916666666667
 30
0.0
 11
46667.411499999995
 21
-423.81944444444446
 31
0.0
  0
LINE
  5
A4B
330
A47
100
AcDbEntity
  8
0
 62
8
370
13
100
AcDbLine
 10
46807.411499999995
 20
-390.2916666666667
 30
0.0
 11
46807.411499999995
 21
-423.81944444444446
 31
0.0
  0
INSERT
  5
A4C
330
A47
100
AcDbEntity
  8
COTAS
 62
8
100
AcDbBlockReference
  2
_OBLIQUE
 10
46667.411499999995
 20
-415.0
 30
0.0
 41
21.886333333333333
 42
21.886333333333333
  0
INSERT
  5
A4E
330
A47
100
AcDbEntity
  8
COTAS
 62
8
100
AcDbBlockReference
  2
_OBLIQUE
 10
46807.411499999995
 20
-415.0
 30
0.0
 41
21.886333333333333
 42
21.886333333333333
  0
LINE
  5
A50
330
A47
100
AcDbEntity
  8
0
 62
8
370
15
100
AcDbLine
 10
46667.411499999995
 20
-415.0
 30
0.0
 11
46807.411499999995
 21
-415.0
 31
0.0
  0
MTEXT
  5
A51
330
A47
100
AcDbEntity
  8
COTAS
 62
250
100
AcDbMText
 10
46737.411499999995
 20
-399.856
 30
0.0
 40
18.288
 71
5
  1
140
  7
ESTANDAR
  0
POINT
  5
A52
330
A47
100
AcDbEntity
  8
Defpoints
100
AcDbPoint
 10
46667.411499999995
 20
-415.0
 30
0.0
  0
POINT
  5
A53
330
A47
100
AcDbEntity
  8
Defpoints
100
AcDbPoint
 10
46667.411499999995
 20
-385.0
 30
0.0
  0
POINT
  5
A54
330
A47
100
AcDbEntity
  8
Defpoints
100
AcDbPoint
 10
46807.411499999995
 20
-385.0
 30
0.0
  0
ENDBLK
  5
A49
330
A47
100
AcDbEntity
  8
0
100
AcDbBlockEnd
  0
BLOCK
  5
A56
330
A55
100
AcDbEntity
  8
0
100
AcDbBlockBegin
  2
*D82
 70
1
 10
0.0
 20
0.0
 30
0.0
  3
*D82
  1

  0
LINE
  5
A58
330
A55
100
AcDbEntity
  8
0
 62
8
370
13
100
AcDbLine
 10
46709.911499999995
 20
-159.70833333333334
 30
0.0
 11
46709.911499999995
 21
-126.18055555555556
 31
0.0
  0
LINE
  5
A59
330
A55
100
AcDbEntity
  8
0
 62
8
370
13
100
AcDbLine
 10
46764.911499999995
 20
-159.70833333333334
 30
0.0
 11
46764.911499999995
 21
-126.18055555555556
 31
0.0
  0
INSERT
  5
A5A
330
A55
100
AcDbEntity
  8
COTAS
 62
8
100
AcDbBlockReference
  2
_OBLIQUE
 10
46709.911499999995
 20
-135.0
 30
0.0
 41
21.886333333333333
 42
21.886333333333333
  0
INSERT
  5
A5C
330
A55
100
AcDbEntity
  8
COTAS
 62
8
100
AcDbBlockReference
  2
_OBLIQUE
 10
46764.911499999995
 20
-135.0
 30
0.0
 41
21.886333333333333
 42
21.886333333333333
  0
LINE
  5
A5E
330
A55
100
AcDbEntity
  8
0
 62
8
370
15
100
AcDbLine
 10
46709.911499999995
 20
-135.0
 30
0.0
 11
46764.911499999995
 21
-135.0
 31
0.0
  0
MTEXT
  5
A5F
330
A55
100
AcDbEntity
  8
COTAS
 62
250
100
AcDbMText
 10
46737.411499999995
 20
-119.856
 30
0.0
 40
18.288
 71
5
  1
55
  7
ESTANDAR
  0
POINT
  5
A60
330
A55
100
AcDbEntity
  8
Defpoints
100
AcDbPoint
 10
46709.911499999995
 20
-135.0
 30
0.0
  0
POINT
  5
A61
330
A55
100
AcDbEntity
  8
Defpoints
100
AcDbPoint
 10
46709.911499999995
 20
-165.0
 30
0.0
  0
POINT
  5
A62
330
A55
100
AcDbEntity
  8
Defpoints
100
AcDbPoint
 10
46764.911499999995
 20
-165.0
 30
0.0
  0
ENDBLK
  5
A57
330
A55
100
AcDbEntity
  8
0
100
AcDbBlockEnd
  0
BLOCK
  5
A64
330
A63
100
AcDbEntity
  8
0
100
AcDbBlockBegin
  2
*D83
 70
1
 10
0.0
 20
0.0
 30
0.0
  3
*D83
  1

  0
LINE
  5
A66
330
A63
100
AcDbEntity
  8
0
 62
8
370
13
100
AcDbLine
 10
46812.70316666666
 20
-165.0
 30
0.0
 11
46846.23094444444
 21
-165.0
 31
0.0
  0
LINE
  5
A67
330
A63
100
AcDbEntity
  8
0
 62
8
370
13
100
AcDbLine
 10
46812.70316666666
 20
-207.0
 30
0.0
 11
46846.23094444444
 21
-207.0
 31
0.0
  0
INSERT
  5
A68
330
A63
100
AcDbEntity
  8
COTAS
 62
8
100
AcDbBlockReference
  2
_OBLIQUE
 10
46837.411499999995
 20
-165.0
 30
0.0
 41
21.886333333333333
 42
21.886333333333333
 50
-90.0
  0
INSERT
  5
A6A
330
A63
100
AcDbEntity
  8
COTAS
 62
8
100
AcDbBlockReference
  2
_OBLIQUE
 10
46837.411499999995
 20
-207.0
 30
0.0
 41
21.886333333333333
 42
21.886333333333333
 50
-90.0
  0
LINE
  5
A6C
330
A63
100
AcDbEntity
  8
0
 62
8
370
15
100
AcDbLine
 10
46837.411499999995
 20
-165.0
 30
0.0
 11
46837.411499999995
 21
-207.0
 31
0.0
  0
MTEXT
  5
A6D
330
A63
100
AcDbEntity
  8
COTAS
 62
250
100
AcDbMText
 10
46852.555499999995
 20
-186.0
 30
0.0
 40
18.288
 71
5
  1
42
  7
ESTANDAR
 50
-90.0
  0
POINT
  5
A6E
330
A63
100
AcDbEntity
  8
Defpoints
100
AcDbPoint
 10
46837.411499999995
 20
-165.0
 30
0.0
  0
POINT
  5
A6F
330
A63
100
AcDbEntity
  8
Defpoints
100
AcDbPoint
 10
46807.411499999995
 20
-165.0
 30
0.0
  0
POINT
  5
A70
330
A63
100
AcDbEntity
  8
Defpoints
100
AcDbPoint
 10
46807.411499999995
 20
-207.0
 30
0.0
  0
ENDBLK
  5
A65
330
A63
100
AcDbEntity
  8
0
100
AcDbBlockEnd
  0
BLOCK
  5
A72
330
A71
100
AcDbEntity
  8
0
100
AcDbBlockBegin
  2
*D84
 70
1
 10
0.0
 20
0.0
 30
0.0
  3
*D84
  1

  0
LINE
  5
A74
330
A71
100
AcDbEntity
  8
0
 62
8
370
13
100
AcDbLine
 10
46812.70316666666
 20
-207.0
 30
0.0
 11
46846.23094444444
 21
-207.0
 31
0.0
  0
LINE
  5
A75
330
A71
100
AcDbEntity
  8
0
 62
8
370
13
100
AcDbLine
 10
46812.70316666666
 20
-315.0
 30
0.0
 11
46846.23094444444
 21
-315.0
 31
0.0
  0
INSERT
  5
A76
330
A71
100
AcDbEntity
  8
COTAS
 62
8
100
AcDbBlockReference
  2
_OBLIQUE
 10
46837.411499999995
 20
-207.0
 30
0.0
 41
21.886333333333333
 42
21.886333333333333
 50
-90.0
  0
INSERT
  5
A78
330
A71
100
AcDbEntity
  8
COTAS
 62
8
100
AcDbBlockReference
  2
_OBLIQUE
 10
46837.411499999995
 20
-315.0
 30
0.0
 41
21.886333333333333
 42
21.886333333333333
 50
-90.0
  0
LINE
  5
A7A
330
A71
100
AcDbEntity
  8
0
 62
8
370
15
100
AcDbLine
 10
46837.411499999995
 20
-207.0
 30
0.0
 11
46837.411499999995
 21
-315.0
 31
0.0
  0
MTEXT
  5
A7B
330
A71
100
AcDbEntity
  8
COTAS
 62
250
100
AcDbMText
 10
46852.555499999995
 20
-261.0
 30
0.0
 40
18.288
 71
5
  1
108
  7
ESTANDAR
 50
-90.0
  0
POINT
  5
A7C
330
A71
100
AcDbEntity
  8
Defpoints
100
AcDbPoint
 10
46837.411499999995
 20
-207.0
 30
0.0
  0
POINT
  5
A7D
330
A71
100
AcDbEntity
  8
Defpoints
100
AcDbPoint
 10
46807.411499999995
 20
-207.0
 30
0.0
  0
POINT
  5
A7E
330
A71
100
AcDbEntity
  8
Defpoints
100
AcDbPoint
 10
46807.411499999995
 20
-315.0
 30
0.0
  0
ENDBLK
  5
A73
330
A71
100
AcDbEntity
  8
0
100
AcDbBlockEnd
  0
BLOCK
  5
A80
330
A7F
100
AcDbEntity
  8
0
100
AcDbBlockBegin
  2
*D85
 70
1
 10
0.0
 20
0.0
 30
0.0
  3
*D85
  1

  0
LINE
  5
A82
330
A7F
100
AcDbEntity
  8
0
 62
8
370
13
100
AcDbLine
 10
46812.70316666666
 20
-315.0
 30
0.0
 11
46846.23094444444
 21
-315.0
 31
0.0
  0
LINE
  5
A83
330
A7F
100
AcDbEntity
  8
0
 62
8
370
13
100
AcDbLine
 10
46812.70316666666
 20
-385.0
 30
0.0
 11
46846.23094444444
 21
-385.0
 31
0.0
  0
INSERT
  5
A84
330
A7F
100
AcDbEntity
  8
COTAS
 62
8
100
AcDbBlockReference
  2
_OBLIQUE
 10
46837.411499999995
 20
-315.0
 30
0.0
 41
21.886333333333333
 42
21.886333333333333
 50
-90.0
  0
INSERT
  5
A86
330
A7F
100
AcDbEntity
  8
COTAS
 62
8
100
AcDbBlockReference
  2
_OBLIQUE
 10
46837.411499999995
 20
-385.0
 30
0.0
 41
21.886333333333333
 42
21.886333333333333
 50
-90.0
  0
LINE
  5
A88
330
A7F
100
AcDbEntity
  8
0
 62
8
370
15
100
AcDbLine
 10
46837.411499999995
 20
-315.0
 30
0.0
 11
46837.411499999995
 21
-385.0
 31
0.0
  0
MTEXT
  5
A89
330
A7F
100
AcDbEntity
  8
COTAS
 62
250
100
AcDbMText
 10
46852.555499999995
 20
-350.0
 30
0.0
 40
18.288
 71
5
  1
70
  7
ESTANDAR
 50
-90.0
  0
POINT
  5
A8A
330
A7F
100
AcDbEntity
  8
Defpoints
100
AcDbPoint
 10
46837.411499999995
 20
-315.0
 30
0.0
  0
POINT
  5
A8B
330
A7F
100
AcDbEntity
  8
Defpoints
100
AcDbPoint
 10
46807.411499999995
 20
-315.0
 30
0.0
  0
POINT
  5
A8C
330
A7F
100
AcDbEntity
  8
Defpoints
100
AcDbPoint
 10
46807.411499999995
 20
-385.0
 30
0.0
  0
ENDBLK
  5
A81
330
A7F
100
AcDbEntity
  8
0
100
AcDbBlockEnd
  0
BLOCK
  5
34
330
33
100
AcDbEntity
  8
0
100
AcDbBlockBegin
  2
*Paper_Space
 70
0
 10
0.0
 20
0.0
 30
0.0
  3
*Paper_Space
  1

  0
ENDBLK
  5
35
330
33
100
AcDbEntity
  8
0
100
AcDbBlockEnd
  0
ENDSEC
  0
SECTION
  2
ENTITIES
  0
LINE
  5
12A
330
17
100
AcDbEntity
  8
G-axis
100
AcDbLine
 10
5010.489743589744
 20
-15785.875
 30
0.0
 11
4195.2692307692305
 21
-2965.875
 31
0.0
  0
HATCH
  5
12B
330
17
100
AcDbEntity
  8
G-bubble
 62
7
420
16777215
100
AcDbHatch
 10
0.0
 20
0.0
 30
0.0
210
0.0
220
0.0
230
1.0
  2
SOLID
 70
1
 71
0
 91
1
 92
1
 93
1
 72
2
 10
5010.489743589744
 20
-16115.875
 40
330.0
 50
0.0
 51
360.0
 73
1
 97
0
 75
0
 76
1
 98
0
  0
CIRCLE
  5
12C
330
17
100
AcDbEntity
  8
G-bubble
100
AcDbCircle
 10
5010.489743589744
 20
-16115.875
 30
0.0
 40
330.0
  0
TEXT
  5
12D
330
17
100
AcDbEntity
  8
T-grid
 62
27
420
3355443
100
AcDbText
 10
5010.489743589744
 20
-16205.875
 30
0.0
 40
190.49999999999997
  1
A
  7
NEGRITA
 72
1
 11
5010.489743589744
 21
-16205.875
 31
0.0
100
AcDbText
  0
LINE
  5
12E
330
17
100
AcDbEntity
  8
G-axis
100
AcDbLine
 10
6652.5
 20
-15785.875
 30
0.0
 11
6652.5
 21
-2965.875
 31
0.0
  0
HATCH
  5
12F
330
17
100
AcDbEntity
  8
G-bubble
 62
7
420
16777215
100
AcDbHatch
 10
0.0
 20
0.0
 30
0.0
210
0.0
220
0.0
230
1.0
  2
SOLID
 70
1
 71
0
 91
1
 92
1
 93
1
 72
2
 10
6652.5
 20
-16115.875
 40
330.0
 50
0.0
 51
360.0
 73
1
 97
0
 75
0
 76
1
 98
0
  0
CIRCLE
  5
130
330
17
100
AcDbEntity
  8
G-bubble
100
AcDbCircle
 10
6652.5
 20
-16115.875
 30
0.0
 40
330.0
  0
TEXT
  5
131
330
17
100
AcDbEntity
  8
T-grid
 62
27
420
3355443
100
AcDbText
 10
6652.5
 20
-16205.875
 30
0.0
 40
190.49999999999997
  1
B
  7
NEGRITA
 72
1
 11
6652.5
 21
-16205.875
 31
0.0
100
AcDbText
  0
LINE
  5
132
330
17
100
AcDbEntity
  8
G-axis
100
AcDbLine
 10
9042.5
 20
-15785.875
 30
0.0
 11
9042.5
 21
-2965.875
 31
0.0
  0
HATCH
  5
133
330
17
100
AcDbEntity
  8
G-bubble
 62
7
420
16777215
100
AcDbHatch
 10
0.0
 20
0.0
 30
0.0
210
0.0
220
0.0
230
1.0
  2
SOLID
 70
1
 71
0
 91
1
 92
1
 93
1
 72
2
 10
9042.5
 20
-16115.875
 40
330.0
 50
0.0
 51
360.0
 73
1
 97
0
 75
0
 76
1
 98
0
  0
CIRCLE
  5
134
330
17
100
AcDbEntity
  8
G-bubble
100
AcDbCircle
 10
9042.5
 20
-16115.875
 30
0.0
 40
330.0
  0
TEXT
  5
135
330
17
100
AcDbEntity
  8
T-grid
 62
27
420
3355443
100
AcDbText
 10
9042.5
 20
-16205.875
 30
0.0
 40
190.49999999999997
  1
F
  7
NEGRITA
 72
1
 11
9042.5
 21
-16205.875
 31
0.0
100
AcDbText
  0
LINE
  5
136
330
17
100
AcDbEntity
  8
G-axis
100
AcDbLine
 10
11432.5
 20
-15785.875
 30
0.0
 11
11432.5
 21
-2965.875
 31
0.0
  0
HATCH
  5
137
330
17
100
AcDbEntity
  8
G-bubble
 62
7
420
16777215
100
AcDbHatch
 10
0.0
 20
0.0
 30
0.0
210
0.0
220
0.0
230
1.0
  2
SOLID
 70
1
 71
0
 91
1
 92
1
 93
1
 72
2
 10
11432.5
 20
-16115.875
 40
330.0
 50
0.0
 51
360.0
 73
1
 97
0
 75
0
 76
1
 98
0
  0
CIRCLE
  5
138
330
17
100
AcDbEntity
  8
G-bubble
100
AcDbCircle
 10
11432.5
 20
-16115.875
 30
0.0
 40
330.0
  0
TEXT
  5
139
330
17
100
AcDbEntity
  8
T-grid
 62
27
420
3355443
100
AcDbText
 10
11432.5
 20
-16205.875
 30
0.0
 40
190.49999999999997
  1
C
  7
NEGRITA
 72
1
 11
11432.5
 21
-16205.875
 31
0.0
100
AcDbText
  0
LINE
  5
13A
330
17
100
AcDbEntity
  8
G-axis
100
AcDbLine
 10
13822.5
 20
-15785.875
 30
0.0
 11
13822.5
 21
-2965.875
 31
0.0
  0
HATCH
  5
13B
330
17
100
AcDbEntity
  8
G-bubble
 62
7
420
16777215
100
AcDbHatch
 10
0.0
 20
0.0
 30
0.0
210
0.0
220
0.0
230
1.0
  2
SOLID
 70
1
 71
0
 91
1
 92
1
 93
1
 72
2
 10
13822.5
 20
-16115.875
 40
330.0
 50
0.0
 51
360.0
 73
1
 97
0
 75
0
 76
1
 98
0
  0
CIRCLE
  5
13C
330
17
100
AcDbEntity
  8
G-bubble
100
AcDbCircle
 10
13822.5
 20
-16115.875
 30
0.0
 40
330.0
  0
TEXT
  5
13D
330
17
100
AcDbEntity
  8
T-grid
 62
27
420
3355443
100
AcDbText
 10
13822.5
 20
-16205.875
 30
0.0
 40
190.49999999999997
  1
G
  7
NEGRITA
 72
1
 11
13822.5
 21
-16205.875
 31
0.0
100
AcDbText
  0
LINE
  5
13E
330
17
100
AcDbEntity
  8
G-axis
100
AcDbLine
 10
16212.5
 20
-15785.875
 30
0.0
 11
16212.5
 21
-2965.875
 31
0.0
  0
HATCH
  5
13F
330
17
100
AcDbEntity
  8
G-bubble
 62
7
420
16777215
100
AcDbHatch
 10
0.0
 20
0.0
 30
0.0
210
0.0
220
0.0
230
1.0
  2
SOLID
 70
1
 71
0
 91
1
 92
1
 93
1
 72
2
 10
16212.5
 20
-16115.875
 40
330.0
 50
0.0
 51
360.0
 73
1
 97
0
 75
0
 76
1
 98
0
  0
CIRCLE
  5
140
330
17
100
AcDbEntity
  8
G-bubble
100
AcDbCircle
 10
16212.5
 20
-16115.875
 30
0.0
 40
330.0
  0
TEXT
  5
141
330
17
100
AcDbEntity
  8
T-grid
 62
27
420
3355443
100
AcDbText
 10
16212.5
 20
-16205.875
 30
0.0
 40
190.49999999999997
  1
D
  7
NEGRITA
 72
1
 11
16212.5
 21
-16205.875
 31
0.0
100
AcDbText
  0
LINE
  5
142
330
17
100
AcDbEntity
  8
G-axis
100
AcDbLine
 10
17482.5
 20
-15785.875
 30
0.0
 11
17482.5
 21
-2965.875
 31
0.0
  0
HATCH
  5
143
330
17
100
AcDbEntity
  8
G-bubble
 62
7
420
16777215
100
AcDbHatch
 10
0.0
 20
0.0
 30
0.0
210
0.0
220
0.0
230
1.0
  2
SOLID
 70
1
 71
0
 91
1
 92
1
 93
1
 72
2
 10
17482.5
 20
-16115.875
 40
330.0
 50
0.0
 51
360.0
 73
1
 97
0
 75
0
 76
1
 98
0
  0
CIRCLE
  5
144
330
17
100
AcDbEntity
  8
G-bubble
100
AcDbCircle
 10
17482.5
 20
-16115.875
 30
0.0
 40
330.0
  0
TEXT
  5
145
330
17
100
AcDbEntity
  8
T-grid
 62
27
420
3355443
100
AcDbText
 10
17482.5
 20
-16205.875
 30
0.0
 40
190.49999999999997
  1
E
  7
NEGRITA
 72
1
 11
17482.5
 21
-16205.875
 31
0.0
100
AcDbText
  0
LINE
  5
146
330
17
100
AcDbEntity
  8
G-axis
100
AcDbLine
 10
3352.5
 20
-14885.875
 30
0.0
 11
18382.5
 21
-14885.875
 31
0.0
  0
HATCH
  5
147
330
17
100
AcDbEntity
  8
G-bubble
 62
7
420
16777215
100
AcDbHatch
 10
0.0
 20
0.0
 30
0.0
210
0.0
220
0.0
230
1.0
  2
SOLID
 70
1
 71
0
 91
1
 92
1
 93
1
 72
2
 10
18712.5
 20
-14885.875
 40
330.0
 50
0.0
 51
360.0
 73
1
 97
0
 75
0
 76
1
 98
0
  0
CIRCLE
  5
148
330
17
100
AcDbEntity
  8
G-bubble
100
AcDbCircle
 10
18712.5
 20
-14885.875
 30
0.0
 40
330.0
  0
TEXT
  5
149
330
17
100
AcDbEntity
  8
T-grid
 62
27
420
3355443
100
AcDbText
 10
18712.5
 20
-14975.875
 30
0.0
 40
190.49999999999997
  1
9
  7
NEGRITA
 72
1
 11
18712.5
 21
-14975.875
 31
0.0
100
AcDbText
  0
LINE
  5
14A
330
17
100
AcDbEntity
  8
G-axis
100
AcDbLine
 10
3352.5
 20
-13615.875
 30
0.0
 11
18382.5
 21
-13615.875
 31
0.0
  0
HATCH
  5
14B
330
17
100
AcDbEntity
  8
G-bubble
 62
7
420
16777215
100
AcDbHatch
 10
0.0
 20
0.0
 30
0.0
210
0.0
220
0.0
230
1.0
  2
SOLID
 70
1
 71
0
 91
1
 92
1
 93
1
 72
2
 10
18712.5
 20
-13615.875
 40
330.0
 50
0.0
 51
360.0
 73
1
 97
0
 75
0
 76
1
 98
0
  0
CIRCLE
  5
14C
330
17
100
AcDbEntity
  8
G-bubble
100
AcDbCircle
 10
18712.5
 20
-13615.875
 30
0.0
 40
330.0
  0
TEXT
  5
14D
330
17
100
AcDbEntity
  8
T-grid
 62
27
420
3355443
100
AcDbText
 10
18712.5
 20
-13705.875
 30
0.0
 40
190.49999999999997
  1
4
  7
NEGRITA
 72
1
 11
18712.5
 21
-13705.875
 31
0.0
100
AcDbText
  0
LINE
  5
14E
330
17
100
AcDbEntity
  8
G-axis
100
AcDbLine
 10
3352.5
 20
-12172.875
 30
0.0
 11
18382.5
 21
-12172.875
 31
0.0
  0
HATCH
  5
14F
330
17
100
AcDbEntity
  8
G-bubble
 62
7
420
16777215
100
AcDbHatch
 10
0.0
 20
0.0
 30
0.0
210
0.0
220
0.0
230
1.0
  2
SOLID
 70
1
 71
0
 91
1
 92
1
 93
1
 72
2
 10
18712.5
 20
-12172.875
 40
330.0
 50
0.0
 51
360.0
 73
1
 97
0
 75
0
 76
1
 98
0
  0
CIRCLE
  5
150
330
17
100
AcDbEntity
  8
G-bubble
100
AcDbCircle
 10
18712.5
 20
-12172.875
 30
0.0
 40
330.0
  0
TEXT
  5
151
330
17
100
AcDbEntity
  8
T-grid
 62
27
420
3355443
100
AcDbText
 10
18712.5
 20
-12262.875
 30
0.0
 40
190.49999999999997
  1
11
  7
NEGRITA
 72
1
 11
18712.5
 21
-12262.875
 31
0.0
100
AcDbText
  0
LINE
  5
152
330
17
100
AcDbEntity
  8
G-axis
100
AcDbLine
 10
3352.5
 20
-10728.875
 30
0.0
 11
18382.5
 21
-10728.875
 31
0.0
  0
HATCH
  5
153
330
17
100
AcDbEntity
  8
G-bubble
 62
7
420
16777215
100
AcDbHatch
 10
0.0
 20
0.0
 30
0.0
210
0.0
220
0.0
230
1.0
  2
SOLID
 70
1
 71
0
 91
1
 92
1
 93
1
 72
2
 10
18712.5
 20
-10728.875
 40
330.0
 50
0.0
 51
360.0
 73
1
 97
0
 75
0
 76
1
 98
0
  0
CIRCLE
  5
154
330
17
100
AcDbEntity
  8
G-bubble
100
AcDbCircle
 10
18712.5
 20
-10728.875
 30
0.0
 40
330.0
  0
TEXT
  5
155
330
17
100
AcDbEntity
  8
T-grid
 62
27
420
3355443
100
AcDbText
 10
18712.5
 20
-10818.875
 30
0.0
 40
190.49999999999997
  1
10
  7
NEGRITA
 72
1
 11
18712.5
 21
-10818.875
 31
0.0
100
AcDbText
  0
LINE
  5
156
330
17
100
AcDbEntity
  8
G-axis
100
AcDbLine
 10
3352.5
 20
-9285.875
 30
0.0
 11
18382.5
 21
-9285.875
 31
0.0
  0
HATCH
  5
157
330
17
100
AcDbEntity
  8
G-bubble
 62
7
420
16777215
100
AcDbHatch
 10
0.0
 20
0.0
 30
0.0
210
0.0
220
0.0
230
1.0
  2
SOLID
 70
1
 71
0
 91
1
 92
1
 93
1
 72
2
 10
18712.5
 20
-9285.875
 40
330.0
 50
0.0
 51
360.0
 73
1
 97
0
 75
0
 76
1
 98
0
  0
CIRCLE
  5
158
330
17
100
AcDbEntity
  8
G-bubble
100
AcDbCircle
 10
18712.5
 20
-9285.875
 30
0.0
 40
330.0
  0
TEXT
  5
159
330
17
100
AcDbEntity
  8
T-grid
 62
27
420
3355443
100
AcDbText
 10
18712.5
 20
-9375.875
 30
0.0
 40
190.49999999999997
  1
3
  7
NEGRITA
 72
1
 11
18712.5
 21
-9375.875
 31
0.0
100
AcDbText
  0
LINE
  5
15A
330
17
100
AcDbEntity
  8
G-axis
100
AcDbLine
 10
3352.5
 20
-7885.875
 30
0.0
 11
18382.5
 21
-7885.875
 31
0.0
  0
HATCH
  5
15B
330
17
100
AcDbEntity
  8
G-bubble
 62
7
420
16777215
100
AcDbHatch
 10
0.0
 20
0.0
 30
0.0
210
0.0
220
0.0
230
1.0
  2
SOLID
 70
1
 71
0
 91
1
 92
1
 93
1
 72
2
 10
18712.5
 20
-7885.875
 40
330.0
 50
0.0
 51
360.0
 73
1
 97
0
 75
0
 76
1
 98
0
  0
CIRCLE
  5
15C
330
17
100
AcDbEntity
  8
G-bubble
100
AcDbCircle
 10
18712.5
 20
-7885.875
 30
0.0
 40
330.0
  0
TEXT
  5
15D
330
17
100
AcDbEntity
  8
T-grid
 62
27
420
3355443
100
AcDbText
 10
18712.5
 20
-7975.875
 30
0.0
 40
190.49999999999997
  1
2
  7
NEGRITA
 72
1
 11
18712.5
 21
-7975.875
 31
0.0
100
AcDbText
  0
LINE
  5
15E
330
17
100
AcDbEntity
  8
G-axis
100
AcDbLine
 10
3352.5
 20
-3865.875
 30
0.0
 11
18382.5
 21
-3865.875
 31
0.0
  0
HATCH
  5
15F
330
17
100
AcDbEntity
  8
G-bubble
 62
7
420
16777215
100
AcDbHatch
 10
0.0
 20
0.0
 30
0.0
210
0.0
220
0.0
230
1.0
  2
SOLID
 70
1
 71
0
 91
1
 92
1
 93
1
 72
2
 10
18712.5
 20
-3865.875
 40
330.0
 50
0.0
 51
360.0
 73
1
 97
0
 75
0
 76
1
 98
0
  0
CIRCLE
  5
160
330
17
100
AcDbEntity
  8
G-bubble
100
AcDbCircle
 10
18712.5
 20
-3865.875
 30
0.0
 40
330.0
  0
TEXT
  5
161
330
17
100
AcDbEntity
  8
T-grid
 62
27
420
3355443
100
AcDbText
 10
18712.5
 20
-3955.875
 30
0.0
 40
190.49999999999997
  1
1
  7
NEGRITA
 72
1
 11
18712.5
 21
-3955.875
 31
0.0
100
AcDbText
  0
HATCH
  5
162
330
17
100
AcDbEntity
  8
G-beam
 62
7
420
15984595
100
AcDbHatch
 10
0.0
 20
0.0
 30
0.0
210
0.0
220
0.0
230
1.0
  2
SOLID
 70
1
 71
0
 91
1
 92
3
 72
0
 73
1
 93
4
 10
4872.5
 20
-13765.875
 10
16212.5
 20
-13765.875
 10
16212.5
 20
-13465.875
 10
4872.5
 20
-13465.875
 97
0
 75
0
 76
1
 98
0
  0
LWPOLYLINE
  5
163
330
17
100
AcDbEntity
  8
G-beam
100
AcDbPolyline
 90
4
 70
1
 10
4872.5
 20
-13765.875
 10
16212.5
 20
-13765.875
 10
16212.5
 20
-13465.875
 10
4872.5
 20
-13465.875
  0
HATCH
  5
164
330
17
100
AcDbEntity
  8
G-beam
 62
7
420
15984595
100
AcDbHatch
 10
0.0
 20
0.0
 30
0.0
210
0.0
220
0.0
230
1.0
  2
SOLID
 70
1
 71
0
 91
1
 92
3
 72
0
 73
1
 93
4
 10
4597.15641025641
 20
-9435.875
 10
16212.5
 20
-9435.875
 10
16212.5
 20
-9135.875
 10
4597.15641025641
 20
-9135.875
 97
0
 75
0
 76
1
 98
0
  0
LWPOLYLINE
  5
165
330
17
100
AcDbEntity
  8
G-beam
100
AcDbPolyline
 90
4
 70
1
 10
4597.15641025641
 20
-9435.875
 10
16212.5
 20
-9435.875
 10
16212.5
 20
-9135.875
 10
4597.15641025641
 20
-9135.875
  0
HATCH
  5
166
330
17
100
AcDbEntity
  8
G-beam
 62
7
420
15984595
100
AcDbHatch
 10
0.0
 20
0.0
 30
0.0
210
0.0
220
0.0
230
1.0
  2
SOLID
 70
1
 71
0
 91
1
 92
3
 72
0
 73
1
 93
4
 10
4508.130769230769
 20
-8035.875
 10
16212.5
 20
-8035.875
 10
16212.5
 20
-7735.875
 10
4508.130769230769
 20
-7735.875
 97
0
 75
0
 76
1
 98
0
  0
LWPOLYLINE
  5
167
330
17
100
AcDbEntity
  8
G-beam
100
AcDbPolyline
 90
4
 70
1
 10
4508.130769230769
 20
-8035.875
 10
16212.5
 20
-8035.875
 10
16212.5
 20
-7735.875
 10
4508.130769230769
 20
-7735.875
  0
HATCH
  5
168
330
17
100
AcDbEntity
  8
G-beam
 62
7
420
15984595
100
AcDbHatch
 10
0.0
 20
0.0
 30
0.0
210
0.0
220
0.0
230
1.0
  2
SOLID
 70
1
 71
0
 91
1
 92
3
 72
0
 73
1
 93
4
 10
4252.5
 20
-4015.875
 10
16212.5
 20
-4015.875
 10
16212.5
 20
-3715.875
 10
4252.5
 20
-3715.875
 97
0
 75
0
 76
1
 98
0
  0
LWPOLYLINE
  5
169
330
17
100
AcDbEntity
  8
G-beam
100
AcDbPolyline
 90
4
 70
1
 10
4252.5
 20
-4015.875
 10
16212.5
 20
-4015.875
 10
16212.5
 20
-3715.875
 10
4252.5
 20
-3715.875
  0
HATCH
  5
16A
330
17
100
AcDbEntity
  8
G-beam
 62
7
420
15984595
100
AcDbHatch
 10
0.0
 20
0.0
 30
0.0
210
0.0
220
0.0
230
1.0
  2
SOLID
 70
1
 71
0
 91
1
 92
3
 72
0
 73
1
 93
4
 10
4722.5
 20
-13615.875
 10
4102.5
 20
-3865.875
 10
4402.5
 20
-3865.875
 10
5022.5
 20
-13615.875
 97
0
 75
0
 76
1
 98
0
  0
LWPOLYLINE
  5
16B
330
17
100
AcDbEntity
  8
G-beam
100
AcDbPolyline
 90
4
 70
1
 10
4722.5
 20
-13615.875
 10
4102.5
 20
-3865.875
 10
4402.5
 20
-3865.875
 10
5022.5
 20
-13615.875
  0
HATCH
  5
16C
330
17
100
AcDbEntity
  8
G-beam
 62
7
420
15984595
100
AcDbHatch
 10
0.0
 20
0.0
 30
0.0
210
0.0
220
0.0
230
1.0
  2
SOLID
 70
1
 71
0
 91
1
 92
3
 72
0
 73
1
 93
4
 10
6502.5
 20
-13615.875
 10
6802.5
 20
-13615.875
 10
6802.5
 20
-3865.875
 10
6502.5
 20
-3865.875
 97
0
 75
0
 76
1
 98
0
  0
LWPOLYLINE
  5
16D
330
17
100
AcDbEntity
  8
G-beam
100
AcDbPolyline
 90
4
 70
1
 10
6502.5
 20
-13615.875
 10
6802.5
 20
-13615.875
 10
6802.5
 20
-3865.875
 10
6502.5
 20
-3865.875
  0
HATCH
  5
16E
330
17
100
AcDbEntity
  8
G-beam
 62
7
420
15984595
100
AcDbHatch
 10
0.0
 20
0.0
 30
0.0
210
0.0
220
0.0
230
1.0
  2
SOLID
 70
1
 71
0
 91
1
 92
3
 72
0
 73
1
 93
4
 10
11282.5
 20
-13615.875
 10
11582.5
 20
-13615.875
 10
11582.5
 20
-3865.875
 10
11282.5
 20
-3865.875
 97
0
 75
0
 76
1
 98
0
  0
LWPOLYLINE
  5
16F
330
17
100
AcDbEntity
  8
G-beam
100
AcDbPolyline
 90
4
 70
1
 10
11282.5
 20
-13615.875
 10
11582.5
 20
-13615.875
 10
11582.5
 20
-3865.875
 10
11282.5
 20
-3865.875
  0
HATCH
  5
170
330
17
100
AcDbEntity
  8
G-beam
 62
7
420
15984595
100
AcDbHatch
 10
0.0
 20
0.0
 30
0.0
210
0.0
220
0.0
230
1.0
  2
SOLID
 70
1
 71
0
 91
1
 92
3
 72
0
 73
1
 93
4
 10
16062.5
 20
-13615.875
 10
16362.5
 20
-13615.875
 10
16362.5
 20
-3865.875
 10
16062.5
 20
-3865.875
 97
0
 75
0
 76
1
 98
0
  0
LWPOLYLINE
  5
171
330
17
100
AcDbEntity
  8
G-beam
100
AcDbPolyline
 90
4
 70
1
 10
16062.5
 20
-13615.875
 10
16362.5
 20
-13615.875
 10
16362.5
 20
-3865.875
 10
16062.5
 20
-3865.875
  0
LINE
  5
172
330
17
100
AcDbEntity
  8
G-r_tieS
100
AcDbLine
 10
16092.5
 20
-13272.875
 30
0.0
 11
16332.5
 21
-13272.875
 31
0.0
  0
LINE
  5
173
330
17
100
AcDbEntity
  8
G-r_tieS
100
AcDbLine
 10
16092.5
 20
-13162.875
 30
0.0
 11
16332.5
 21
-13162.875
 31
0.0
  0
LINE
  5
174
330
17
100
AcDbEntity
  8
G-r_tieS
100
AcDbLine
 10
16092.5
 20
-13052.875
 30
0.0
 11
16332.5
 21
-13052.875
 31
0.0
  0
LINE
  5
175
330
17
100
AcDbEntity
  8
G-r_tieS
100
AcDbLine
 10
16092.5
 20
-12942.875
 30
0.0
 11
16332.5
 21
-12942.875
 31
0.0
  0
LINE
  5
176
330
17
100
AcDbEntity
  8
G-r_tieS
100
AcDbLine
 10
16092.5
 20
-12832.875
 30
0.0
 11
16332.5
 21
-12832.875
 31
0.0
  0
LINE
  5
177
330
17
100
AcDbEntity
  8
G-r_tieS
100
AcDbLine
 10
16092.5
 20
-12722.875
 30
0.0
 11
16332.5
 21
-12722.875
 31
0.0
  0
LINE
  5
178
330
17
100
AcDbEntity
  8
G-r_tieS
100
AcDbLine
 10
16092.5
 20
-12612.875
 30
0.0
 11
16332.5
 21
-12612.875
 31
0.0
  0
LINE
  5
179
330
17
100
AcDbEntity
  8
G-r_tieS
100
AcDbLine
 10
16092.5
 20
-12502.875
 30
0.0
 11
16332.5
 21
-12502.875
 31
0.0
  0
LINE
  5
17A
330
17
100
AcDbEntity
  8
G-r_tieS
100
AcDbLine
 10
16092.5
 20
-12392.875
 30
0.0
 11
16332.5
 21
-12392.875
 31
0.0
  0
LINE
  5
17B
330
17
100
AcDbEntity
  8
G-r_tieS
100
AcDbLine
 10
16092.5
 20
-12282.875
 30
0.0
 11
16332.5
 21
-12282.875
 31
0.0
  0
LINE
  5
17C
330
17
100
AcDbEntity
  8
G-r_tieS
100
AcDbLine
 10
16092.5
 20
-12172.875
 30
0.0
 11
16332.5
 21
-12172.875
 31
0.0
  0
LINE
  5
17D
330
17
100
AcDbEntity
  8
G-r_tieS
100
AcDbLine
 10
16092.5
 20
-12128.875
 30
0.0
 11
16332.5
 21
-12128.875
 31
0.0
  0
LINE
  5
17E
330
17
100
AcDbEntity
  8
G-r_tieS
100
AcDbLine
 10
16092.5
 20
-11988.875
 30
0.0
 11
16332.5
 21
-11988.875
 31
0.0
  0
LINE
  5
17F
330
17
100
AcDbEntity
  8
G-r_tieS
100
AcDbLine
 10
16092.5
 20
-11848.875
 30
0.0
 11
16332.5
 21
-11848.875
 31
0.0
  0
LINE
  5
180
330
17
100
AcDbEntity
  8
G-r_tieS
100
AcDbLine
 10
16092.5
 20
-11708.875
 30
0.0
 11
16332.5
 21
-11708.875
 31
0.0
  0
LINE
  5
181
330
17
100
AcDbEntity
  8
G-r_tieS
100
AcDbLine
 10
16092.5
 20
-11568.875
 30
0.0
 11
16332.5
 21
-11568.875
 31
0.0
  0
LINE
  5
182
330
17
100
AcDbEntity
  8
G-r_tieS
100
AcDbLine
 10
16092.5
 20
-11428.875
 30
0.0
 11
16332.5
 21
-11428.875
 31
0.0
  0
LINE
  5
183
330
17
100
AcDbEntity
  8
G-r_tieS
100
AcDbLine
 10
16092.5
 20
-11288.875
 30
0.0
 11
16332.5
 21
-11288.875
 31
0.0
  0
LINE
  5
184
330
17
100
AcDbEntity
  8
G-r_tieS
100
AcDbLine
 10
16092.5
 20
-11148.875
 30
0.0
 11
16332.5
 21
-11148.875
 31
0.0
  0
LINE
  5
185
330
17
100
AcDbEntity
  8
G-r_tieS
100
AcDbLine
 10
16092.5
 20
-11008.875
 30
0.0
 11
16332.5
 21
-11008.875
 31
0.0
  0
LINE
  5
186
330
17
100
AcDbEntity
  8
G-r_tieS
100
AcDbLine
 10
16092.5
 20
-10868.875
 30
0.0
 11
16332.5
 21
-10868.875
 31
0.0
  0
LINE
  5
187
330
17
100
AcDbEntity
  8
G-r_tieS
100
AcDbLine
 10
16092.5
 20
-10728.875
 30
0.0
 11
16332.5
 21
-10728.875
 31
0.0
  0
LINE
  5
188
330
17
100
AcDbEntity
  8
G-r_tieS
100
AcDbLine
 10
16092.5
 20
-10635.875
 30
0.0
 11
16332.5
 21
-10635.875
 31
0.0
  0
LINE
  5
189
330
17
100
AcDbEntity
  8
G-r_tieS
100
AcDbLine
 10
16092.5
 20
-10525.875
 30
0.0
 11
16332.5
 21
-10525.875
 31
0.0
  0
LINE
  5
18A
330
17
100
AcDbEntity
  8
G-r_tieS
100
AcDbLine
 10
16092.5
 20
-10415.875
 30
0.0
 11
16332.5
 21
-10415.875
 31
0.0
  0
LINE
  5
18B
330
17
100
AcDbEntity
  8
G-r_tieS
100
AcDbLine
 10
16092.5
 20
-10305.875
 30
0.0
 11
16332.5
 21
-10305.875
 31
0.0
  0
LINE
  5
18C
330
17
100
AcDbEntity
  8
G-r_tieS
100
AcDbLine
 10
16092.5
 20
-10195.875
 30
0.0
 11
16332.5
 21
-10195.875
 31
0.0
  0
LINE
  5
18D
330
17
100
AcDbEntity
  8
G-r_tieS
100
AcDbLine
 10
16092.5
 20
-10085.875
 30
0.0
 11
16332.5
 21
-10085.875
 31
0.0
  0
LINE
  5
18E
330
17
100
AcDbEntity
  8
G-r_tieS
100
AcDbLine
 10
16092.5
 20
-9975.875
 30
0.0
 11
16332.5
 21
-9975.875
 31
0.0
  0
LINE
  5
18F
330
17
100
AcDbEntity
  8
G-r_tieS
100
AcDbLine
 10
16092.5
 20
-9865.875
 30
0.0
 11
16332.5
 21
-9865.875
 31
0.0
  0
LINE
  5
190
330
17
100
AcDbEntity
  8
G-r_tieS
100
AcDbLine
 10
16092.5
 20
-9755.875
 30
0.0
 11
16332.5
 21
-9755.875
 31
0.0
  0
LINE
  5
191
330
17
100
AcDbEntity
  8
G-r_tieS
100
AcDbLine
 10
16092.5
 20
-9645.875
 30
0.0
 11
16332.5
 21
-9645.875
 31
0.0
  0
LINE
  5
192
330
17
100
AcDbEntity
  8
G-r_tieS
100
AcDbLine
 10
16092.5
 20
-9535.875
 30
0.0
 11
16332.5
 21
-9535.875
 31
0.0
  0
HATCH
  5
193
330
17
100
AcDbEntity
  8
G-tab
 62
7
420
16107115
100
AcDbHatch
 10
0.0
 20
0.0
 30
0.0
210
0.0
220
0.0
230
1.0
  2
SOLID
 70
1
 71
0
 91
1
 92
3
 72
0
 73
1
 93
4
 10
4780.74
 20
-12222.875
 10
17482.5
 20
-12222.875
 10
17482.5
 20
-12122.875
 10
4780.74
 20
-12122.875
 97
0
 75
0
 76
1
 98
0
  0
LWPOLYLINE
  5
194
330
17
100
AcDbEntity
  8
G-tab
100
AcDbPolyline
 90
4
 70
1
 10
4780.74
 20
-12222.875
 10
17482.5
 20
-12222.875
 10
17482.5
 20
-12122.875
 10
4780.74
 20
-12122.875
  0
HATCH
  5
195
330
17
100
AcDbEntity
  8
G-tab
 62
7
420
16107115
100
AcDbHatch
 10
0.0
 20
0.0
 30
0.0
210
0.0
220
0.0
230
1.0
  2
SOLID
 70
1
 71
0
 91
1
 92
3
 72
0
 73
1
 93
4
 10
4688.91641025641
 20
-10778.875
 10
17482.5
 20
-10778.875
 10
17482.5
 20
-10678.875
 10
4688.91641025641
 20
-10678.875
 97
0
 75
0
 76
1
 98
0
  0
LWPOLYLINE
  5
196
330
17
100
AcDbEntity
  8
G-tab
100
AcDbPolyline
 90
4
 70
1
 10
4688.91641025641
 20
-10778.875
 10
17482.5
 20
-10778.875
 10
17482.5
 20
-10678.875
 10
4688.91641025641
 20
-10678.875
  0
HATCH
  5
197
330
17
100
AcDbEntity
  8
G-tab
 62
7
420
16107115
100
AcDbHatch
 10
0.0
 20
0.0
 30
0.0
210
0.0
220
0.0
230
1.0
  2
SOLID
 70
1
 71
0
 91
1
 92
3
 72
0
 73
1
 93
4
 10
8992.5
 20
-14885.875
 10
9092.5
 20
-14885.875
 10
9092.5
 20
-12172.875
 10
8992.5
 20
-12172.875
 97
0
 75
0
 76
1
 98
0
  0
LWPOLYLINE
  5
198
330
17
100
AcDbEntity
  8
G-tab
100
AcDbPolyline
 90
4
 70
1
 10
8992.5
 20
-14885.875
 10
9092.5
 20
-14885.875
 10
9092.5
 20
-12172.875
 10
8992.5
 20
-12172.875
  0
HATCH
  5
199
330
17
100
AcDbEntity
  8
G-tab
 62
7
420
16107115
100
AcDbHatch
 10
0.0
 20
0.0
 30
0.0
210
0.0
220
0.0
230
1.0
  2
SOLID
 70
1
 71
0
 91
1
 92
3
 72
0
 73
1
 93
4
 10
13772.5
 20
-14885.875
 10
13872.5
 20
-14885.875
 10
13872.5
 20
-12172.875
 10
13772.5
 20
-12172.875
 97
0
 75
0
 76
1
 98
0
  0
LWPOLYLINE
  5
19A
330
17
100
AcDbEntity
  8
G-tab
100
AcDbPolyline
 90
4
 70
1
 10
13772.5
 20
-14885.875
 10
13872.5
 20
-14885.875
 10
13872.5
 20
-12172.875
 10
13772.5
 20
-12172.875
  0
HATCH
  5
19B
330
17
100
AcDbEntity
  8
G-column
 62
7
420
12434877
100
AcDbHatch
 10
0.0
 20
0.0
 30
0.0
210
0.0
220
0.0
230
1.0
  2
SOLID
 70
1
 71
0
 91
1
 92
3
 72
0
 73
1
 93
4
 10
4672.5
 20
-13815.875
 10
5072.5
 20
-13815.875
 10
5072.5
 20
-13415.875
 10
4672.5
 20
-13415.875
 97
0
 75
0
 76
1
 98
0
  0
LWPOLYLINE
  5
19C
330
17
100
AcDbEntity
  8
G-column
100
AcDbPolyline
 90
4
 70
1
 10
4672.5
 20
-13815.875
 10
5072.5
 20
-13815.875
 10
5072.5
 20
-13415.875
 10
4672.5
 20
-13415.875
  0
HATCH
  5
19D
330
17
100
AcDbEntity
  8
G-column
 62
7
420
12434877
100
AcDbHatch
 10
0.0
 20
0.0
 30
0.0
210
0.0
220
0.0
230
1.0
  2
SOLID
 70
1
 71
0
 91
1
 92
3
 72
0
 73
1
 93
4
 10
6452.5
 20
-13815.875
 10
6852.5
 20
-13815.875
 10
6852.5
 20
-13415.875
 10
6452.5
 20
-13415.875
 97
0
 75
0
 76
1
 98
0
  0
LWPOLYLINE
  5
19E
330
17
100
AcDbEntity
  8
G-column
100
AcDbPolyline
 90
4
 70
1
 10
6452.5
 20
-13815.875
 10
6852.5
 20
-13815.875
 10
6852.5
 20
-13415.875
 10
6452.5
 20
-13415.875
  0
HATCH
  5
19F
330
17
100
AcDbEntity
  8
G-column
 62
7
420
12434877
100
AcDbHatch
 10
0.0
 20
0.0
 30
0.0
210
0.0
220
0.0
230
1.0
  2
SOLID
 70
1
 71
0
 91
1
 92
3
 72
0
 73
1
 93
4
 10
11232.5
 20
-13815.875
 10
11632.5
 20
-13815.875
 10
11632.5
 20
-13415.875
 10
11232.5
 20
-13415.875
 97
0
 75
0
 76
1
 98
0
  0
LWPOLYLINE
  5
1A0
330
17
100
AcDbEntity
  8
G-column
100
AcDbPolyline
 90
4
 70
1
 10
11232.5
 20
-13815.875
 10
11632.5
 20
-13815.875
 10
11632.5
 20
-13415.875
 10
11232.5
 20
-13415.875
  0
HATCH
  5
1A1
330
17
100
AcDbEntity
  8
G-column
 62
7
420
12434877
100
AcDbHatch
 10
0.0
 20
0.0
 30
0.0
210
0.0
220
0.0
230
1.0
  2
SOLID
 70
1
 71
0
 91
1
 92
3
 72
0
 73
1
 93
4
 10
16012.5
 20
-13815.875
 10
16412.5
 20
-13815.875
 10
16412.5
 20
-13415.875
 10
16012.5
 20
-13415.875
 97
0
 75
0
 76
1
 98
0
  0
LWPOLYLINE
  5
1A2
330
17
100
AcDbEntity
  8
G-column
100
AcDbPolyline
 90
4
 70
1
 10
16012.5
 20
-13815.875
 10
16412.5
 20
-13815.875
 10
16412.5
 20
-13415.875
 10
16012.5
 20
-13415.875
  0
HATCH
  5
1A3
330
17
100
AcDbEntity
  8
G-column
 62
7
420
12434877
100
AcDbHatch
 10
0.0
 20
0.0
 30
0.0
210
0.0
220
0.0
230
1.0
  2
SOLID
 70
1
 71
0
 91
1
 92
3
 72
0
 73
1
 93
4
 10
4397.15641025641
 20
-9485.875
 10
4797.15641025641
 20
-9485.875
 10
4797.15641025641
 20
-9085.875
 10
4397.15641025641
 20
-9085.875
 97
0
 75
0
 76
1
 98
0
  0
LWPOLYLINE
  5
1A4
330
17
100
AcDbEntity
  8
G-column
100
AcDbPolyline
 90
4
 70
1
 10
4397.15641025641
 20
-9485.875
 10
4797.15641025641
 20
-9485.875
 10
4797.15641025641
 20
-9085.875
 10
4397.15641025641
 20
-9085.875
  0
HATCH
  5
1A5
330
17
100
AcDbEntity
  8
G-column
 62
7
420
12434877
100
AcDbHatch
 10
0.0
 20
0.0
 30
0.0
210
0.0
220
0.0
230
1.0
  2
SOLID
 70
1
 71
0
 91
1
 92
3
 72
0
 73
1
 93
4
 10
6452.5
 20
-9485.875
 10
6852.5
 20
-9485.875
 10
6852.5
 20
-9085.875
 10
6452.5
 20
-9085.875
 97
0
 75
0
 76
1
 98
0
  0
LWPOLYLINE
  5
1A6
330
17
100
AcDbEntity
  8
G-column
100
AcDbPolyline
 90
4
 70
1
 10
6452.5
 20
-9485.875
 10
6852.5
 20
-9485.875
 10
6852.5
 20
-9085.875
 10
6452.5
 20
-9085.875
  0
HATCH
  5
1A7
330
17
100
AcDbEntity
  8
G-column
 62
7
420
12434877
100
AcDbHatch
 10
0.0
 20
0.0
 30
0.0
210
0.0
220
0.0
230
1.0
  2
SOLID
 70
1
 71
0
 91
1
 92
3
 72
0
 73
1
 93
4
 10
11232.5
 20
-9485.875
 10
11632.5
 20
-9485.875
 10
11632.5
 20
-9085.875
 10
11232.5
 20
-9085.875
 97
0
 75
0
 76
1
 98
0
  0
LWPOLYLINE
  5
1A8
330
17
100
AcDbEntity
  8
G-column
100
AcDbPolyline
 90
4
 70
1
 10
11232.5
 20
-9485.875
 10
11632.5
 20
-9485.875
 10
11632.5
 20
-9085.875
 10
11232.5
 20
-9085.875
  0
HATCH
  5
1A9
330
17
100
AcDbEntity
  8
G-column
 62
7
420
12434877
100
AcDbHatch
 10
0.0
 20
0.0
 30
0.0
210
0.0
220
0.0
230
1.0
  2
SOLID
 70
1
 71
0
 91
1
 92
3
 72
0
 73
1
 93
4
 10
16012.5
 20
-9485.875
 10
16412.5
 20
-9485.875
 10
16412.5
 20
-9085.875
 10
16012.5
 20
-9085.875
 97
0
 75
0
 76
1
 98
0
  0
LWPOLYLINE
  5
1AA
330
17
100
AcDbEntity
  8
G-column
100
AcDbPolyline
 90
4
 70
1
 10
16012.5
 20
-9485.875
 10
16412.5
 20
-9485.875
 10
16412.5
 20
-9085.875
 10
16012.5
 20
-9085.875
  0
HATCH
  5
1AB
330
17
100
AcDbEntity
  8
G-column
 62
7
420
12434877
100
AcDbHatch
 10
0.0
 20
0.0
 30
0.0
210
0.0
220
0.0
230
1.0
  2
SOLID
 70
1
 71
0
 91
1
 92
3
 72
0
 73
1
 93
4
 10
4308.130769230769
 20
-8085.875
 10
4708.130769230769
 20
-8085.875
 10
4708.130769230769
 20
-7685.875
 10
4308.130769230769
 20
-7685.875
 97
0
 75
0
 76
1
 98
0
  0
LWPOLYLINE
  5
1AC
330
17
100
AcDbEntity
  8
G-column
100
AcDbPolyline
 90
4
 70
1
 10
4308.130769230769
 20
-8085.875
 10
4708.130769230769
 20
-8085.875
 10
4708.130769230769
 20
-7685.875
 10
4308.130769230769
 20
-7685.875
  0
HATCH
  5
1AD
330
17
100
AcDbEntity
  8
G-column
 62
7
420
12434877
100
AcDbHatch
 10
0.0
 20
0.0
 30
0.0
210
0.0
220
0.0
230
1.0
  2
SOLID
 70
1
 71
0
 91
1
 92
3
 72
0
 73
1
 93
4
 10
6452.5
 20
-8085.875
 10
6852.5
 20
-8085.875
 10
6852.5
 20
-7685.875
 10
6452.5
 20
-7685.875
 97
0
 75
0
 76
1
 98
0
  0
LWPOLYLINE
  5
1AE
330
17
100
AcDbEntity
  8
G-column
100
AcDbPolyline
 90
4
 70
1
 10
6452.5
 20
-8085.875
 10
6852.5
 20
-8085.875
 10
6852.5
 20
-7685.875
 10
6452.5
 20
-7685.875
  0
HATCH
  5
1AF
330
17
100
AcDbEntity
  8
G-column
 62
7
420
12434877
100
AcDbHatch
 10
0.0
 20
0.0
 30
0.0
210
0.0
220
0.0
230
1.0
  2
SOLID
 70
1
 71
0
 91
1
 92
3
 72
0
 73
1
 93
4
 10
11232.5
 20
-8085.875
 10
11632.5
 20
-8085.875
 10
11632.5
 20
-7685.875
 10
11232.5
 20
-7685.875
 97
0
 75
0
 76
1
 98
0
  0
LWPOLYLINE
  5
1B0
330
17
100
AcDbEntity
  8
G-column
100
AcDbPolyline
 90
4
 70
1
 10
11232.5
 20
-8085.875
 10
11632.5
 20
-8085.875
 10
11632.5
 20
-7685.875
 10
11232.5
 20
-7685.875
  0
HATCH
  5
1B1
330
17
100
AcDbEntity
  8
G-column
 62
7
420
12434877
100
AcDbHatch
 10
0.0
 20
0.0
 30
0.0
210
0.0
220
0.0
230
1.0
  2
SOLID
 70
1
 71
0
 91
1
 92
3
 72
0
 73
1
 93
4
 10
16012.5
 20
-8085.875
 10
16412.5
 20
-8085.875
 10
16412.5
 20
-7685.875
 10
16012.5
 20
-7685.875
 97
0
 75
0
 76
1
 98
0
  0
LWPOLYLINE
  5
1B2
330
17
100
AcDbEntity
  8
G-column
100
AcDbPolyline
 90
4
 70
1
 10
16012.5
 20
-8085.875
 10
16412.5
 20
-8085.875
 10
16412.5
 20
-7685.875
 10
16012.5
 20
-7685.875
  0
HATCH
  5
1B3
330
17
100
AcDbEntity
  8
G-column
 62
7
420
12434877
100
AcDbHatch
 10
0.0
 20
0.0
 30
0.0
210
0.0
220
0.0
230
1.0
  2
SOLID
 70
1
 71
0
 91
1
 92
3
 72
0
 73
1
 93
4
 10
4052.5
 20
-4065.875
 10
4452.5
 20
-4065.875
 10
4452.5
 20
-3665.875
 10
4052.5
 20
-3665.875
 97
0
 75
0
 76
1
 98
0
  0
LWPOLYLINE
  5
1B4
330
17
100
AcDbEntity
  8
G-column
100
AcDbPolyline
 90
4
 70
1
 10
4052.5
 20
-4065.875
 10
4452.5
 20
-4065.875
 10
4452.5
 20
-3665.875
 10
4052.5
 20
-3665.875
  0
HATCH
  5
1B5
330
17
100
AcDbEntity
  8
G-column
 62
7
420
12434877
100
AcDbHatch
 10
0.0
 20
0.0
 30
0.0
210
0.0
220
0.0
230
1.0
  2
SOLID
 70
1
 71
0
 91
1
 92
3
 72
0
 73
1
 93
4
 10
6452.5
 20
-4065.875
 10
6852.5
 20
-4065.875
 10
6852.5
 20
-3665.875
 10
6452.5
 20
-3665.875
 97
0
 75
0
 76
1
 98
0
  0
LWPOLYLINE
  5
1B6
330
17
100
AcDbEntity
  8
G-column
100
AcDbPolyline
 90
4
 70
1
 10
6452.5
 20
-4065.875
 10
6852.5
 20
-4065.875
 10
6852.5
 20
-3665.875
 10
6452.5
 20
-3665.875
  0
HATCH
  5
1B7
330
17
100
AcDbEntity
  8
G-column
 62
7
420
12434877
100
AcDbHatch
 10
0.0
 20
0.0
 30
0.0
210
0.0
220
0.0
230
1.0
  2
SOLID
 70
1
 71
0
 91
1
 92
3
 72
0
 73
1
 93
4
 10
11232.5
 20
-4065.875
 10
11632.5
 20
-4065.875
 10
11632.5
 20
-3665.875
 10
11232.5
 20
-3665.875
 97
0
 75
0
 76
1
 98
0
  0
LWPOLYLINE
  5
1B8
330
17
100
AcDbEntity
  8
G-column
100
AcDbPolyline
 90
4
 70
1
 10
11232.5
 20
-4065.875
 10
11632.5
 20
-4065.875
 10
11632.5
 20
-3665.875
 10
11232.5
 20
-3665.875
  0
HATCH
  5
1B9
330
17
100
AcDbEntity
  8
G-column
 62
7
420
12434877
100
AcDbHatch
 10
0.0
 20
0.0
 30
0.0
210
0.0
220
0.0
230
1.0
  2
SOLID
 70
1
 71
0
 91
1
 92
3
 72
0
 73
1
 93
4
 10
16012.5
 20
-4065.875
 10
16412.5
 20
-4065.875
 10
16412.5
 20
-3665.875
 10
16012.5
 20
-3665.875
 97
0
 75
0
 76
1
 98
0
  0
LWPOLYLINE
  5
1BA
330
17
100
AcDbEntity
  8
G-column
100
AcDbPolyline
 90
4
 70
1
 10
16012.5
 20
-4065.875
 10
16412.5
 20
-4065.875
 10
16412.5
 20
-3665.875
 10
16012.5
 20
-3665.875
  0
HATCH
  5
1BB
330
17
100
AcDbEntity
  8
G-plate
 62
7
420
13229554
100
AcDbHatch
 10
0.0
 20
0.0
 30
0.0
210
0.0
220
0.0
230
1.0
  2
SOLID
 70
1
 71
0
 91
1
 92
3
 72
0
 73
1
 93
4
 10
6592.5
 20
-14885.875
 10
6712.5
 20
-14885.875
 10
6712.5
 20
-13815.875
 10
6592.5
 20
-13815.875
 97
0
 75
0
 76
1
 98
0
  0
LWPOLYLINE
  5
1BC
330
17
100
AcDbEntity
  8
G-plate
100
AcDbPolyline
 90
4
 70
1
 10
6592.5
 20
-14885.875
 10
6712.5
 20
-14885.875
 10
6712.5
 20
-13815.875
 10
6592.5
 20
-13815.875
  0
HATCH
  5
1BD
330
17
100
AcDbEntity
  8
G-plate
 62
7
420
13229554
100
AcDbHatch
 10
0.0
 20
0.0
 30
0.0
210
0.0
220
0.0
230
1.0
  2
SOLID
 70
1
 71
0
 91
1
 92
3
 72
0
 73
1
 93
4
 10
11372.5
 20
-14885.875
 10
11492.5
 20
-14885.875
 10
11492.5
 20
-13815.875
 10
11372.5
 20
-13815.875
 97
0
 75
0
 76
1
 98
0
  0
LWPOLYLINE
  5
1BE
330
17
100
AcDbEntity
  8
G-plate
100
AcDbPolyline
 90
4
 70
1
 10
11372.5
 20
-14885.875
 10
11492.5
 20
-14885.875
 10
11492.5
 20
-13815.875
 10
11372.5
 20
-13815.875
  0
HATCH
  5
1BF
330
17
100
AcDbEntity
  8
G-plate
 62
7
420
13229554
100
AcDbHatch
 10
0.0
 20
0.0
 30
0.0
210
0.0
220
0.0
230
1.0
  2
SOLID
 70
1
 71
0
 91
1
 92
3
 72
0
 73
1
 93
4
 10
16152.5
 20
-14885.875
 10
16272.5
 20
-14885.875
 10
16272.5
 20
-13815.875
 10
16152.5
 20
-13815.875
 97
0
 75
0
 76
1
 98
0
  0
LWPOLYLINE
  5
1C0
330
17
100
AcDbEntity
  8
G-plate
100
AcDbPolyline
 90
4
 70
1
 10
16152.5
 20
-14885.875
 10
16272.5
 20
-14885.875
 10
16272.5
 20
-13815.875
 10
16152.5
 20
-13815.875
  0
HATCH
  5
1C1
330
17
100
AcDbEntity
  8
G-plate
 62
7
420
13229554
100
AcDbHatch
 10
0.0
 20
0.0
 30
0.0
210
0.0
220
0.0
230
1.0
  2
SOLID
 70
1
 71
0
 91
1
 92
3
 72
0
 73
1
 93
4
 10
16412.5
 20
-13675.875
 10
17482.5
 20
-13675.875
 10
17482.5
 20
-13555.875
 10
16412.5
 20
-13555.875
 97
0
 75
0
 76
1
 98
0
  0
LWPOLYLINE
  5
1C2
330
17
100
AcDbEntity
  8
G-plate
100
AcDbPolyline
 90
4
 70
1
 10
16412.5
 20
-13675.875
 10
17482.5
 20
-13675.875
 10
17482.5
 20
-13555.875
 10
16412.5
 20
-13555.875
  0
HATCH
  5
1C3
330
17
100
AcDbEntity
  8
G-plate
 62
7
420
13229554
100
AcDbHatch
 10
0.0
 20
0.0
 30
0.0
210
0.0
220
0.0
230
1.0
  2
SOLID
 70
1
 71
0
 91
1
 92
3
 72
0
 73
1
 93
4
 10
16412.5
 20
-9345.875
 10
17482.5
 20
-9345.875
 10
17482.5
 20
-9225.875
 10
16412.5
 20
-9225.875
 97
0
 75
0
 76
1
 98
0
  0
LWPOLYLINE
  5
1C4
330
17
100
AcDbEntity
  8
G-plate
100
AcDbPolyline
 90
4
 70
1
 10
16412.5
 20
-9345.875
 10
17482.5
 20
-9345.875
 10
17482.5
 20
-9225.875
 10
16412.5
 20
-9225.875
  0
LINE
  5
1C5
330
17
100
AcDbEntity
  8
G-edge
100
AcDbLine
 10
6502.5
 20
-14885.875
 30
0.0
 11
17482.5
 21
-14885.875
 31
0.0
  0
LINE
  5
1C6
330
17
100
AcDbEntity
  8
G-edge
100
AcDbLine
 10
17482.5
 20
-14885.875
 30
0.0
 11
17482.5
 21
-9225.875
 31
0.0
  0
HATCH
  5
1C7
330
17
100
AcDbEntity
  8
G-r_bm2
 62
7
420
6139362
100
AcDbHatch
 10
0.0
 20
0.0
 30
0.0
210
0.0
220
0.0
230
1.0
  2
SOLID
 70
1
 71
0
 91
1
 92
3
 72
0
 73
1
 93
4
 10
8292.5
 20
-13833.375
 10
9792.5
 20
-13833.375
 10
9792.5
 20
-13878.375
 10
8292.5
 20
-13878.375
 97
0
 75
0
 76
1
 98
0
  0
LWPOLYLINE
  5
1C8
330
17
100
AcDbEntity
  8
G-r_bm2
100
AcDbPolyline
 90
4
 70
1
 10
8292.5
 20
-13833.375
 10
9792.5
 20
-13833.375
 10
9792.5
 20
-13878.375
 10
8292.5
 20
-13878.375
  0
TEXT
  5
1C9
330
17
100
AcDbEntity
  8
T-bsm
 62
156
420
929604
100
AcDbText
 10
9042.5
 20
-14095.875
 30
0.0
 40
171.45
  1
+1Ø12, L = 1500 (abajo)
  7
NEGRITA
 72
1
 11
9042.5
 21
-14095.875
 31
0.0
100
AcDbText
  0
HATCH
  5
1CA
330
17
100
AcDbEntity
  8
G-r_bm2
 62
7
420
6139362
100
AcDbHatch
 10
0.0
 20
0.0
 30
0.0
210
0.0
220
0.0
230
1.0
  2
SOLID
 70
1
 71
0
 91
1
 92
3
 72
0
 73
1
 93
4
 10
13072.5
 20
-13833.375
 10
14572.5
 20
-13833.375
 10
14572.5
 20
-13878.375
 10
13072.5
 20
-13878.375
 97
0
 75
0
 76
1
 98
0
  0
LWPOLYLINE
  5
1CB
330
17
100
AcDbEntity
  8
G-r_bm2
100
AcDbPolyline
 90
4
 70
1
 10
13072.5
 20
-13833.375
 10
14572.5
 20
-13833.375
 10
14572.5
 20
-13878.375
 10
13072.5
 20
-13878.375
  0
TEXT
  5
1CC
330
17
100
AcDbEntity
  8
T-bsm
 62
156
420
929604
100
AcDbText
 10
13822.5
 20
-14095.875
 30
0.0
 40
171.45
  1
+1Ø12, L = 1500 (abajo)
  7
NEGRITA
 72
1
 11
13822.5
 21
-14095.875
 31
0.0
100
AcDbText
  0
HATCH
  5
1CD
330
17
100
AcDbEntity
  8
G-r_bas
 62
7
420
15105570
100
AcDbHatch
 10
0.0
 20
0.0
 30
0.0
210
0.0
220
0.0
230
1.0
  2
SOLID
 70
1
 71
0
 91
1
 92
3
 72
0
 73
1
 93
4
 10
6714.5
 20
-13749.875
 10
6714.5
 20
-12529.875
 10
6754.5
 20
-12529.875
 10
6754.5
 20
-13749.875
 97
0
 75
0
 76
1
 98
0
  0
LWPOLYLINE
  5
1CE
330
17
100
AcDbEntity
  8
G-r_bas
100
AcDbPolyline
 90
4
 70
1
 10
6714.5
 20
-13749.875
 10
6714.5
 20
-12529.875
 10
6754.5
 20
-12529.875
 10
6754.5
 20
-13749.875
  0
HATCH
  5
1CF
330
17
100
AcDbEntity
  8
G-r_bas
 62
7
420
15105570
100
AcDbHatch
 10
0.0
 20
0.0
 30
0.0
210
0.0
220
0.0
230
1.0
  2
SOLID
 70
1
 71
0
 91
1
 92
1
 93
1
 72
2
 10
6734.5
 20
-13749.875
 40
45.0
 50
0.0
 51
360.0
 73
1
 97
0
 75
0
 76
1
 98
0
  0
CIRCLE
  5
1D0
330
17
100
AcDbEntity
  8
G-r_bas
100
AcDbCircle
 10
6734.5
 20
-13749.875
 30
0.0
 40
45.0
  0
HATCH
  5
1D1
330
17
100
AcDbEntity
  8
G-r_bas
 62
7
420
15105570
100
AcDbHatch
 10
0.0
 20
0.0
 30
0.0
210
0.0
220
0.0
230
1.0
  2
SOLID
 70
1
 71
0
 91
1
 92
3
 72
0
 73
1
 93
4
 10
6550.5
 20
-13749.875
 10
6550.5
 20
-12529.875
 10
6590.5
 20
-12529.875
 10
6590.5
 20
-13749.875
 97
0
 75
0
 76
1
 98
0
  0
LWPOLYLINE
  5
1D2
330
17
100
AcDbEntity
  8
G-r_bas
100
AcDbPolyline
 90
4
 70
1
 10
6550.5
 20
-13749.875
 10
6550.5
 20
-12529.875
 10
6590.5
 20
-12529.875
 10
6590.5
 20
-13749.875
  0
HATCH
  5
1D3
330
17
100
AcDbEntity
  8
G-r_bas
 62
7
420
15105570
100
AcDbHatch
 10
0.0
 20
0.0
 30
0.0
210
0.0
220
0.0
230
1.0
  2
SOLID
 70
1
 71
0
 91
1
 92
1
 93
1
 72
2
 10
6570.5
 20
-13749.875
 40
45.0
 50
0.0
 51
360.0
 73
1
 97
0
 75
0
 76
1
 98
0
  0
CIRCLE
  5
1D4
330
17
100
AcDbEntity
  8
G-r_bas
100
AcDbCircle
 10
6570.5
 20
-13749.875
 30
0.0
 40
45.0
  0
HATCH
  5
1D5
330
17
100
AcDbEntity
  8
G-r_bas
 62
7
420
15105570
100
AcDbHatch
 10
0.0
 20
0.0
 30
0.0
210
0.0
220
0.0
230
1.0
  2
SOLID
 70
1
 71
0
 91
1
 92
3
 72
0
 73
1
 93
4
 10
11494.5
 20
-13749.875
 10
11494.5
 20
-12529.875
 10
11534.5
 20
-12529.875
 10
11534.5
 20
-13749.875
 97
0
 75
0
 76
1
 98
0
  0
LWPOLYLINE
  5
1D6
330
17
100
AcDbEntity
  8
G-r_bas
100
AcDbPolyline
 90
4
 70
1
 10
11494.5
 20
-13749.875
 10
11494.5
 20
-12529.875
 10
11534.5
 20
-12529.875
 10
11534.5
 20
-13749.875
  0
HATCH
  5
1D7
330
17
100
AcDbEntity
  8
G-r_bas
 62
7
420
15105570
100
AcDbHatch
 10
0.0
 20
0.0
 30
0.0
210
0.0
220
0.0
230
1.0
  2
SOLID
 70
1
 71
0
 91
1
 92
1
 93
1
 72
2
 10
11514.5
 20
-13749.875
 40
45.0
 50
0.0
 51
360.0
 73
1
 97
0
 75
0
 76
1
 98
0
  0
CIRCLE
  5
1D8
330
17
100
AcDbEntity
  8
G-r_bas
100
AcDbCircle
 10
11514.5
 20
-13749.875
 30
0.0
 40
45.0
  0
HATCH
  5
1D9
330
17
100
AcDbEntity
  8
G-r_bas
 62
7
420
15105570
100
AcDbHatch
 10
0.0
 20
0.0
 30
0.0
210
0.0
220
0.0
230
1.0
  2
SOLID
 70
1
 71
0
 91
1
 92
3
 72
0
 73
1
 93
4
 10
11330.5
 20
-13749.875
 10
11330.5
 20
-12529.875
 10
11370.5
 20
-12529.875
 10
11370.5
 20
-13749.875
 97
0
 75
0
 76
1
 98
0
  0
LWPOLYLINE
  5
1DA
330
17
100
AcDbEntity
  8
G-r_bas
100
AcDbPolyline
 90
4
 70
1
 10
11330.5
 20
-13749.875
 10
11330.5
 20
-12529.875
 10
11370.5
 20
-12529.875
 10
11370.5
 20
-13749.875
  0
HATCH
  5
1DB
330
17
100
AcDbEntity
  8
G-r_bas
 62
7
420
15105570
100
AcDbHatch
 10
0.0
 20
0.0
 30
0.0
210
0.0
220
0.0
230
1.0
  2
SOLID
 70
1
 71
0
 91
1
 92
1
 93
1
 72
2
 10
11350.5
 20
-13749.875
 40
45.0
 50
0.0
 51
360.0
 73
1
 97
0
 75
0
 76
1
 98
0
  0
CIRCLE
  5
1DC
330
17
100
AcDbEntity
  8
G-r_bas
100
AcDbCircle
 10
11350.5
 20
-13749.875
 30
0.0
 40
45.0
  0
HATCH
  5
1DD
330
17
100
AcDbEntity
  8
G-r_bas
 62
7
420
15105570
100
AcDbHatch
 10
0.0
 20
0.0
 30
0.0
210
0.0
220
0.0
230
1.0
  2
SOLID
 70
1
 71
0
 91
1
 92
3
 72
0
 73
1
 93
4
 10
16274.5
 20
-13749.875
 10
16274.5
 20
-12529.875
 10
16314.5
 20
-12529.875
 10
16314.5
 20
-13749.875
 97
0
 75
0
 76
1
 98
0
  0
LWPOLYLINE
  5
1DE
330
17
100
AcDbEntity
  8
G-r_bas
100
AcDbPolyline
 90
4
 70
1
 10
16274.5
 20
-13749.875
 10
16274.5
 20
-12529.875
 10
16314.5
 20
-12529.875
 10
16314.5
 20
-13749.875
  0
HATCH
  5
1DF
330
17
100
AcDbEntity
  8
G-r_bas
 62
7
420
15105570
100
AcDbHatch
 10
0.0
 20
0.0
 30
0.0
210
0.0
220
0.0
230
1.0
  2
SOLID
 70
1
 71
0
 91
1
 92
1
 93
1
 72
2
 10
16294.5
 20
-13749.875
 40
45.0
 50
0.0
 51
360.0
 73
1
 97
0
 75
0
 76
1
 98
0
  0
CIRCLE
  5
1E0
330
17
100
AcDbEntity
  8
G-r_bas
100
AcDbCircle
 10
16294.5
 20
-13749.875
 30
0.0
 40
45.0
  0
HATCH
  5
1E1
330
17
100
AcDbEntity
  8
G-r_bas
 62
7
420
15105570
100
AcDbHatch
 10
0.0
 20
0.0
 30
0.0
210
0.0
220
0.0
230
1.0
  2
SOLID
 70
1
 71
0
 91
1
 92
3
 72
0
 73
1
 93
4
 10
16110.5
 20
-13749.875
 10
16110.5
 20
-12529.875
 10
16150.5
 20
-12529.875
 10
16150.5
 20
-13749.875
 97
0
 75
0
 76
1
 98
0
  0
LWPOLYLINE
  5
1E2
330
17
100
AcDbEntity
  8
G-r_bas
100
AcDbPolyline
 90
4
 70
1
 10
16110.5
 20
-13749.875
 10
16110.5
 20
-12529.875
 10
16150.5
 20
-12529.875
 10
16150.5
 20
-13749.875
  0
HATCH
  5
1E3
330
17
100
AcDbEntity
  8
G-r_bas
 62
7
420
15105570
100
AcDbHatch
 10
0.0
 20
0.0
 30
0.0
210
0.0
220
0.0
230
1.0
  2
SOLID
 70
1
 71
0
 91
1
 92
1
 93
1
 72
2
 10
16130.5
 20
-13749.875
 40
45.0
 50
0.0
 51
360.0
 73
1
 97
0
 75
0
 76
1
 98
0
  0
CIRCLE
  5
1E4
330
17
100
AcDbEntity
  8
G-r_bas
100
AcDbCircle
 10
16130.5
 20
-13749.875
 30
0.0
 40
45.0
  0
HATCH
  5
1E5
330
17
100
AcDbEntity
  8
G-r_bas
 62
7
420
15105570
100
AcDbHatch
 10
0.0
 20
0.0
 30
0.0
210
0.0
220
0.0
230
1.0
  2
SOLID
 70
1
 71
0
 91
1
 92
3
 72
0
 73
1
 93
4
 10
16346.5
 20
-13553.875
 10
15126.5
 20
-13553.875
 10
15126.5
 20
-13513.875
 10
16346.5
 20
-13513.875
 97
0
 75
0
 76
1
 98
0
  0
LWPOLYLINE
  5
1E6
330
17
100
AcDbEntity
  8
G-r_bas
100
AcDbPolyline
 90
4
 70
1
 10
16346.5
 20
-13553.875
 10
15126.5
 20
-13553.875
 10
15126.5
 20
-13513.875
 10
16346.5
 20
-13513.875
  0
HATCH
  5
1E7
330
17
100
AcDbEntity
  8
G-r_bas
 62
7
420
15105570
100
AcDbHatch
 10
0.0
 20
0.0
 30
0.0
210
0.0
220
0.0
230
1.0
  2
SOLID
 70
1
 71
0
 91
1
 92
1
 93
1
 72
2
 10
16346.5
 20
-13533.875
 40
45.0
 50
0.0
 51
360.0
 73
1
 97
0
 75
0
 76
1
 98
0
  0
CIRCLE
  5
1E8
330
17
100
AcDbEntity
  8
G-r_bas
100
AcDbCircle
 10
16346.5
 20
-13533.875
 30
0.0
 40
45.0
  0
HATCH
  5
1E9
330
17
100
AcDbEntity
  8
G-r_bas
 62
7
420
15105570
100
AcDbHatch
 10
0.0
 20
0.0
 30
0.0
210
0.0
220
0.0
230
1.0
  2
SOLID
 70
1
 71
0
 91
1
 92
3
 72
0
 73
1
 93
4
 10
16346.5
 20
-13717.875
 10
15126.5
 20
-13717.875
 10
15126.5
 20
-13677.875
 10
16346.5
 20
-13677.875
 97
0
 75
0
 76
1
 98
0
  0
LWPOLYLINE
  5
1EA
330
17
100
AcDbEntity
  8
G-r_bas
100
AcDbPolyline
 90
4
 70
1
 10
16346.5
 20
-13717.875
 10
15126.5
 20
-13717.875
 10
15126.5
 20
-13677.875
 10
16346.5
 20
-13677.875
  0
HATCH
  5
1EB
330
17
100
AcDbEntity
  8
G-r_bas
 62
7
420
15105570
100
AcDbHatch
 10
0.0
 20
0.0
 30
0.0
210
0.0
220
0.0
230
1.0
  2
SOLID
 70
1
 71
0
 91
1
 92
1
 93
1
 72
2
 10
16346.5
 20
-13697.875
 40
45.0
 50
0.0
 51
360.0
 73
1
 97
0
 75
0
 76
1
 98
0
  0
CIRCLE
  5
1EC
330
17
100
AcDbEntity
  8
G-r_bas
100
AcDbCircle
 10
16346.5
 20
-13697.875
 30
0.0
 40
45.0
  0
HATCH
  5
1ED
330
17
100
AcDbEntity
  8
G-r_bas
 62
7
420
15105570
100
AcDbHatch
 10
0.0
 20
0.0
 30
0.0
210
0.0
220
0.0
230
1.0
  2
SOLID
 70
1
 71
0
 91
1
 92
3
 72
0
 73
1
 93
4
 10
16346.5
 20
-9223.875
 10
15126.5
 20
-9223.875
 10
15126.5
 20
-9183.875
 10
16346.5
 20
-9183.875
 97
0
 75
0
 76
1
 98
0
  0
LWPOLYLINE
  5
1EE
330
17
100
AcDbEntity
  8
G-r_bas
100
AcDbPolyline
 90
4
 70
1
 10
16346.5
 20
-9223.875
 10
15126.5
 20
-9223.875
 10
15126.5
 20
-9183.875
 10
16346.5
 20
-9183.875
  0
HATCH
  5
1EF
330
17
100
AcDbEntity
  8
G-r_bas
 62
7
420
15105570
100
AcDbHatch
 10
0.0
 20
0.0
 30
0.0
210
0.0
220
0.0
230
1.0
  2
SOLID
 70
1
 71
0
 91
1
 92
1
 93
1
 72
2
 10
16346.5
 20
-9203.875
 40
45.0
 50
0.0
 51
360.0
 73
1
 97
0
 75
0
 76
1
 98
0
  0
CIRCLE
  5
1F0
330
17
100
AcDbEntity
  8
G-r_bas
100
AcDbCircle
 10
16346.5
 20
-9203.875
 30
0.0
 40
45.0
  0
HATCH
  5
1F1
330
17
100
AcDbEntity
  8
G-r_bas
 62
7
420
15105570
100
AcDbHatch
 10
0.0
 20
0.0
 30
0.0
210
0.0
220
0.0
230
1.0
  2
SOLID
 70
1
 71
0
 91
1
 92
3
 72
0
 73
1
 93
4
 10
16346.5
 20
-9387.875
 10
15126.5
 20
-9387.875
 10
15126.5
 20
-9347.875
 10
16346.5
 20
-9347.875
 97
0
 75
0
 76
1
 98
0
  0
LWPOLYLINE
  5
1F2
330
17
100
AcDbEntity
  8
G-r_bas
100
AcDbPolyline
 90
4
 70
1
 10
16346.5
 20
-9387.875
 10
15126.5
 20
-9387.875
 10
15126.5
 20
-9347.875
 10
16346.5
 20
-9347.875
  0
HATCH
  5
1F3
330
17
100
AcDbEntity
  8
G-r_bas
 62
7
420
15105570
100
AcDbHatch
 10
0.0
 20
0.0
 30
0.0
210
0.0
220
0.0
230
1.0
  2
SOLID
 70
1
 71
0
 91
1
 92
1
 93
1
 72
2
 10
16346.5
 20
-9367.875
 40
45.0
 50
0.0
 51
360.0
 73
1
 97
0
 75
0
 76
1
 98
0
  0
CIRCLE
  5
1F4
330
17
100
AcDbEntity
  8
G-r_bas
100
AcDbCircle
 10
16346.5
 20
-9367.875
 30
0.0
 40
45.0
  0
CIRCLE
  5
1F5
330
17
100
AcDbEntity
  8
G-r_oval_l
100
AcDbCircle
 10
4780.74
 20
-12172.875
 30
0.0
 40
380.0
  0
HATCH
  5
1F6
330
17
100
AcDbEntity
  8
G-r_anc
 62
7
420
12597547
100
AcDbHatch
 10
0.0
 20
0.0
 30
0.0
210
0.0
220
0.0
230
1.0
  2
SOLID
 70
1
 71
0
 91
1
 92
3
 72
0
 73
1
 93
4
 10
4580.74
 20
-12212.875
 10
4980.74
 20
-12212.875
 10
4980.74
 20
-12252.875
 10
4580.74
 20
-12252.875
 97
0
 75
0
 76
1
 98
0
  0
LWPOLYLINE
  5
1F7
330
17
100
AcDbEntity
  8
G-r_anc
100
AcDbPolyline
 90
4
 70
1
 10
4580.74
 20
-12212.875
 10
4980.74
 20
-12212.875
 10
4980.74
 20
-12252.875
 10
4580.74
 20
-12252.875
  0
HATCH
  5
1F8
330
17
100
AcDbEntity
  8
G-r_anc
 62
7
420
12597547
100
AcDbHatch
 10
0.0
 20
0.0
 30
0.0
210
0.0
220
0.0
230
1.0
  2
SOLID
 70
1
 71
0
 91
1
 92
3
 72
0
 73
1
 93
4
 10
4580.74
 20
-12092.875
 10
4980.74
 20
-12092.875
 10
4980.74
 20
-12132.875
 10
4580.74
 20
-12132.875
 97
0
 75
0
 76
1
 98
0
  0
LWPOLYLINE
  5
1F9
330
17
100
AcDbEntity
  8
G-r_anc
100
AcDbPolyline
 90
4
 70
1
 10
4580.74
 20
-12092.875
 10
4980.74
 20
-12092.875
 10
4980.74
 20
-12132.875
 10
4580.74
 20
-12132.875
  0
CIRCLE
  5
1FA
330
17
100
AcDbEntity
  8
G-r_oval_l
100
AcDbCircle
 10
6652.5
 20
-12172.875
 30
0.0
 40
380.0
  0
HATCH
  5
1FB
330
17
100
AcDbEntity
  8
G-r_anc
 62
7
420
12597547
100
AcDbHatch
 10
0.0
 20
0.0
 30
0.0
210
0.0
220
0.0
230
1.0
  2
SOLID
 70
1
 71
0
 91
1
 92
3
 72
0
 73
1
 93
4
 10
6452.5
 20
-12212.875
 10
6852.5
 20
-12212.875
 10
6852.5
 20
-12252.875
 10
6452.5
 20
-12252.875
 97
0
 75
0
 76
1
 98
0
  0
LWPOLYLINE
  5
1FC
330
17
100
AcDbEntity
  8
G-r_anc
100
AcDbPolyline
 90
4
 70
1
 10
6452.5
 20
-12212.875
 10
6852.5
 20
-12212.875
 10
6852.5
 20
-12252.875
 10
6452.5
 20
-12252.875
  0
HATCH
  5
1FD
330
17
100
AcDbEntity
  8
G-r_anc
 62
7
420
12597547
100
AcDbHatch
 10
0.0
 20
0.0
 30
0.0
210
0.0
220
0.0
230
1.0
  2
SOLID
 70
1
 71
0
 91
1
 92
3
 72
0
 73
1
 93
4
 10
6452.5
 20
-12092.875
 10
6852.5
 20
-12092.875
 10
6852.5
 20
-12132.875
 10
6452.5
 20
-12132.875
 97
0
 75
0
 76
1
 98
0
  0
LWPOLYLINE
  5
1FE
330
17
100
AcDbEntity
  8
G-r_anc
100
AcDbPolyline
 90
4
 70
1
 10
6452.5
 20
-12092.875
 10
6852.5
 20
-12092.875
 10
6852.5
 20
-12132.875
 10
6452.5
 20
-12132.875
  0
CIRCLE
  5
1FF
330
17
100
AcDbEntity
  8
G-r_oval_l
100
AcDbCircle
 10
11432.5
 20
-12172.875
 30
0.0
 40
380.0
  0
HATCH
  5
200
330
17
100
AcDbEntity
  8
G-r_anc
 62
7
420
12597547
100
AcDbHatch
 10
0.0
 20
0.0
 30
0.0
210
0.0
220
0.0
230
1.0
  2
SOLID
 70
1
 71
0
 91
1
 92
3
 72
0
 73
1
 93
4
 10
11232.5
 20
-12212.875
 10
11632.5
 20
-12212.875
 10
11632.5
 20
-12252.875
 10
11232.5
 20
-12252.875
 97
0
 75
0
 76
1
 98
0
  0
LWPOLYLINE
  5
201
330
17
100
AcDbEntity
  8
G-r_anc
100
AcDbPolyline
 90
4
 70
1
 10
11232.5
 20
-12212.875
 10
11632.5
 20
-12212.875
 10
11632.5
 20
-12252.875
 10
11232.5
 20
-12252.875
  0
HATCH
  5
202
330
17
100
AcDbEntity
  8
G-r_anc
 62
7
420
12597547
100
AcDbHatch
 10
0.0
 20
0.0
 30
0.0
210
0.0
220
0.0
230
1.0
  2
SOLID
 70
1
 71
0
 91
1
 92
3
 72
0
 73
1
 93
4
 10
11232.5
 20
-12092.875
 10
11632.5
 20
-12092.875
 10
11632.5
 20
-12132.875
 10
11232.5
 20
-12132.875
 97
0
 75
0
 76
1
 98
0
  0
LWPOLYLINE
  5
203
330
17
100
AcDbEntity
  8
G-r_anc
100
AcDbPolyline
 90
4
 70
1
 10
11232.5
 20
-12092.875
 10
11632.5
 20
-12092.875
 10
11632.5
 20
-12132.875
 10
11232.5
 20
-12132.875
  0
CIRCLE
  5
204
330
17
100
AcDbEntity
  8
G-r_oval_l
100
AcDbCircle
 10
16212.5
 20
-12172.875
 30
0.0
 40
380.0
  0
HATCH
  5
205
330
17
100
AcDbEntity
  8
G-r_anc
 62
7
420
12597547
100
AcDbHatch
 10
0.0
 20
0.0
 30
0.0
210
0.0
220
0.0
230
1.0
  2
SOLID
 70
1
 71
0
 91
1
 92
3
 72
0
 73
1
 93
4
 10
16012.5
 20
-12212.875
 10
16412.5
 20
-12212.875
 10
16412.5
 20
-12252.875
 10
16012.5
 20
-12252.875
 97
0
 75
0
 76
1
 98
0
  0
LWPOLYLINE
  5
206
330
17
100
AcDbEntity
  8
G-r_anc
100
AcDbPolyline
 90
4
 70
1
 10
16012.5
 20
-12212.875
 10
16412.5
 20
-12212.875
 10
16412.5
 20
-12252.875
 10
16012.5
 20
-12252.875
  0
HATCH
  5
207
330
17
100
AcDbEntity
  8
G-r_anc
 62
7
420
12597547
100
AcDbHatch
 10
0.0
 20
0.0
 30
0.0
210
0.0
220
0.0
230
1.0
  2
SOLID
 70
1
 71
0
 91
1
 92
3
 72
0
 73
1
 93
4
 10
16012.5
 20
-12092.875
 10
16412.5
 20
-12092.875
 10
16412.5
 20
-12132.875
 10
16012.5
 20
-12132.875
 97
0
 75
0
 76
1
 98
0
  0
LWPOLYLINE
  5
208
330
17
100
AcDbEntity
  8
G-r_anc
100
AcDbPolyline
 90
4
 70
1
 10
16012.5
 20
-12092.875
 10
16412.5
 20
-12092.875
 10
16412.5
 20
-12132.875
 10
16012.5
 20
-12132.875
  0
CIRCLE
  5
209
330
17
100
AcDbEntity
  8
G-r_oval_l
100
AcDbCircle
 10
4688.91641025641
 20
-10728.875
 30
0.0
 40
380.0
  0
HATCH
  5
20A
330
17
100
AcDbEntity
  8
G-r_anc
 62
7
420
12597547
100
AcDbHatch
 10
0.0
 20
0.0
 30
0.0
210
0.0
220
0.0
230
1.0
  2
SOLID
 70
1
 71
0
 91
1
 92
3
 72
0
 73
1
 93
4
 10
4488.91641025641
 20
-10768.875
 10
4888.91641025641
 20
-10768.875
 10
4888.91641025641
 20
-10808.875
 10
4488.91641025641
 20
-10808.875
 97
0
 75
0
 76
1
 98
0
  0
LWPOLYLINE
  5
20B
330
17
100
AcDbEntity
  8
G-r_anc
100
AcDbPolyline
 90
4
 70
1
 10
4488.91641025641
 20
-10768.875
 10
4888.91641025641
 20
-10768.875
 10
4888.91641025641
 20
-10808.875
 10
4488.91641025641
 20
-10808.875
  0
HATCH
  5
20C
330
17
100
AcDbEntity
  8
G-r_anc
 62
7
420
12597547
100
AcDbHatch
 10
0.0
 20
0.0
 30
0.0
210
0.0
220
0.0
230
1.0
  2
SOLID
 70
1
 71
0
 91
1
 92
3
 72
0
 73
1
 93
4
 10
4488.91641025641
 20
-10648.875
 10
4888.91641025641
 20
-10648.875
 10
4888.91641025641
 20
-10688.875
 10
4488.91641025641
 20
-10688.875
 97
0
 75
0
 76
1
 98
0
  0
LWPOLYLINE
  5
20D
330
17
100
AcDbEntity
  8
G-r_anc
100
AcDbPolyline
 90
4
 70
1
 10
4488.91641025641
 20
-10648.875
 10
4888.91641025641
 20
-10648.875
 10
4888.91641025641
 20
-10688.875
 10
4488.91641025641
 20
-10688.875
  0
CIRCLE
  5
20E
330
17
100
AcDbEntity
  8
G-r_oval_l
100
AcDbCircle
 10
6652.5
 20
-10728.875
 30
0.0
 40
380.0
  0
HATCH
  5
20F
330
17
100
AcDbEntity
  8
G-r_anc
 62
7
420
12597547
100
AcDbHatch
 10
0.0
 20
0.0
 30
0.0
210
0.0
220
0.0
230
1.0
  2
SOLID
 70
1
 71
0
 91
1
 92
3
 72
0
 73
1
 93
4
 10
6452.5
 20
-10768.875
 10
6852.5
 20
-10768.875
 10
6852.5
 20
-10808.875
 10
6452.5
 20
-10808.875
 97
0
 75
0
 76
1
 98
0
  0
LWPOLYLINE
  5
210
330
17
100
AcDbEntity
  8
G-r_anc
100
AcDbPolyline
 90
4
 70
1
 10
6452.5
 20
-10768.875
 10
6852.5
 20
-10768.875
 10
6852.5
 20
-10808.875
 10
6452.5
 20
-10808.875
  0
HATCH
  5
211
330
17
100
AcDbEntity
  8
G-r_anc
 62
7
420
12597547
100
AcDbHatch
 10
0.0
 20
0.0
 30
0.0
210
0.0
220
0.0
230
1.0
  2
SOLID
 70
1
 71
0
 91
1
 92
3
 72
0
 73
1
 93
4
 10
6452.5
 20
-10648.875
 10
6852.5
 20
-10648.875
 10
6852.5
 20
-10688.875
 10
6452.5
 20
-10688.875
 97
0
 75
0
 76
1
 98
0
  0
LWPOLYLINE
  5
212
330
17
100
AcDbEntity
  8
G-r_anc
100
AcDbPolyline
 90
4
 70
1
 10
6452.5
 20
-10648.875
 10
6852.5
 20
-10648.875
 10
6852.5
 20
-10688.875
 10
6452.5
 20
-10688.875
  0
CIRCLE
  5
213
330
17
100
AcDbEntity
  8
G-r_oval_l
100
AcDbCircle
 10
11432.5
 20
-10728.875
 30
0.0
 40
380.0
  0
HATCH
  5
214
330
17
100
AcDbEntity
  8
G-r_anc
 62
7
420
12597547
100
AcDbHatch
 10
0.0
 20
0.0
 30
0.0
210
0.0
220
0.0
230
1.0
  2
SOLID
 70
1
 71
0
 91
1
 92
3
 72
0
 73
1
 93
4
 10
11232.5
 20
-10768.875
 10
11632.5
 20
-10768.875
 10
11632.5
 20
-10808.875
 10
11232.5
 20
-10808.875
 97
0
 75
0
 76
1
 98
0
  0
LWPOLYLINE
  5
215
330
17
100
AcDbEntity
  8
G-r_anc
100
AcDbPolyline
 90
4
 70
1
 10
11232.5
 20
-10768.875
 10
11632.5
 20
-10768.875
 10
11632.5
 20
-10808.875
 10
11232.5
 20
-10808.875
  0
HATCH
  5
216
330
17
100
AcDbEntity
  8
G-r_anc
 62
7
420
12597547
100
AcDbHatch
 10
0.0
 20
0.0
 30
0.0
210
0.0
220
0.0
230
1.0
  2
SOLID
 70
1
 71
0
 91
1
 92
3
 72
0
 73
1
 93
4
 10
11232.5
 20
-10648.875
 10
11632.5
 20
-10648.875
 10
11632.5
 20
-10688.875
 10
11232.5
 20
-10688.875
 97
0
 75
0
 76
1
 98
0
  0
LWPOLYLINE
  5
217
330
17
100
AcDbEntity
  8
G-r_anc
100
AcDbPolyline
 90
4
 70
1
 10
11232.5
 20
-10648.875
 10
11632.5
 20
-10648.875
 10
11632.5
 20
-10688.875
 10
11232.5
 20
-10688.875
  0
CIRCLE
  5
218
330
17
100
AcDbEntity
  8
G-r_oval_l
100
AcDbCircle
 10
16212.5
 20
-10728.875
 30
0.0
 40
380.0
  0
HATCH
  5
219
330
17
100
AcDbEntity
  8
G-r_anc
 62
7
420
12597547
100
AcDbHatch
 10
0.0
 20
0.0
 30
0.0
210
0.0
220
0.0
230
1.0
  2
SOLID
 70
1
 71
0
 91
1
 92
3
 72
0
 73
1
 93
4
 10
16012.5
 20
-10768.875
 10
16412.5
 20
-10768.875
 10
16412.5
 20
-10808.875
 10
16012.5
 20
-10808.875
 97
0
 75
0
 76
1
 98
0
  0
LWPOLYLINE
  5
21A
330
17
100
AcDbEntity
  8
G-r_anc
100
AcDbPolyline
 90
4
 70
1
 10
16012.5
 20
-10768.875
 10
16412.5
 20
-10768.875
 10
16412.5
 20
-10808.875
 10
16012.5
 20
-10808.875
  0
HATCH
  5
21B
330
17
100
AcDbEntity
  8
G-r_anc
 62
7
420
12597547
100
AcDbHatch
 10
0.0
 20
0.0
 30
0.0
210
0.0
220
0.0
230
1.0
  2
SOLID
 70
1
 71
0
 91
1
 92
3
 72
0
 73
1
 93
4
 10
16012.5
 20
-10648.875
 10
16412.5
 20
-10648.875
 10
16412.5
 20
-10688.875
 10
16012.5
 20
-10688.875
 97
0
 75
0
 76
1
 98
0
  0
LWPOLYLINE
  5
21C
330
17
100
AcDbEntity
  8
G-r_anc
100
AcDbPolyline
 90
4
 70
1
 10
16012.5
 20
-10648.875
 10
16412.5
 20
-10648.875
 10
16412.5
 20
-10688.875
 10
16012.5
 20
-10688.875
  0
CIRCLE
  5
21D
330
17
100
AcDbEntity
  8
G-r_oval_l
100
AcDbCircle
 10
9042.5
 20
-13615.875
 30
0.0
 40
380.0
  0
HATCH
  5
21E
330
17
100
AcDbEntity
  8
G-r_anc
 62
7
420
12597547
100
AcDbHatch
 10
0.0
 20
0.0
 30
0.0
210
0.0
220
0.0
230
1.0
  2
SOLID
 70
1
 71
0
 91
1
 92
3
 72
0
 73
1
 93
4
 10
8962.5
 20
-13815.875
 10
8962.5
 20
-13415.875
 10
9002.5
 20
-13415.875
 10
9002.5
 20
-13815.875
 97
0
 75
0
 76
1
 98
0
  0
LWPOLYLINE
  5
21F
330
17
100
AcDbEntity
  8
G-r_anc
100
AcDbPolyline
 90
4
 70
1
 10
8962.5
 20
-13815.875
 10
8962.5
 20
-13415.875
 10
9002.5
 20
-13415.875
 10
9002.5
 20
-13815.875
  0
HATCH
  5
220
330
17
100
AcDbEntity
  8
G-r_anc
 62
7
420
12597547
100
AcDbHatch
 10
0.0
 20
0.0
 30
0.0
210
0.0
220
0.0
230
1.0
  2
SOLID
 70
1
 71
0
 91
1
 92
3
 72
0
 73
1
 93
4
 10
9082.5
 20
-13815.875
 10
9082.5
 20
-13415.875
 10
9122.5
 20
-13415.875
 10
9122.5
 20
-13815.875
 97
0
 75
0
 76
1
 98
0
  0
LWPOLYLINE
  5
221
330
17
100
AcDbEntity
  8
G-r_anc
100
AcDbPolyline
 90
4
 70
1
 10
9082.5
 20
-13815.875
 10
9082.5
 20
-13415.875
 10
9122.5
 20
-13415.875
 10
9122.5
 20
-13815.875
  0
CIRCLE
  5
222
330
17
100
AcDbEntity
  8
G-r_oval_l
100
AcDbCircle
 10
13822.5
 20
-13615.875
 30
0.0
 40
380.0
  0
HATCH
  5
223
330
17
100
AcDbEntity
  8
G-r_anc
 62
7
420
12597547
100
AcDbHatch
 10
0.0
 20
0.0
 30
0.0
210
0.0
220
0.0
230
1.0
  2
SOLID
 70
1
 71
0
 91
1
 92
3
 72
0
 73
1
 93
4
 10
13742.5
 20
-13815.875
 10
13742.5
 20
-13415.875
 10
13782.5
 20
-13415.875
 10
13782.5
 20
-13815.875
 97
0
 75
0
 76
1
 98
0
  0
LWPOLYLINE
  5
224
330
17
100
AcDbEntity
  8
G-r_anc
100
AcDbPolyline
 90
4
 70
1
 10
13742.5
 20
-13815.875
 10
13742.5
 20
-13415.875
 10
13782.5
 20
-13415.875
 10
13782.5
 20
-13815.875
  0
HATCH
  5
225
330
17
100
AcDbEntity
  8
G-r_anc
 62
7
420
12597547
100
AcDbHatch
 10
0.0
 20
0.0
 30
0.0
210
0.0
220
0.0
230
1.0
  2
SOLID
 70
1
 71
0
 91
1
 92
3
 72
0
 73
1
 93
4
 10
13862.5
 20
-13815.875
 10
13862.5
 20
-13415.875
 10
13902.5
 20
-13415.875
 10
13902.5
 20
-13815.875
 97
0
 75
0
 76
1
 98
0
  0
LWPOLYLINE
  5
226
330
17
100
AcDbEntity
  8
G-r_anc
100
AcDbPolyline
 90
4
 70
1
 10
13862.5
 20
-13815.875
 10
13862.5
 20
-13415.875
 10
13902.5
 20
-13415.875
 10
13902.5
 20
-13815.875
  0
TEXT
  5
227
330
17
100
AcDbEntity
  8
T-label
 62
49
420
2236962
100
AcDbText
 10
9942.5
 20
-9055.875
 30
0.0
 40
171.45
  1
VCS 30x35
  7
ESTANDAR
 72
1
 11
9942.5
 21
-9055.875
 31
0.0
100
AcDbText
  0
TEXT
  5
228
330
17
100
AcDbEntity
  8
T-label
 62
49
420
2236962
100
AcDbText
 10
9942.5
 20
-7655.875
 30
0.0
 40
171.45
  1
VCS 30x35
  7
ESTANDAR
 72
1
 11
9942.5
 21
-7655.875
 31
0.0
100
AcDbText
  0
TEXT
  5
229
330
17
100
AcDbEntity
  8
T-label
 62
49
420
2236962
100
AcDbText
 10
9942.5
 20
-3635.875
 30
0.0
 40
171.45
  1
VCS 30x35
  7
ESTANDAR
 72
1
 11
9942.5
 21
-3635.875
 31
0.0
100
AcDbText
  0
TEXT
  5
22A
330
17
100
AcDbEntity
  8
T-code
 62
19
420
1118481
100
AcDbText
 10
10192.5
 20
-13385.875
 30
0.0
 40
171.45
  1
VCS+1Ø12
  7
NEGRITA
 72
1
 11
10192.5
 21
-13385.875
 31
0.0
100
AcDbText
  0
TEXT
  5
22B
330
17
100
AcDbEntity
  8
T-label
 62
49
420
2236962
100
AcDbText
 10
14722.5
 20
-9055.875
 30
0.0
 40
171.45
  1
VCS 30x35
  7
ESTANDAR
 72
1
 11
14722.5
 21
-9055.875
 31
0.0
100
AcDbText
  0
TEXT
  5
22C
330
17
100
AcDbEntity
  8
T-label
 62
49
420
2236962
100
AcDbText
 10
14722.5
 20
-7655.875
 30
0.0
 40
171.45
  1
VCS 30x35
  7
ESTANDAR
 72
1
 11
14722.5
 21
-7655.875
 31
0.0
100
AcDbText
  0
TEXT
  5
22D
330
17
100
AcDbEntity
  8
T-label
 62
49
420
2236962
100
AcDbText
 10
14722.5
 20
-3635.875
 30
0.0
 40
171.45
  1
VCS 30x35
  7
ESTANDAR
 72
1
 11
14722.5
 21
-3635.875
 31
0.0
100
AcDbText
  0
TEXT
  5
22E
330
17
100
AcDbEntity
  8
T-code
 62
19
420
1118481
100
AcDbText
 10
14972.5
 20
-13385.875
 30
0.0
 40
171.45
  1
VCS+1Ø12
  7
NEGRITA
 72
1
 11
14972.5
 21
-13385.875
 31
0.0
100
AcDbText
  0
TEXT
  5
22F
330
17
100
AcDbEntity
  8
T-label
 62
49
420
2236962
100
AcDbText
 10
6392.5
 20
-10007.375
 30
0.0
 40
171.45
  1
VCM 30x35
 50
90.0
  7
ESTANDAR
 72
1
 11
6392.5
 21
-10007.375
 31
0.0
100
AcDbText
  0
TEXT
  5
230
330
17
100
AcDbEntity
  8
T-label
 62
49
420
2236962
100
AcDbText
 10
6392.5
 20
-5875.875
 30
0.0
 40
171.45
  1
VCS 30x35
 50
90.0
  7
ESTANDAR
 72
1
 11
6392.5
 21
-5875.875
 31
0.0
100
AcDbText
  0
TEXT
  5
231
330
17
100
AcDbEntity
  8
T-label
 62
49
420
2236962
100
AcDbText
 10
11172.5
 20
-10007.375
 30
0.0
 40
171.45
  1
VCM 30x35
 50
90.0
  7
ESTANDAR
 72
1
 11
11172.5
 21
-10007.375
 31
0.0
100
AcDbText
  0
TEXT
  5
232
330
17
100
AcDbEntity
  8
T-label
 62
49
420
2236962
100
AcDbText
 10
11172.5
 20
-5875.875
 30
0.0
 40
171.45
  1
VCS 30x35
 50
90.0
  7
ESTANDAR
 72
1
 11
11172.5
 21
-5875.875
 31
0.0
100
AcDbText
  0
TEXT
  5
233
330
17
100
AcDbEntity
  8
T-label
 62
49
420
2236962
100
AcDbText
 10
15952.5
 20
-10007.375
 30
0.0
 40
171.45
  1
VCM 30x35
 50
90.0
  7
ESTANDAR
 72
1
 11
15952.5
 21
-10007.375
 31
0.0
100
AcDbText
  0
TEXT
  5
234
330
17
100
AcDbEntity
  8
T-label
 62
49
420
2236962
100
AcDbText
 10
15952.5
 20
-5875.875
 30
0.0
 40
171.45
  1
VCS 30x35
 50
90.0
  7
ESTANDAR
 72
1
 11
15952.5
 21
-5875.875
 31
0.0
100
AcDbText
  0
TEXT
  5
235
330
17
100
AcDbEntity
  8
T-small
 62
47
420
4473924
100
AcDbText
 10
12627.5
 20
-12052.875
 30
0.0
 40
171.45
  1
IPE 200
  7
ESTANDAR
 72
1
 11
12627.5
 21
-12052.875
 31
0.0
100
AcDbText
  0
TEXT
  5
236
330
17
100
AcDbEntity
  8
T-small
 62
47
420
4473924
100
AcDbText
 10
12627.5
 20
-10608.875
 30
0.0
 40
171.45
  1
IPE 200
  7
ESTANDAR
 72
1
 11
12627.5
 21
-10608.875
 31
0.0
100
AcDbText
  0
TEXT
  5
237
330
17
100
AcDbEntity
  8
T-small
 62
47
420
4473924
100
AcDbText
 10
9212.5
 20
-12894.375
 30
0.0
 40
171.45
  1
IPE 200
 50
90.0
  7
ESTANDAR
 72
1
 11
9212.5
 21
-12894.375
 31
0.0
100
AcDbText
  0
TEXT
  5
238
330
17
100
AcDbEntity
  8
T-small
 62
47
420
4473924
100
AcDbText
 10
13992.5
 20
-12894.375
 30
0.0
 40
171.45
  1
IPE 200
 50
90.0
  7
ESTANDAR
 72
1
 11
13992.5
 21
-12894.375
 31
0.0
100
AcDbText
  0
TEXT
  5
239
330
17
100
AcDbEntity
  8
T-code
 62
19
420
1118481
100
AcDbText
 10
6852.5
 20
-14400.875
 30
0.0
 40
171.45
  1
IPE 240
 50
90.0
  7
NEGRITA
 72
1
 11
6852.5
 21
-14400.875
 31
0.0
100
AcDbText
  0
TEXT
  5
23A
330
17
100
AcDbEntity
  8
T-code
 62
19
420
1118481
100
AcDbText
 10
11632.5
 20
-14400.875
 30
0.0
 40
171.45
  1
IPE 240
 50
90.0
  7
NEGRITA
 72
1
 11
11632.5
 21
-14400.875
 31
0.0
100
AcDbText
  0
TEXT
  5
23B
330
17
100
AcDbEntity
  8
T-code
 62
19
420
1118481
100
AcDbText
 10
16947.5
 20
-9585.875
 30
0.0
 40
171.45
  1
IPE 240
  7
NEGRITA
 72
1
 11
16947.5
 21
-9585.875
 31
0.0
100
AcDbText
  0
TEXT
  5
23C
330
17
100
AcDbEntity
  8
T-small
 62
47
420
4473924
100
AcDbText
 10
9042.5
 20
-15165.875
 30
0.0
 40
171.45
  1
borde de losa
  7
ESTANDAR
 72
1
 11
9042.5
 21
-15165.875
 31
0.0
100
AcDbText
  0
TEXT
  5
23D
330
17
100
AcDbEntity
  8
T-red
 62
242
420
13632027
100
AcDbText
 10
6392.5
 20
-14315.875
 30
0.0
 40
171.45
  1
B4
  7
NEGRITA
 72
2
 11
6392.5
 21
-14315.875
 31
0.0
100
AcDbText
  0
TEXT
  5
23E
330
17
100
AcDbEntity
  8
T-red
 62
242
420
13632027
100
AcDbText
 10
11172.5
 20
-14315.875
 30
0.0
 40
171.45
  1
C4
  7
NEGRITA
 72
2
 11
11172.5
 21
-14315.875
 31
0.0
100
AcDbText
  0
TEXT
  5
23F
330
17
100
AcDbEntity
  8
T-red
 62
242
420
13632027
100
AcDbText
 10
15952.5
 20
-14315.875
 30
0.0
 40
171.45
  1
D4Y
  7
NEGRITA
 72
2
 11
15952.5
 21
-14315.875
 31
0.0
100
AcDbText
  0
TEXT
  5
240
330
17
100
AcDbEntity
  8
T-red
 62
242
420
13632027
100
AcDbText
 10
16532.5
 20
-13935.875
 30
0.0
 40
171.45
  1
D4X
  7
NEGRITA
 11
16532.5
 21
-13935.875
 31
0.0
100
AcDbText
  0
TEXT
  5
241
330
17
100
AcDbEntity
  8
T-red
 62
242
420
13632027
100
AcDbText
 10
16532.5
 20
-9085.875
 30
0.0
 40
171.45
  1
D3
  7
NEGRITA
 11
16532.5
 21
-9085.875
 31
0.0
100
AcDbText
  0
TEXT
  5
242
330
17
100
AcDbEntity
  8
T-tie
 62
195
420
5975151
100
AcDbText
 10
16662.5
 20
-12894.375
 30
0.0
 40
171.45
  1
Ø10 c/110
  7
NEGRITA
 11
16662.5
 21
-12894.375
 31
0.0
100
AcDbText
  0
TEXT
  5
243
330
17
100
AcDbEntity
  8
T-tie
 62
195
420
5975151
100
AcDbText
 10
16662.5
 20
-11450.875
 30
0.0
 40
171.45
  1
Ø10 c/140
  7
NEGRITA
 11
16662.5
 21
-11450.875
 31
0.0
100
AcDbText
  0
TEXT
  5
244
330
17
100
AcDbEntity
  8
T-tie
 62
195
420
5975151
100
AcDbText
 10
16662.5
 20
-10007.375
 30
0.0
 40
171.45
  1
Ø10 c/110
  7
NEGRITA
 11
16662.5
 21
-10007.375
 31
0.0
100
AcDbText
  0
LINE
  5
245
330
17
100
AcDbEntity
  8
G-lead
100
AcDbLine
 10
10142.5
 20
-13875.875
 30
0.0
 11
10142.5
 21
-14095.875
 31
0.0
  0
TEXT
  5
246
330
17
100
AcDbEntity
  8
T-code
 62
19
420
1118481
100
AcDbText
 10
10202.5
 20
-14275.875
 30
0.0
 40
171.45
  1
A
  7
NEGRITA
 72
1
 11
10202.5
 21
-14275.875
 31
0.0
100
AcDbText
  0
LINE
  5
247
330
17
100
AcDbEntity
  8
G-lead
100
AcDbLine
 10
10142.5
 20
-13355.875
 30
0.0
 11
10142.5
 21
-13135.875
 31
0.0
  0
TEXT
  5
248
330
17
100
AcDbEntity
  8
T-code
 62
19
420
1118481
100
AcDbText
 10
10202.5
 20
-13075.875
 30
0.0
 40
171.45
  1
A
  7
NEGRITA
 72
1
 11
10202.5
 21
-13075.875
 31
0.0
100
AcDbText
  0
LINE
  5
249
330
17
100
AcDbEntity
  8
G-lead
100
AcDbLine
 10
11692.5
 20
-12915.875
 30
0.0
 11
11912.5
 21
-12915.875
 31
0.0
  0
TEXT
  5
24A
330
17
100
AcDbEntity
  8
T-code
 62
19
420
1118481
100
AcDbText
 10
12032.5
 20
-12975.875
 30
0.0
 40
171.45
  1
B
  7
NEGRITA
 72
1
 11
12032.5
 21
-12975.875
 31
0.0
100
AcDbText
  0
LINE
  5
24B
330
17
100
AcDbEntity
  8
G-lead
100
AcDbLine
 10
11172.5
 20
-12915.875
 30
0.0
 11
10952.5
 21
-12915.875
 31
0.0
  0
TEXT
  5
24C
330
17
100
AcDbEntity
  8
T-code
 62
19
420
1118481
100
AcDbText
 10
10832.5
 20
-12975.875
 30
0.0
 40
171.45
  1
B
  7
NEGRITA
 72
1
 11
10832.5
 21
-12975.875
 31
0.0
100
AcDbText
  0
LINE
  5
24D
330
17
100
AcDbEntity
  8
G-lead
100
AcDbLine
 10
15562.5
 20
-9545.875
 30
0.0
 11
15562.5
 21
-9765.875
 31
0.0
  0
TEXT
  5
24E
330
17
100
AcDbEntity
  8
T-code
 62
19
420
1118481
100
AcDbText
 10
15622.5
 20
-9945.875
 30
0.0
 40
171.45
  1
C
  7
NEGRITA
 72
1
 11
15622.5
 21
-9945.875
 31
0.0
100
AcDbText
  0
LINE
  5
24F
330
17
100
AcDbEntity
  8
G-lead
100
AcDbLine
 10
15562.5
 20
-9025.875
 30
0.0
 11
15562.5
 21
-8805.875
 31
0.0
  0
TEXT
  5
250
330
17
100
AcDbEntity
  8
T-code
 62
19
420
1118481
100
AcDbText
 10
15622.5
 20
-8745.875
 30
0.0
 40
171.45
  1
C
  7
NEGRITA
 72
1
 11
15622.5
 21
-8745.875
 31
0.0
100
AcDbText
  0
DIMENSION
  5
251
330
17
100
AcDbEntity
  8
COTAS
100
AcDbDimension
280
0
  2
*D1
  3
COTAS_1-75
 10
4872.5
 20
-16945.875
 30
0.0
 11
5762.5
 21
-16832.295
 31
0.0
 70
32
 71
5
  1
<>
100
AcDbAlignedDimension
 13
4872.5
 23
-13615.875
 33
0.0
 14
6652.5
 24
-13615.875
 34
0.0
 50
0.0
100
AcDbRotatedDimension
  0
DIMENSION
  5
256
330
17
100
AcDbEntity
  8
COTAS
100
AcDbDimension
280
0
  2
*D2
  3
COTAS_1-75
 10
6652.5
 20
-16945.875
 30
0.0
 11
7847.5
 21
-16832.295
 31
0.0
 70
32
 71
5
  1
<>
100
AcDbAlignedDimension
 13
6652.5
 23
-16945.875
 33
0.0
 14
9042.5
 24
-16945.875
 34
0.0
 50
0.0
100
AcDbRotatedDimension
  0
DIMENSION
  5
257
330
17
100
AcDbEntity
  8
COTAS
100
AcDbDimension
280
0
  2
*D3
  3
COTAS_1-75
 10
9042.5
 20
-16945.875
 30
0.0
 11
10237.5
 21
-16832.295
 31
0.0
 70
32
 71
5
  1
<>
100
AcDbAlignedDimension
 13
9042.5
 23
-16945.875
 33
0.0
 14
11432.5
 24
-16945.875
 34
0.0
 50
0.0
100
AcDbRotatedDimension
  0
DIMENSION
  5
258
330
17
100
AcDbEntity
  8
COTAS
100
AcDbDimension
280
0
  2
*D4
  3
COTAS_1-75
 10
11432.5
 20
-16945.875
 30
0.0
 11
12627.5
 21
-16832.295
 31
0.0
 70
32
 71
5
  1
<>
100
AcDbAlignedDimension
 13
11432.5
 23
-16945.875
 33
0.0
 14
13822.5
 24
-16945.875
 34
0.0
 50
0.0
100
AcDbRotatedDimension
  0
DIMENSION
  5
259
330
17
100
AcDbEntity
  8
COTAS
100
AcDbDimension
280
0
  2
*D5
  3
COTAS_1-75
 10
13822.5
 20
-16945.875
 30
0.0
 11
15017.5
 21
-16832.295
 31
0.0
 70
32
 71
5
  1
<>
100
AcDbAlignedDimension
 13
13822.5
 23
-16945.875
 33
0.0
 14
16212.5
 24
-16945.875
 34
0.0
 50
0.0
100
AcDbRotatedDimension
  0
DIMENSION
  5
25A
330
17
100
AcDbEntity
  8
COTAS
100
AcDbDimension
280
0
  2
*D6
  3
COTAS_1-75
 10
16212.5
 20
-16945.875
 30
0.0
 11
16847.5
 21
-16832.295
 31
0.0
 70
32
 71
5
  1
<>
100
AcDbAlignedDimension
 13
16212.5
 23
-16945.875
 33
0.0
 14
17482.5
 24
-16945.875
 34
0.0
 50
0.0
100
AcDbRotatedDimension
  0
DIMENSION
  5
25B
330
17
100
AcDbEntity
  8
COTAS
100
AcDbDimension
280
0
  2
*D7
  3
COTAS_1-75
 10
19492.5
 20
-14885.875
 30
0.0
 11
19378.92
 21
-14250.875
 31
0.0
 70
32
 71
5
  1
<>
100
AcDbAlignedDimension
 13
19492.5
 23
-14885.875
 33
0.0
 14
19492.5
 24
-13615.875
 34
0.0
 50
90.0
100
AcDbRotatedDimension
  0
DIMENSION
  5
25C
330
17
100
AcDbEntity
  8
COTAS
100
AcDbDimension
280
0
  2
*D8
  3
COTAS_1-75
 10
19492.5
 20
-13615.875
 30
0.0
 11
19378.92
 21
-12894.375
 31
0.0
 70
32
 71
5
  1
<>
100
AcDbAlignedDimension
 13
19492.5
 23
-13615.875
 33
0.0
 14
19492.5
 24
-12172.875
 34
0.0
 50
90.0
100
AcDbRotatedDimension
  0
DIMENSION
  5
25D
330
17
100
AcDbEntity
  8
COTAS
100
AcDbDimension
280
0
  2
*D9
  3
COTAS_1-75
 10
19492.5
 20
-12172.875
 30
0.0
 11
19378.92
 21
-11450.875
 31
0.0
 70
32
 71
5
  1
<>
100
AcDbAlignedDimension
 13
19492.5
 23
-12172.875
 33
0.0
 14
19492.5
 24
-10728.875
 34
0.0
 50
90.0
100
AcDbRotatedDimension
  0
DIMENSION
  5
25E
330
17
100
AcDbEntity
  8
COTAS
100
AcDbDimension
280
0
  2
*D10
  3
COTAS_1-75
 10
19492.5
 20
-10728.875
 30
0.0
 11
19378.92
 21
-10007.375
 31
0.0
 70
32
 71
5
  1
<>
100
AcDbAlignedDimension
 13
19492.5
 23
-10728.875
 33
0.0
 14
19492.5
 24
-9285.875
 34
0.0
 50
90.0
100
AcDbRotatedDimension
  0
DIMENSION
  5
25F
330
17
100
AcDbEntity
  8
COTAS
100
AcDbDimension
280
0
  2
*D11
  3
COTAS_1-75
 10
19492.5
 20
-9285.875
 30
0.0
 11
19378.92
 21
-8585.875
 31
0.0
 70
32
 71
5
  1
<>
100
AcDbAlignedDimension
 13
19492.5
 23
-9285.875
 33
0.0
 14
19492.5
 24
-7885.875
 34
0.0
 50
90.0
100
AcDbRotatedDimension
  0
DIMENSION
  5
260
330
17
100
AcDbEntity
  8
COTAS
100
AcDbDimension
280
0
  2
*D12
  3
COTAS_1-75
 10
19492.5
 20
-7885.875
 30
0.0
 11
19378.92
 21
-5875.875
 31
0.0
 70
32
 71
5
  1
<>
100
AcDbAlignedDimension
 13
19492.5
 23
-7885.875
 33
0.0
 14
19492.5
 24
-3865.875
 34
0.0
 50
90.0
100
AcDbRotatedDimension
  0
TEXT
  5
309
330
17
100
AcDbEntity
  8
MODELO_ROTULOS
100
AcDbText
 10
0.0
 20
300.0
 30
0.0
 40
375.0
  1
detalles/01_planta-de-ubicacion.dxf  1:75
  7
NEGRITA
 11
0.0
 21
300.0
 31
0.0
100
AcDbText
  0
HATCH
  5
30E
330
17
100
AcDbEntity
  8
G-r_conc
 62
7
420
16118767
100
AcDbHatch
 10
0.0
 20
0.0
 30
0.0
210
0.0
220
0.0
230
1.0
  2
SOLID
 70
1
 71
0
 91
1
 92
3
 72
0
 73
1
 93
4
 10
26511.549999999996
 20
-624.588
 10
26811.549999999996
 20
-624.588
 10
26811.549999999996
 20
-274.58799999999997
 10
26511.549999999996
 20
-274.58799999999997
 97
0
 75
0
 76
1
 98
0
  0
LWPOLYLINE
  5
30F
330
17
100
AcDbEntity
  8
G-r_conc
100
AcDbPolyline
 90
4
 70
1
 10
26511.549999999996
 20
-624.588
 10
26811.549999999996
 20
-624.588
 10
26811.549999999996
 20
-274.58799999999997
 10
26511.549999999996
 20
-274.58799999999997
  0
HATCH
  5
310
330
17
100
AcDbEntity
  8
G-r_tieS
 62
7
420
9460135
100
AcDbHatch
 10
0.0
 20
0.0
 30
0.0
210
0.0
220
0.0
230
1.0
  2
SOLID
 70
1
 71
0
 91
1
 92
3
 72
0
 73
1
 93
114
 10
26617.440872965257
 20
-365.5499407771256
 10
26577.359133131224
 20
-325.4682009430931
 10
26577.182130209858
 20
-325.3097155920225
 10
26576.997379704047
 20
-325.164070036985
 10
26576.801771503844
 20
-325.03336881620805
 10
26576.59651159885
 20
-324.9184177461802
 10
26576.382865484633
 20
-324.81992553847334
 10
26576.162150360535
 20
-324.73849943029995
 10
26575.935727008684
 20
-324.67464144069385
 10
26575.704991404345
 20
-324.6287452753959
 10
26575.471366109243
 20
-324.60109389952714
 10
26575.225385401376
 20
-324.59142929119326
 10
26564.5912528044
 20
-324.58799999999997
 10
26564.083115236954
 20
-324.64020562015605
 10
26563.627726726278
 20
-324.7495347286984
 10
26563.19504764445
 20
-324.92875627254625
 10
26562.795731986444
 20
-325.173457222488
 10
26562.439612229016
 20
-325.47761222902017
 10
26562.135457222485
 20
-325.83373198644944
 10
26561.890756272544
 20
-326.23304764445396
 10
26561.711534728693
 20
-326.665726726281
 10
26561.60220562015
 20
-327.1211152369566
 10
26561.56530247527
 20
-327.5900141512529
 10
26561.549999999996
 20
-571.5859919942387
 10
26561.60220562015
 20
-572.0548847630433
 10
26561.711534728693
 20
-572.5102732737189
 10
26561.890756272544
 20
-572.942952355546
 10
26562.135457222485
 20
-573.3422680135506
 10
26562.439612229016
 20
-573.6983877709797
 10
26562.795731986444
 20
-574.0025427775118
 10
26563.19504764445
 20
-574.2472437274537
 10
26563.627726726278
 20
-574.4264652713016
 10
26564.083115236954
 20
-574.5357943798439
 10
26564.552529914647
 20
-574.572738116187
 10
26758.547477784097
 20
-574.588
 10
26759.016884763038
 20
-574.5357943798439
 10
26759.472273273714
 20
-574.4264652713016
 10
26759.90495235554
 20
-574.2472437274537
 10
26760.304268013548
 20
-574.0025427775118
 10
26760.660387770975
 20
-573.6983877709797
 10
26760.964542777507
 20
-573.3422680135506
 10
26761.209243727448
 20
-572.942952355546
 10
26761.3884652713
 20
-572.5102732737189
 10
26761.49779437984
 20
-572.0548847630433
 10
26761.534697524723
 20
-571.585985848747
 10
26761.549999999996
 20
-327.5900080057612
 10
26761.49779437984
 20
-327.1211152369566
 10
26761.3884652713
 20
-326.665726726281
 10
26761.209243727448
 20
-326.23304764445396
 10
26760.964542777507
 20
-325.83373198644944
 10
26760.660387770975
 20
-325.47761222902017
 10
26760.304268013548
 20
-325.173457222488
 10
26759.90495235554
 20
-324.92875627254625
 10
26759.472273273714
 20
-324.7495347286984
 10
26759.016884763038
 20
-324.64020562015605
 10
26758.54497259246
 20
-324.60306532686
 10
26661.549999999996
 20
-324.58799999999997
 10
26661.549999999996
 20
-314.58799999999997
 10
26758.555027407532
 20
-314.5729346731399
 10
26760.586066677595
 20
-314.7327809303217
 10
26762.571998636275
 20
-315.2095610105791
 10
26764.458895640284
 20
-315.99113934043976
 10
26766.200296023126
 20
-317.0582708675127
 10
26767.753320728
 20
-318.384679271995
 10
26769.07972913248
 20
-319.937703976871
 10
26770.146860659555
 20
-321.6791043597132
 10
26770.928438989416
 20
-323.56600136371975
 10
26771.405219069675
 20
-325.5519333223997
 10
26771.549999999996
 20
-327.5859919942387
 10
26771.56530247527
 20
-571.590014151253
 10
26771.405219069675
 20
-573.6240666776002
 10
26770.928438989416
 20
-575.6099986362801
 10
26770.146860659555
 20
-577.4968956402867
 10
26769.07972913248
 20
-579.2382960231289
 10
26767.753320728
 20
-580.791320728005
 10
26766.200296023126
 20
-582.1177291324872
 10
26764.458895640284
 20
-583.1848606595602
 10
26762.571998636275
 20
-583.9664389894208
 10
26760.586066677595
 20
-584.4432190696782
 10
26758.552522215894
 20
-584.588
 10
26564.547470085345
 20
-584.6032618838129
 10
26562.513933322396
 20
-584.4432190696782
 10
26560.528001363717
 20
-583.9664389894208
 10
26558.641104359707
 20
-583.1848606595602
 10
26556.899703976866
 20
-582.1177291324872
 10
26555.346679271992
 20
-580.791320728005
 10
26554.02027086751
 20
-579.2382960231289
 10
26552.953139340436
 20
-577.4968956402867
 10
26552.171561010575
 20
-575.6099986362801
 10
26551.694780930316
 20
-573.6240666776002
 10
26551.549999999996
 20
-571.5900080057612
 10
26551.534697524723
 20
-327.58598584874704
 10
26551.694780930316
 20
-325.5519333223997
 10
26552.171561010575
 20
-323.56600136371975
 10
26552.953139340436
 20
-321.6791043597132
 10
26554.02027086751
 20
-319.937703976871
 10
26555.346679271992
 20
-318.384679271995
 10
26556.899703976866
 20
-317.0582708675127
 10
26558.641104359707
 20
-315.99113934043976
 10
26560.528001363717
 20
-315.2095610105791
 10
26562.513933322396
 20
-314.7327809303217
 10
26564.508747195592
 20
-314.58799999999997
 10
26575.247197600645
 20
-314.58457070880667
 10
26576.256562424423
 20
-314.6242287607427
 10
26577.27054303832
 20
-314.7442412750819
 10
26578.271981815033
 20
-314.9434398329433
 10
26579.254704551488
 20
-315.2205963089775
 10
26580.212652435228
 20
-315.574001941346
 10
26581.139919399004
 20
-316.0014778668058
 10
26582.03078853363
 20
-316.5003885541264
 10
26582.879767334653
 20
-317.06765805301575
 10
26583.681621565447
 20
-317.699788958377
 10
26584.427158369785
 20
-318.3940905579221
 10
26624.51194077712
 20
-358.47887296526005
 97
0
 75
0
 76
1
 98
0
  0
LWPOLYLINE
  5
311
330
17
100
AcDbEntity
  8
G-r_tieS
100
AcDbPolyline
 90
114
 70
1
 10
26617.440872965257
 20
-365.5499407771256
 10
26577.359133131224
 20
-325.4682009430931
 10
26577.182130209858
 20
-325.3097155920225
 10
26576.997379704047
 20
-325.164070036985
 10
26576.801771503844
 20
-325.03336881620805
 10
26576.59651159885
 20
-324.9184177461802
 10
26576.382865484633
 20
-324.81992553847334
 10
26576.162150360535
 20
-324.73849943029995
 10
26575.935727008684
 20
-324.67464144069385
 10
26575.704991404345
 20
-324.6287452753959
 10
26575.471366109243
 20
-324.60109389952714
 10
26575.225385401376
 20
-324.59142929119326
 10
26564.5912528044
 20
-324.58799999999997
 10
26564.083115236954
 20
-324.64020562015605
 10
26563.627726726278
 20
-324.7495347286984
 10
26563.19504764445
 20
-324.92875627254625
 10
26562.795731986444
 20
-325.173457222488
 10
26562.439612229016
 20
-325.47761222902017
 10
26562.135457222485
 20
-325.83373198644944
 10
26561.890756272544
 20
-326.23304764445396
 10
26561.711534728693
 20
-326.665726726281
 10
26561.60220562015
 20
-327.1211152369566
 10
26561.56530247527
 20
-327.5900141512529
 10
26561.549999999996
 20
-571.5859919942387
 10
26561.60220562015
 20
-572.0548847630433
 10
26561.711534728693
 20
-572.5102732737189
 10
26561.890756272544
 20
-572.942952355546
 10
26562.135457222485
 20
-573.3422680135506
 10
26562.439612229016
 20
-573.6983877709797
 10
26562.795731986444
 20
-574.0025427775118
 10
26563.19504764445
 20
-574.2472437274537
 10
26563.627726726278
 20
-574.4264652713016
 10
26564.083115236954
 20
-574.5357943798439
 10
26564.552529914647
 20
-574.572738116187
 10
26758.547477784097
 20
-574.588
 10
26759.016884763038
 20
-574.5357943798439
 10
26759.472273273714
 20
-574.4264652713016
 10
26759.90495235554
 20
-574.2472437274537
 10
26760.304268013548
 20
-574.0025427775118
 10
26760.660387770975
 20
-573.6983877709797
 10
26760.964542777507
 20
-573.3422680135506
 10
26761.209243727448
 20
-572.942952355546
 10
26761.3884652713
 20
-572.5102732737189
 10
26761.49779437984
 20
-572.0548847630433
 10
26761.534697524723
 20
-571.585985848747
 10
26761.549999999996
 20
-327.5900080057612
 10
26761.49779437984
 20
-327.1211152369566
 10
26761.3884652713
 20
-326.665726726281
 10
26761.209243727448
 20
-326.23304764445396
 10
26760.964542777507
 20
-325.83373198644944
 10
26760.660387770975
 20
-325.47761222902017
 10
26760.304268013548
 20
-325.173457222488
 10
26759.90495235554
 20
-324.92875627254625
 10
26759.472273273714
 20
-324.7495347286984
 10
26759.016884763038
 20
-324.64020562015605
 10
26758.54497259246
 20
-324.60306532686
 10
26661.549999999996
 20
-324.58799999999997
 10
26661.549999999996
 20
-314.58799999999997
 10
26758.555027407532
 20
-314.5729346731399
 10
26760.586066677595
 20
-314.7327809303217
 10
26762.571998636275
 20
-315.2095610105791
 10
26764.458895640284
 20
-315.99113934043976
 10
26766.200296023126
 20
-317.0582708675127
 10
26767.753320728
 20
-318.384679271995
 10
26769.07972913248
 20
-319.937703976871
 10
26770.146860659555
 20
-321.6791043597132
 10
26770.928438989416
 20
-323.56600136371975
 10
26771.405219069675
 20
-325.5519333223997
 10
26771.549999999996
 20
-327.5859919942387
 10
26771.56530247527
 20
-571.590014151253
 10
26771.405219069675
 20
-573.6240666776002
 10
26770.928438989416
 20
-575.6099986362801
 10
26770.146860659555
 20
-577.4968956402867
 10
26769.07972913248
 20
-579.2382960231289
 10
26767.753320728
 20
-580.791320728005
 10
26766.200296023126
 20
-582.1177291324872
 10
26764.458895640284
 20
-583.1848606595602
 10
26762.571998636275
 20
-583.9664389894208
 10
26760.586066677595
 20
-584.4432190696782
 10
26758.552522215894
 20
-584.588
 10
26564.547470085345
 20
-584.6032618838129
 10
26562.513933322396
 20
-584.4432190696782
 10
26560.528001363717
 20
-583.9664389894208
 10
26558.641104359707
 20
-583.1848606595602
 10
26556.899703976866
 20
-582.1177291324872
 10
26555.346679271992
 20
-580.791320728005
 10
26554.02027086751
 20
-579.2382960231289
 10
26552.953139340436
 20
-577.4968956402867
 10
26552.171561010575
 20
-575.6099986362801
 10
26551.694780930316
 20
-573.6240666776002
 10
26551.549999999996
 20
-571.5900080057612
 10
26551.534697524723
 20
-327.58598584874704
 10
26551.694780930316
 20
-325.5519333223997
 10
26552.171561010575
 20
-323.56600136371975
 10
26552.953139340436
 20
-321.6791043597132
 10
26554.02027086751
 20
-319.937703976871
 10
26555.346679271992
 20
-318.384679271995
 10
26556.899703976866
 20
-317.0582708675127
 10
26558.641104359707
 20
-315.99113934043976
 10
26560.528001363717
 20
-315.2095610105791
 10
26562.513933322396
 20
-314.7327809303217
 10
26564.508747195592
 20
-314.58799999999997
 10
26575.247197600645
 20
-314.58457070880667
 10
26576.256562424423
 20
-314.6242287607427
 10
26577.27054303832
 20
-314.7442412750819
 10
26578.271981815033
 20
-314.9434398329433
 10
26579.254704551488
 20
-315.2205963089775
 10
26580.212652435228
 20
-315.574001941346
 10
26581.139919399004
 20
-316.0014778668058
 10
26582.03078853363
 20
-316.5003885541264
 10
26582.879767334653
 20
-317.06765805301575
 10
26583.681621565447
 20
-317.699788958377
 10
26584.427158369785
 20
-318.3940905579221
 10
26624.51194077712
 20
-358.47887296526005
  0
HATCH
  5
312
330
17
100
AcDbEntity
  8
G-r_tieS
 62
7
420
9460135
100
AcDbHatch
 10
0.0
 20
0.0
 30
0.0
210
0.0
220
0.0
230
1.0
  2
SOLID
 70
1
 71
0
 91
1
 92
3
 72
0
 73
1
 93
48
 10
26661.549999999996
 20
-324.58799999999997
 10
26564.55501230513
 20
-324.58799999999997
 10
26564.083115236954
 20
-324.64020562015605
 10
26563.627726726278
 20
-324.7495347286984
 10
26563.19504764445
 20
-324.92875627254625
 10
26562.795731986444
 20
-325.173457222488
 10
26562.439612229016
 20
-325.47761222902017
 10
26562.135457222485
 20
-325.83373198644944
 10
26561.890756272544
 20
-326.23304764445396
 10
26561.711534728693
 20
-326.665726726281
 10
26561.60220562015
 20
-327.1211152369566
 10
26561.56220640027
 20
-327.6293535140519
 10
26561.549999999996
 20
-338.26339287629213
 10
26561.563093899524
 20
-338.5093661092473
 10
26561.590745275393
 20
-338.74299140434937
 10
26561.63664144069
 20
-338.9737270086889
 10
26561.700499430295
 20
-339.20015036053763
 10
26561.781925538467
 20
-339.42086548463817
 10
26561.880417746175
 20
-339.63451159885506
 10
26561.995368816202
 20
-339.8397715038497
 10
26562.126070036982
 20
-340.0353797040521
 10
26562.271715592018
 20
-340.22013020986134
 10
26562.43287014609
 20
-340.3944662242713
 10
26602.51194077712
 20
-380.47887296526005
 10
26595.440872965257
 20
-387.5499407771256
 10
26555.353421354914
 20
-347.4678252767439
 10
26554.661788958372
 20
-346.7196215654521
 10
26554.029658053012
 20
-345.91776733465787
 10
26553.462388554122
 20
-345.0687885336359
 10
26552.9634778668
 20
-344.17791939900815
 10
26552.536001941342
 20
-343.25065243523375
 10
26552.182596308972
 20
-342.292704551492
 10
26551.90543983294
 20
-341.30998181503605
 10
26551.70624127508
 20
-340.30854303832473
 10
26551.586228760738
 20
-339.29456242442865
 10
26551.549999999996
 20
-338.2851901257383
 10
26551.53779359972
 20
-327.54664648594803
 10
26551.694780930316
 20
-325.5519333223997
 10
26552.171561010575
 20
-323.56600136371975
 10
26552.953139340436
 20
-321.6791043597132
 10
26554.02027086751
 20
-319.937703976871
 10
26555.346679271992
 20
-318.384679271995
 10
26556.899703976866
 20
-317.0582708675127
 10
26558.641104359707
 20
-315.99113934043976
 10
26560.528001363717
 20
-315.2095610105791
 10
26562.513933322396
 20
-314.7327809303217
 10
26564.544987694862
 20
-314.58799999999997
 10
26661.549999999996
 20
-314.58799999999997
 97
0
 75
0
 76
1
 98
0
  0
LWPOLYLINE
  5
313
330
17
100
AcDbEntity
  8
G-r_tieS
100
AcDbPolyline
 90
48
 70
1
 10
26661.549999999996
 20
-324.58799999999997
 10
26564.55501230513
 20
-324.58799999999997
 10
26564.083115236954
 20
-324.64020562015605
 10
26563.627726726278
 20
-324.7495347286984
 10
26563.19504764445
 20
-324.92875627254625
 10
26562.795731986444
 20
-325.173457222488
 10
26562.439612229016
 20
-325.47761222902017
 10
26562.135457222485
 20
-325.83373198644944
 10
26561.890756272544
 20
-326.23304764445396
 10
26561.711534728693
 20
-326.665726726281
 10
26561.60220562015
 20
-327.1211152369566
 10
26561.56220640027
 20
-327.6293535140519
 10
26561.549999999996
 20
-338.26339287629213
 10
26561.563093899524
 20
-338.5093661092473
 10
26561.590745275393
 20
-338.74299140434937
 10
26561.63664144069
 20
-338.9737270086889
 10
26561.700499430295
 20
-339.20015036053763
 10
26561.781925538467
 20
-339.42086548463817
 10
26561.880417746175
 20
-339.63451159885506
 10
26561.995368816202
 20
-339.8397715038497
 10
26562.126070036982
 20
-340.0353797040521
 10
26562.271715592018
 20
-340.22013020986134
 10
26562.43287014609
 20
-340.3944662242713
 10
26602.51194077712
 20
-380.47887296526005
 10
26595.440872965257
 20
-387.5499407771256
 10
26555.353421354914
 20
-347.4678252767439
 10
26554.661788958372
 20
-346.7196215654521
 10
26554.029658053012
 20
-345.91776733465787
 10
26553.462388554122
 20
-345.0687885336359
 10
26552.9634778668
 20
-344.17791939900815
 10
26552.536001941342
 20
-343.25065243523375
 10
26552.182596308972
 20
-342.292704551492
 10
26551.90543983294
 20
-341.30998181503605
 10
26551.70624127508
 20
-340.30854303832473
 10
26551.586228760738
 20
-339.29456242442865
 10
26551.549999999996
 20
-338.2851901257383
 10
26551.53779359972
 20
-327.54664648594803
 10
26551.694780930316
 20
-325.5519333223997
 10
26552.171561010575
 20
-323.56600136371975
 10
26552.953139340436
 20
-321.6791043597132
 10
26554.02027086751
 20
-319.937703976871
 10
26555.346679271992
 20
-318.384679271995
 10
26556.899703976866
 20
-317.0582708675127
 10
26558.641104359707
 20
-315.99113934043976
 10
26560.528001363717
 20
-315.2095610105791
 10
26562.513933322396
 20
-314.7327809303217
 10
26564.544987694862
 20
-314.58799999999997
 10
26661.549999999996
 20
-314.58799999999997
  0
HATCH
  5
314
330
17
100
AcDbEntity
  8
G-r_bm1
 62
7
420
1725046
100
AcDbHatch
 10
0.0
 20
0.0
 30
0.0
210
0.0
220
0.0
230
1.0
  2
SOLID
 70
1
 71
0
 91
1
 92
1
 93
1
 72
2
 10
26567.549999999996
 20
-330.58799999999997
 40
6.0
 50
0.0
 51
360.0
 73
1
 97
0
 75
0
 76
1
 98
0
  0
CIRCLE
  5
315
330
17
100
AcDbEntity
  8
G-r_bm1
100
AcDbCircle
 10
26567.549999999996
 20
-330.58799999999997
 30
0.0
 40
6.0
  0
HATCH
  5
316
330
17
100
AcDbEntity
  8
G-r_bm1
 62
7
420
1725046
100
AcDbHatch
 10
0.0
 20
0.0
 30
0.0
210
0.0
220
0.0
230
1.0
  2
SOLID
 70
1
 71
0
 91
1
 92
1
 93
1
 72
2
 10
26661.549999999996
 20
-330.58799999999997
 40
6.0
 50
0.0
 51
360.0
 73
1
 97
0
 75
0
 76
1
 98
0
  0
CIRCLE
  5
317
330
17
100
AcDbEntity
  8
G-r_bm1
100
AcDbCircle
 10
26661.549999999996
 20
-330.58799999999997
 30
0.0
 40
6.0
  0
HATCH
  5
318
330
17
100
AcDbEntity
  8
G-r_bm1
 62
7
420
1725046
100
AcDbHatch
 10
0.0
 20
0.0
 30
0.0
210
0.0
220
0.0
230
1.0
  2
SOLID
 70
1
 71
0
 91
1
 92
1
 93
1
 72
2
 10
26755.549999999996
 20
-330.58799999999997
 40
6.0
 50
0.0
 51
360.0
 73
1
 97
0
 75
0
 76
1
 98
0
  0
CIRCLE
  5
319
330
17
100
AcDbEntity
  8
G-r_bm1
100
AcDbCircle
 10
26755.549999999996
 20
-330.58799999999997
 30
0.0
 40
6.0
  0
HATCH
  5
31A
330
17
100
AcDbEntity
  8
G-r_bm1
 62
7
420
1725046
100
AcDbHatch
 10
0.0
 20
0.0
 30
0.0
210
0.0
220
0.0
230
1.0
  2
SOLID
 70
1
 71
0
 91
1
 92
1
 93
1
 72
2
 10
26567.549999999996
 20
-568.588
 40
6.0
 50
0.0
 51
360.0
 73
1
 97
0
 75
0
 76
1
 98
0
  0
CIRCLE
  5
31B
330
17
100
AcDbEntity
  8
G-r_bm1
100
AcDbCircle
 10
26567.549999999996
 20
-568.588
 30
0.0
 40
6.0
  0
HATCH
  5
31C
330
17
100
AcDbEntity
  8
G-r_bm1
 62
7
420
1725046
100
AcDbHatch
 10
0.0
 20
0.0
 30
0.0
210
0.0
220
0.0
230
1.0
  2
SOLID
 70
1
 71
0
 91
1
 92
1
 93
1
 72
2
 10
26655.549999999996
 20
-568.588
 40
6.0
 50
0.0
 51
360.0
 73
1
 97
0
 75
0
 76
1
 98
0
  0
CIRCLE
  5
31D
330
17
100
AcDbEntity
  8
G-r_bm1
100
AcDbCircle
 10
26655.549999999996
 20
-568.588
 30
0.0
 40
6.0
  0
HATCH
  5
31E
330
17
100
AcDbEntity
  8
G-r_bm2
 62
7
420
6139362
100
AcDbHatch
 10
0.0
 20
0.0
 30
0.0
210
0.0
220
0.0
230
1.0
  2
SOLID
 70
1
 71
0
 91
1
 92
1
 93
1
 72
2
 10
26667.549999999996
 20
-568.588
 40
6.0
 50
0.0
 51
360.0
 73
1
 97
0
 75
0
 76
1
 98
0
  0
CIRCLE
  5
31F
330
17
100
AcDbEntity
  8
G-r_bm2
100
AcDbCircle
 10
26667.549999999996
 20
-568.588
 30
0.0
 40
6.0
  0
HATCH
  5
320
330
17
100
AcDbEntity
  8
G-r_bm1
 62
7
420
1725046
100
AcDbHatch
 10
0.0
 20
0.0
 30
0.0
210
0.0
220
0.0
230
1.0
  2
SOLID
 70
1
 71
0
 91
1
 92
1
 93
1
 72
2
 10
26755.549999999996
 20
-568.588
 40
6.0
 50
0.0
 51
360.0
 73
1
 97
0
 75
0
 76
1
 98
0
  0
CIRCLE
  5
321
330
17
100
AcDbEntity
  8
G-r_bm1
100
AcDbCircle
 10
26755.549999999996
 20
-568.588
 30
0.0
 40
6.0
  0
TEXT
  5
322
330
17
100
AcDbEntity
  8
T-bsm
 62
156
420
929604
100
AcDbText
 10
26682.549999999996
 20
-543.588
 30
0.0
 40
22.86
  1
+1Ø12
  7
NEGRITA
 11
26682.549999999996
 21
-543.588
 31
0.0
100
AcDbText
  0
TEXT
  5
323
330
17
100
AcDbEntity
  8
T-bsm
 62
156
420
929604
100
AcDbText
 10
26661.549999999996
 20
-244.58799999999997
 30
0.0
 40
22.86
  1
3Ø12
  7
NEGRITA
 72
1
 11
26661.549999999996
 21
-244.58799999999997
 31
0.0
100
AcDbText
  0
TEXT
  5
324
330
17
100
AcDbEntity
  8
T-bsm
 62
156
420
929604
100
AcDbText
 10
26661.549999999996
 20
-684.588
 30
0.0
 40
22.86
  1
4Ø12 (1-2-1)
  7
NEGRITA
 72
1
 11
26661.549999999996
 21
-684.588
 31
0.0
100
AcDbText
  0
DIMENSION
  5
325
330
17
100
AcDbEntity
  8
COTAS
100
AcDbDimension
280
0
  2
*D13
  3
COTAS_1-10
 10
26511.549999999996
 20
-724.588
 30
0.0
 11
26661.549999999996
 21
-709.444
 31
0.0
 70
32
 71
5
  1
<>
100
AcDbAlignedDimension
 13
26511.549999999996
 23
-624.588
 33
0.0
 14
26811.549999999996
 24
-624.588
 34
0.0
 50
0.0
100
AcDbRotatedDimension
  0
DIMENSION
  5
326
330
17
100
AcDbEntity
  8
COTAS
100
AcDbDimension
280
0
  2
*D14
  3
COTAS_1-10
 10
26451.549999999996
 20
-624.588
 30
0.0
 11
26436.405999999995
 21
-449.58799999999997
 31
0.0
 70
32
 71
5
  1
<>
100
AcDbAlignedDimension
 13
26511.549999999996
 23
-624.588
 33
0.0
 14
26511.549999999996
 24
-274.58799999999997
 34
0.0
 50
90.0
100
AcDbRotatedDimension
  0
TEXT
  5
343
330
17
100
AcDbEntity
  8
MODELO_ROTULOS
100
AcDbText
 10
26271.749999999996
 20
40.0
 30
0.0
 40
50.0
  1
detalles/02_corte-a-a-vcs-112-eje-4.dxf  1:10
  7
NEGRITA
 11
26271.749999999996
 21
40.0
 31
0.0
100
AcDbText
  0
HATCH
  5
345
330
17
100
AcDbEntity
  8
G-r_conc
 62
7
420
16118767
100
AcDbHatch
 10
0.0
 20
0.0
 30
0.0
210
0.0
220
0.0
230
1.0
  2
SOLID
 70
1
 71
0
 91
1
 92
3
 72
0
 73
1
 93
4
 10
27339.089999999997
 20
-624.588
 10
27639.089999999997
 20
-624.588
 10
27639.089999999997
 20
-274.58799999999997
 10
27339.089999999997
 20
-274.58799999999997
 97
0
 75
0
 76
1
 98
0
  0
LWPOLYLINE
  5
346
330
17
100
AcDbEntity
  8
G-r_conc
100
AcDbPolyline
 90
4
 70
1
 10
27339.089999999997
 20
-624.588
 10
27639.089999999997
 20
-624.588
 10
27639.089999999997
 20
-274.58799999999997
 10
27339.089999999997
 20
-274.58799999999997
  0
HATCH
  5
347
330
17
100
AcDbEntity
  8
G-r_tieS
 62
7
420
9460135
100
AcDbHatch
 10
0.0
 20
0.0
 30
0.0
210
0.0
220
0.0
230
1.0
  2
SOLID
 70
1
 71
0
 91
1
 92
3
 72
0
 73
1
 93
114
 10
27444.980872965258
 20
-365.5499407771256
 10
27404.899133131225
 20
-325.4682009430931
 10
27404.72213020986
 20
-325.3097155920225
 10
27404.53737970405
 20
-325.164070036985
 10
27404.341771503845
 20
-325.03336881620805
 10
27404.136511598852
 20
-324.9184177461802
 10
27403.922865484634
 20
-324.81992553847334
 10
27403.702150360536
 20
-324.73849943029995
 10
27403.475727008685
 20
-324.67464144069385
 10
27403.244991404346
 20
-324.6287452753959
 10
27403.011366109244
 20
-324.60109389952714
 10
27402.765385401377
 20
-324.59142929119326
 10
27392.1312528044
 20
-324.58799999999997
 10
27391.623115236955
 20
-324.64020562015605
 10
27391.16772672628
 20
-324.7495347286984
 10
27390.73504764445
 20
-324.92875627254625
 10
27390.335731986444
 20
-325.173457222488
 10
27389.979612229017
 20
-325.47761222902017
 10
27389.675457222485
 20
-325.83373198644944
 10
27389.430756272544
 20
-326.23304764445396
 10
27389.251534728694
 20
-326.665726726281
 10
27389.14220562015
 20
-327.1211152369566
 10
27389.10530247527
 20
-327.5900141512529
 10
27389.089999999997
 20
-571.5859919942387
 10
27389.14220562015
 20
-572.0548847630433
 10
27389.251534728694
 20
-572.5102732737189
 10
27389.430756272544
 20
-572.942952355546
 10
27389.675457222485
 20
-573.3422680135506
 10
27389.979612229017
 20
-573.6983877709797
 10
27390.335731986444
 20
-574.0025427775118
 10
27390.73504764445
 20
-574.2472437274537
 10
27391.16772672628
 20
-574.4264652713016
 10
27391.623115236955
 20
-574.5357943798439
 10
27392.092529914647
 20
-574.572738116187
 10
27586.087477784098
 20
-574.588
 10
27586.55688476304
 20
-574.5357943798439
 10
27587.012273273715
 20
-574.4264652713016
 10
27587.44495235554
 20
-574.2472437274537
 10
27587.84426801355
 20
-574.0025427775118
 10
27588.200387770976
 20
-573.6983877709797
 10
27588.504542777508
 20
-573.3422680135506
 10
27588.74924372745
 20
-572.942952355546
 10
27588.9284652713
 20
-572.5102732737189
 10
27589.03779437984
 20
-572.0548847630433
 10
27589.074697524724
 20
-571.585985848747
 10
27589.089999999997
 20
-327.5900080057612
 10
27589.03779437984
 20
-327.1211152369566
 10
27588.9284652713
 20
-326.665726726281
 10
27588.74924372745
 20
-326.23304764445396
 10
27588.504542777508
 20
-325.83373198644944
 10
27588.200387770976
 20
-325.47761222902017
 10
27587.84426801355
 20
-325.173457222488
 10
27587.44495235554
 20
-324.92875627254625
 10
27587.012273273715
 20
-324.7495347286984
 10
27586.55688476304
 20
-324.64020562015605
 10
27586.08497259246
 20
-324.60306532686
 10
27489.089999999997
 20
-324.58799999999997
 10
27489.089999999997
 20
-314.58799999999997
 10
27586.095027407533
 20
-314.5729346731399
 10
27588.126066677596
 20
-314.7327809303217
 10
27590.111998636276
 20
-315.2095610105791
 10
27591.998895640285
 20
-315.99113934043976
 10
27593.740296023127
 20
-317.0582708675127
 10
27595.293320728
 20
-318.384679271995
 10
27596.619729132482
 20
-319.937703976871
 10
27597.686860659556
 20
-321.6791043597132
 10
27598.468438989417
 20
-323.56600136371975
 10
27598.945219069676
 20
-325.5519333223997
 10
27599.089999999997
 20
-327.5859919942387
 10
27599.10530247527
 20
-571.590014151253
 10
27598.945219069676
 20
-573.6240666776002
 10
27598.468438989417
 20
-575.6099986362801
 10
27597.686860659556
 20
-577.4968956402867
 10
27596.619729132482
 20
-579.2382960231289
 10
27595.293320728
 20
-580.791320728005
 10
27593.740296023127
 20
-582.1177291324872
 10
27591.998895640285
 20
-583.1848606595602
 10
27590.111998636276
 20
-583.9664389894208
 10
27588.126066677596
 20
-584.4432190696782
 10
27586.092522215895
 20
-584.588
 10
27392.087470085346
 20
-584.6032618838129
 10
27390.053933322397
 20
-584.4432190696782
 10
27388.068001363717
 20
-583.9664389894208
 10
27386.181104359708
 20
-583.1848606595602
 10
27384.439703976866
 20
-582.1177291324872
 10
27382.886679271993
 20
-580.791320728005
 10
27381.56027086751
 20
-579.2382960231289
 10
27380.493139340437
 20
-577.4968956402867
 10
27379.711561010576
 20
-575.6099986362801
 10
27379.234780930317
 20
-573.6240666776002
 10
27379.089999999997
 20
-571.5900080057612
 10
27379.074697524724
 20
-327.58598584874704
 10
27379.234780930317
 20
-325.5519333223997
 10
27379.711561010576
 20
-323.56600136371975
 10
27380.493139340437
 20
-321.6791043597132
 10
27381.56027086751
 20
-319.937703976871
 10
27382.886679271993
 20
-318.384679271995
 10
27384.439703976866
 20
-317.0582708675127
 10
27386.181104359708
 20
-315.99113934043976
 10
27388.068001363717
 20
-315.2095610105791
 10
27390.053933322397
 20
-314.7327809303217
 10
27392.048747195593
 20
-314.58799999999997
 10
27402.787197600646
 20
-314.58457070880667
 10
27403.796562424424
 20
-314.6242287607427
 10
27404.810543038322
 20
-314.7442412750819
 10
27405.811981815034
 20
-314.9434398329433
 10
27406.79470455149
 20
-315.2205963089775
 10
27407.75265243523
 20
-315.574001941346
 10
27408.679919399005
 20
-316.0014778668058
 10
27409.57078853363
 20
-316.5003885541264
 10
27410.419767334653
 20
-317.06765805301575
 10
27411.221621565448
 20
-317.699788958377
 10
27411.967158369785
 20
-318.3940905579221
 10
27452.05194077712
 20
-358.47887296526005
 97
0
 75
0
 76
1
 98
0
  0
LWPOLYLINE
  5
348
330
17
100
AcDbEntity
  8
G-r_tieS
100
AcDbPolyline
 90
114
 70
1
 10
27444.980872965258
 20
-365.5499407771256
 10
27404.899133131225
 20
-325.4682009430931
 10
27404.72213020986
 20
-325.3097155920225
 10
27404.53737970405
 20
-325.164070036985
 10
27404.341771503845
 20
-325.03336881620805
 10
27404.136511598852
 20
-324.9184177461802
 10
27403.922865484634
 20
-324.81992553847334
 10
27403.702150360536
 20
-324.73849943029995
 10
27403.475727008685
 20
-324.67464144069385
 10
27403.244991404346
 20
-324.6287452753959
 10
27403.011366109244
 20
-324.60109389952714
 10
27402.765385401377
 20
-324.59142929119326
 10
27392.1312528044
 20
-324.58799999999997
 10
27391.623115236955
 20
-324.64020562015605
 10
27391.16772672628
 20
-324.7495347286984
 10
27390.73504764445
 20
-324.92875627254625
 10
27390.335731986444
 20
-325.173457222488
 10
27389.979612229017
 20
-325.47761222902017
 10
27389.675457222485
 20
-325.83373198644944
 10
27389.430756272544
 20
-326.23304764445396
 10
27389.251534728694
 20
-326.665726726281
 10
27389.14220562015
 20
-327.1211152369566
 10
27389.10530247527
 20
-327.5900141512529
 10
27389.089999999997
 20
-571.5859919942387
 10
27389.14220562015
 20
-572.0548847630433
 10
27389.251534728694
 20
-572.5102732737189
 10
27389.430756272544
 20
-572.942952355546
 10
27389.675457222485
 20
-573.3422680135506
 10
27389.979612229017
 20
-573.6983877709797
 10
27390.335731986444
 20
-574.0025427775118
 10
27390.73504764445
 20
-574.2472437274537
 10
27391.16772672628
 20
-574.4264652713016
 10
27391.623115236955
 20
-574.5357943798439
 10
27392.092529914647
 20
-574.572738116187
 10
27586.087477784098
 20
-574.588
 10
27586.55688476304
 20
-574.5357943798439
 10
27587.012273273715
 20
-574.4264652713016
 10
27587.44495235554
 20
-574.2472437274537
 10
27587.84426801355
 20
-574.0025427775118
 10
27588.200387770976
 20
-573.6983877709797
 10
27588.504542777508
 20
-573.3422680135506
 10
27588.74924372745
 20
-572.942952355546
 10
27588.9284652713
 20
-572.5102732737189
 10
27589.03779437984
 20
-572.0548847630433
 10
27589.074697524724
 20
-571.585985848747
 10
27589.089999999997
 20
-327.5900080057612
 10
27589.03779437984
 20
-327.1211152369566
 10
27588.9284652713
 20
-326.665726726281
 10
27588.74924372745
 20
-326.23304764445396
 10
27588.504542777508
 20
-325.83373198644944
 10
27588.200387770976
 20
-325.47761222902017
 10
27587.84426801355
 20
-325.173457222488
 10
27587.44495235554
 20
-324.92875627254625
 10
27587.012273273715
 20
-324.7495347286984
 10
27586.55688476304
 20
-324.64020562015605
 10
27586.08497259246
 20
-324.60306532686
 10
27489.089999999997
 20
-324.58799999999997
 10
27489.089999999997
 20
-314.58799999999997
 10
27586.095027407533
 20
-314.5729346731399
 10
27588.126066677596
 20
-314.7327809303217
 10
27590.111998636276
 20
-315.2095610105791
 10
27591.998895640285
 20
-315.99113934043976
 10
27593.740296023127
 20
-317.0582708675127
 10
27595.293320728
 20
-318.384679271995
 10
27596.619729132482
 20
-319.937703976871
 10
27597.686860659556
 20
-321.6791043597132
 10
27598.468438989417
 20
-323.56600136371975
 10
27598.945219069676
 20
-325.5519333223997
 10
27599.089999999997
 20
-327.5859919942387
 10
27599.10530247527
 20
-571.590014151253
 10
27598.945219069676
 20
-573.6240666776002
 10
27598.468438989417
 20
-575.6099986362801
 10
27597.686860659556
 20
-577.4968956402867
 10
27596.619729132482
 20
-579.2382960231289
 10
27595.293320728
 20
-580.791320728005
 10
27593.740296023127
 20
-582.1177291324872
 10
27591.998895640285
 20
-583.1848606595602
 10
27590.111998636276
 20
-583.9664389894208
 10
27588.126066677596
 20
-584.4432190696782
 10
27586.092522215895
 20
-584.588
 10
27392.087470085346
 20
-584.6032618838129
 10
27390.053933322397
 20
-584.4432190696782
 10
27388.068001363717
 20
-583.9664389894208
 10
27386.181104359708
 20
-583.1848606595602
 10
27384.439703976866
 20
-582.1177291324872
 10
27382.886679271993
 20
-580.791320728005
 10
27381.56027086751
 20
-579.2382960231289
 10
27380.493139340437
 20
-577.4968956402867
 10
27379.711561010576
 20
-575.6099986362801
 10
27379.234780930317
 20
-573.6240666776002
 10
27379.089999999997
 20
-571.5900080057612
 10
27379.074697524724
 20
-327.58598584874704
 10
27379.234780930317
 20
-325.5519333223997
 10
27379.711561010576
 20
-323.56600136371975
 10
27380.493139340437
 20
-321.6791043597132
 10
27381.56027086751
 20
-319.937703976871
 10
27382.886679271993
 20
-318.384679271995
 10
27384.439703976866
 20
-317.0582708675127
 10
27386.181104359708
 20
-315.99113934043976
 10
27388.068001363717
 20
-315.2095610105791
 10
27390.053933322397
 20
-314.7327809303217
 10
27392.048747195593
 20
-314.58799999999997
 10
27402.787197600646
 20
-314.58457070880667
 10
27403.796562424424
 20
-314.6242287607427
 10
27404.810543038322
 20
-314.7442412750819
 10
27405.811981815034
 20
-314.9434398329433
 10
27406.79470455149
 20
-315.2205963089775
 10
27407.75265243523
 20
-315.574001941346
 10
27408.679919399005
 20
-316.0014778668058
 10
27409.57078853363
 20
-316.5003885541264
 10
27410.419767334653
 20
-317.06765805301575
 10
27411.221621565448
 20
-317.699788958377
 10
27411.967158369785
 20
-318.3940905579221
 10
27452.05194077712
 20
-358.47887296526005
  0
HATCH
  5
349
330
17
100
AcDbEntity
  8
G-r_tieS
 62
7
420
9460135
100
AcDbHatch
 10
0.0
 20
0.0
 30
0.0
210
0.0
220
0.0
230
1.0
  2
SOLID
 70
1
 71
0
 91
1
 92
3
 72
0
 73
1
 93
48
 10
27489.089999999997
 20
-324.58799999999997
 10
27392.09501230513
 20
-324.58799999999997
 10
27391.623115236955
 20
-324.64020562015605
 10
27391.16772672628
 20
-324.7495347286984
 10
27390.73504764445
 20
-324.92875627254625
 10
27390.335731986444
 20
-325.173457222488
 10
27389.979612229017
 20
-325.47761222902017
 10
27389.675457222485
 20
-325.83373198644944
 10
27389.430756272544
 20
-326.23304764445396
 10
27389.251534728694
 20
-326.665726726281
 10
27389.14220562015
 20
-327.1211152369566
 10
27389.102206400272
 20
-327.6293535140519
 10
27389.089999999997
 20
-338.26339287629213
 10
27389.103093899525
 20
-338.5093661092473
 10
27389.130745275394
 20
-338.74299140434937
 10
27389.176641440692
 20
-338.9737270086889
 10
27389.240499430296
 20
-339.20015036053763
 10
27389.32192553847
 20
-339.42086548463817
 10
27389.420417746176
 20
-339.63451159885506
 10
27389.535368816203
 20
-339.8397715038497
 10
27389.666070036983
 20
-340.0353797040521
 10
27389.81171559202
 20
-340.22013020986134
 10
27389.97287014609
 20
-340.3944662242713
 10
27430.05194077712
 20
-380.47887296526005
 10
27422.980872965258
 20
-387.5499407771256
 10
27382.893421354915
 20
-347.4678252767439
 10
27382.201788958373
 20
-346.7196215654521
 10
27381.569658053013
 20
-345.91776733465787
 10
27381.002388554123
 20
-345.0687885336359
 10
27380.5034778668
 20
-344.17791939900815
 10
27380.076001941343
 20
-343.25065243523375
 10
27379.722596308973
 20
-342.292704551492
 10
27379.44543983294
 20
-341.30998181503605
 10
27379.24624127508
 20
-340.30854303832473
 10
27379.12622876074
 20
-339.29456242442865
 10
27379.089999999997
 20
-338.2851901257383
 10
27379.07779359972
 20
-327.54664648594803
 10
27379.234780930317
 20
-325.5519333223997
 10
27379.711561010576
 20
-323.56600136371975
 10
27380.493139340437
 20
-321.6791043597132
 10
27381.56027086751
 20
-319.937703976871
 10
27382.886679271993
 20
-318.384679271995
 10
27384.439703976866
 20
-317.0582708675127
 10
27386.181104359708
 20
-315.99113934043976
 10
27388.068001363717
 20
-315.2095610105791
 10
27390.053933322397
 20
-314.7327809303217
 10
27392.084987694863
 20
-314.58799999999997
 10
27489.089999999997
 20
-314.58799999999997
 97
0
 75
0
 76
1
 98
0
  0
LWPOLYLINE
  5
34A
330
17
100
AcDbEntity
  8
G-r_tieS
100
AcDbPolyline
 90
48
 70
1
 10
27489.089999999997
 20
-324.58799999999997
 10
27392.09501230513
 20
-324.58799999999997
 10
27391.623115236955
 20
-324.64020562015605
 10
27391.16772672628
 20
-324.7495347286984
 10
27390.73504764445
 20
-324.92875627254625
 10
27390.335731986444
 20
-325.173457222488
 10
27389.979612229017
 20
-325.47761222902017
 10
27389.675457222485
 20
-325.83373198644944
 10
27389.430756272544
 20
-326.23304764445396
 10
27389.251534728694
 20
-326.665726726281
 10
27389.14220562015
 20
-327.1211152369566
 10
27389.102206400272
 20
-327.6293535140519
 10
27389.089999999997
 20
-338.26339287629213
 10
27389.103093899525
 20
-338.5093661092473
 10
27389.130745275394
 20
-338.74299140434937
 10
27389.176641440692
 20
-338.9737270086889
 10
27389.240499430296
 20
-339.20015036053763
 10
27389.32192553847
 20
-339.42086548463817
 10
27389.420417746176
 20
-339.63451159885506
 10
27389.535368816203
 20
-339.8397715038497
 10
27389.666070036983
 20
-340.0353797040521
 10
27389.81171559202
 20
-340.22013020986134
 10
27389.97287014609
 20
-340.3944662242713
 10
27430.05194077712
 20
-380.47887296526005
 10
27422.980872965258
 20
-387.5499407771256
 10
27382.893421354915
 20
-347.4678252767439
 10
27382.201788958373
 20
-346.7196215654521
 10
27381.569658053013
 20
-345.91776733465787
 10
27381.002388554123
 20
-345.0687885336359
 10
27380.5034778668
 20
-344.17791939900815
 10
27380.076001941343
 20
-343.25065243523375
 10
27379.722596308973
 20
-342.292704551492
 10
27379.44543983294
 20
-341.30998181503605
 10
27379.24624127508
 20
-340.30854303832473
 10
27379.12622876074
 20
-339.29456242442865
 10
27379.089999999997
 20
-338.2851901257383
 10
27379.07779359972
 20
-327.54664648594803
 10
27379.234780930317
 20
-325.5519333223997
 10
27379.711561010576
 20
-323.56600136371975
 10
27380.493139340437
 20
-321.6791043597132
 10
27381.56027086751
 20
-319.937703976871
 10
27382.886679271993
 20
-318.384679271995
 10
27384.439703976866
 20
-317.0582708675127
 10
27386.181104359708
 20
-315.99113934043976
 10
27388.068001363717
 20
-315.2095610105791
 10
27390.053933322397
 20
-314.7327809303217
 10
27392.084987694863
 20
-314.58799999999997
 10
27489.089999999997
 20
-314.58799999999997
  0
HATCH
  5
34B
330
17
100
AcDbEntity
  8
G-r_bm1
 62
7
420
1725046
100
AcDbHatch
 10
0.0
 20
0.0
 30
0.0
210
0.0
220
0.0
230
1.0
  2
SOLID
 70
1
 71
0
 91
1
 92
1
 93
1
 72
2
 10
27395.089999999997
 20
-330.58799999999997
 40
6.0
 50
0.0
 51
360.0
 73
1
 97
0
 75
0
 76
1
 98
0
  0
CIRCLE
  5
34C
330
17
100
AcDbEntity
  8
G-r_bm1
100
AcDbCircle
 10
27395.089999999997
 20
-330.58799999999997
 30
0.0
 40
6.0
  0
HATCH
  5
34D
330
17
100
AcDbEntity
  8
G-r_bm1
 62
7
420
1725046
100
AcDbHatch
 10
0.0
 20
0.0
 30
0.0
210
0.0
220
0.0
230
1.0
  2
SOLID
 70
1
 71
0
 91
1
 92
1
 93
1
 72
2
 10
27395.089999999997
 20
-568.588
 40
6.0
 50
0.0
 51
360.0
 73
1
 97
0
 75
0
 76
1
 98
0
  0
CIRCLE
  5
34E
330
17
100
AcDbEntity
  8
G-r_bm1
100
AcDbCircle
 10
27395.089999999997
 20
-568.588
 30
0.0
 40
6.0
  0
HATCH
  5
34F
330
17
100
AcDbEntity
  8
G-r_bm1
 62
7
420
1725046
100
AcDbHatch
 10
0.0
 20
0.0
 30
0.0
210
0.0
220
0.0
230
1.0
  2
SOLID
 70
1
 71
0
 91
1
 92
1
 93
1
 72
2
 10
27489.089999999997
 20
-330.58799999999997
 40
6.0
 50
0.0
 51
360.0
 73
1
 97
0
 75
0
 76
1
 98
0
  0
CIRCLE
  5
350
330
17
100
AcDbEntity
  8
G-r_bm1
100
AcDbCircle
 10
27489.089999999997
 20
-330.58799999999997
 30
0.0
 40
6.0
  0
HATCH
  5
351
330
17
100
AcDbEntity
  8
G-r_bm1
 62
7
420
1725046
100
AcDbHatch
 10
0.0
 20
0.0
 30
0.0
210
0.0
220
0.0
230
1.0
  2
SOLID
 70
1
 71
0
 91
1
 92
1
 93
1
 72
2
 10
27489.089999999997
 20
-568.588
 40
6.0
 50
0.0
 51
360.0
 73
1
 97
0
 75
0
 76
1
 98
0
  0
CIRCLE
  5
352
330
17
100
AcDbEntity
  8
G-r_bm1
100
AcDbCircle
 10
27489.089999999997
 20
-568.588
 30
0.0
 40
6.0
  0
HATCH
  5
353
330
17
100
AcDbEntity
  8
G-r_bm1
 62
7
420
1725046
100
AcDbHatch
 10
0.0
 20
0.0
 30
0.0
210
0.0
220
0.0
230
1.0
  2
SOLID
 70
1
 71
0
 91
1
 92
1
 93
1
 72
2
 10
27583.089999999997
 20
-330.58799999999997
 40
6.0
 50
0.0
 51
360.0
 73
1
 97
0
 75
0
 76
1
 98
0
  0
CIRCLE
  5
354
330
17
100
AcDbEntity
  8
G-r_bm1
100
AcDbCircle
 10
27583.089999999997
 20
-330.58799999999997
 30
0.0
 40
6.0
  0
HATCH
  5
355
330
17
100
AcDbEntity
  8
G-r_bm1
 62
7
420
1725046
100
AcDbHatch
 10
0.0
 20
0.0
 30
0.0
210
0.0
220
0.0
230
1.0
  2
SOLID
 70
1
 71
0
 91
1
 92
1
 93
1
 72
2
 10
27583.089999999997
 20
-568.588
 40
6.0
 50
0.0
 51
360.0
 73
1
 97
0
 75
0
 76
1
 98
0
  0
CIRCLE
  5
356
330
17
100
AcDbEntity
  8
G-r_bm1
100
AcDbCircle
 10
27583.089999999997
 20
-568.588
 30
0.0
 40
6.0
  0
HATCH
  5
357
330
17
100
AcDbEntity
  8
G-r_bm1
 62
7
420
1725046
100
AcDbHatch
 10
0.0
 20
0.0
 30
0.0
210
0.0
220
0.0
230
1.0
  2
SOLID
 70
1
 71
0
 91
1
 92
1
 93
1
 72
2
 10
27395.089999999997
 20
-354.58799999999997
 40
6.0
 50
0.0
 51
360.0
 73
1
 97
0
 75
0
 76
1
 98
0
  0
CIRCLE
  5
358
330
17
100
AcDbEntity
  8
G-r_bm1
100
AcDbCircle
 10
27395.089999999997
 20
-354.58799999999997
 30
0.0
 40
6.0
  0
HATCH
  5
359
330
17
100
AcDbEntity
  8
G-r_bm1
 62
7
420
1725046
100
AcDbHatch
 10
0.0
 20
0.0
 30
0.0
210
0.0
220
0.0
230
1.0
  2
SOLID
 70
1
 71
0
 91
1
 92
1
 93
1
 72
2
 10
27395.089999999997
 20
-544.588
 40
6.0
 50
0.0
 51
360.0
 73
1
 97
0
 75
0
 76
1
 98
0
  0
CIRCLE
  5
35A
330
17
100
AcDbEntity
  8
G-r_bm1
100
AcDbCircle
 10
27395.089999999997
 20
-544.588
 30
0.0
 40
6.0
  0
HATCH
  5
35B
330
17
100
AcDbEntity
  8
G-r_bm1
 62
7
420
1725046
100
AcDbHatch
 10
0.0
 20
0.0
 30
0.0
210
0.0
220
0.0
230
1.0
  2
SOLID
 70
1
 71
0
 91
1
 92
1
 93
1
 72
2
 10
27583.089999999997
 20
-354.58799999999997
 40
6.0
 50
0.0
 51
360.0
 73
1
 97
0
 75
0
 76
1
 98
0
  0
CIRCLE
  5
35C
330
17
100
AcDbEntity
  8
G-r_bm1
100
AcDbCircle
 10
27583.089999999997
 20
-354.58799999999997
 30
0.0
 40
6.0
  0
HATCH
  5
35D
330
17
100
AcDbEntity
  8
G-r_bm1
 62
7
420
1725046
100
AcDbHatch
 10
0.0
 20
0.0
 30
0.0
210
0.0
220
0.0
230
1.0
  2
SOLID
 70
1
 71
0
 91
1
 92
1
 93
1
 72
2
 10
27583.089999999997
 20
-544.588
 40
6.0
 50
0.0
 51
360.0
 73
1
 97
0
 75
0
 76
1
 98
0
  0
CIRCLE
  5
35E
330
17
100
AcDbEntity
  8
G-r_bm1
100
AcDbCircle
 10
27583.089999999997
 20
-544.588
 30
0.0
 40
6.0
  0
HATCH
  5
35F
330
17
100
AcDbEntity
  8
G-r_bas
 62
7
420
15105570
100
AcDbHatch
 10
0.0
 20
0.0
 30
0.0
210
0.0
220
0.0
230
1.0
  2
SOLID
 70
1
 71
0
 91
1
 92
1
 93
1
 72
2
 10
27407.089999999997
 20
-354.58799999999997
 40
6.0
 50
0.0
 51
360.0
 73
1
 97
0
 75
0
 76
1
 98
0
  0
CIRCLE
  5
360
330
17
100
AcDbEntity
  8
G-r_bas
100
AcDbCircle
 10
27407.089999999997
 20
-354.58799999999997
 30
0.0
 40
6.0
  0
HATCH
  5
361
330
17
100
AcDbEntity
  8
G-r_bas
 62
7
420
15105570
100
AcDbHatch
 10
0.0
 20
0.0
 30
0.0
210
0.0
220
0.0
230
1.0
  2
SOLID
 70
1
 71
0
 91
1
 92
1
 93
1
 72
2
 10
27571.089999999997
 20
-354.58799999999997
 40
6.0
 50
0.0
 51
360.0
 73
1
 97
0
 75
0
 76
1
 98
0
  0
CIRCLE
  5
362
330
17
100
AcDbEntity
  8
G-r_bas
100
AcDbCircle
 10
27571.089999999997
 20
-354.58799999999997
 30
0.0
 40
6.0
  0
TEXT
  5
363
330
17
100
AcDbEntity
  8
T-bsm
 62
156
420
929604
100
AcDbText
 10
27489.089999999997
 20
-244.58799999999997
 30
0.0
 40
22.86
  1
5Ø12 + 2 bastones Ø12
  7
NEGRITA
 72
1
 11
27489.089999999997
 21
-244.58799999999997
 31
0.0
100
AcDbText
  0
TEXT
  5
364
330
17
100
AcDbEntity
  8
T-bsm
 62
156
420
929604
100
AcDbText
 10
27489.089999999997
 20
-684.588
 30
0.0
 40
22.86
  1
5Ø12
  7
NEGRITA
 72
1
 11
27489.089999999997
 21
-684.588
 31
0.0
100
AcDbText
  0
DIMENSION
  5
365
330
17
100
AcDbEntity
  8
COTAS
100
AcDbDimension
280
0
  2
*D15
  3
COTAS_1-10
 10
27407.089999999997
 20
-414.58799999999997
 30
0.0
 11
27489.089999999997
 21
-399.44399999999996
 31
0.0
 70
32
 71
5
  1
<>
100
AcDbAlignedDimension
 13
27407.089999999997
 23
-354.58799999999997
 33
0.0
 14
27571.089999999997
 24
-354.58799999999997
 34
0.0
 50
0.0
100
AcDbRotatedDimension
  0
DIMENSION
  5
366
330
17
100
AcDbEntity
  8
COTAS
100
AcDbDimension
280
0
  2
*D16
  3
COTAS_1-10
 10
27599.089999999997
 20
-274.58799999999997
 30
0.0
 11
27614.233999999997
 21
-314.58799999999997
 31
0.0
 70
32
 71
5
  1
<>
100
AcDbAlignedDimension
 13
27639.089999999997
 23
-274.58799999999997
 33
0.0
 14
27639.089999999997
 24
-354.58799999999997
 34
0.0
 50
-90.0
100
AcDbRotatedDimension
  0
DIMENSION
  5
367
330
17
100
AcDbEntity
  8
COTAS
100
AcDbDimension
280
0
  2
*D17
  3
COTAS_1-10
 10
27339.089999999997
 20
-724.588
 30
0.0
 11
27489.089999999997
 21
-709.444
 31
0.0
 70
32
 71
5
  1
<>
100
AcDbAlignedDimension
 13
27339.089999999997
 23
-624.588
 33
0.0
 14
27639.089999999997
 24
-624.588
 34
0.0
 50
0.0
100
AcDbRotatedDimension
  0
DIMENSION
  5
368
330
17
100
AcDbEntity
  8
COTAS
100
AcDbDimension
280
0
  2
*D18
  3
COTAS_1-10
 10
27279.089999999997
 20
-624.588
 30
0.0
 11
27263.945999999996
 21
-449.58799999999997
 31
0.0
 70
32
 71
5
  1
<>
100
AcDbAlignedDimension
 13
27339.089999999997
 23
-624.588
 33
0.0
 14
27339.089999999997
 24
-274.58799999999997
 34
0.0
 50
90.0
100
AcDbRotatedDimension
  0
TEXT
  5
3A1
330
17
100
AcDbEntity
  8
MODELO_ROTULOS
100
AcDbText
 10
27099.289999999997
 20
40.0
 30
0.0
 40
50.0
  1
detalles/03_corte-b-b-vcm-con-bastones.dxf  1:10
  7
NEGRITA
 11
27099.289999999997
 21
40.0
 31
0.0
100
AcDbText
  0
HATCH
  5
3A3
330
17
100
AcDbEntity
  8
G-r_conc
 62
7
420
16118767
100
AcDbHatch
 10
0.0
 20
0.0
 30
0.0
210
0.0
220
0.0
230
1.0
  2
SOLID
 70
1
 71
0
 91
1
 92
3
 72
0
 73
1
 93
4
 10
28166.629999999997
 20
-624.588
 10
28466.629999999997
 20
-624.588
 10
28466.629999999997
 20
-274.58799999999997
 10
28166.629999999997
 20
-274.58799999999997
 97
0
 75
0
 76
1
 98
0
  0
LWPOLYLINE
  5
3A4
330
17
100
AcDbEntity
  8
G-r_conc
100
AcDbPolyline
 90
4
 70
1
 10
28166.629999999997
 20
-624.588
 10
28466.629999999997
 20
-624.588
 10
28466.629999999997
 20
-274.58799999999997
 10
28166.629999999997
 20
-274.58799999999997
  0
HATCH
  5
3A5
330
17
100
AcDbEntity
  8
G-r_tieS
 62
7
420
9460135
100
AcDbHatch
 10
0.0
 20
0.0
 30
0.0
210
0.0
220
0.0
230
1.0
  2
SOLID
 70
1
 71
0
 91
1
 92
3
 72
0
 73
1
 93
114
 10
28272.52087296526
 20
-365.5499407771256
 10
28232.439133131225
 20
-325.4682009430931
 10
28232.26213020986
 20
-325.3097155920225
 10
28232.07737970405
 20
-325.164070036985
 10
28231.881771503846
 20
-325.03336881620805
 10
28231.676511598853
 20
-324.9184177461802
 10
28231.462865484635
 20
-324.81992553847334
 10
28231.242150360536
 20
-324.73849943029995
 10
28231.015727008686
 20
-324.67464144069385
 10
28230.784991404347
 20
-324.6287452753959
 10
28230.551366109245
 20
-324.60109389952714
 10
28230.305385401378
 20
-324.59142929119326
 10
28219.6712528044
 20
-324.58799999999997
 10
28219.163115236955
 20
-324.64020562015605
 10
28218.70772672628
 20
-324.7495347286984
 10
28218.275047644453
 20
-324.92875627254625
 10
28217.875731986445
 20
-325.173457222488
 10
28217.519612229018
 20
-325.47761222902017
 10
28217.215457222486
 20
-325.83373198644944
 10
28216.970756272545
 20
-326.23304764445396
 10
28216.791534728694
 20
-326.665726726281
 10
28216.682205620153
 20
-327.1211152369566
 10
28216.64530247527
 20
-327.5900141512529
 10
28216.629999999997
 20
-571.5859919942387
 10
28216.682205620153
 20
-572.0548847630433
 10
28216.791534728694
 20
-572.5102732737189
 10
28216.970756272545
 20
-572.942952355546
 10
28217.215457222486
 20
-573.3422680135506
 10
28217.519612229018
 20
-573.6983877709797
 10
28217.875731986445
 20
-574.0025427775118
 10
28218.275047644453
 20
-574.2472437274537
 10
28218.70772672628
 20
-574.4264652713016
 10
28219.163115236955
 20
-574.5357943798439
 10
28219.63252991465
 20
-574.572738116187
 10
28413.6274777841
 20
-574.588
 10
28414.09688476304
 20
-574.5357943798439
 10
28414.552273273715
 20
-574.4264652713016
 10
28414.984952355542
 20
-574.2472437274537
 10
28415.38426801355
 20
-574.0025427775118
 10
28415.740387770977
 20
-573.6983877709797
 10
28416.04454277751
 20
-573.3422680135506
 10
28416.28924372745
 20
-572.942952355546
 10
28416.4684652713
 20
-572.5102732737189
 10
28416.577794379842
 20
-572.0548847630433
 10
28416.614697524725
 20
-571.585985848747
 10
28416.629999999997
 20
-327.5900080057612
 10
28416.577794379842
 20
-327.1211152369566
 10
28416.4684652713
 20
-326.665726726281
 10
28416.28924372745
 20
-326.23304764445396
 10
28416.04454277751
 20
-325.83373198644944
 10
28415.740387770977
 20
-325.47761222902017
 10
28415.38426801355
 20
-325.173457222488
 10
28414.984952355542
 20
-324.92875627254625
 10
28414.552273273715
 20
-324.7495347286984
 10
28414.09688476304
 20
-324.64020562015605
 10
28413.62497259246
 20
-324.60306532686
 10
28316.629999999997
 20
-324.58799999999997
 10
28316.629999999997
 20
-314.58799999999997
 10
28413.635027407534
 20
-314.5729346731399
 10
28415.666066677597
 20
-314.7327809303217
 10
28417.651998636276
 20
-315.2095610105791
 10
28419.538895640286
 20
-315.99113934043976
 10
28421.280296023127
 20
-317.0582708675127
 10
28422.833320728
 20
-318.384679271995
 10
28424.159729132483
 20
-319.937703976871
 10
28425.226860659557
 20
-321.6791043597132
 10
28426.00843898942
 20
-323.56600136371975
 10
28426.485219069677
 20
-325.5519333223997
 10
28426.629999999997
 20
-327.5859919942387
 10
28426.64530247527
 20
-571.590014151253
 10
28426.485219069677
 20
-573.6240666776002
 10
28426.00843898942
 20
-575.6099986362801
 10
28425.226860659557
 20
-577.4968956402867
 10
28424.159729132483
 20
-579.2382960231289
 10
28422.833320728
 20
-580.791320728005
 10
28421.280296023127
 20
-582.1177291324872
 10
28419.538895640286
 20
-583.1848606595602
 10
28417.651998636276
 20
-583.9664389894208
 10
28415.666066677597
 20
-584.4432190696782
 10
28413.632522215896
 20
-584.588
 10
28219.627470085346
 20
-584.6032618838129
 10
28217.593933322398
 20
-584.4432190696782
 10
28215.60800136372
 20
-583.9664389894208
 10
28213.72110435971
 20
-583.1848606595602
 10
28211.979703976867
 20
-582.1177291324872
 10
28210.426679271994
 20
-580.791320728005
 10
28209.10027086751
 20
-579.2382960231289
 10
28208.033139340438
 20
-577.4968956402867
 10
28207.251561010577
 20
-575.6099986362801
 10
28206.77478093032
 20
-573.6240666776002
 10
28206.629999999997
 20
-571.5900080057612
 10
28206.614697524725
 20
-327.58598584874704
 10
28206.77478093032
 20
-325.5519333223997
 10
28207.251561010577
 20
-323.56600136371975
 10
28208.033139340438
 20
-321.6791043597132
 10
28209.10027086751
 20
-319.937703976871
 10
28210.426679271994
 20
-318.384679271995
 10
28211.979703976867
 20
-317.0582708675127
 10
28213.72110435971
 20
-315.99113934043976
 10
28215.60800136372
 20
-315.2095610105791
 10
28217.593933322398
 20
-314.7327809303217
 10
28219.588747195594
 20
-314.58799999999997
 10
28230.327197600647
 20
-314.58457070880667
 10
28231.336562424425
 20
-314.6242287607427
 10
28232.350543038323
 20
-314.7442412750819
 10
28233.351981815034
 20
-314.9434398329433
 10
28234.33470455149
 20
-315.2205963089775
 10
28235.29265243523
 20
-315.574001941346
 10
28236.219919399005
 20
-316.0014778668058
 10
28237.11078853363
 20
-316.5003885541264
 10
28237.959767334654
 20
-317.06765805301575
 10
28238.76162156545
 20
-317.699788958377
 10
28239.507158369786
 20
-318.3940905579221
 10
28279.59194077712
 20
-358.47887296526005
 97
0
 75
0
 76
1
 98
0
  0
LWPOLYLINE
  5
3A6
330
17
100
AcDbEntity
  8
G-r_tieS
100
AcDbPolyline
 90
114
 70
1
 10
28272.52087296526
 20
-365.5499407771256
 10
28232.439133131225
 20
-325.4682009430931
 10
28232.26213020986
 20
-325.3097155920225
 10
28232.07737970405
 20
-325.164070036985
 10
28231.881771503846
 20
-325.03336881620805
 10
28231.676511598853
 20
-324.9184177461802
 10
28231.462865484635
 20
-324.81992553847334
 10
28231.242150360536
 20
-324.73849943029995
 10
28231.015727008686
 20
-324.67464144069385
 10
28230.784991404347
 20
-324.6287452753959
 10
28230.551366109245
 20
-324.60109389952714
 10
28230.305385401378
 20
-324.59142929119326
 10
28219.6712528044
 20
-324.58799999999997
 10
28219.163115236955
 20
-324.64020562015605
 10
28218.70772672628
 20
-324.7495347286984
 10
28218.275047644453
 20
-324.92875627254625
 10
28217.875731986445
 20
-325.173457222488
 10
28217.519612229018
 20
-325.47761222902017
 10
28217.215457222486
 20
-325.83373198644944
 10
28216.970756272545
 20
-326.23304764445396
 10
28216.791534728694
 20
-326.665726726281
 10
28216.682205620153
 20
-327.1211152369566
 10
28216.64530247527
 20
-327.5900141512529
 10
28216.629999999997
 20
-571.5859919942387
 10
28216.682205620153
 20
-572.0548847630433
 10
28216.791534728694
 20
-572.5102732737189
 10
28216.970756272545
 20
-572.942952355546
 10
28217.215457222486
 20
-573.3422680135506
 10
28217.519612229018
 20
-573.6983877709797
 10
28217.875731986445
 20
-574.0025427775118
 10
28218.275047644453
 20
-574.2472437274537
 10
28218.70772672628
 20
-574.4264652713016
 10
28219.163115236955
 20
-574.5357943798439
 10
28219.63252991465
 20
-574.572738116187
 10
28413.6274777841
 20
-574.588
 10
28414.09688476304
 20
-574.5357943798439
 10
28414.552273273715
 20
-574.4264652713016
 10
28414.984952355542
 20
-574.2472437274537
 10
28415.38426801355
 20
-574.0025427775118
 10
28415.740387770977
 20
-573.6983877709797
 10
28416.04454277751
 20
-573.3422680135506
 10
28416.28924372745
 20
-572.942952355546
 10
28416.4684652713
 20
-572.5102732737189
 10
28416.577794379842
 20
-572.0548847630433
 10
28416.614697524725
 20
-571.585985848747
 10
28416.629999999997
 20
-327.5900080057612
 10
28416.577794379842
 20
-327.1211152369566
 10
28416.4684652713
 20
-326.665726726281
 10
28416.28924372745
 20
-326.23304764445396
 10
28416.04454277751
 20
-325.83373198644944
 10
28415.740387770977
 20
-325.47761222902017
 10
28415.38426801355
 20
-325.173457222488
 10
28414.984952355542
 20
-324.92875627254625
 10
28414.552273273715
 20
-324.7495347286984
 10
28414.09688476304
 20
-324.64020562015605
 10
28413.62497259246
 20
-324.60306532686
 10
28316.629999999997
 20
-324.58799999999997
 10
28316.629999999997
 20
-314.58799999999997
 10
28413.635027407534
 20
-314.5729346731399
 10
28415.666066677597
 20
-314.7327809303217
 10
28417.651998636276
 20
-315.2095610105791
 10
28419.538895640286
 20
-315.99113934043976
 10
28421.280296023127
 20
-317.0582708675127
 10
28422.833320728
 20
-318.384679271995
 10
28424.159729132483
 20
-319.937703976871
 10
28425.226860659557
 20
-321.6791043597132
 10
28426.00843898942
 20
-323.56600136371975
 10
28426.485219069677
 20
-325.5519333223997
 10
28426.629999999997
 20
-327.5859919942387
 10
28426.64530247527
 20
-571.590014151253
 10
28426.485219069677
 20
-573.6240666776002
 10
28426.00843898942
 20
-575.6099986362801
 10
28425.226860659557
 20
-577.4968956402867
 10
28424.159729132483
 20
-579.2382960231289
 10
28422.833320728
 20
-580.791320728005
 10
28421.280296023127
 20
-582.1177291324872
 10
28419.538895640286
 20
-583.1848606595602
 10
28417.651998636276
 20
-583.9664389894208
 10
28415.666066677597
 20
-584.4432190696782
 10
28413.632522215896
 20
-584.588
 10
28219.627470085346
 20
-584.6032618838129
 10
28217.593933322398
 20
-584.4432190696782
 10
28215.60800136372
 20
-583.9664389894208
 10
28213.72110435971
 20
-583.1848606595602
 10
28211.979703976867
 20
-582.1177291324872
 10
28210.426679271994
 20
-580.791320728005
 10
28209.10027086751
 20
-579.2382960231289
 10
28208.033139340438
 20
-577.4968956402867
 10
28207.251561010577
 20
-575.6099986362801
 10
28206.77478093032
 20
-573.6240666776002
 10
28206.629999999997
 20
-571.5900080057612
 10
28206.614697524725
 20
-327.58598584874704
 10
28206.77478093032
 20
-325.5519333223997
 10
28207.251561010577
 20
-323.56600136371975
 10
28208.033139340438
 20
-321.6791043597132
 10
28209.10027086751
 20
-319.937703976871
 10
28210.426679271994
 20
-318.384679271995
 10
28211.979703976867
 20
-317.0582708675127
 10
28213.72110435971
 20
-315.99113934043976
 10
28215.60800136372
 20
-315.2095610105791
 10
28217.593933322398
 20
-314.7327809303217
 10
28219.588747195594
 20
-314.58799999999997
 10
28230.327197600647
 20
-314.58457070880667
 10
28231.336562424425
 20
-314.6242287607427
 10
28232.350543038323
 20
-314.7442412750819
 10
28233.351981815034
 20
-314.9434398329433
 10
28234.33470455149
 20
-315.2205963089775
 10
28235.29265243523
 20
-315.574001941346
 10
28236.219919399005
 20
-316.0014778668058
 10
28237.11078853363
 20
-316.5003885541264
 10
28237.959767334654
 20
-317.06765805301575
 10
28238.76162156545
 20
-317.699788958377
 10
28239.507158369786
 20
-318.3940905579221
 10
28279.59194077712
 20
-358.47887296526005
  0
HATCH
  5
3A7
330
17
100
AcDbEntity
  8
G-r_tieS
 62
7
420
9460135
100
AcDbHatch
 10
0.0
 20
0.0
 30
0.0
210
0.0
220
0.0
230
1.0
  2
SOLID
 70
1
 71
0
 91
1
 92
3
 72
0
 73
1
 93
48
 10
28316.629999999997
 20
-324.58799999999997
 10
28219.63501230513
 20
-324.58799999999997
 10
28219.163115236955
 20
-324.64020562015605
 10
28218.70772672628
 20
-324.7495347286984
 10
28218.275047644453
 20
-324.92875627254625
 10
28217.875731986445
 20
-325.173457222488
 10
28217.519612229018
 20
-325.47761222902017
 10
28217.215457222486
 20
-325.83373198644944
 10
28216.970756272545
 20
-326.23304764445396
 10
28216.791534728694
 20
-326.665726726281
 10
28216.682205620153
 20
-327.1211152369566
 10
28216.642206400273
 20
-327.6293535140519
 10
28216.629999999997
 20
-338.26339287629213
 10
28216.643093899525
 20
-338.5093661092473
 10
28216.670745275394
 20
-338.74299140434937
 10
28216.716641440693
 20
-338.9737270086889
 10
28216.780499430297
 20
-339.20015036053763
 10
28216.86192553847
 20
-339.42086548463817
 10
28216.960417746177
 20
-339.63451159885506
 10
28217.075368816204
 20
-339.8397715038497
 10
28217.206070036984
 20
-340.0353797040521
 10
28217.35171559202
 20
-340.22013020986134
 10
28217.512870146093
 20
-340.3944662242713
 10
28257.59194077712
 20
-380.47887296526005
 10
28250.52087296526
 20
-387.5499407771256
 10
28210.433421354915
 20
-347.4678252767439
 10
28209.741788958374
 20
-346.7196215654521
 10
28209.109658053014
 20
-345.91776733465787
 10
28208.542388554124
 20
-345.0687885336359
 10
28208.043477866802
 20
-344.17791939900815
 10
28207.616001941344
 20
-343.25065243523375
 10
28207.262596308974
 20
-342.292704551492
 10
28206.98543983294
 20
-341.30998181503605
 10
28206.78624127508
 20
-340.30854303832473
 10
28206.66622876074
 20
-339.29456242442865
 10
28206.629999999997
 20
-338.2851901257383
 10
28206.617793599722
 20
-327.54664648594803
 10
28206.77478093032
 20
-325.5519333223997
 10
28207.251561010577
 20
-323.56600136371975
 10
28208.033139340438
 20
-321.6791043597132
 10
28209.10027086751
 20
-319.937703976871
 10
28210.426679271994
 20
-318.384679271995
 10
28211.979703976867
 20
-317.0582708675127
 10
28213.72110435971
 20
-315.99113934043976
 10
28215.60800136372
 20
-315.2095610105791
 10
28217.593933322398
 20
-314.7327809303217
 10
28219.624987694864
 20
-314.58799999999997
 10
28316.629999999997
 20
-314.58799999999997
 97
0
 75
0
 76
1
 98
0
  0
LWPOLYLINE
  5
3A8
330
17
100
AcDbEntity
  8
G-r_tieS
100
AcDbPolyline
 90
48
 70
1
 10
28316.629999999997
 20
-324.58799999999997
 10
28219.63501230513
 20
-324.58799999999997
 10
28219.163115236955
 20
-324.64020562015605
 10
28218.70772672628
 20
-324.7495347286984
 10
28218.275047644453
 20
-324.92875627254625
 10
28217.875731986445
 20
-325.173457222488
 10
28217.519612229018
 20
-325.47761222902017
 10
28217.215457222486
 20
-325.83373198644944
 10
28216.970756272545
 20
-326.23304764445396
 10
28216.791534728694
 20
-326.665726726281
 10
28216.682205620153
 20
-327.1211152369566
 10
28216.642206400273
 20
-327.6293535140519
 10
28216.629999999997
 20
-338.26339287629213
 10
28216.643093899525
 20
-338.5093661092473
 10
28216.670745275394
 20
-338.74299140434937
 10
28216.716641440693
 20
-338.9737270086889
 10
28216.780499430297
 20
-339.20015036053763
 10
28216.86192553847
 20
-339.42086548463817
 10
28216.960417746177
 20
-339.63451159885506
 10
28217.075368816204
 20
-339.8397715038497
 10
28217.206070036984
 20
-340.0353797040521
 10
28217.35171559202
 20
-340.22013020986134
 10
28217.512870146093
 20
-340.3944662242713
 10
28257.59194077712
 20
-380.47887296526005
 10
28250.52087296526
 20
-387.5499407771256
 10
28210.433421354915
 20
-347.4678252767439
 10
28209.741788958374
 20
-346.7196215654521
 10
28209.109658053014
 20
-345.91776733465787
 10
28208.542388554124
 20
-345.0687885336359
 10
28208.043477866802
 20
-344.17791939900815
 10
28207.616001941344
 20
-343.25065243523375
 10
28207.262596308974
 20
-342.292704551492
 10
28206.98543983294
 20
-341.30998181503605
 10
28206.78624127508
 20
-340.30854303832473
 10
28206.66622876074
 20
-339.29456242442865
 10
28206.629999999997
 20
-338.2851901257383
 10
28206.617793599722
 20
-327.54664648594803
 10
28206.77478093032
 20
-325.5519333223997
 10
28207.251561010577
 20
-323.56600136371975
 10
28208.033139340438
 20
-321.6791043597132
 10
28209.10027086751
 20
-319.937703976871
 10
28210.426679271994
 20
-318.384679271995
 10
28211.979703976867
 20
-317.0582708675127
 10
28213.72110435971
 20
-315.99113934043976
 10
28215.60800136372
 20
-315.2095610105791
 10
28217.593933322398
 20
-314.7327809303217
 10
28219.624987694864
 20
-314.58799999999997
 10
28316.629999999997
 20
-314.58799999999997
  0
HATCH
  5
3A9
330
17
100
AcDbEntity
  8
G-r_bm1
 62
7
420
1725046
100
AcDbHatch
 10
0.0
 20
0.0
 30
0.0
210
0.0
220
0.0
230
1.0
  2
SOLID
 70
1
 71
0
 91
1
 92
1
 93
1
 72
2
 10
28222.629999999997
 20
-330.58799999999997
 40
6.0
 50
0.0
 51
360.0
 73
1
 97
0
 75
0
 76
1
 98
0
  0
CIRCLE
  5
3AA
330
17
100
AcDbEntity
  8
G-r_bm1
100
AcDbCircle
 10
28222.629999999997
 20
-330.58799999999997
 30
0.0
 40
6.0
  0
HATCH
  5
3AB
330
17
100
AcDbEntity
  8
G-r_bm1
 62
7
420
1725046
100
AcDbHatch
 10
0.0
 20
0.0
 30
0.0
210
0.0
220
0.0
230
1.0
  2
SOLID
 70
1
 71
0
 91
1
 92
1
 93
1
 72
2
 10
28222.629999999997
 20
-568.588
 40
6.0
 50
0.0
 51
360.0
 73
1
 97
0
 75
0
 76
1
 98
0
  0
CIRCLE
  5
3AC
330
17
100
AcDbEntity
  8
G-r_bm1
100
AcDbCircle
 10
28222.629999999997
 20
-568.588
 30
0.0
 40
6.0
  0
HATCH
  5
3AD
330
17
100
AcDbEntity
  8
G-r_bm1
 62
7
420
1725046
100
AcDbHatch
 10
0.0
 20
0.0
 30
0.0
210
0.0
220
0.0
230
1.0
  2
SOLID
 70
1
 71
0
 91
1
 92
1
 93
1
 72
2
 10
28316.629999999997
 20
-330.58799999999997
 40
6.0
 50
0.0
 51
360.0
 73
1
 97
0
 75
0
 76
1
 98
0
  0
CIRCLE
  5
3AE
330
17
100
AcDbEntity
  8
G-r_bm1
100
AcDbCircle
 10
28316.629999999997
 20
-330.58799999999997
 30
0.0
 40
6.0
  0
HATCH
  5
3AF
330
17
100
AcDbEntity
  8
G-r_bm1
 62
7
420
1725046
100
AcDbHatch
 10
0.0
 20
0.0
 30
0.0
210
0.0
220
0.0
230
1.0
  2
SOLID
 70
1
 71
0
 91
1
 92
1
 93
1
 72
2
 10
28316.629999999997
 20
-568.588
 40
6.0
 50
0.0
 51
360.0
 73
1
 97
0
 75
0
 76
1
 98
0
  0
CIRCLE
  5
3B0
330
17
100
AcDbEntity
  8
G-r_bm1
100
AcDbCircle
 10
28316.629999999997
 20
-568.588
 30
0.0
 40
6.0
  0
HATCH
  5
3B1
330
17
100
AcDbEntity
  8
G-r_bm1
 62
7
420
1725046
100
AcDbHatch
 10
0.0
 20
0.0
 30
0.0
210
0.0
220
0.0
230
1.0
  2
SOLID
 70
1
 71
0
 91
1
 92
1
 93
1
 72
2
 10
28410.629999999997
 20
-330.58799999999997
 40
6.0
 50
0.0
 51
360.0
 73
1
 97
0
 75
0
 76
1
 98
0
  0
CIRCLE
  5
3B2
330
17
100
AcDbEntity
  8
G-r_bm1
100
AcDbCircle
 10
28410.629999999997
 20
-330.58799999999997
 30
0.0
 40
6.0
  0
HATCH
  5
3B3
330
17
100
AcDbEntity
  8
G-r_bm1
 62
7
420
1725046
100
AcDbHatch
 10
0.0
 20
0.0
 30
0.0
210
0.0
220
0.0
230
1.0
  2
SOLID
 70
1
 71
0
 91
1
 92
1
 93
1
 72
2
 10
28410.629999999997
 20
-568.588
 40
6.0
 50
0.0
 51
360.0
 73
1
 97
0
 75
0
 76
1
 98
0
  0
CIRCLE
  5
3B4
330
17
100
AcDbEntity
  8
G-r_bm1
100
AcDbCircle
 10
28410.629999999997
 20
-568.588
 30
0.0
 40
6.0
  0
HATCH
  5
3B5
330
17
100
AcDbEntity
  8
G-r_bas
 62
7
420
15105570
100
AcDbHatch
 10
0.0
 20
0.0
 30
0.0
210
0.0
220
0.0
230
1.0
  2
SOLID
 70
1
 71
0
 91
1
 92
1
 93
1
 72
2
 10
28222.629999999997
 20
-354.58799999999997
 40
6.0
 50
0.0
 51
360.0
 73
1
 97
0
 75
0
 76
1
 98
0
  0
CIRCLE
  5
3B6
330
17
100
AcDbEntity
  8
G-r_bas
100
AcDbCircle
 10
28222.629999999997
 20
-354.58799999999997
 30
0.0
 40
6.0
  0
HATCH
  5
3B7
330
17
100
AcDbEntity
  8
G-r_bas
 62
7
420
15105570
100
AcDbHatch
 10
0.0
 20
0.0
 30
0.0
210
0.0
220
0.0
230
1.0
  2
SOLID
 70
1
 71
0
 91
1
 92
1
 93
1
 72
2
 10
28410.629999999997
 20
-354.58799999999997
 40
6.0
 50
0.0
 51
360.0
 73
1
 97
0
 75
0
 76
1
 98
0
  0
CIRCLE
  5
3B8
330
17
100
AcDbEntity
  8
G-r_bas
100
AcDbCircle
 10
28410.629999999997
 20
-354.58799999999997
 30
0.0
 40
6.0
  0
TEXT
  5
3B9
330
17
100
AcDbEntity
  8
T-bsm
 62
156
420
929604
100
AcDbText
 10
28316.629999999997
 20
-244.58799999999997
 30
0.0
 40
22.86
  1
3Ø12 + 2 bastones Ø12
  7
NEGRITA
 72
1
 11
28316.629999999997
 21
-244.58799999999997
 31
0.0
100
AcDbText
  0
TEXT
  5
3BA
330
17
100
AcDbEntity
  8
T-bsm
 62
156
420
929604
100
AcDbText
 10
28316.629999999997
 20
-684.588
 30
0.0
 40
22.86
  1
3Ø12
  7
NEGRITA
 72
1
 11
28316.629999999997
 21
-684.588
 31
0.0
100
AcDbText
  0
DIMENSION
  5
3BB
330
17
100
AcDbEntity
  8
COTAS
100
AcDbDimension
280
0
  2
*D19
  3
COTAS_1-10
 10
28222.629999999997
 20
-414.58799999999997
 30
0.0
 11
28316.629999999997
 21
-399.44399999999996
 31
0.0
 70
32
 71
5
  1
<>
100
AcDbAlignedDimension
 13
28222.629999999997
 23
-354.58799999999997
 33
0.0
 14
28410.629999999997
 24
-354.58799999999997
 34
0.0
 50
0.0
100
AcDbRotatedDimension
  0
DIMENSION
  5
3BC
330
17
100
AcDbEntity
  8
COTAS
100
AcDbDimension
280
0
  2
*D20
  3
COTAS_1-10
 10
28426.629999999997
 20
-274.58799999999997
 30
0.0
 11
28441.773999999998
 21
-314.58799999999997
 31
0.0
 70
32
 71
5
  1
<>
100
AcDbAlignedDimension
 13
28466.629999999997
 23
-274.58799999999997
 33
0.0
 14
28466.629999999997
 24
-354.58799999999997
 34
0.0
 50
-90.0
100
AcDbRotatedDimension
  0
DIMENSION
  5
3BD
330
17
100
AcDbEntity
  8
COTAS
100
AcDbDimension
280
0
  2
*D21
  3
COTAS_1-10
 10
28166.629999999997
 20
-724.588
 30
0.0
 11
28316.629999999997
 21
-709.444
 31
0.0
 70
32
 71
5
  1
<>
100
AcDbAlignedDimension
 13
28166.629999999997
 23
-624.588
 33
0.0
 14
28466.629999999997
 24
-624.588
 34
0.0
 50
0.0
100
AcDbRotatedDimension
  0
DIMENSION
  5
3BE
330
17
100
AcDbEntity
  8
COTAS
100
AcDbDimension
280
0
  2
*D22
  3
COTAS_1-10
 10
28106.629999999997
 20
-624.588
 30
0.0
 11
28091.485999999997
 21
-449.58799999999997
 31
0.0
 70
32
 71
5
  1
<>
100
AcDbAlignedDimension
 13
28166.629999999997
 23
-624.588
 33
0.0
 14
28166.629999999997
 24
-274.58799999999997
 34
0.0
 50
90.0
100
AcDbRotatedDimension
  0
TEXT
  5
3F7
330
17
100
AcDbEntity
  8
MODELO_ROTULOS
100
AcDbText
 10
27926.829999999998
 20
40.0
 30
0.0
 40
50.0
  1
detalles/04_corte-c-c-vcs-con-bastones.dxf  1:10
  7
NEGRITA
 11
27926.829999999998
 21
40.0
 31
0.0
100
AcDbText
  0
HATCH
  5
40A
330
17
100
AcDbEntity
  8
G-r_conc
 62
7
420
16118767
100
AcDbHatch
 10
0.0
 20
0.0
 30
0.0
210
0.0
220
0.0
230
1.0
  2
SOLID
 70
1
 71
0
 91
1
 92
3
 72
0
 73
1
 93
4
 10
29459.831000000002
 20
-718.214
 10
29859.831000000002
 20
-718.214
 10
29859.831000000002
 20
-263.21400000000006
 10
29459.831000000002
 20
-263.21400000000006
 97
0
 75
0
 76
1
 98
0
  0
LWPOLYLINE
  5
40B
330
17
100
AcDbEntity
  8
G-r_conc
100
AcDbPolyline
 90
4
 70
1
 10
29459.831000000002
 20
-718.214
 10
29859.831000000002
 20
-718.214
 10
29859.831000000002
 20
-263.21400000000006
 10
29459.831000000002
 20
-263.21400000000006
  0
HATCH
  5
40C
330
17
100
AcDbEntity
  8
G-r_old
 62
7
420
15065562
100
AcDbHatch
 10
0.0
 20
0.0
 30
0.0
210
0.0
220
0.0
230
1.0
  2
SOLID
 70
1
 71
0
 91
1
 92
3
 72
0
 73
1
 93
4
 10
29459.831000000002
 20
-888.214
 10
29859.831000000002
 20
-888.214
 10
29859.831000000002
 20
-718.214
 10
29459.831000000002
 20
-718.214
 97
0
 75
0
 76
1
 98
0
  0
LWPOLYLINE
  5
40D
330
17
100
AcDbEntity
  8
G-r_old
100
AcDbPolyline
 90
4
 70
1
 10
29459.831000000002
 20
-888.214
 10
29859.831000000002
 20
-888.214
 10
29859.831000000002
 20
-718.214
 10
29459.831000000002
 20
-718.214
  0
HATCH
  5
40E
330
17
100
AcDbEntity
  8
G-r_conc
 62
7
420
16118767
100
AcDbHatch
 10
0.0
 20
0.0
 30
0.0
210
0.0
220
0.0
230
1.0
  2
SOLID
 70
1
 71
0
 91
1
 92
3
 72
0
 73
1
 93
4
 10
29859.831000000002
 20
-718.214
 10
30409.831000000002
 20
-718.214
 10
30409.831000000002
 20
-368.21400000000006
 10
29859.831000000002
 20
-368.21400000000006
 97
0
 75
0
 76
1
 98
0
  0
LWPOLYLINE
  5
40F
330
17
100
AcDbEntity
  8
G-r_conc
100
AcDbPolyline
 90
4
 70
1
 10
29859.831000000002
 20
-718.214
 10
30409.831000000002
 20
-718.214
 10
30409.831000000002
 20
-368.21400000000006
 10
29859.831000000002
 20
-368.21400000000006
  0
LINE
  5
410
330
17
100
AcDbEntity
  8
G-edge
100
AcDbLine
 10
30409.831000000002
 20
-368.21400000000006
 30
0.0
 11
30409.831000000002
 21
-718.214
 31
0.0
  0
HATCH
  5
411
330
17
100
AcDbEntity
  8
G-r_colS
 62
7
420
13742151
100
AcDbHatch
 10
0.0
 20
0.0
 30
0.0
210
0.0
220
0.0
230
1.0
  2
SOLID
 70
1
 71
0
 91
1
 92
3
 72
0
 73
1
 93
26
 10
29509.831000000002
 20
-888.214
 10
29509.831000000002
 20
-351.2067479475389
 10
29510.39752662433
 20
-343.70127586674533
 10
29512.156760373702
 20
-336.3735399349532
 10
29515.04064548678
 20
-329.41122538262573
 10
29518.978171141025
 20
-322.9857675006384
 10
29523.87238238692
 20
-317.2553823869179
 10
29529.60276750064
 20
-312.3611711410219
 10
29536.028225382626
 20
-308.4236454867801
 10
29542.990539934955
 20
-305.5397603736985
 10
29550.318275866746
 20
-303.7805266243271
 10
29557.80571521992
 20
-303.19125236748636
 10
29707.831000000002
 20
-303.21400000000006
 10
29707.831000000002
 20
-319.21400000000006
 10
29557.856284780082
 20
-319.23674763251375
 10
29552.82896693004
 20
-319.632406128062
 10
29547.950100515052
 20
-320.8037183226893
 10
29543.31453463821
 20
-322.72383257815056
 10
29539.036412315967
 20
-325.34546930898244
 10
29535.22107511816
 20
-328.6040751181584
 10
29531.962469308983
 20
-332.4194123159638
 10
29529.340832578153
 20
-336.69753463821064
 10
29527.42071832269
 20
-341.3331005150511
 10
29526.249406128063
 20
-346.21196693003634
 10
29525.831000000002
 20
-351.22125205246124
 10
29525.831000000002
 20
-888.214
 97
0
 75
0
 76
1
 98
0
  0
LWPOLYLINE
  5
412
330
17
100
AcDbEntity
  8
G-r_colS
100
AcDbPolyline
 90
26
 70
1
 10
29509.831000000002
 20
-888.214
 10
29509.831000000002
 20
-351.2067479475389
 10
29510.39752662433
 20
-343.70127586674533
 10
29512.156760373702
 20
-336.3735399349532
 10
29515.04064548678
 20
-329.41122538262573
 10
29518.978171141025
 20
-322.9857675006384
 10
29523.87238238692
 20
-317.2553823869179
 10
29529.60276750064
 20
-312.3611711410219
 10
29536.028225382626
 20
-308.4236454867801
 10
29542.990539934955
 20
-305.5397603736985
 10
29550.318275866746
 20
-303.7805266243271
 10
29557.80571521992
 20
-303.19125236748636
 10
29707.831000000002
 20
-303.21400000000006
 10
29707.831000000002
 20
-319.21400000000006
 10
29557.856284780082
 20
-319.23674763251375
 10
29552.82896693004
 20
-319.632406128062
 10
29547.950100515052
 20
-320.8037183226893
 10
29543.31453463821
 20
-322.72383257815056
 10
29539.036412315967
 20
-325.34546930898244
 10
29535.22107511816
 20
-328.6040751181584
 10
29531.962469308983
 20
-332.4194123159638
 10
29529.340832578153
 20
-336.69753463821064
 10
29527.42071832269
 20
-341.3331005150511
 10
29526.249406128063
 20
-346.21196693003634
 10
29525.831000000002
 20
-351.22125205246124
 10
29525.831000000002
 20
-888.214
  0
HATCH
  5
413
330
17
100
AcDbEntity
  8
G-r_colS
 62
7
420
13742151
100
AcDbHatch
 10
0.0
 20
0.0
 30
0.0
210
0.0
220
0.0
230
1.0
  2
SOLID
 70
1
 71
0
 91
1
 92
3
 72
0
 73
1
 93
26
 10
29793.831000000002
 20
-888.214
 10
29793.831000000002
 20
-351.2212520524613
 10
29793.41259387194
 20
-346.21196693003634
 10
29792.241281677314
 20
-341.3331005150511
 10
29790.32116742185
 20
-336.69753463821064
 10
29787.69953069102
 20
-332.4194123159638
 10
29784.440924881845
 20
-328.6040751181584
 10
29780.625587684037
 20
-325.34546930898244
 10
29776.347465361792
 20
-322.72383257815056
 10
29771.71189948495
 20
-320.8037183226893
 10
29766.833033069965
 20
-319.632406128062
 10
29761.80571521992
 20
-319.23674763251375
 10
29611.831000000002
 20
-319.21400000000006
 10
29611.831000000002
 20
-303.21400000000006
 10
29761.856284780082
 20
-303.19125236748636
 10
29769.343724133258
 20
-303.7805266243271
 10
29776.67146006505
 20
-305.5397603736985
 10
29783.633774617378
 20
-308.4236454867801
 10
29790.059232499363
 20
-312.3611711410219
 10
29795.789617613085
 20
-317.255382386918
 10
29800.68382885898
 20
-322.9857675006384
 10
29804.621354513223
 20
-329.41122538262573
 10
29807.5052396263
 20
-336.3735399349532
 10
29809.264473375675
 20
-343.70127586674533
 10
29809.831000000002
 20
-351.2067479475389
 10
29809.831000000002
 20
-888.214
 97
0
 75
0
 76
1
 98
0
  0
LWPOLYLINE
  5
414
330
17
100
AcDbEntity
  8
G-r_colS
100
AcDbPolyline
 90
26
 70
1
 10
29793.831000000002
 20
-888.214
 10
29793.831000000002
 20
-351.2212520524613
 10
29793.41259387194
 20
-346.21196693003634
 10
29792.241281677314
 20
-341.3331005150511
 10
29790.32116742185
 20
-336.69753463821064
 10
29787.69953069102
 20
-332.4194123159638
 10
29784.440924881845
 20
-328.6040751181584
 10
29780.625587684037
 20
-325.34546930898244
 10
29776.347465361792
 20
-322.72383257815056
 10
29771.71189948495
 20
-320.8037183226893
 10
29766.833033069965
 20
-319.632406128062
 10
29761.80571521992
 20
-319.23674763251375
 10
29611.831000000002
 20
-319.21400000000006
 10
29611.831000000002
 20
-303.21400000000006
 10
29761.856284780082
 20
-303.19125236748636
 10
29769.343724133258
 20
-303.7805266243271
 10
29776.67146006505
 20
-305.5397603736985
 10
29783.633774617378
 20
-308.4236454867801
 10
29790.059232499363
 20
-312.3611711410219
 10
29795.789617613085
 20
-317.255382386918
 10
29800.68382885898
 20
-322.9857675006384
 10
29804.621354513223
 20
-329.41122538262573
 10
29807.5052396263
 20
-336.3735399349532
 10
29809.264473375675
 20
-343.70127586674533
 10
29809.831000000002
 20
-351.2067479475389
 10
29809.831000000002
 20
-888.214
  0
HATCH
  5
415
330
17
100
AcDbEntity
  8
G-r_rodS
 62
7
420
6405804
100
AcDbHatch
 10
0.0
 20
0.0
 30
0.0
210
0.0
220
0.0
230
1.0
  2
SOLID
 70
1
 71
0
 91
1
 92
3
 72
0
 73
1
 93
4
 10
29565.831000000002
 20
-203.21400000000006
 10
29565.831000000002
 20
-668.214
 10
29553.831000000002
 20
-668.214
 10
29553.831000000002
 20
-203.21400000000006
 97
0
 75
0
 76
1
 98
0
  0
LWPOLYLINE
  5
416
330
17
100
AcDbEntity
  8
G-r_rodS
100
AcDbPolyline
 90
4
 70
1
 10
29565.831000000002
 20
-203.21400000000006
 10
29565.831000000002
 20
-668.214
 10
29553.831000000002
 20
-668.214
 10
29553.831000000002
 20
-203.21400000000006
  0
HATCH
  5
417
330
17
100
AcDbEntity
  8
G-r_rodS
 62
7
420
6405804
100
AcDbHatch
 10
0.0
 20
0.0
 30
0.0
210
0.0
220
0.0
230
1.0
  2
SOLID
 70
1
 71
0
 91
1
 92
3
 72
0
 73
1
 93
4
 10
29765.831000000002
 20
-203.21400000000006
 10
29765.831000000002
 20
-668.214
 10
29753.831000000002
 20
-668.214
 10
29753.831000000002
 20
-203.21400000000006
 97
0
 75
0
 76
1
 98
0
  0
LWPOLYLINE
  5
418
330
17
100
AcDbEntity
  8
G-r_rodS
100
AcDbPolyline
 90
4
 70
1
 10
29765.831000000002
 20
-203.21400000000006
 10
29765.831000000002
 20
-668.214
 10
29753.831000000002
 20
-668.214
 10
29753.831000000002
 20
-203.21400000000006
  0
HATCH
  5
419
330
17
100
AcDbEntity
  8
G-r_tieS
 62
7
420
9460135
100
AcDbHatch
 10
0.0
 20
0.0
 30
0.0
210
0.0
220
0.0
230
1.0
  2
SOLID
 70
1
 71
0
 91
1
 92
3
 72
0
 73
1
 93
4
 10
29504.831000000002
 20
-473.21400000000006
 10
29814.831000000002
 20
-473.21400000000006
 10
29814.831000000002
 20
-483.21400000000006
 10
29504.831000000002
 20
-483.21400000000006
 97
0
 75
0
 76
1
 98
0
  0
LWPOLYLINE
  5
41A
330
17
100
AcDbEntity
  8
G-r_tieS
100
AcDbPolyline
 90
4
 70
1
 10
29504.831000000002
 20
-473.21400000000006
 10
29814.831000000002
 20
-473.21400000000006
 10
29814.831000000002
 20
-483.21400000000006
 10
29504.831000000002
 20
-483.21400000000006
  0
HATCH
  5
41B
330
17
100
AcDbEntity
  8
G-r_tieS
 62
7
420
9460135
100
AcDbHatch
 10
0.0
 20
0.0
 30
0.0
210
0.0
220
0.0
230
1.0
  2
SOLID
 70
1
 71
0
 91
1
 92
3
 72
0
 73
1
 93
4
 10
29504.831000000002
 20
-518.214
 10
29814.831000000002
 20
-518.214
 10
29814.831000000002
 20
-528.214
 10
29504.831000000002
 20
-528.214
 97
0
 75
0
 76
1
 98
0
  0
LWPOLYLINE
  5
41C
330
17
100
AcDbEntity
  8
G-r_tieS
100
AcDbPolyline
 90
4
 70
1
 10
29504.831000000002
 20
-518.214
 10
29814.831000000002
 20
-518.214
 10
29814.831000000002
 20
-528.214
 10
29504.831000000002
 20
-528.214
  0
HATCH
  5
41D
330
17
100
AcDbEntity
  8
G-r_tieS
 62
7
420
9460135
100
AcDbHatch
 10
0.0
 20
0.0
 30
0.0
210
0.0
220
0.0
230
1.0
  2
SOLID
 70
1
 71
0
 91
1
 92
3
 72
0
 73
1
 93
4
 10
29504.831000000002
 20
-593.214
 10
29814.831000000002
 20
-593.214
 10
29814.831000000002
 20
-603.214
 10
29504.831000000002
 20
-603.214
 97
0
 75
0
 76
1
 98
0
  0
LWPOLYLINE
  5
41E
330
17
100
AcDbEntity
  8
G-r_tieS
100
AcDbPolyline
 90
4
 70
1
 10
29504.831000000002
 20
-593.214
 10
29814.831000000002
 20
-593.214
 10
29814.831000000002
 20
-603.214
 10
29504.831000000002
 20
-603.214
  0
HATCH
  5
41F
330
17
100
AcDbEntity
  8
G-r_tieS
 62
7
420
9460135
100
AcDbHatch
 10
0.0
 20
0.0
 30
0.0
210
0.0
220
0.0
230
1.0
  2
SOLID
 70
1
 71
0
 91
1
 92
3
 72
0
 73
1
 93
4
 10
29504.831000000002
 20
-668.214
 10
29814.831000000002
 20
-668.214
 10
29814.831000000002
 20
-678.214
 10
29504.831000000002
 20
-678.214
 97
0
 75
0
 76
1
 98
0
  0
LWPOLYLINE
  5
420
330
17
100
AcDbEntity
  8
G-r_tieS
100
AcDbPolyline
 90
4
 70
1
 10
29504.831000000002
 20
-668.214
 10
29814.831000000002
 20
-668.214
 10
29814.831000000002
 20
-678.214
 10
29504.831000000002
 20
-678.214
  0
HATCH
  5
421
330
17
100
AcDbEntity
  8
G-r_new
 62
7
420
3444827
100
AcDbHatch
 10
0.0
 20
0.0
 30
0.0
210
0.0
220
0.0
230
1.0
  2
SOLID
 70
1
 71
0
 91
1
 92
3
 72
0
 73
1
 93
4
 10
29502.831000000002
 20
-333.21400000000006
 10
29816.831000000002
 20
-333.21400000000006
 10
29816.831000000002
 20
-347.21400000000006
 10
29502.831000000002
 20
-347.21400000000006
 97
0
 75
0
 76
1
 98
0
  0
LWPOLYLINE
  5
422
330
17
100
AcDbEntity
  8
G-r_new
100
AcDbPolyline
 90
4
 70
1
 10
29502.831000000002
 20
-333.21400000000006
 10
29816.831000000002
 20
-333.21400000000006
 10
29816.831000000002
 20
-347.21400000000006
 10
29502.831000000002
 20
-347.21400000000006
  0
HATCH
  5
423
330
17
100
AcDbEntity
  8
G-r_new
 62
7
420
3444827
100
AcDbHatch
 10
0.0
 20
0.0
 30
0.0
210
0.0
220
0.0
230
1.0
  2
SOLID
 70
1
 71
0
 91
1
 92
3
 72
0
 73
1
 93
4
 10
29502.831000000002
 20
-319.21400000000006
 10
29816.831000000002
 20
-319.21400000000006
 10
29816.831000000002
 20
-333.21400000000006
 10
29502.831000000002
 20
-333.21400000000006
 97
0
 75
0
 76
1
 98
0
  0
LWPOLYLINE
  5
424
330
17
100
AcDbEntity
  8
G-r_new
100
AcDbPolyline
 90
4
 70
1
 10
29502.831000000002
 20
-319.21400000000006
 10
29816.831000000002
 20
-319.21400000000006
 10
29816.831000000002
 20
-333.21400000000006
 10
29502.831000000002
 20
-333.21400000000006
  0
HATCH
  5
425
330
17
100
AcDbEntity
  8
G-r_bm3
 62
7
420
6384235
100
AcDbHatch
 10
0.0
 20
0.0
 30
0.0
210
0.0
220
0.0
230
1.0
  2
SOLID
 70
1
 71
0
 91
1
 92
1
 93
1
 72
2
 10
29565.831000000002
 20
-436.21400000000006
 40
6.0
 50
0.0
 51
360.0
 73
1
 97
0
 75
0
 76
1
 98
0
  0
CIRCLE
  5
426
330
17
100
AcDbEntity
  8
G-r_bm3
100
AcDbCircle
 10
29565.831000000002
 20
-436.21400000000006
 30
0.0
 40
6.0
  0
HATCH
  5
427
330
17
100
AcDbEntity
  8
G-r_bm3
 62
7
420
6384235
100
AcDbHatch
 10
0.0
 20
0.0
 30
0.0
210
0.0
220
0.0
230
1.0
  2
SOLID
 70
1
 71
0
 91
1
 92
1
 93
1
 72
2
 10
29565.831000000002
 20
-650.214
 40
6.0
 50
0.0
 51
360.0
 73
1
 97
0
 75
0
 76
1
 98
0
  0
CIRCLE
  5
428
330
17
100
AcDbEntity
  8
G-r_bm3
100
AcDbCircle
 10
29565.831000000002
 20
-650.214
 30
0.0
 40
6.0
  0
HATCH
  5
429
330
17
100
AcDbEntity
  8
G-r_bm3
 62
7
420
6384235
100
AcDbHatch
 10
0.0
 20
0.0
 30
0.0
210
0.0
220
0.0
230
1.0
  2
SOLID
 70
1
 71
0
 91
1
 92
1
 93
1
 72
2
 10
29659.831000000002
 20
-436.21400000000006
 40
6.0
 50
0.0
 51
360.0
 73
1
 97
0
 75
0
 76
1
 98
0
  0
CIRCLE
  5
42A
330
17
100
AcDbEntity
  8
G-r_bm3
100
AcDbCircle
 10
29659.831000000002
 20
-436.21400000000006
 30
0.0
 40
6.0
  0
HATCH
  5
42B
330
17
100
AcDbEntity
  8
G-r_bm3
 62
7
420
6384235
100
AcDbHatch
 10
0.0
 20
0.0
 30
0.0
210
0.0
220
0.0
230
1.0
  2
SOLID
 70
1
 71
0
 91
1
 92
1
 93
1
 72
2
 10
29659.831000000002
 20
-650.214
 40
6.0
 50
0.0
 51
360.0
 73
1
 97
0
 75
0
 76
1
 98
0
  0
CIRCLE
  5
42C
330
17
100
AcDbEntity
  8
G-r_bm3
100
AcDbCircle
 10
29659.831000000002
 20
-650.214
 30
0.0
 40
6.0
  0
HATCH
  5
42D
330
17
100
AcDbEntity
  8
G-r_bm3
 62
7
420
6384235
100
AcDbHatch
 10
0.0
 20
0.0
 30
0.0
210
0.0
220
0.0
230
1.0
  2
SOLID
 70
1
 71
0
 91
1
 92
1
 93
1
 72
2
 10
29753.831000000002
 20
-436.21400000000006
 40
6.0
 50
0.0
 51
360.0
 73
1
 97
0
 75
0
 76
1
 98
0
  0
CIRCLE
  5
42E
330
17
100
AcDbEntity
  8
G-r_bm3
100
AcDbCircle
 10
29753.831000000002
 20
-436.21400000000006
 30
0.0
 40
6.0
  0
HATCH
  5
42F
330
17
100
AcDbEntity
  8
G-r_bm3
 62
7
420
6384235
100
AcDbHatch
 10
0.0
 20
0.0
 30
0.0
210
0.0
220
0.0
230
1.0
  2
SOLID
 70
1
 71
0
 91
1
 92
1
 93
1
 72
2
 10
29753.831000000002
 20
-650.214
 40
6.0
 50
0.0
 51
360.0
 73
1
 97
0
 75
0
 76
1
 98
0
  0
CIRCLE
  5
430
330
17
100
AcDbEntity
  8
G-r_bm3
100
AcDbCircle
 10
29753.831000000002
 20
-650.214
 30
0.0
 40
6.0
  0
HATCH
  5
431
330
17
100
AcDbEntity
  8
G-r_bm1
 62
7
420
1725046
100
AcDbHatch
 10
0.0
 20
0.0
 30
0.0
210
0.0
220
0.0
230
1.0
  2
SOLID
 70
1
 71
0
 91
1
 92
3
 72
0
 73
1
 93
26
 10
30409.831000000002
 20
-430.21400000000006
 10
29554.833150105434
 20
-430.21400000000006
 10
29551.86164752273
 20
-430.4662462990222
 10
29548.965410358163
 20
-431.16157132349275
 10
29546.213603477358
 20
-432.3014070545548
 10
29543.673985498437
 20
-433.85768695361156
 10
29541.409090244553
 20
-435.79209024455156
 10
29539.474686953614
 20
-438.05698549843527
 10
29537.918407054556
 20
-440.59660347735576
 10
29536.778571323495
 20
-443.3484103581631
 10
29536.083246299026
 20
-446.2446475227284
 10
29535.848422453535
 20
-449.2283673804536
 10
29535.831000000002
 20
-574.214
 10
29523.831000000002
 20
-574.214
 10
29523.81357754647
 20
-449.1996326195465
 10
29524.194336671222
 20
-444.3616292252601
 10
29525.33060286175
 20
-439.62873992308965
 10
29527.19326673603
 20
-435.131871535667
 10
29529.736463327645
 20
-430.9817518869412
 10
29532.897570696125
 20
-427.28057069612123
 10
29536.598751886944
 20
-424.11946332764114
 10
29540.74887153567
 20
-421.576266736027
 10
29545.24573992309
 20
-419.7136028617497
 10
29549.97862922526
 20
-418.577336671221
 10
29554.82884989457
 20
-418.21400000000006
 10
30409.831000000002
 20
-418.21400000000006
 97
0
 75
0
 76
1
 98
0
  0
LWPOLYLINE
  5
432
330
17
100
AcDbEntity
  8
G-r_bm1
100
AcDbPolyline
 90
26
 70
1
 10
30409.831000000002
 20
-430.21400000000006
 10
29554.833150105434
 20
-430.21400000000006
 10
29551.86164752273
 20
-430.4662462990222
 10
29548.965410358163
 20
-431.16157132349275
 10
29546.213603477358
 20
-432.3014070545548
 10
29543.673985498437
 20
-433.85768695361156
 10
29541.409090244553
 20
-435.79209024455156
 10
29539.474686953614
 20
-438.05698549843527
 10
29537.918407054556
 20
-440.59660347735576
 10
29536.778571323495
 20
-443.3484103581631
 10
29536.083246299026
 20
-446.2446475227284
 10
29535.848422453535
 20
-449.2283673804536
 10
29535.831000000002
 20
-574.214
 10
29523.831000000002
 20
-574.214
 10
29523.81357754647
 20
-449.1996326195465
 10
29524.194336671222
 20
-444.3616292252601
 10
29525.33060286175
 20
-439.62873992308965
 10
29527.19326673603
 20
-435.131871535667
 10
29529.736463327645
 20
-430.9817518869412
 10
29532.897570696125
 20
-427.28057069612123
 10
29536.598751886944
 20
-424.11946332764114
 10
29540.74887153567
 20
-421.576266736027
 10
29545.24573992309
 20
-419.7136028617497
 10
29549.97862922526
 20
-418.577336671221
 10
29554.82884989457
 20
-418.21400000000006
 10
30409.831000000002
 20
-418.21400000000006
  0
HATCH
  5
433
330
17
100
AcDbEntity
  8
G-r_bm1
 62
7
420
1725046
100
AcDbHatch
 10
0.0
 20
0.0
 30
0.0
210
0.0
220
0.0
230
1.0
  2
SOLID
 70
1
 71
0
 91
1
 92
3
 72
0
 73
1
 93
26
 10
30409.831000000002
 20
-454.21400000000006
 10
29554.833150105434
 20
-454.21400000000006
 10
29551.86164752273
 20
-454.4662462990222
 10
29548.965410358163
 20
-455.16157132349275
 10
29546.213603477358
 20
-456.3014070545548
 10
29543.673985498437
 20
-457.85768695361156
 10
29541.409090244553
 20
-459.79209024455156
 10
29539.474686953614
 20
-462.05698549843527
 10
29537.918407054556
 20
-464.59660347735576
 10
29536.778571323495
 20
-467.3484103581631
 10
29536.083246299026
 20
-470.2446475227284
 10
29535.848422453535
 20
-473.2283673804536
 10
29535.831000000002
 20
-598.214
 10
29523.831000000002
 20
-598.214
 10
29523.81357754647
 20
-473.1996326195465
 10
29524.194336671222
 20
-468.3616292252601
 10
29525.33060286175
 20
-463.62873992308965
 10
29527.19326673603
 20
-459.131871535667
 10
29529.736463327645
 20
-454.9817518869412
 10
29532.897570696125
 20
-451.28057069612123
 10
29536.598751886944
 20
-448.11946332764114
 10
29540.74887153567
 20
-445.576266736027
 10
29545.24573992309
 20
-443.7136028617497
 10
29549.97862922526
 20
-442.577336671221
 10
29554.82884989457
 20
-442.21400000000006
 10
30409.831000000002
 20
-442.21400000000006
 97
0
 75
0
 76
1
 98
0
  0
LWPOLYLINE
  5
434
330
17
100
AcDbEntity
  8
G-r_bm1
100
AcDbPolyline
 90
26
 70
1
 10
30409.831000000002
 20
-454.21400000000006
 10
29554.833150105434
 20
-454.21400000000006
 10
29551.86164752273
 20
-454.4662462990222
 10
29548.965410358163
 20
-455.16157132349275
 10
29546.213603477358
 20
-456.3014070545548
 10
29543.673985498437
 20
-457.85768695361156
 10
29541.409090244553
 20
-459.79209024455156
 10
29539.474686953614
 20
-462.05698549843527
 10
29537.918407054556
 20
-464.59660347735576
 10
29536.778571323495
 20
-467.3484103581631
 10
29536.083246299026
 20
-470.2446475227284
 10
29535.848422453535
 20
-473.2283673804536
 10
29535.831000000002
 20
-598.214
 10
29523.831000000002
 20
-598.214
 10
29523.81357754647
 20
-473.1996326195465
 10
29524.194336671222
 20
-468.3616292252601
 10
29525.33060286175
 20
-463.62873992308965
 10
29527.19326673603
 20
-459.131871535667
 10
29529.736463327645
 20
-454.9817518869412
 10
29532.897570696125
 20
-451.28057069612123
 10
29536.598751886944
 20
-448.11946332764114
 10
29540.74887153567
 20
-445.576266736027
 10
29545.24573992309
 20
-443.7136028617497
 10
29549.97862922526
 20
-442.577336671221
 10
29554.82884989457
 20
-442.21400000000006
 10
30409.831000000002
 20
-442.21400000000006
  0
HATCH
  5
435
330
17
100
AcDbEntity
  8
G-r_bm1
 62
7
420
1725046
100
AcDbHatch
 10
0.0
 20
0.0
 30
0.0
210
0.0
220
0.0
230
1.0
  2
SOLID
 70
1
 71
0
 91
1
 92
3
 72
0
 73
1
 93
26
 10
30409.831000000002
 20
-668.214
 10
29554.82884989457
 20
-668.214
 10
29549.97862922526
 20
-667.8506633287791
 10
29545.24573992309
 20
-666.7143971382504
 10
29540.74887153567
 20
-664.8517332639731
 10
29536.598751886944
 20
-662.308536672359
 10
29532.897570696125
 20
-659.1474293038789
 10
29529.736463327645
 20
-655.4462481130589
 10
29527.19326673603
 20
-651.2961284643332
 10
29525.33060286175
 20
-646.7992600769105
 10
29524.194336671222
 20
-642.06637077474
 10
29523.81357754647
 20
-637.2283673804536
 10
29523.831000000002
 20
-512.214
 10
29535.831000000002
 20
-512.214
 10
29535.848422453535
 20
-637.1996326195465
 10
29536.083246299026
 20
-640.1833524772717
 10
29536.778571323495
 20
-643.079589641837
 10
29537.918407054556
 20
-645.8313965226444
 10
29539.474686953614
 20
-648.3710145015649
 10
29541.409090244553
 20
-650.6359097554487
 10
29543.673985498437
 20
-652.5703130463885
 10
29546.213603477358
 20
-654.1265929454453
 10
29548.965410358163
 20
-655.2664286765073
 10
29551.86164752273
 20
-655.9617537009779
 10
29554.833150105434
 20
-656.214
 10
30409.831000000002
 20
-656.214
 97
0
 75
0
 76
1
 98
0
  0
LWPOLYLINE
  5
436
330
17
100
AcDbEntity
  8
G-r_bm1
100
AcDbPolyline
 90
26
 70
1
 10
30409.831000000002
 20
-668.214
 10
29554.82884989457
 20
-668.214
 10
29549.97862922526
 20
-667.8506633287791
 10
29545.24573992309
 20
-666.7143971382504
 10
29540.74887153567
 20
-664.8517332639731
 10
29536.598751886944
 20
-662.308536672359
 10
29532.897570696125
 20
-659.1474293038789
 10
29529.736463327645
 20
-655.4462481130589
 10
29527.19326673603
 20
-651.2961284643332
 10
29525.33060286175
 20
-646.7992600769105
 10
29524.194336671222
 20
-642.06637077474
 10
29523.81357754647
 20
-637.2283673804536
 10
29523.831000000002
 20
-512.214
 10
29535.831000000002
 20
-512.214
 10
29535.848422453535
 20
-637.1996326195465
 10
29536.083246299026
 20
-640.1833524772717
 10
29536.778571323495
 20
-643.079589641837
 10
29537.918407054556
 20
-645.8313965226444
 10
29539.474686953614
 20
-648.3710145015649
 10
29541.409090244553
 20
-650.6359097554487
 10
29543.673985498437
 20
-652.5703130463885
 10
29546.213603477358
 20
-654.1265929454453
 10
29548.965410358163
 20
-655.2664286765073
 10
29551.86164752273
 20
-655.9617537009779
 10
29554.833150105434
 20
-656.214
 10
30409.831000000002
 20
-656.214
  0
HATCH
  5
437
330
17
100
AcDbEntity
  8
G-r_bm1
 62
7
420
1725046
100
AcDbHatch
 10
0.0
 20
0.0
 30
0.0
210
0.0
220
0.0
230
1.0
  2
SOLID
 70
1
 71
0
 91
1
 92
3
 72
0
 73
1
 93
26
 10
30409.831000000002
 20
-644.214
 10
29554.82884989457
 20
-644.214
 10
29549.97862922526
 20
-643.8506633287791
 10
29545.24573992309
 20
-642.7143971382504
 10
29540.74887153567
 20
-640.8517332639731
 10
29536.598751886944
 20
-638.308536672359
 10
29532.897570696125
 20
-635.1474293038789
 10
29529.736463327645
 20
-631.4462481130589
 10
29527.19326673603
 20
-627.2961284643332
 10
29525.33060286175
 20
-622.7992600769105
 10
29524.194336671222
 20
-618.06637077474
 10
29523.81357754647
 20
-613.2283673804536
 10
29523.831000000002
 20
-488.21400000000006
 10
29535.831000000002
 20
-488.21400000000006
 10
29535.848422453535
 20
-613.1996326195465
 10
29536.083246299026
 20
-616.1833524772717
 10
29536.778571323495
 20
-619.079589641837
 10
29537.918407054556
 20
-621.8313965226444
 10
29539.474686953614
 20
-624.3710145015649
 10
29541.409090244553
 20
-626.6359097554487
 10
29543.673985498437
 20
-628.5703130463885
 10
29546.213603477358
 20
-630.1265929454453
 10
29548.965410358163
 20
-631.2664286765073
 10
29551.86164752273
 20
-631.9617537009779
 10
29554.833150105434
 20
-632.214
 10
30409.831000000002
 20
-632.214
 97
0
 75
0
 76
1
 98
0
  0
LWPOLYLINE
  5
438
330
17
100
AcDbEntity
  8
G-r_bm1
100
AcDbPolyline
 90
26
 70
1
 10
30409.831000000002
 20
-644.214
 10
29554.82884989457
 20
-644.214
 10
29549.97862922526
 20
-643.8506633287791
 10
29545.24573992309
 20
-642.7143971382504
 10
29540.74887153567
 20
-640.8517332639731
 10
29536.598751886944
 20
-638.308536672359
 10
29532.897570696125
 20
-635.1474293038789
 10
29529.736463327645
 20
-631.4462481130589
 10
29527.19326673603
 20
-627.2961284643332
 10
29525.33060286175
 20
-622.7992600769105
 10
29524.194336671222
 20
-618.06637077474
 10
29523.81357754647
 20
-613.2283673804536
 10
29523.831000000002
 20
-488.21400000000006
 10
29535.831000000002
 20
-488.21400000000006
 10
29535.848422453535
 20
-613.1996326195465
 10
29536.083246299026
 20
-616.1833524772717
 10
29536.778571323495
 20
-619.079589641837
 10
29537.918407054556
 20
-621.8313965226444
 10
29539.474686953614
 20
-624.3710145015649
 10
29541.409090244553
 20
-626.6359097554487
 10
29543.673985498437
 20
-628.5703130463885
 10
29546.213603477358
 20
-630.1265929454453
 10
29548.965410358163
 20
-631.2664286765073
 10
29551.86164752273
 20
-631.9617537009779
 10
29554.833150105434
 20
-632.214
 10
30409.831000000002
 20
-632.214
  0
HATCH
  5
439
330
17
100
AcDbEntity
  8
G-r_bas
 62
7
420
15105570
100
AcDbHatch
 10
0.0
 20
0.0
 30
0.0
210
0.0
220
0.0
230
1.0
  2
SOLID
 70
1
 71
0
 91
1
 92
3
 72
0
 73
1
 93
26
 10
30409.831000000002
 20
-454.21400000000006
 10
29556.833155123706
 20
-454.21400000000006
 10
29553.86164752273
 20
-454.4662462990222
 10
29550.965410358163
 20
-455.16157132349275
 10
29548.213603477358
 20
-456.3014070545548
 10
29545.673985498437
 20
-457.85768695361156
 10
29543.409090244553
 20
-459.79209024455156
 10
29541.474686953614
 20
-462.05698549843527
 10
29539.918407054556
 20
-464.59660347735576
 10
29538.778571323495
 20
-467.3484103581631
 10
29538.083246299026
 20
-470.2446475227284
 10
29537.848710147868
 20
-473.2247118773571
 10
29537.831000000002
 20
-642.214
 10
29525.831000000002
 20
-642.214
 10
29525.813289852136
 20
-473.203288122643
 10
29526.194336671222
 20
-468.3616292252601
 10
29527.33060286175
 20
-463.62873992308965
 10
29529.19326673603
 20
-459.131871535667
 10
29531.736463327645
 20
-454.9817518869412
 10
29534.897570696125
 20
-451.28057069612123
 10
29538.598751886944
 20
-448.11946332764114
 10
29542.74887153567
 20
-445.576266736027
 10
29547.24573992309
 20
-443.7136028617497
 10
29551.97862922526
 20
-442.577336671221
 10
29556.828844876298
 20
-442.21400000000006
 10
30409.831000000002
 20
-442.21400000000006
 97
0
 75
0
 76
1
 98
0
  0
LWPOLYLINE
  5
43A
330
17
100
AcDbEntity
  8
G-r_bas
100
AcDbPolyline
 90
26
 70
1
 10
30409.831000000002
 20
-454.21400000000006
 10
29556.833155123706
 20
-454.21400000000006
 10
29553.86164752273
 20
-454.4662462990222
 10
29550.965410358163
 20
-455.16157132349275
 10
29548.213603477358
 20
-456.3014070545548
 10
29545.673985498437
 20
-457.85768695361156
 10
29543.409090244553
 20
-459.79209024455156
 10
29541.474686953614
 20
-462.05698549843527
 10
29539.918407054556
 20
-464.59660347735576
 10
29538.778571323495
 20
-467.3484103581631
 10
29538.083246299026
 20
-470.2446475227284
 10
29537.848710147868
 20
-473.2247118773571
 10
29537.831000000002
 20
-642.214
 10
29525.831000000002
 20
-642.214
 10
29525.813289852136
 20
-473.203288122643
 10
29526.194336671222
 20
-468.3616292252601
 10
29527.33060286175
 20
-463.62873992308965
 10
29529.19326673603
 20
-459.131871535667
 10
29531.736463327645
 20
-454.9817518869412
 10
29534.897570696125
 20
-451.28057069612123
 10
29538.598751886944
 20
-448.11946332764114
 10
29542.74887153567
 20
-445.576266736027
 10
29547.24573992309
 20
-443.7136028617497
 10
29551.97862922526
 20
-442.577336671221
 10
29556.828844876298
 20
-442.21400000000006
 10
30409.831000000002
 20
-442.21400000000006
  0
HATCH
  5
43B
330
17
100
AcDbEntity
  8
G-r_grout
 62
7
420
15395042
100
AcDbHatch
 10
0.0
 20
0.0
 30
0.0
210
0.0
220
0.0
230
1.0
  2
SOLID
 70
1
 71
0
 91
1
 92
3
 72
0
 73
1
 93
4
 10
29434.831000000002
 20
-628.214
 10
29459.831000000002
 20
-628.214
 10
29459.831000000002
 20
-368.21400000000006
 10
29434.831000000002
 20
-368.21400000000006
 97
0
 75
0
 76
1
 98
0
  0
LWPOLYLINE
  5
43C
330
17
100
AcDbEntity
  8
G-r_grout
100
AcDbPolyline
 90
4
 70
1
 10
29434.831000000002
 20
-628.214
 10
29459.831000000002
 20
-628.214
 10
29459.831000000002
 20
-368.21400000000006
 10
29434.831000000002
 20
-368.21400000000006
  0
HATCH
  5
43D
330
17
100
AcDbEntity
  8
G-r_eplate
 62
7
420
15068145
100
AcDbHatch
 10
0.0
 20
0.0
 30
0.0
210
0.0
220
0.0
230
1.0
  2
SOLID
 70
1
 71
0
 91
1
 92
3
 72
0
 73
1
 93
4
 10
29422.831000000002
 20
-628.214
 10
29434.831000000002
 20
-628.214
 10
29434.831000000002
 20
-368.21400000000006
 10
29422.831000000002
 20
-368.21400000000006
 97
0
 75
0
 76
1
 98
0
  0
LWPOLYLINE
  5
43E
330
17
100
AcDbEntity
  8
G-r_eplate
100
AcDbPolyline
 90
4
 70
1
 10
29422.831000000002
 20
-628.214
 10
29434.831000000002
 20
-628.214
 10
29434.831000000002
 20
-368.21400000000006
 10
29422.831000000002
 20
-368.21400000000006
  0
HATCH
  5
43F
330
17
100
AcDbEntity
  8
G-r_ipe
 62
7
420
15199730
100
AcDbHatch
 10
0.0
 20
0.0
 30
0.0
210
0.0
220
0.0
230
1.0
  2
SOLID
 70
1
 71
0
 91
1
 92
3
 72
0
 73
1
 93
4
 10
29092.831000000002
 20
-608.214
 10
29422.831000000002
 20
-608.214
 10
29422.831000000002
 20
-368.21400000000006
 10
29092.831000000002
 20
-368.21400000000006
 97
0
 75
0
 76
1
 98
0
  0
LWPOLYLINE
  5
440
330
17
100
AcDbEntity
  8
G-r_ipe
100
AcDbPolyline
 90
4
 70
1
 10
29092.831000000002
 20
-608.214
 10
29422.831000000002
 20
-608.214
 10
29422.831000000002
 20
-368.21400000000006
 10
29092.831000000002
 20
-368.21400000000006
  0
HATCH
  5
441
330
17
100
AcDbEntity
  8
G-r_ipef
 62
7
420
10861005
100
AcDbHatch
 10
0.0
 20
0.0
 30
0.0
210
0.0
220
0.0
230
1.0
  2
SOLID
 70
1
 71
0
 91
1
 92
3
 72
0
 73
1
 93
4
 10
29092.831000000002
 20
-378.01400000000007
 10
29422.831000000002
 20
-378.01400000000007
 10
29422.831000000002
 20
-368.21400000000006
 10
29092.831000000002
 20
-368.21400000000006
 97
0
 75
0
 76
1
 98
0
  0
LWPOLYLINE
  5
442
330
17
100
AcDbEntity
  8
G-r_ipef
100
AcDbPolyline
 90
4
 70
1
 10
29092.831000000002
 20
-378.01400000000007
 10
29422.831000000002
 20
-378.01400000000007
 10
29422.831000000002
 20
-368.21400000000006
 10
29092.831000000002
 20
-368.21400000000006
  0
HATCH
  5
443
330
17
100
AcDbEntity
  8
G-r_ipef
 62
7
420
10861005
100
AcDbHatch
 10
0.0
 20
0.0
 30
0.0
210
0.0
220
0.0
230
1.0
  2
SOLID
 70
1
 71
0
 91
1
 92
3
 72
0
 73
1
 93
4
 10
29092.831000000002
 20
-608.214
 10
29422.831000000002
 20
-608.214
 10
29422.831000000002
 20
-598.414
 10
29092.831000000002
 20
-598.414
 97
0
 75
0
 76
1
 98
0
  0
LWPOLYLINE
  5
444
330
17
100
AcDbEntity
  8
G-r_ipef
100
AcDbPolyline
 90
4
 70
1
 10
29092.831000000002
 20
-608.214
 10
29422.831000000002
 20
-608.214
 10
29422.831000000002
 20
-598.414
 10
29092.831000000002
 20
-598.414
  0
HATCH
  5
445
330
17
100
AcDbEntity
  8
G-r_anc
 62
7
420
12597547
100
AcDbHatch
 10
0.0
 20
0.0
 30
0.0
210
0.0
220
0.0
230
1.0
  2
SOLID
 70
1
 71
0
 91
1
 92
3
 72
0
 73
1
 93
4
 10
29364.831000000002
 20
-402.21400000000006
 10
29804.831000000002
 20
-402.21400000000006
 10
29804.831000000002
 20
-418.21400000000006
 10
29364.831000000002
 20
-418.21400000000006
 97
0
 75
0
 76
1
 98
0
  0
LWPOLYLINE
  5
446
330
17
100
AcDbEntity
  8
G-r_anc
100
AcDbPolyline
 90
4
 70
1
 10
29364.831000000002
 20
-402.21400000000006
 10
29804.831000000002
 20
-402.21400000000006
 10
29804.831000000002
 20
-418.21400000000006
 10
29364.831000000002
 20
-418.21400000000006
  0
HATCH
  5
447
330
17
100
AcDbEntity
  8
G-r_bp
 62
7
420
3428459
100
AcDbHatch
 10
0.0
 20
0.0
 30
0.0
210
0.0
220
0.0
230
1.0
  2
SOLID
 70
1
 71
0
 91
1
 92
3
 72
0
 73
1
 93
4
 10
29768.831000000002
 20
-435.21400000000006
 10
29780.831000000002
 20
-435.21400000000006
 10
29780.831000000002
 20
-385.21400000000006
 10
29768.831000000002
 20
-385.21400000000006
 97
0
 75
0
 76
1
 98
0
  0
LWPOLYLINE
  5
448
330
17
100
AcDbEntity
  8
G-r_bp
100
AcDbPolyline
 90
4
 70
1
 10
29768.831000000002
 20
-435.21400000000006
 10
29780.831000000002
 20
-435.21400000000006
 10
29780.831000000002
 20
-385.21400000000006
 10
29768.831000000002
 20
-385.21400000000006
  0
HATCH
  5
449
330
17
100
AcDbEntity
  8
G-r_nut
 62
7
420
8070172
100
AcDbHatch
 10
0.0
 20
0.0
 30
0.0
210
0.0
220
0.0
230
1.0
  2
SOLID
 70
1
 71
0
 91
1
 92
3
 72
0
 73
1
 93
4
 10
29780.831000000002
 20
-425.21400000000006
 10
29783.831000000002
 20
-425.21400000000006
 10
29783.831000000002
 20
-395.21400000000006
 10
29780.831000000002
 20
-395.21400000000006
 97
0
 75
0
 76
1
 98
0
  0
LWPOLYLINE
  5
44A
330
17
100
AcDbEntity
  8
G-r_nut
100
AcDbPolyline
 90
4
 70
1
 10
29780.831000000002
 20
-425.21400000000006
 10
29783.831000000002
 20
-425.21400000000006
 10
29783.831000000002
 20
-395.21400000000006
 10
29780.831000000002
 20
-395.21400000000006
  0
HATCH
  5
44B
330
17
100
AcDbEntity
  8
G-r_nut
 62
7
420
8070172
100
AcDbHatch
 10
0.0
 20
0.0
 30
0.0
210
0.0
220
0.0
230
1.0
  2
SOLID
 70
1
 71
0
 91
1
 92
3
 72
0
 73
1
 93
4
 10
29783.831000000002
 20
-422.21400000000006
 10
29799.831000000002
 20
-422.21400000000006
 10
29799.831000000002
 20
-398.21400000000006
 10
29783.831000000002
 20
-398.21400000000006
 97
0
 75
0
 76
1
 98
0
  0
LWPOLYLINE
  5
44C
330
17
100
AcDbEntity
  8
G-r_nut
100
AcDbPolyline
 90
4
 70
1
 10
29783.831000000002
 20
-422.21400000000006
 10
29799.831000000002
 20
-422.21400000000006
 10
29799.831000000002
 20
-398.21400000000006
 10
29783.831000000002
 20
-398.21400000000006
  0
HATCH
  5
44D
330
17
100
AcDbEntity
  8
G-r_ancg
 62
7
420
16047065
100
AcDbHatch
 10
0.0
 20
0.0
 30
0.0
210
0.0
220
0.0
230
1.0
  2
SOLID
 70
1
 71
0
 91
1
 92
3
 72
0
 73
1
 93
4
 10
29434.831000000002
 20
-425.21400000000006
 10
29437.831000000002
 20
-425.21400000000006
 10
29437.831000000002
 20
-395.21400000000006
 10
29434.831000000002
 20
-395.21400000000006
 97
0
 75
0
 76
1
 98
0
  0
LWPOLYLINE
  5
44E
330
17
100
AcDbEntity
  8
G-r_ancg
100
AcDbPolyline
 90
4
 70
1
 10
29434.831000000002
 20
-425.21400000000006
 10
29437.831000000002
 20
-425.21400000000006
 10
29437.831000000002
 20
-395.21400000000006
 10
29434.831000000002
 20
-395.21400000000006
  0
HATCH
  5
44F
330
17
100
AcDbEntity
  8
G-r_ancg
 62
7
420
16047065
100
AcDbHatch
 10
0.0
 20
0.0
 30
0.0
210
0.0
220
0.0
230
1.0
  2
SOLID
 70
1
 71
0
 91
1
 92
3
 72
0
 73
1
 93
4
 10
29437.831000000002
 20
-422.21400000000006
 10
29453.831000000002
 20
-422.21400000000006
 10
29453.831000000002
 20
-398.21400000000006
 10
29437.831000000002
 20
-398.21400000000006
 97
0
 75
0
 76
1
 98
0
  0
LWPOLYLINE
  5
450
330
17
100
AcDbEntity
  8
G-r_ancg
100
AcDbPolyline
 90
4
 70
1
 10
29437.831000000002
 20
-422.21400000000006
 10
29453.831000000002
 20
-422.21400000000006
 10
29453.831000000002
 20
-398.21400000000006
 10
29437.831000000002
 20
-398.21400000000006
  0
HATCH
  5
451
330
17
100
AcDbEntity
  8
G-r_ancg
 62
7
420
16047065
100
AcDbHatch
 10
0.0
 20
0.0
 30
0.0
210
0.0
220
0.0
230
1.0
  2
SOLID
 70
1
 71
0
 91
1
 92
3
 72
0
 73
1
 93
4
 10
29419.831000000002
 20
-425.21400000000006
 10
29422.831000000002
 20
-425.21400000000006
 10
29422.831000000002
 20
-395.21400000000006
 10
29419.831000000002
 20
-395.21400000000006
 97
0
 75
0
 76
1
 98
0
  0
LWPOLYLINE
  5
452
330
17
100
AcDbEntity
  8
G-r_ancg
100
AcDbPolyline
 90
4
 70
1
 10
29419.831000000002
 20
-425.21400000000006
 10
29422.831000000002
 20
-425.21400000000006
 10
29422.831000000002
 20
-395.21400000000006
 10
29419.831000000002
 20
-395.21400000000006
  0
HATCH
  5
453
330
17
100
AcDbEntity
  8
G-r_ancg
 62
7
420
16047065
100
AcDbHatch
 10
0.0
 20
0.0
 30
0.0
210
0.0
220
0.0
230
1.0
  2
SOLID
 70
1
 71
0
 91
1
 92
3
 72
0
 73
1
 93
4
 10
29403.831000000002
 20
-422.21400000000006
 10
29419.831000000002
 20
-422.21400000000006
 10
29419.831000000002
 20
-398.21400000000006
 10
29403.831000000002
 20
-398.21400000000006
 97
0
 75
0
 76
1
 98
0
  0
LWPOLYLINE
  5
454
330
17
100
AcDbEntity
  8
G-r_ancg
100
AcDbPolyline
 90
4
 70
1
 10
29403.831000000002
 20
-422.21400000000006
 10
29419.831000000002
 20
-422.21400000000006
 10
29419.831000000002
 20
-398.21400000000006
 10
29403.831000000002
 20
-398.21400000000006
  0
HATCH
  5
455
330
17
100
AcDbEntity
  8
G-r_anc
 62
7
420
12597547
100
AcDbHatch
 10
0.0
 20
0.0
 30
0.0
210
0.0
220
0.0
230
1.0
  2
SOLID
 70
1
 71
0
 91
1
 92
3
 72
0
 73
1
 93
4
 10
29364.831000000002
 20
-558.214
 10
29804.831000000002
 20
-558.214
 10
29804.831000000002
 20
-574.214
 10
29364.831000000002
 20
-574.214
 97
0
 75
0
 76
1
 98
0
  0
LWPOLYLINE
  5
456
330
17
100
AcDbEntity
  8
G-r_anc
100
AcDbPolyline
 90
4
 70
1
 10
29364.831000000002
 20
-558.214
 10
29804.831000000002
 20
-558.214
 10
29804.831000000002
 20
-574.214
 10
29364.831000000002
 20
-574.214
  0
HATCH
  5
457
330
17
100
AcDbEntity
  8
G-r_bp
 62
7
420
3428459
100
AcDbHatch
 10
0.0
 20
0.0
 30
0.0
210
0.0
220
0.0
230
1.0
  2
SOLID
 70
1
 71
0
 91
1
 92
3
 72
0
 73
1
 93
4
 10
29768.831000000002
 20
-591.214
 10
29780.831000000002
 20
-591.214
 10
29780.831000000002
 20
-541.214
 10
29768.831000000002
 20
-541.214
 97
0
 75
0
 76
1
 98
0
  0
LWPOLYLINE
  5
458
330
17
100
AcDbEntity
  8
G-r_bp
100
AcDbPolyline
 90
4
 70
1
 10
29768.831000000002
 20
-591.214
 10
29780.831000000002
 20
-591.214
 10
29780.831000000002
 20
-541.214
 10
29768.831000000002
 20
-541.214
  0
HATCH
  5
459
330
17
100
AcDbEntity
  8
G-r_nut
 62
7
420
8070172
100
AcDbHatch
 10
0.0
 20
0.0
 30
0.0
210
0.0
220
0.0
230
1.0
  2
SOLID
 70
1
 71
0
 91
1
 92
3
 72
0
 73
1
 93
4
 10
29780.831000000002
 20
-581.214
 10
29783.831000000002
 20
-581.214
 10
29783.831000000002
 20
-551.214
 10
29780.831000000002
 20
-551.214
 97
0
 75
0
 76
1
 98
0
  0
LWPOLYLINE
  5
45A
330
17
100
AcDbEntity
  8
G-r_nut
100
AcDbPolyline
 90
4
 70
1
 10
29780.831000000002
 20
-581.214
 10
29783.831000000002
 20
-581.214
 10
29783.831000000002
 20
-551.214
 10
29780.831000000002
 20
-551.214
  0
HATCH
  5
45B
330
17
100
AcDbEntity
  8
G-r_nut
 62
7
420
8070172
100
AcDbHatch
 10
0.0
 20
0.0
 30
0.0
210
0.0
220
0.0
230
1.0
  2
SOLID
 70
1
 71
0
 91
1
 92
3
 72
0
 73
1
 93
4
 10
29783.831000000002
 20
-578.214
 10
29799.831000000002
 20
-578.214
 10
29799.831000000002
 20
-554.214
 10
29783.831000000002
 20
-554.214
 97
0
 75
0
 76
1
 98
0
  0
LWPOLYLINE
  5
45C
330
17
100
AcDbEntity
  8
G-r_nut
100
AcDbPolyline
 90
4
 70
1
 10
29783.831000000002
 20
-578.214
 10
29799.831000000002
 20
-578.214
 10
29799.831000000002
 20
-554.214
 10
29783.831000000002
 20
-554.214
  0
HATCH
  5
45D
330
17
100
AcDbEntity
  8
G-r_ancg
 62
7
420
16047065
100
AcDbHatch
 10
0.0
 20
0.0
 30
0.0
210
0.0
220
0.0
230
1.0
  2
SOLID
 70
1
 71
0
 91
1
 92
3
 72
0
 73
1
 93
4
 10
29434.831000000002
 20
-581.214
 10
29437.831000000002
 20
-581.214
 10
29437.831000000002
 20
-551.214
 10
29434.831000000002
 20
-551.214
 97
0
 75
0
 76
1
 98
0
  0
LWPOLYLINE
  5
45E
330
17
100
AcDbEntity
  8
G-r_ancg
100
AcDbPolyline
 90
4
 70
1
 10
29434.831000000002
 20
-581.214
 10
29437.831000000002
 20
-581.214
 10
29437.831000000002
 20
-551.214
 10
29434.831000000002
 20
-551.214
  0
HATCH
  5
45F
330
17
100
AcDbEntity
  8
G-r_ancg
 62
7
420
16047065
100
AcDbHatch
 10
0.0
 20
0.0
 30
0.0
210
0.0
220
0.0
230
1.0
  2
SOLID
 70
1
 71
0
 91
1
 92
3
 72
0
 73
1
 93
4
 10
29437.831000000002
 20
-578.214
 10
29453.831000000002
 20
-578.214
 10
29453.831000000002
 20
-554.214
 10
29437.831000000002
 20
-554.214
 97
0
 75
0
 76
1
 98
0
  0
LWPOLYLINE
  5
460
330
17
100
AcDbEntity
  8
G-r_ancg
100
AcDbPolyline
 90
4
 70
1
 10
29437.831000000002
 20
-578.214
 10
29453.831000000002
 20
-578.214
 10
29453.831000000002
 20
-554.214
 10
29437.831000000002
 20
-554.214
  0
HATCH
  5
461
330
17
100
AcDbEntity
  8
G-r_ancg
 62
7
420
16047065
100
AcDbHatch
 10
0.0
 20
0.0
 30
0.0
210
0.0
220
0.0
230
1.0
  2
SOLID
 70
1
 71
0
 91
1
 92
3
 72
0
 73
1
 93
4
 10
29419.831000000002
 20
-581.214
 10
29422.831000000002
 20
-581.214
 10
29422.831000000002
 20
-551.214
 10
29419.831000000002
 20
-551.214
 97
0
 75
0
 76
1
 98
0
  0
LWPOLYLINE
  5
462
330
17
100
AcDbEntity
  8
G-r_ancg
100
AcDbPolyline
 90
4
 70
1
 10
29419.831000000002
 20
-581.214
 10
29422.831000000002
 20
-581.214
 10
29422.831000000002
 20
-551.214
 10
29419.831000000002
 20
-551.214
  0
HATCH
  5
463
330
17
100
AcDbEntity
  8
G-r_ancg
 62
7
420
16047065
100
AcDbHatch
 10
0.0
 20
0.0
 30
0.0
210
0.0
220
0.0
230
1.0
  2
SOLID
 70
1
 71
0
 91
1
 92
3
 72
0
 73
1
 93
4
 10
29403.831000000002
 20
-578.214
 10
29419.831000000002
 20
-578.214
 10
29419.831000000002
 20
-554.214
 10
29403.831000000002
 20
-554.214
 97
0
 75
0
 76
1
 98
0
  0
LWPOLYLINE
  5
464
330
17
100
AcDbEntity
  8
G-r_ancg
100
AcDbPolyline
 90
4
 70
1
 10
29403.831000000002
 20
-578.214
 10
29419.831000000002
 20
-578.214
 10
29419.831000000002
 20
-554.214
 10
29403.831000000002
 20
-554.214
  0
LINE
  5
465
330
17
100
AcDbEntity
  8
G-grid
100
AcDbLine
 10
30489.831000000002
 20
-145.21400000000006
 30
0.0
 11
29799.831000000002
 21
-326.21400000000006
 31
0.0
  0
TEXT
  5
466
330
17
100
AcDbEntity
  8
T-new
 62
119
420
1333810
100
AcDbText
 10
30499.831000000002
 20
-153.21400000000006
 30
0.0
 40
22.86
  1
2 estribos Ø14 juntos, en la cabeza de la columna
  7
NEGRITA
 11
30499.831000000002
 21
-153.21400000000006
 31
0.0
100
AcDbText
  0
LINE
  5
467
330
17
100
AcDbEntity
  8
G-grid
100
AcDbLine
 10
30489.831000000002
 20
-225.21400000000006
 30
0.0
 11
30059.831000000002
 21
-424.21400000000006
 31
0.0
  0
TEXT
  5
468
330
17
100
AcDbEntity
  8
T-bsm
 62
156
420
929604
100
AcDbText
 10
30499.831000000002
 20
-233.21400000000006
 30
0.0
 40
22.86
  1
VCM: 5Ø12 arriba (2 líneas), gancho contra los estribos
  7
NEGRITA
 11
30499.831000000002
 21
-233.21400000000006
 31
0.0
100
AcDbText
  0
LINE
  5
469
330
17
100
AcDbEntity
  8
G-grid
100
AcDbLine
 10
30489.831000000002
 20
-285.21400000000006
 30
0.0
 11
30159.831000000002
 21
-448.21400000000006
 31
0.0
  0
TEXT
  5
46A
330
17
100
AcDbEntity
  8
T-hk
 62
44
420
8017152
100
AcDbText
 10
30499.831000000002
 20
-293.21400000000006
 30
0.0
 40
22.86
  1
bastón Ø12: recto 1220 + pata 200
  7
NEGRITA
 11
30499.831000000002
 21
-293.21400000000006
 31
0.0
100
AcDbText
  0
LINE
  5
46B
330
17
100
AcDbEntity
  8
G-grid
100
AcDbLine
 10
30489.831000000002
 20
-355.21400000000006
 30
0.0
 11
29799.831000000002
 21
-523.214
 31
0.0
  0
TEXT
  5
46C
330
17
100
AcDbEntity
  8
T-tie
 62
195
420
5975151
100
AcDbText
 10
30499.831000000002
 20
-363.21400000000006
 30
0.0
 40
22.86
  1
estribos Ø10 del nudo cada 75 aprox. (110, 155, 230, 305);
  7
NEGRITA
 11
30499.831000000002
 21
-363.21400000000006
 31
0.0
100
AcDbText
  0
TEXT
  5
46D
330
17
100
AcDbEntity
  8
T-tie
 62
195
420
5975151
100
AcDbText
 10
30499.831000000002
 20
-402.90150000000006
 30
0.0
 40
22.86
  1
se pueden mover ± 20 para acomodar las barras longitudinales
  7
NEGRITA
 11
30499.831000000002
 21
-402.90150000000006
 31
0.0
100
AcDbText
  0
LINE
  5
46E
330
17
100
AcDbEntity
  8
G-grid
100
AcDbLine
 10
30489.831000000002
 20
-435.21400000000006
 30
0.0
 11
29759.831000000002
 21
-618.214
 31
0.0
  0
TEXT
  5
46F
330
17
100
AcDbEntity
  8
T-bsm
 62
156
420
929604
100
AcDbText
 10
30499.831000000002
 20
-443.21400000000006
 30
0.0
 40
22.86
  1
anclas Ø12 de la columna metálica, a 200 entre sí
  7
NEGRITA
 11
30499.831000000002
 21
-443.21400000000006
 31
0.0
100
AcDbText
  0
LINE
  5
470
330
17
100
AcDbEntity
  8
G-grid
100
AcDbLine
 10
30489.831000000002
 20
-485.21400000000006
 30
0.0
 11
29659.831000000002
 21
-650.214
 31
0.0
  0
TEXT
  5
471
330
17
100
AcDbEntity
  8
T-bsm
 62
156
420
929604
100
AcDbText
 10
30499.831000000002
 20
-493.21400000000006
 30
0.0
 40
22.86
  1
VCS: 3Ø12 + 3Ø12 (cruza)
  7
NEGRITA
 11
30499.831000000002
 21
-493.21400000000006
 31
0.0
100
AcDbText
  0
LINE
  5
472
330
17
100
AcDbEntity
  8
G-grid
100
AcDbLine
 10
30489.831000000002
 20
-535.214
 30
0.0
 11
30059.831000000002
 21
-662.214
 31
0.0
  0
TEXT
  5
473
330
17
100
AcDbEntity
  8
T-bsm
 62
156
420
929604
100
AcDbText
 10
30499.831000000002
 20
-543.214
 30
0.0
 40
22.86
  1
VCM: 5Ø12 abajo (2 líneas)
  7
NEGRITA
 11
30499.831000000002
 21
-543.214
 31
0.0
100
AcDbText
  0
TEXT
  5
474
330
17
100
AcDbEntity
  8
T-anc
 62
22
420
11088422
100
AcDbText
 10
29052.831000000002
 20
-488.21400000000006
 30
0.0
 40
22.86
  1
A1
  7
NEGRITA
 72
2
 11
29052.831000000002
 21
-488.21400000000006
 31
0.0
100
AcDbText
  0
LINE
  5
475
330
17
100
AcDbEntity
  8
G-lead
100
AcDbLine
 10
29062.831000000002
 20
-478.21400000000006
 30
0.0
 11
29374.831000000002
 21
-410.21400000000006
 31
0.0
  0
LINE
  5
476
330
17
100
AcDbEntity
  8
G-lead
100
AcDbLine
 10
29062.831000000002
 20
-478.21400000000006
 30
0.0
 11
29374.831000000002
 21
-566.214
 31
0.0
  0
TEXT
  5
477
330
17
100
AcDbEntity
  8
T-anc
 62
22
420
11088422
100
AcDbText
 10
29979.831000000002
 20
-543.214
 30
0.0
 40
22.86
  1
P1
  7
NEGRITA
 11
29979.831000000002
 21
-543.214
 31
0.0
100
AcDbText
  0
LINE
  5
478
330
17
100
AcDbEntity
  8
G-lead
100
AcDbLine
 10
29969.831000000002
 20
-533.214
 30
0.0
 11
29780.831000000002
 21
-410.21400000000006
 31
0.0
  0
LINE
  5
479
330
17
100
AcDbEntity
  8
G-lead
100
AcDbLine
 10
29969.831000000002
 20
-533.214
 30
0.0
 11
29780.831000000002
 21
-566.214
 31
0.0
  0
TEXT
  5
47A
330
17
100
AcDbEntity
  8
T-small
 62
47
420
4473924
100
AcDbText
 10
29257.831000000002
 20
-488.21400000000006
 30
0.0
 40
22.86
  1
IPE 240 (después)
  7
ESTANDAR
 72
1
 11
29257.831000000002
 21
-488.21400000000006
 31
0.0
100
AcDbText
  0
TEXT
  5
47B
330
17
100
AcDbEntity
  8
T-small
 62
47
420
4473924
100
AcDbText
 10
29414.831000000002
 20
-673.214
 30
0.0
 40
22.86
  1
P2 + grout 25 (después)
  7
ESTANDAR
 72
2
 11
29414.831000000002
 21
-673.214
 31
0.0
100
AcDbText
  0
TEXT
  5
47C
330
17
100
AcDbEntity
  8
T-code
 62
19
420
1118481
100
AcDbText
 10
29414.831000000002
 20
-728.214
 30
0.0
 40
22.86
  1
Colocar los ganchos de las Ø12
  7
NEGRITA
 72
2
 11
29414.831000000002
 21
-728.214
 31
0.0
100
AcDbText
  0
TEXT
  5
47D
330
17
100
AcDbEntity
  8
T-code
 62
19
420
1118481
100
AcDbText
 10
29414.831000000002
 20
-767.9015
 30
0.0
 40
22.86
  1
contra los estribos
  7
NEGRITA
 72
2
 11
29414.831000000002
 21
-767.9015
 31
0.0
100
AcDbText
  0
TEXT
  5
47E
330
17
100
AcDbEntity
  8
T-label
 62
49
420
2236962
100
AcDbText
 10
29659.831000000002
 20
-233.21400000000006
 30
0.0
 40
22.86
  1
columna 40x40
  7
ESTANDAR
 72
1
 11
29659.831000000002
 21
-233.21400000000006
 31
0.0
100
AcDbText
  0
TEXT
  5
47F
330
17
100
AcDbEntity
  8
T-label
 62
49
420
2236962
100
AcDbText
 10
30159.831000000002
 20
-343.21400000000006
 30
0.0
 40
22.86
  1
VCM
  7
ESTANDAR
 72
1
 11
30159.831000000002
 21
-343.21400000000006
 31
0.0
100
AcDbText
  0
TEXT
  5
480
330
17
100
AcDbEntity
  8
T-small
 62
47
420
4473924
100
AcDbText
 10
29659.831000000002
 20
-758.214
 30
0.0
 40
22.86
  1
junta fría
  7
ESTANDAR
 72
1
 11
29659.831000000002
 21
-758.214
 31
0.0
100
AcDbText
  0
DIMENSION
  5
481
330
17
100
AcDbEntity
  8
COTAS
100
AcDbDimension
280
0
  2
*D23
  3
COTAS_1-10
 10
29032.831000000002
 20
-368.21400000000006
 30
0.0
 11
29047.975000000002
 21
-389.21400000000006
 31
0.0
 70
32
 71
5
  1
<>
100
AcDbAlignedDimension
 13
29092.831000000002
 23
-368.21400000000006
 33
0.0
 14
29092.831000000002
 24
-410.21400000000006
 34
0.0
 50
-90.0
100
AcDbRotatedDimension
  0
DIMENSION
  5
482
330
17
100
AcDbEntity
  8
COTAS
100
AcDbDimension
280
0
  2
*D24
  3
COTAS_1-10
 10
29032.831000000002
 20
-410.21400000000006
 30
0.0
 11
29047.975000000002
 21
-488.21400000000006
 31
0.0
 70
32
 71
5
  1
<>
100
AcDbAlignedDimension
 13
29092.831000000002
 23
-410.21400000000006
 33
0.0
 14
29092.831000000002
 24
-566.214
 34
0.0
 50
-90.0
100
AcDbRotatedDimension
  0
DIMENSION
  5
483
330
17
100
AcDbEntity
  8
COTAS
100
AcDbDimension
280
0
  2
*D25
  3
COTAS_1-10
 10
29032.831000000002
 20
-566.214
 30
0.0
 11
29047.975000000002
 21
-597.214
 31
0.0
 70
32
 71
5
  1
<>
100
AcDbAlignedDimension
 13
29092.831000000002
 23
-566.214
 33
0.0
 14
29092.831000000002
 24
-628.214
 34
0.0
 50
-90.0
100
AcDbRotatedDimension
  0
DIMENSION
  5
484
330
17
100
AcDbEntity
  8
COTAS
100
AcDbDimension
280
0
  2
*D26
  3
COTAS_1-10
 10
29434.831000000002
 20
-193.21400000000006
 30
0.0
 11
29447.331000000002
 21
-169.25055555555562
 31
0.0
 70
32
 71
5
  1
<>
100
AcDbAlignedDimension
 13
29434.831000000002
 23
-193.21400000000006
 33
0.0
 14
29459.831000000002
 24
-193.21400000000006
 34
0.0
 50
0.0
100
AcDbRotatedDimension
  0
DIMENSION
  5
485
330
17
100
AcDbEntity
  8
COTAS
100
AcDbDimension
280
0
  2
*D27
  3
COTAS_1-10
 10
29459.831000000002
 20
-193.21400000000006
 30
0.0
 11
29614.331000000002
 21
-178.07000000000005
 31
0.0
 70
32
 71
5
  1
<>
100
AcDbAlignedDimension
 13
29459.831000000002
 23
-193.21400000000006
 33
0.0
 14
29768.831000000002
 24
-193.21400000000006
 34
0.0
 50
0.0
100
AcDbRotatedDimension
  0
DIMENSION
  5
486
330
17
100
AcDbEntity
  8
COTAS
100
AcDbDimension
280
0
  2
*D28
  3
COTAS_1-10
 10
29768.831000000002
 20
-193.21400000000006
 30
0.0
 11
29814.331000000002
 21
-178.07000000000005
 31
0.0
 70
32
 71
5
  1
<>
100
AcDbAlignedDimension
 13
29768.831000000002
 23
-193.21400000000006
 33
0.0
 14
29859.831000000002
 24
-193.21400000000006
 34
0.0
 50
0.0
100
AcDbRotatedDimension
  0
DIMENSION
  5
487
330
17
100
AcDbEntity
  8
COTAS
100
AcDbDimension
280
0
  2
*D29
  3
COTAS_1-10
 10
29414.831000000002
 20
-368.21400000000006
 30
0.0
 11
29399.687
 21
-315.71400000000006
 31
0.0
 70
32
 71
5
  1
<>
100
AcDbAlignedDimension
 13
29459.831000000002
 23
-368.21400000000006
 33
0.0
 14
29459.831000000002
 24
-263.21400000000006
 34
0.0
 50
90.0
100
AcDbRotatedDimension
  0
DIMENSION
  5
488
330
17
100
AcDbEntity
  8
COTAS
100
AcDbDimension
280
0
  2
*D30
  3
COTAS_1-10
 10
29899.831000000002
 20
-326.21400000000006
 30
0.0
 11
29884.687
 21
-294.71400000000006
 31
0.0
 70
32
 71
5
  1
<>
100
AcDbAlignedDimension
 13
29859.831000000002
 23
-326.21400000000006
 33
0.0
 14
29859.831000000002
 24
-263.21400000000006
 34
0.0
 50
90.0
100
AcDbRotatedDimension
  0
TEXT
  5
4F9
330
17
100
AcDbEntity
  8
MODELO_ROTULOS
100
AcDbText
 10
28754.37
 20
40.0
 30
0.0
 40
50.0
  1
detalles/05_detalle-2-1-c4-corte-por-el-eje-del-voladizo.dxf  1:10
  7
NEGRITA
 11
28754.37
 21
40.0
 31
0.0
100
AcDbText
  0
HATCH
  5
4FD
330
17
100
AcDbEntity
  8
G-r_conc
 62
7
420
16118767
100
AcDbHatch
 10
0.0
 20
0.0
 30
0.0
210
0.0
220
0.0
230
1.0
  2
SOLID
 70
1
 71
0
 91
1
 92
3
 72
0
 73
1
 93
4
 10
32630.445
 20
-757.361
 10
33030.445
 20
-757.361
 10
33030.445
 20
-302.361
 10
32630.445
 20
-302.361
 97
0
 75
0
 76
1
 98
0
  0
LWPOLYLINE
  5
4FE
330
17
100
AcDbEntity
  8
G-r_conc
100
AcDbPolyline
 90
4
 70
1
 10
32630.445
 20
-757.361
 10
33030.445
 20
-757.361
 10
33030.445
 20
-302.361
 10
32630.445
 20
-302.361
  0
HATCH
  5
4FF
330
17
100
AcDbEntity
  8
G-r_old
 62
7
420
15065562
100
AcDbHatch
 10
0.0
 20
0.0
 30
0.0
210
0.0
220
0.0
230
1.0
  2
SOLID
 70
1
 71
0
 91
1
 92
3
 72
0
 73
1
 93
4
 10
32630.445
 20
-887.361
 10
33030.445
 20
-887.361
 10
33030.445
 20
-757.361
 10
32630.445
 20
-757.361
 97
0
 75
0
 76
1
 98
0
  0
LWPOLYLINE
  5
500
330
17
100
AcDbEntity
  8
G-r_old
100
AcDbPolyline
 90
4
 70
1
 10
32630.445
 20
-887.361
 10
33030.445
 20
-887.361
 10
33030.445
 20
-757.361
 10
32630.445
 20
-757.361
  0
HATCH
  5
501
330
17
100
AcDbEntity
  8
G-r_conc
 62
7
420
16118767
100
AcDbHatch
 10
0.0
 20
0.0
 30
0.0
210
0.0
220
0.0
230
1.0
  2
SOLID
 70
1
 71
0
 91
1
 92
3
 72
0
 73
1
 93
4
 10
32630.445
 20
-757.361
 10
32410.445
 20
-757.361
 10
32410.445
 20
-407.361
 10
32630.445
 20
-407.361
 97
0
 75
0
 76
1
 98
0
  0
LWPOLYLINE
  5
502
330
17
100
AcDbEntity
  8
G-r_conc
100
AcDbPolyline
 90
4
 70
1
 10
32630.445
 20
-757.361
 10
32410.445
 20
-757.361
 10
32410.445
 20
-407.361
 10
32630.445
 20
-407.361
  0
HATCH
  5
503
330
17
100
AcDbEntity
  8
G-r_conc
 62
7
420
16118767
100
AcDbHatch
 10
0.0
 20
0.0
 30
0.0
210
0.0
220
0.0
230
1.0
  2
SOLID
 70
1
 71
0
 91
1
 92
3
 72
0
 73
1
 93
4
 10
33030.445
 20
-757.361
 10
33250.445
 20
-757.361
 10
33250.445
 20
-407.361
 10
33030.445
 20
-407.361
 97
0
 75
0
 76
1
 98
0
  0
LWPOLYLINE
  5
504
330
17
100
AcDbEntity
  8
G-r_conc
100
AcDbPolyline
 90
4
 70
1
 10
33030.445
 20
-757.361
 10
33250.445
 20
-757.361
 10
33250.445
 20
-407.361
 10
33030.445
 20
-407.361
  0
LINE
  5
505
330
17
100
AcDbEntity
  8
G-edge
100
AcDbLine
 10
32410.445
 20
-407.361
 30
0.0
 11
32410.445
 21
-757.361
 31
0.0
  0
LINE
  5
506
330
17
100
AcDbEntity
  8
G-edge
100
AcDbLine
 10
33250.445
 20
-407.361
 30
0.0
 11
33250.445
 21
-757.361
 31
0.0
  0
HATCH
  5
507
330
17
100
AcDbEntity
  8
G-r_col
 62
7
420
15326919
100
AcDbHatch
 10
0.0
 20
0.0
 30
0.0
210
0.0
220
0.0
230
1.0
  2
SOLID
 70
1
 71
0
 91
1
 92
3
 72
0
 73
1
 93
4
 10
32680.445
 20
-887.361
 10
32680.445
 20
-350.361
 10
32696.445
 20
-350.361
 10
32696.445
 20
-887.361
 97
0
 75
0
 76
1
 98
0
  0
LWPOLYLINE
  5
508
330
17
100
AcDbEntity
  8
G-r_col
100
AcDbPolyline
 90
4
 70
1
 10
32680.445
 20
-887.361
 10
32680.445
 20
-350.361
 10
32696.445
 20
-350.361
 10
32696.445
 20
-887.361
  0
HATCH
  5
509
330
17
100
AcDbEntity
  8
G-r_col
 62
7
420
15326919
100
AcDbHatch
 10
0.0
 20
0.0
 30
0.0
210
0.0
220
0.0
230
1.0
  2
SOLID
 70
1
 71
0
 91
1
 92
3
 72
0
 73
1
 93
4
 10
32822.445
 20
-887.361
 10
32822.445
 20
-350.361
 10
32838.445
 20
-350.361
 10
32838.445
 20
-887.361
 97
0
 75
0
 76
1
 98
0
  0
LWPOLYLINE
  5
50A
330
17
100
AcDbEntity
  8
G-r_col
100
AcDbPolyline
 90
4
 70
1
 10
32822.445
 20
-887.361
 10
32822.445
 20
-350.361
 10
32838.445
 20
-350.361
 10
32838.445
 20
-887.361
  0
HATCH
  5
50B
330
17
100
AcDbEntity
  8
G-r_col
 62
7
420
15326919
100
AcDbHatch
 10
0.0
 20
0.0
 30
0.0
210
0.0
220
0.0
230
1.0
  2
SOLID
 70
1
 71
0
 91
1
 92
3
 72
0
 73
1
 93
4
 10
32964.445
 20
-887.361
 10
32964.445
 20
-350.361
 10
32980.445
 20
-350.361
 10
32980.445
 20
-887.361
 97
0
 75
0
 76
1
 98
0
  0
LWPOLYLINE
  5
50C
330
17
100
AcDbEntity
  8
G-r_col
100
AcDbPolyline
 90
4
 70
1
 10
32964.445
 20
-887.361
 10
32964.445
 20
-350.361
 10
32980.445
 20
-350.361
 10
32980.445
 20
-887.361
  0
HATCH
  5
50D
330
17
100
AcDbEntity
  8
G-r_rodS
 62
7
420
6405804
100
AcDbHatch
 10
0.0
 20
0.0
 30
0.0
210
0.0
220
0.0
230
1.0
  2
SOLID
 70
1
 71
0
 91
1
 92
3
 72
0
 73
1
 93
4
 10
32736.445
 20
-242.361
 10
32736.445
 20
-707.361
 10
32724.445
 20
-707.361
 10
32724.445
 20
-242.361
 97
0
 75
0
 76
1
 98
0
  0
LWPOLYLINE
  5
50E
330
17
100
AcDbEntity
  8
G-r_rodS
100
AcDbPolyline
 90
4
 70
1
 10
32736.445
 20
-242.361
 10
32736.445
 20
-707.361
 10
32724.445
 20
-707.361
 10
32724.445
 20
-242.361
  0
HATCH
  5
50F
330
17
100
AcDbEntity
  8
G-r_rodS
 62
7
420
6405804
100
AcDbHatch
 10
0.0
 20
0.0
 30
0.0
210
0.0
220
0.0
230
1.0
  2
SOLID
 70
1
 71
0
 91
1
 92
3
 72
0
 73
1
 93
4
 10
32936.445
 20
-242.361
 10
32936.445
 20
-707.361
 10
32924.445
 20
-707.361
 10
32924.445
 20
-242.361
 97
0
 75
0
 76
1
 98
0
  0
LWPOLYLINE
  5
510
330
17
100
AcDbEntity
  8
G-r_rodS
100
AcDbPolyline
 90
4
 70
1
 10
32936.445
 20
-242.361
 10
32936.445
 20
-707.361
 10
32924.445
 20
-707.361
 10
32924.445
 20
-242.361
  0
HATCH
  5
511
330
17
100
AcDbEntity
  8
G-r_tieS
 62
7
420
9460135
100
AcDbHatch
 10
0.0
 20
0.0
 30
0.0
210
0.0
220
0.0
230
1.0
  2
SOLID
 70
1
 71
0
 91
1
 92
3
 72
0
 73
1
 93
4
 10
32675.445
 20
-512.361
 10
32985.445
 20
-512.361
 10
32985.445
 20
-522.361
 10
32675.445
 20
-522.361
 97
0
 75
0
 76
1
 98
0
  0
LWPOLYLINE
  5
512
330
17
100
AcDbEntity
  8
G-r_tieS
100
AcDbPolyline
 90
4
 70
1
 10
32675.445
 20
-512.361
 10
32985.445
 20
-512.361
 10
32985.445
 20
-522.361
 10
32675.445
 20
-522.361
  0
HATCH
  5
513
330
17
100
AcDbEntity
  8
G-r_tieS
 62
7
420
9460135
100
AcDbHatch
 10
0.0
 20
0.0
 30
0.0
210
0.0
220
0.0
230
1.0
  2
SOLID
 70
1
 71
0
 91
1
 92
3
 72
0
 73
1
 93
4
 10
32675.445
 20
-557.361
 10
32985.445
 20
-557.361
 10
32985.445
 20
-567.361
 10
32675.445
 20
-567.361
 97
0
 75
0
 76
1
 98
0
  0
LWPOLYLINE
  5
514
330
17
100
AcDbEntity
  8
G-r_tieS
100
AcDbPolyline
 90
4
 70
1
 10
32675.445
 20
-557.361
 10
32985.445
 20
-557.361
 10
32985.445
 20
-567.361
 10
32675.445
 20
-567.361
  0
HATCH
  5
515
330
17
100
AcDbEntity
  8
G-r_tieS
 62
7
420
9460135
100
AcDbHatch
 10
0.0
 20
0.0
 30
0.0
210
0.0
220
0.0
230
1.0
  2
SOLID
 70
1
 71
0
 91
1
 92
3
 72
0
 73
1
 93
4
 10
32675.445
 20
-632.361
 10
32985.445
 20
-632.361
 10
32985.445
 20
-642.361
 10
32675.445
 20
-642.361
 97
0
 75
0
 76
1
 98
0
  0
LWPOLYLINE
  5
516
330
17
100
AcDbEntity
  8
G-r_tieS
100
AcDbPolyline
 90
4
 70
1
 10
32675.445
 20
-632.361
 10
32985.445
 20
-632.361
 10
32985.445
 20
-642.361
 10
32675.445
 20
-642.361
  0
HATCH
  5
517
330
17
100
AcDbEntity
  8
G-r_tieS
 62
7
420
9460135
100
AcDbHatch
 10
0.0
 20
0.0
 30
0.0
210
0.0
220
0.0
230
1.0
  2
SOLID
 70
1
 71
0
 91
1
 92
3
 72
0
 73
1
 93
4
 10
32675.445
 20
-707.361
 10
32985.445
 20
-707.361
 10
32985.445
 20
-717.361
 10
32675.445
 20
-717.361
 97
0
 75
0
 76
1
 98
0
  0
LWPOLYLINE
  5
518
330
17
100
AcDbEntity
  8
G-r_tieS
100
AcDbPolyline
 90
4
 70
1
 10
32675.445
 20
-707.361
 10
32985.445
 20
-707.361
 10
32985.445
 20
-717.361
 10
32675.445
 20
-717.361
  0
HATCH
  5
519
330
17
100
AcDbEntity
  8
G-r_new
 62
7
420
3444827
100
AcDbHatch
 10
0.0
 20
0.0
 30
0.0
210
0.0
220
0.0
230
1.0
  2
SOLID
 70
1
 71
0
 91
1
 92
3
 72
0
 73
1
 93
4
 10
32673.445
 20
-372.361
 10
32987.445
 20
-372.361
 10
32987.445
 20
-386.361
 10
32673.445
 20
-386.361
 97
0
 75
0
 76
1
 98
0
  0
LWPOLYLINE
  5
51A
330
17
100
AcDbEntity
  8
G-r_new
100
AcDbPolyline
 90
4
 70
1
 10
32673.445
 20
-372.361
 10
32987.445
 20
-372.361
 10
32987.445
 20
-386.361
 10
32673.445
 20
-386.361
  0
HATCH
  5
51B
330
17
100
AcDbEntity
  8
G-r_new
 62
7
420
3444827
100
AcDbHatch
 10
0.0
 20
0.0
 30
0.0
210
0.0
220
0.0
230
1.0
  2
SOLID
 70
1
 71
0
 91
1
 92
3
 72
0
 73
1
 93
4
 10
32673.445
 20
-358.361
 10
32987.445
 20
-358.361
 10
32987.445
 20
-372.361
 10
32673.445
 20
-372.361
 97
0
 75
0
 76
1
 98
0
  0
LWPOLYLINE
  5
51C
330
17
100
AcDbEntity
  8
G-r_new
100
AcDbPolyline
 90
4
 70
1
 10
32673.445
 20
-358.361
 10
32987.445
 20
-358.361
 10
32987.445
 20
-372.361
 10
32673.445
 20
-372.361
  0
HATCH
  5
51D
330
17
100
AcDbEntity
  8
G-r_bm3
 62
7
420
6384235
100
AcDbHatch
 10
0.0
 20
0.0
 30
0.0
210
0.0
220
0.0
230
1.0
  2
SOLID
 70
1
 71
0
 91
1
 92
3
 72
0
 73
1
 93
4
 10
32410.445
 20
-469.361
 10
33250.445
 20
-469.361
 10
33250.445
 20
-481.361
 10
32410.445
 20
-481.361
 97
0
 75
0
 76
1
 98
0
  0
LWPOLYLINE
  5
51E
330
17
100
AcDbEntity
  8
G-r_bm3
100
AcDbPolyline
 90
4
 70
1
 10
32410.445
 20
-469.361
 10
33250.445
 20
-469.361
 10
33250.445
 20
-481.361
 10
32410.445
 20
-481.361
  0
HATCH
  5
51F
330
17
100
AcDbEntity
  8
G-r_bm3
 62
7
420
6384235
100
AcDbHatch
 10
0.0
 20
0.0
 30
0.0
210
0.0
220
0.0
230
1.0
  2
SOLID
 70
1
 71
0
 91
1
 92
3
 72
0
 73
1
 93
4
 10
32410.445
 20
-683.361
 10
33250.445
 20
-683.361
 10
33250.445
 20
-695.361
 10
32410.445
 20
-695.361
 97
0
 75
0
 76
1
 98
0
  0
LWPOLYLINE
  5
520
330
17
100
AcDbEntity
  8
G-r_bm3
100
AcDbPolyline
 90
4
 70
1
 10
32410.445
 20
-683.361
 10
33250.445
 20
-683.361
 10
33250.445
 20
-695.361
 10
32410.445
 20
-695.361
  0
HATCH
  5
521
330
17
100
AcDbEntity
  8
G-r_bm1
 62
7
420
1725046
100
AcDbHatch
 10
0.0
 20
0.0
 30
0.0
210
0.0
220
0.0
230
1.0
  2
SOLID
 70
1
 71
0
 91
1
 92
3
 72
0
 73
1
 93
4
 10
32742.445
 20
-463.361
 10
32742.445
 20
-613.361
 10
32730.445
 20
-613.361
 10
32730.445
 20
-463.361
 97
0
 75
0
 76
1
 98
0
  0
LWPOLYLINE
  5
522
330
17
100
AcDbEntity
  8
G-r_bm1
100
AcDbPolyline
 90
4
 70
1
 10
32742.445
 20
-463.361
 10
32742.445
 20
-613.361
 10
32730.445
 20
-613.361
 10
32730.445
 20
-463.361
  0
HATCH
  5
523
330
17
100
AcDbEntity
  8
G-r_bm1
 62
7
420
1725046
100
AcDbHatch
 10
0.0
 20
0.0
 30
0.0
210
0.0
220
0.0
230
1.0
  2
SOLID
 70
1
 71
0
 91
1
 92
3
 72
0
 73
1
 93
13
 10
32742.445
 20
-463.361
 10
32742.240554957734
 20
-461.80808572938486
 10
32741.641152422708
 20
-460.361
 10
32740.68764068712
 20
-459.1183593128807
 10
32739.445
 20
-458.16484757729336
 10
32737.997914270614
 20
-457.5654450422656
 10
32736.445
 20
-457.361
 10
32734.892085729385
 20
-457.5654450422656
 10
32733.445
 20
-458.16484757729336
 10
32732.20235931288
 20
-459.1183593128807
 10
32731.24884757729
 20
-460.361
 10
32730.649445042265
 20
-461.80808572938486
 10
32730.445
 20
-463.361
 97
0
 75
0
 76
1
 98
0
  0
LWPOLYLINE
  5
524
330
17
100
AcDbEntity
  8
G-r_bm1
100
AcDbPolyline
 90
13
 70
1
 10
32742.445
 20
-463.361
 10
32742.240554957734
 20
-461.80808572938486
 10
32741.641152422708
 20
-460.361
 10
32740.68764068712
 20
-459.1183593128807
 10
32739.445
 20
-458.16484757729336
 10
32737.997914270614
 20
-457.5654450422656
 10
32736.445
 20
-457.361
 10
32734.892085729385
 20
-457.5654450422656
 10
32733.445
 20
-458.16484757729336
 10
32732.20235931288
 20
-459.1183593128807
 10
32731.24884757729
 20
-460.361
 10
32730.649445042265
 20
-461.80808572938486
 10
32730.445
 20
-463.361
  0
HATCH
  5
525
330
17
100
AcDbEntity
  8
G-r_bm1
 62
7
420
1725046
100
AcDbHatch
 10
0.0
 20
0.0
 30
0.0
210
0.0
220
0.0
230
1.0
  2
SOLID
 70
1
 71
0
 91
1
 92
3
 72
0
 73
1
 93
4
 10
32730.445
 20
-701.361
 10
32730.445
 20
-551.361
 10
32742.445
 20
-551.361
 10
32742.445
 20
-701.361
 97
0
 75
0
 76
1
 98
0
  0
LWPOLYLINE
  5
526
330
17
100
AcDbEntity
  8
G-r_bm1
100
AcDbPolyline
 90
4
 70
1
 10
32730.445
 20
-701.361
 10
32730.445
 20
-551.361
 10
32742.445
 20
-551.361
 10
32742.445
 20
-701.361
  0
HATCH
  5
527
330
17
100
AcDbEntity
  8
G-r_bm1
 62
7
420
1725046
100
AcDbHatch
 10
0.0
 20
0.0
 30
0.0
210
0.0
220
0.0
230
1.0
  2
SOLID
 70
1
 71
0
 91
1
 92
3
 72
0
 73
1
 93
13
 10
32730.445
 20
-701.361
 10
32730.649445042265
 20
-702.9139142706151
 10
32731.24884757729
 20
-704.361
 10
32732.20235931288
 20
-705.6036406871192
 10
32733.445
 20
-706.5571524227066
 10
32734.892085729385
 20
-707.1565549577344
 10
32736.445
 20
-707.361
 10
32737.997914270614
 20
-707.1565549577344
 10
32739.445
 20
-706.5571524227066
 10
32740.68764068712
 20
-705.6036406871192
 10
32741.641152422708
 20
-704.361
 10
32742.240554957734
 20
-702.9139142706151
 10
32742.445
 20
-701.361
 97
0
 75
0
 76
1
 98
0
  0
LWPOLYLINE
  5
528
330
17
100
AcDbEntity
  8
G-r_bm1
100
AcDbPolyline
 90
13
 70
1
 10
32730.445
 20
-701.361
 10
32730.649445042265
 20
-702.9139142706151
 10
32731.24884757729
 20
-704.361
 10
32732.20235931288
 20
-705.6036406871192
 10
32733.445
 20
-706.5571524227066
 10
32734.892085729385
 20
-707.1565549577344
 10
32736.445
 20
-707.361
 10
32737.997914270614
 20
-707.1565549577344
 10
32739.445
 20
-706.5571524227066
 10
32740.68764068712
 20
-705.6036406871192
 10
32741.641152422708
 20
-704.361
 10
32742.240554957734
 20
-702.9139142706151
 10
32742.445
 20
-701.361
  0
HATCH
  5
529
330
17
100
AcDbEntity
  8
G-r_bm1
 62
7
420
1725046
100
AcDbHatch
 10
0.0
 20
0.0
 30
0.0
210
0.0
220
0.0
230
1.0
  2
SOLID
 70
1
 71
0
 91
1
 92
3
 72
0
 73
1
 93
4
 10
32836.445
 20
-463.361
 10
32836.445
 20
-613.361
 10
32824.445
 20
-613.361
 10
32824.445
 20
-463.361
 97
0
 75
0
 76
1
 98
0
  0
LWPOLYLINE
  5
52A
330
17
100
AcDbEntity
  8
G-r_bm1
100
AcDbPolyline
 90
4
 70
1
 10
32836.445
 20
-463.361
 10
32836.445
 20
-613.361
 10
32824.445
 20
-613.361
 10
32824.445
 20
-463.361
  0
HATCH
  5
52B
330
17
100
AcDbEntity
  8
G-r_bm1
 62
7
420
1725046
100
AcDbHatch
 10
0.0
 20
0.0
 30
0.0
210
0.0
220
0.0
230
1.0
  2
SOLID
 70
1
 71
0
 91
1
 92
3
 72
0
 73
1
 93
13
 10
32836.445
 20
-463.361
 10
32836.24055495773
 20
-461.80808572938486
 10
32835.64115242271
 20
-460.361
 10
32834.687640687116
 20
-459.1183593128807
 10
32833.445
 20
-458.16484757729336
 10
32831.997914270614
 20
-457.5654450422656
 10
32830.445
 20
-457.361
 10
32828.892085729385
 20
-457.5654450422656
 10
32827.445
 20
-458.16484757729336
 10
32826.20235931288
 20
-459.1183593128807
 10
32825.24884757729
 20
-460.361
 10
32824.64944504227
 20
-461.80808572938486
 10
32824.445
 20
-463.361
 97
0
 75
0
 76
1
 98
0
  0
LWPOLYLINE
  5
52C
330
17
100
AcDbEntity
  8
G-r_bm1
100
AcDbPolyline
 90
13
 70
1
 10
32836.445
 20
-463.361
 10
32836.24055495773
 20
-461.80808572938486
 10
32835.64115242271
 20
-460.361
 10
32834.687640687116
 20
-459.1183593128807
 10
32833.445
 20
-458.16484757729336
 10
32831.997914270614
 20
-457.5654450422656
 10
32830.445
 20
-457.361
 10
32828.892085729385
 20
-457.5654450422656
 10
32827.445
 20
-458.16484757729336
 10
32826.20235931288
 20
-459.1183593128807
 10
32825.24884757729
 20
-460.361
 10
32824.64944504227
 20
-461.80808572938486
 10
32824.445
 20
-463.361
  0
HATCH
  5
52D
330
17
100
AcDbEntity
  8
G-r_bm1
 62
7
420
1725046
100
AcDbHatch
 10
0.0
 20
0.0
 30
0.0
210
0.0
220
0.0
230
1.0
  2
SOLID
 70
1
 71
0
 91
1
 92
3
 72
0
 73
1
 93
4
 10
32824.445
 20
-701.361
 10
32824.445
 20
-551.361
 10
32836.445
 20
-551.361
 10
32836.445
 20
-701.361
 97
0
 75
0
 76
1
 98
0
  0
LWPOLYLINE
  5
52E
330
17
100
AcDbEntity
  8
G-r_bm1
100
AcDbPolyline
 90
4
 70
1
 10
32824.445
 20
-701.361
 10
32824.445
 20
-551.361
 10
32836.445
 20
-551.361
 10
32836.445
 20
-701.361
  0
HATCH
  5
52F
330
17
100
AcDbEntity
  8
G-r_bm1
 62
7
420
1725046
100
AcDbHatch
 10
0.0
 20
0.0
 30
0.0
210
0.0
220
0.0
230
1.0
  2
SOLID
 70
1
 71
0
 91
1
 92
3
 72
0
 73
1
 93
13
 10
32824.445
 20
-701.361
 10
32824.64944504227
 20
-702.9139142706151
 10
32825.24884757729
 20
-704.361
 10
32826.20235931288
 20
-705.6036406871192
 10
32827.445
 20
-706.5571524227066
 10
32828.892085729385
 20
-707.1565549577344
 10
32830.445
 20
-707.361
 10
32831.997914270614
 20
-707.1565549577344
 10
32833.445
 20
-706.5571524227066
 10
32834.687640687116
 20
-705.6036406871192
 10
32835.64115242271
 20
-704.361
 10
32836.24055495773
 20
-702.9139142706151
 10
32836.445
 20
-701.361
 97
0
 75
0
 76
1
 98
0
  0
LWPOLYLINE
  5
530
330
17
100
AcDbEntity
  8
G-r_bm1
100
AcDbPolyline
 90
13
 70
1
 10
32824.445
 20
-701.361
 10
32824.64944504227
 20
-702.9139142706151
 10
32825.24884757729
 20
-704.361
 10
32826.20235931288
 20
-705.6036406871192
 10
32827.445
 20
-706.5571524227066
 10
32828.892085729385
 20
-707.1565549577344
 10
32830.445
 20
-707.361
 10
32831.997914270614
 20
-707.1565549577344
 10
32833.445
 20
-706.5571524227066
 10
32834.687640687116
 20
-705.6036406871192
 10
32835.64115242271
 20
-704.361
 10
32836.24055495773
 20
-702.9139142706151
 10
32836.445
 20
-701.361
  0
HATCH
  5
531
330
17
100
AcDbEntity
  8
G-r_bm1
 62
7
420
1725046
100
AcDbHatch
 10
0.0
 20
0.0
 30
0.0
210
0.0
220
0.0
230
1.0
  2
SOLID
 70
1
 71
0
 91
1
 92
3
 72
0
 73
1
 93
4
 10
32930.445
 20
-463.361
 10
32930.445
 20
-613.361
 10
32918.445
 20
-613.361
 10
32918.445
 20
-463.361
 97
0
 75
0
 76
1
 98
0
  0
LWPOLYLINE
  5
532
330
17
100
AcDbEntity
  8
G-r_bm1
100
AcDbPolyline
 90
4
 70
1
 10
32930.445
 20
-463.361
 10
32930.445
 20
-613.361
 10
32918.445
 20
-613.361
 10
32918.445
 20
-463.361
  0
HATCH
  5
533
330
17
100
AcDbEntity
  8
G-r_bm1
 62
7
420
1725046
100
AcDbHatch
 10
0.0
 20
0.0
 30
0.0
210
0.0
220
0.0
230
1.0
  2
SOLID
 70
1
 71
0
 91
1
 92
3
 72
0
 73
1
 93
13
 10
32930.445
 20
-463.361
 10
32930.24055495773
 20
-461.80808572938486
 10
32929.64115242271
 20
-460.361
 10
32928.687640687116
 20
-459.1183593128807
 10
32927.445
 20
-458.16484757729336
 10
32925.997914270614
 20
-457.5654450422656
 10
32924.445
 20
-457.361
 10
32922.892085729385
 20
-457.5654450422656
 10
32921.445
 20
-458.16484757729336
 10
32920.20235931288
 20
-459.1183593128807
 10
32919.24884757729
 20
-460.361
 10
32918.64944504227
 20
-461.80808572938486
 10
32918.445
 20
-463.361
 97
0
 75
0
 76
1
 98
0
  0
LWPOLYLINE
  5
534
330
17
100
AcDbEntity
  8
G-r_bm1
100
AcDbPolyline
 90
13
 70
1
 10
32930.445
 20
-463.361
 10
32930.24055495773
 20
-461.80808572938486
 10
32929.64115242271
 20
-460.361
 10
32928.687640687116
 20
-459.1183593128807
 10
32927.445
 20
-458.16484757729336
 10
32925.997914270614
 20
-457.5654450422656
 10
32924.445
 20
-457.361
 10
32922.892085729385
 20
-457.5654450422656
 10
32921.445
 20
-458.16484757729336
 10
32920.20235931288
 20
-459.1183593128807
 10
32919.24884757729
 20
-460.361
 10
32918.64944504227
 20
-461.80808572938486
 10
32918.445
 20
-463.361
  0
HATCH
  5
535
330
17
100
AcDbEntity
  8
G-r_bm1
 62
7
420
1725046
100
AcDbHatch
 10
0.0
 20
0.0
 30
0.0
210
0.0
220
0.0
230
1.0
  2
SOLID
 70
1
 71
0
 91
1
 92
3
 72
0
 73
1
 93
4
 10
32918.445
 20
-701.361
 10
32918.445
 20
-551.361
 10
32930.445
 20
-551.361
 10
32930.445
 20
-701.361
 97
0
 75
0
 76
1
 98
0
  0
LWPOLYLINE
  5
536
330
17
100
AcDbEntity
  8
G-r_bm1
100
AcDbPolyline
 90
4
 70
1
 10
32918.445
 20
-701.361
 10
32918.445
 20
-551.361
 10
32930.445
 20
-551.361
 10
32930.445
 20
-701.361
  0
HATCH
  5
537
330
17
100
AcDbEntity
  8
G-r_bm1
 62
7
420
1725046
100
AcDbHatch
 10
0.0
 20
0.0
 30
0.0
210
0.0
220
0.0
230
1.0
  2
SOLID
 70
1
 71
0
 91
1
 92
3
 72
0
 73
1
 93
13
 10
32918.445
 20
-701.361
 10
32918.64944504227
 20
-702.9139142706151
 10
32919.24884757729
 20
-704.361
 10
32920.20235931288
 20
-705.6036406871192
 10
32921.445
 20
-706.5571524227066
 10
32922.892085729385
 20
-707.1565549577344
 10
32924.445
 20
-707.361
 10
32925.997914270614
 20
-707.1565549577344
 10
32927.445
 20
-706.5571524227066
 10
32928.687640687116
 20
-705.6036406871192
 10
32929.64115242271
 20
-704.361
 10
32930.24055495773
 20
-702.9139142706151
 10
32930.445
 20
-701.361
 97
0
 75
0
 76
1
 98
0
  0
LWPOLYLINE
  5
538
330
17
100
AcDbEntity
  8
G-r_bm1
100
AcDbPolyline
 90
13
 70
1
 10
32918.445
 20
-701.361
 10
32918.64944504227
 20
-702.9139142706151
 10
32919.24884757729
 20
-704.361
 10
32920.20235931288
 20
-705.6036406871192
 10
32921.445
 20
-706.5571524227066
 10
32922.892085729385
 20
-707.1565549577344
 10
32924.445
 20
-707.361
 10
32925.997914270614
 20
-707.1565549577344
 10
32927.445
 20
-706.5571524227066
 10
32928.687640687116
 20
-705.6036406871192
 10
32929.64115242271
 20
-704.361
 10
32930.24055495773
 20
-702.9139142706151
 10
32930.445
 20
-701.361
  0
HATCH
  5
539
330
17
100
AcDbEntity
  8
G-r_bm1
 62
7
420
1725046
100
AcDbHatch
 10
0.0
 20
0.0
 30
0.0
210
0.0
220
0.0
230
1.0
  2
SOLID
 70
1
 71
0
 91
1
 92
3
 72
0
 73
1
 93
4
 10
32742.445
 20
-487.361
 10
32742.445
 20
-637.361
 10
32730.445
 20
-637.361
 10
32730.445
 20
-487.361
 97
0
 75
0
 76
1
 98
0
  0
LWPOLYLINE
  5
53A
330
17
100
AcDbEntity
  8
G-r_bm1
100
AcDbPolyline
 90
4
 70
1
 10
32742.445
 20
-487.361
 10
32742.445
 20
-637.361
 10
32730.445
 20
-637.361
 10
32730.445
 20
-487.361
  0
HATCH
  5
53B
330
17
100
AcDbEntity
  8
G-r_bm1
 62
7
420
1725046
100
AcDbHatch
 10
0.0
 20
0.0
 30
0.0
210
0.0
220
0.0
230
1.0
  2
SOLID
 70
1
 71
0
 91
1
 92
3
 72
0
 73
1
 93
13
 10
32742.445
 20
-487.361
 10
32742.240554957734
 20
-485.80808572938486
 10
32741.641152422708
 20
-484.361
 10
32740.68764068712
 20
-483.11835931288067
 10
32739.445
 20
-482.16484757729336
 10
32737.997914270614
 20
-481.5654450422656
 10
32736.445
 20
-481.361
 10
32734.892085729385
 20
-481.5654450422656
 10
32733.445
 20
-482.16484757729336
 10
32732.20235931288
 20
-483.11835931288067
 10
32731.24884757729
 20
-484.361
 10
32730.649445042265
 20
-485.80808572938486
 10
32730.445
 20
-487.361
 97
0
 75
0
 76
1
 98
0
  0
LWPOLYLINE
  5
53C
330
17
100
AcDbEntity
  8
G-r_bm1
100
AcDbPolyline
 90
13
 70
1
 10
32742.445
 20
-487.361
 10
32742.240554957734
 20
-485.80808572938486
 10
32741.641152422708
 20
-484.361
 10
32740.68764068712
 20
-483.11835931288067
 10
32739.445
 20
-482.16484757729336
 10
32737.997914270614
 20
-481.5654450422656
 10
32736.445
 20
-481.361
 10
32734.892085729385
 20
-481.5654450422656
 10
32733.445
 20
-482.16484757729336
 10
32732.20235931288
 20
-483.11835931288067
 10
32731.24884757729
 20
-484.361
 10
32730.649445042265
 20
-485.80808572938486
 10
32730.445
 20
-487.361
  0
HATCH
  5
53D
330
17
100
AcDbEntity
  8
G-r_bm1
 62
7
420
1725046
100
AcDbHatch
 10
0.0
 20
0.0
 30
0.0
210
0.0
220
0.0
230
1.0
  2
SOLID
 70
1
 71
0
 91
1
 92
3
 72
0
 73
1
 93
4
 10
32730.445
 20
-677.361
 10
32730.445
 20
-527.361
 10
32742.445
 20
-527.361
 10
32742.445
 20
-677.361
 97
0
 75
0
 76
1
 98
0
  0
LWPOLYLINE
  5
53E
330
17
100
AcDbEntity
  8
G-r_bm1
100
AcDbPolyline
 90
4
 70
1
 10
32730.445
 20
-677.361
 10
32730.445
 20
-527.361
 10
32742.445
 20
-527.361
 10
32742.445
 20
-677.361
  0
HATCH
  5
53F
330
17
100
AcDbEntity
  8
G-r_bm1
 62
7
420
1725046
100
AcDbHatch
 10
0.0
 20
0.0
 30
0.0
210
0.0
220
0.0
230
1.0
  2
SOLID
 70
1
 71
0
 91
1
 92
3
 72
0
 73
1
 93
13
 10
32730.445
 20
-677.361
 10
32730.649445042265
 20
-678.9139142706151
 10
32731.24884757729
 20
-680.361
 10
32732.20235931288
 20
-681.6036406871192
 10
32733.445
 20
-682.5571524227066
 10
32734.892085729385
 20
-683.1565549577344
 10
32736.445
 20
-683.361
 10
32737.997914270614
 20
-683.1565549577344
 10
32739.445
 20
-682.5571524227066
 10
32740.68764068712
 20
-681.6036406871192
 10
32741.641152422708
 20
-680.361
 10
32742.240554957734
 20
-678.9139142706151
 10
32742.445
 20
-677.361
 97
0
 75
0
 76
1
 98
0
  0
LWPOLYLINE
  5
540
330
17
100
AcDbEntity
  8
G-r_bm1
100
AcDbPolyline
 90
13
 70
1
 10
32730.445
 20
-677.361
 10
32730.649445042265
 20
-678.9139142706151
 10
32731.24884757729
 20
-680.361
 10
32732.20235931288
 20
-681.6036406871192
 10
32733.445
 20
-682.5571524227066
 10
32734.892085729385
 20
-683.1565549577344
 10
32736.445
 20
-683.361
 10
32737.997914270614
 20
-683.1565549577344
 10
32739.445
 20
-682.5571524227066
 10
32740.68764068712
 20
-681.6036406871192
 10
32741.641152422708
 20
-680.361
 10
32742.240554957734
 20
-678.9139142706151
 10
32742.445
 20
-677.361
  0
HATCH
  5
541
330
17
100
AcDbEntity
  8
G-r_bm1
 62
7
420
1725046
100
AcDbHatch
 10
0.0
 20
0.0
 30
0.0
210
0.0
220
0.0
230
1.0
  2
SOLID
 70
1
 71
0
 91
1
 92
3
 72
0
 73
1
 93
4
 10
32930.445
 20
-487.361
 10
32930.445
 20
-637.361
 10
32918.445
 20
-637.361
 10
32918.445
 20
-487.361
 97
0
 75
0
 76
1
 98
0
  0
LWPOLYLINE
  5
542
330
17
100
AcDbEntity
  8
G-r_bm1
100
AcDbPolyline
 90
4
 70
1
 10
32930.445
 20
-487.361
 10
32930.445
 20
-637.361
 10
32918.445
 20
-637.361
 10
32918.445
 20
-487.361
  0
HATCH
  5
543
330
17
100
AcDbEntity
  8
G-r_bm1
 62
7
420
1725046
100
AcDbHatch
 10
0.0
 20
0.0
 30
0.0
210
0.0
220
0.0
230
1.0
  2
SOLID
 70
1
 71
0
 91
1
 92
3
 72
0
 73
1
 93
13
 10
32930.445
 20
-487.361
 10
32930.24055495773
 20
-485.80808572938486
 10
32929.64115242271
 20
-484.361
 10
32928.687640687116
 20
-483.11835931288067
 10
32927.445
 20
-482.16484757729336
 10
32925.997914270614
 20
-481.5654450422656
 10
32924.445
 20
-481.361
 10
32922.892085729385
 20
-481.5654450422656
 10
32921.445
 20
-482.16484757729336
 10
32920.20235931288
 20
-483.11835931288067
 10
32919.24884757729
 20
-484.361
 10
32918.64944504227
 20
-485.80808572938486
 10
32918.445
 20
-487.361
 97
0
 75
0
 76
1
 98
0
  0
LWPOLYLINE
  5
544
330
17
100
AcDbEntity
  8
G-r_bm1
100
AcDbPolyline
 90
13
 70
1
 10
32930.445
 20
-487.361
 10
32930.24055495773
 20
-485.80808572938486
 10
32929.64115242271
 20
-484.361
 10
32928.687640687116
 20
-483.11835931288067
 10
32927.445
 20
-482.16484757729336
 10
32925.997914270614
 20
-481.5654450422656
 10
32924.445
 20
-481.361
 10
32922.892085729385
 20
-481.5654450422656
 10
32921.445
 20
-482.16484757729336
 10
32920.20235931288
 20
-483.11835931288067
 10
32919.24884757729
 20
-484.361
 10
32918.64944504227
 20
-485.80808572938486
 10
32918.445
 20
-487.361
  0
HATCH
  5
545
330
17
100
AcDbEntity
  8
G-r_bm1
 62
7
420
1725046
100
AcDbHatch
 10
0.0
 20
0.0
 30
0.0
210
0.0
220
0.0
230
1.0
  2
SOLID
 70
1
 71
0
 91
1
 92
3
 72
0
 73
1
 93
4
 10
32918.445
 20
-677.361
 10
32918.445
 20
-527.361
 10
32930.445
 20
-527.361
 10
32930.445
 20
-677.361
 97
0
 75
0
 76
1
 98
0
  0
LWPOLYLINE
  5
546
330
17
100
AcDbEntity
  8
G-r_bm1
100
AcDbPolyline
 90
4
 70
1
 10
32918.445
 20
-677.361
 10
32918.445
 20
-527.361
 10
32930.445
 20
-527.361
 10
32930.445
 20
-677.361
  0
HATCH
  5
547
330
17
100
AcDbEntity
  8
G-r_bm1
 62
7
420
1725046
100
AcDbHatch
 10
0.0
 20
0.0
 30
0.0
210
0.0
220
0.0
230
1.0
  2
SOLID
 70
1
 71
0
 91
1
 92
3
 72
0
 73
1
 93
13
 10
32918.445
 20
-677.361
 10
32918.64944504227
 20
-678.9139142706151
 10
32919.24884757729
 20
-680.361
 10
32920.20235931288
 20
-681.6036406871192
 10
32921.445
 20
-682.5571524227066
 10
32922.892085729385
 20
-683.1565549577344
 10
32924.445
 20
-683.361
 10
32925.997914270614
 20
-683.1565549577344
 10
32927.445
 20
-682.5571524227066
 10
32928.687640687116
 20
-681.6036406871192
 10
32929.64115242271
 20
-680.361
 10
32930.24055495773
 20
-678.9139142706151
 10
32930.445
 20
-677.361
 97
0
 75
0
 76
1
 98
0
  0
LWPOLYLINE
  5
548
330
17
100
AcDbEntity
  8
G-r_bm1
100
AcDbPolyline
 90
13
 70
1
 10
32918.445
 20
-677.361
 10
32918.64944504227
 20
-678.9139142706151
 10
32919.24884757729
 20
-680.361
 10
32920.20235931288
 20
-681.6036406871192
 10
32921.445
 20
-682.5571524227066
 10
32922.892085729385
 20
-683.1565549577344
 10
32924.445
 20
-683.361
 10
32925.997914270614
 20
-683.1565549577344
 10
32927.445
 20
-682.5571524227066
 10
32928.687640687116
 20
-681.6036406871192
 10
32929.64115242271
 20
-680.361
 10
32930.24055495773
 20
-678.9139142706151
 10
32930.445
 20
-677.361
  0
HATCH
  5
549
330
17
100
AcDbEntity
  8
G-r_bas
 62
7
420
15105570
100
AcDbHatch
 10
0.0
 20
0.0
 30
0.0
210
0.0
220
0.0
230
1.0
  2
SOLID
 70
1
 71
0
 91
1
 92
3
 72
0
 73
1
 93
4
 10
32754.445
 20
-487.361
 10
32754.445
 20
-681.361
 10
32742.445
 20
-681.361
 10
32742.445
 20
-487.361
 97
0
 75
0
 76
1
 98
0
  0
LWPOLYLINE
  5
54A
330
17
100
AcDbEntity
  8
G-r_bas
100
AcDbPolyline
 90
4
 70
1
 10
32754.445
 20
-487.361
 10
32754.445
 20
-681.361
 10
32742.445
 20
-681.361
 10
32742.445
 20
-487.361
  0
HATCH
  5
54B
330
17
100
AcDbEntity
  8
G-r_bas
 62
7
420
15105570
100
AcDbHatch
 10
0.0
 20
0.0
 30
0.0
210
0.0
220
0.0
230
1.0
  2
SOLID
 70
1
 71
0
 91
1
 92
3
 72
0
 73
1
 93
13
 10
32754.445
 20
-487.361
 10
32754.240554957734
 20
-485.80808572938486
 10
32753.641152422708
 20
-484.361
 10
32752.68764068712
 20
-483.11835931288067
 10
32751.445
 20
-482.16484757729336
 10
32749.997914270614
 20
-481.5654450422656
 10
32748.445
 20
-481.361
 10
32746.892085729385
 20
-481.5654450422656
 10
32745.445
 20
-482.16484757729336
 10
32744.20235931288
 20
-483.11835931288067
 10
32743.24884757729
 20
-484.361
 10
32742.649445042265
 20
-485.80808572938486
 10
32742.445
 20
-487.361
 97
0
 75
0
 76
1
 98
0
  0
LWPOLYLINE
  5
54C
330
17
100
AcDbEntity
  8
G-r_bas
100
AcDbPolyline
 90
13
 70
1
 10
32754.445
 20
-487.361
 10
32754.240554957734
 20
-485.80808572938486
 10
32753.641152422708
 20
-484.361
 10
32752.68764068712
 20
-483.11835931288067
 10
32751.445
 20
-482.16484757729336
 10
32749.997914270614
 20
-481.5654450422656
 10
32748.445
 20
-481.361
 10
32746.892085729385
 20
-481.5654450422656
 10
32745.445
 20
-482.16484757729336
 10
32744.20235931288
 20
-483.11835931288067
 10
32743.24884757729
 20
-484.361
 10
32742.649445042265
 20
-485.80808572938486
 10
32742.445
 20
-487.361
  0
HATCH
  5
54D
330
17
100
AcDbEntity
  8
G-r_bas
 62
7
420
15105570
100
AcDbHatch
 10
0.0
 20
0.0
 30
0.0
210
0.0
220
0.0
230
1.0
  2
SOLID
 70
1
 71
0
 91
1
 92
3
 72
0
 73
1
 93
4
 10
32918.445
 20
-487.361
 10
32918.445
 20
-681.361
 10
32906.445
 20
-681.361
 10
32906.445
 20
-487.361
 97
0
 75
0
 76
1
 98
0
  0
LWPOLYLINE
  5
54E
330
17
100
AcDbEntity
  8
G-r_bas
100
AcDbPolyline
 90
4
 70
1
 10
32918.445
 20
-487.361
 10
32918.445
 20
-681.361
 10
32906.445
 20
-681.361
 10
32906.445
 20
-487.361
  0
HATCH
  5
54F
330
17
100
AcDbEntity
  8
G-r_bas
 62
7
420
15105570
100
AcDbHatch
 10
0.0
 20
0.0
 30
0.0
210
0.0
220
0.0
230
1.0
  2
SOLID
 70
1
 71
0
 91
1
 92
3
 72
0
 73
1
 93
13
 10
32918.445
 20
-487.361
 10
32918.24055495773
 20
-485.80808572938486
 10
32917.64115242271
 20
-484.361
 10
32916.687640687116
 20
-483.11835931288067
 10
32915.445
 20
-482.16484757729336
 10
32913.997914270614
 20
-481.5654450422656
 10
32912.445
 20
-481.361
 10
32910.892085729385
 20
-481.5654450422656
 10
32909.445
 20
-482.16484757729336
 10
32908.20235931288
 20
-483.11835931288067
 10
32907.24884757729
 20
-484.361
 10
32906.64944504227
 20
-485.80808572938486
 10
32906.445
 20
-487.361
 97
0
 75
0
 76
1
 98
0
  0
LWPOLYLINE
  5
550
330
17
100
AcDbEntity
  8
G-r_bas
100
AcDbPolyline
 90
13
 70
1
 10
32918.445
 20
-487.361
 10
32918.24055495773
 20
-485.80808572938486
 10
32917.64115242271
 20
-484.361
 10
32916.687640687116
 20
-483.11835931288067
 10
32915.445
 20
-482.16484757729336
 10
32913.997914270614
 20
-481.5654450422656
 10
32912.445
 20
-481.361
 10
32910.892085729385
 20
-481.5654450422656
 10
32909.445
 20
-482.16484757729336
 10
32908.20235931288
 20
-483.11835931288067
 10
32907.24884757729
 20
-484.361
 10
32906.64944504227
 20
-485.80808572938486
 10
32906.445
 20
-487.361
  0
HATCH
  5
551
330
17
100
AcDbEntity
  8
G-r_grout
 62
7
420
15395042
100
AcDbHatch
 10
0.0
 20
0.0
 30
0.0
210
0.0
220
0.0
230
1.0
  2
SOLID
 70
1
 71
0
 91
1
 92
3
 72
0
 73
1
 93
4
 10
32750.445
 20
-677.361
 10
32910.445
 20
-677.361
 10
32910.445
 20
-407.361
 10
32750.445
 20
-407.361
 97
0
 75
0
 76
1
 98
0
  0
LWPOLYLINE
  5
552
330
17
100
AcDbEntity
  8
G-r_grout
100
AcDbPolyline
 90
4
 70
1
 10
32750.445
 20
-677.361
 10
32910.445
 20
-677.361
 10
32910.445
 20
-407.361
 10
32750.445
 20
-407.361
  0
HATCH
  5
553
330
17
100
AcDbEntity
  8
G-r_eplate
 62
7
420
15068145
100
AcDbHatch
 10
0.0
 20
0.0
 30
0.0
210
0.0
220
0.0
230
1.0
  2
SOLID
 70
1
 71
0
 91
1
 92
3
 72
0
 73
1
 93
4
 10
32760.445
 20
-667.361
 10
32900.445
 20
-667.361
 10
32900.445
 20
-407.361
 10
32760.445
 20
-407.361
 97
0
 75
0
 76
1
 98
0
  0
LWPOLYLINE
  5
554
330
17
100
AcDbEntity
  8
G-r_eplate
100
AcDbPolyline
 90
4
 70
1
 10
32760.445
 20
-667.361
 10
32900.445
 20
-667.361
 10
32900.445
 20
-407.361
 10
32760.445
 20
-407.361
  0
HATCH
  5
555
330
17
100
AcDbEntity
  8
G-r_ipe
 62
7
420
15199730
100
AcDbHatch
 10
0.0
 20
0.0
 30
0.0
210
0.0
220
0.0
230
1.0
  2
SOLID
 70
1
 71
0
 91
1
 92
3
 72
0
 73
1
 93
12
 10
32770.445
 20
-407.361
 10
32890.445
 20
-407.361
 10
32890.445
 20
-417.161
 10
32833.545
 20
-417.161
 10
32833.545
 20
-637.5609999999999
 10
32890.445
 20
-637.5609999999999
 10
32890.445
 20
-647.361
 10
32770.445
 20
-647.361
 10
32770.445
 20
-637.5609999999999
 10
32827.345
 20
-637.5609999999999
 10
32827.345
 20
-417.161
 10
32770.445
 20
-417.161
 97
0
 75
0
 76
1
 98
0
  0
LWPOLYLINE
  5
556
330
17
100
AcDbEntity
  8
G-r_ipe
100
AcDbPolyline
 90
12
 70
1
 10
32770.445
 20
-407.361
 10
32890.445
 20
-407.361
 10
32890.445
 20
-417.161
 10
32833.545
 20
-417.161
 10
32833.545
 20
-637.5609999999999
 10
32890.445
 20
-637.5609999999999
 10
32890.445
 20
-647.361
 10
32770.445
 20
-647.361
 10
32770.445
 20
-637.5609999999999
 10
32827.345
 20
-637.5609999999999
 10
32827.345
 20
-417.161
 10
32770.445
 20
-417.161
  0
HATCH
  5
557
330
17
100
AcDbEntity
  8
G-r_ancg
 62
7
420
16047065
100
AcDbHatch
 10
0.0
 20
0.0
 30
0.0
210
0.0
220
0.0
230
1.0
  2
SOLID
 70
1
 71
0
 91
1
 92
1
 93
1
 72
2
 10
32790.445
 20
-449.361
 40
15.0
 50
0.0
 51
360.0
 73
1
 97
0
 75
0
 76
1
 98
0
  0
CIRCLE
  5
558
330
17
100
AcDbEntity
  8
G-r_ancg
100
AcDbCircle
 10
32790.445
 20
-449.361
 30
0.0
 40
15.0
  0
HATCH
  5
559
330
17
100
AcDbEntity
  8
G-r_anc
 62
7
420
12597547
100
AcDbHatch
 10
0.0
 20
0.0
 30
0.0
210
0.0
220
0.0
230
1.0
  2
SOLID
 70
1
 71
0
 91
1
 92
1
 93
1
 72
2
 10
32790.445
 20
-449.361
 40
8.0
 50
0.0
 51
360.0
 73
1
 97
0
 75
0
 76
1
 98
0
  0
CIRCLE
  5
55A
330
17
100
AcDbEntity
  8
G-r_anc
100
AcDbCircle
 10
32790.445
 20
-449.361
 30
0.0
 40
8.0
  0
HATCH
  5
55B
330
17
100
AcDbEntity
  8
G-r_ancg
 62
7
420
16047065
100
AcDbHatch
 10
0.0
 20
0.0
 30
0.0
210
0.0
220
0.0
230
1.0
  2
SOLID
 70
1
 71
0
 91
1
 92
1
 93
1
 72
2
 10
32870.445
 20
-449.361
 40
15.0
 50
0.0
 51
360.0
 73
1
 97
0
 75
0
 76
1
 98
0
  0
CIRCLE
  5
55C
330
17
100
AcDbEntity
  8
G-r_ancg
100
AcDbCircle
 10
32870.445
 20
-449.361
 30
0.0
 40
15.0
  0
HATCH
  5
55D
330
17
100
AcDbEntity
  8
G-r_anc
 62
7
420
12597547
100
AcDbHatch
 10
0.0
 20
0.0
 30
0.0
210
0.0
220
0.0
230
1.0
  2
SOLID
 70
1
 71
0
 91
1
 92
1
 93
1
 72
2
 10
32870.445
 20
-449.361
 40
8.0
 50
0.0
 51
360.0
 73
1
 97
0
 75
0
 76
1
 98
0
  0
CIRCLE
  5
55E
330
17
100
AcDbEntity
  8
G-r_anc
100
AcDbCircle
 10
32870.445
 20
-449.361
 30
0.0
 40
8.0
  0
HATCH
  5
55F
330
17
100
AcDbEntity
  8
G-r_ancg
 62
7
420
16047065
100
AcDbHatch
 10
0.0
 20
0.0
 30
0.0
210
0.0
220
0.0
230
1.0
  2
SOLID
 70
1
 71
0
 91
1
 92
1
 93
1
 72
2
 10
32790.445
 20
-605.361
 40
15.0
 50
0.0
 51
360.0
 73
1
 97
0
 75
0
 76
1
 98
0
  0
CIRCLE
  5
560
330
17
100
AcDbEntity
  8
G-r_ancg
100
AcDbCircle
 10
32790.445
 20
-605.361
 30
0.0
 40
15.0
  0
HATCH
  5
561
330
17
100
AcDbEntity
  8
G-r_anc
 62
7
420
12597547
100
AcDbHatch
 10
0.0
 20
0.0
 30
0.0
210
0.0
220
0.0
230
1.0
  2
SOLID
 70
1
 71
0
 91
1
 92
1
 93
1
 72
2
 10
32790.445
 20
-605.361
 40
8.0
 50
0.0
 51
360.0
 73
1
 97
0
 75
0
 76
1
 98
0
  0
CIRCLE
  5
562
330
17
100
AcDbEntity
  8
G-r_anc
100
AcDbCircle
 10
32790.445
 20
-605.361
 30
0.0
 40
8.0
  0
HATCH
  5
563
330
17
100
AcDbEntity
  8
G-r_ancg
 62
7
420
16047065
100
AcDbHatch
 10
0.0
 20
0.0
 30
0.0
210
0.0
220
0.0
230
1.0
  2
SOLID
 70
1
 71
0
 91
1
 92
1
 93
1
 72
2
 10
32870.445
 20
-605.361
 40
15.0
 50
0.0
 51
360.0
 73
1
 97
0
 75
0
 76
1
 98
0
  0
CIRCLE
  5
564
330
17
100
AcDbEntity
  8
G-r_ancg
100
AcDbCircle
 10
32870.445
 20
-605.361
 30
0.0
 40
15.0
  0
HATCH
  5
565
330
17
100
AcDbEntity
  8
G-r_anc
 62
7
420
12597547
100
AcDbHatch
 10
0.0
 20
0.0
 30
0.0
210
0.0
220
0.0
230
1.0
  2
SOLID
 70
1
 71
0
 91
1
 92
1
 93
1
 72
2
 10
32870.445
 20
-605.361
 40
8.0
 50
0.0
 51
360.0
 73
1
 97
0
 75
0
 76
1
 98
0
  0
CIRCLE
  5
566
330
17
100
AcDbEntity
  8
G-r_anc
100
AcDbCircle
 10
32870.445
 20
-605.361
 30
0.0
 40
8.0
  0
TEXT
  5
567
330
17
100
AcDbEntity
  8
T-label
 62
49
420
2236962
100
AcDbText
 10
32830.445
 20
-272.361
 30
0.0
 40
34.29
  1
columna
  7
ESTANDAR
 72
1
 11
32830.445
 21
-272.361
 31
0.0
100
AcDbText
  0
TEXT
  5
568
330
17
100
AcDbEntity
  8
T-label
 62
49
420
2236962
100
AcDbText
 10
32520.445
 20
-377.361
 30
0.0
 40
34.29
  1
VCS
  7
ESTANDAR
 72
1
 11
32520.445
 21
-377.361
 31
0.0
100
AcDbText
  0
TEXT
  5
569
330
17
100
AcDbEntity
  8
T-label
 62
49
420
2236962
100
AcDbText
 10
33140.445
 20
-377.361
 30
0.0
 40
34.29
  1
VCS
  7
ESTANDAR
 72
1
 11
33140.445
 21
-377.361
 31
0.0
100
AcDbText
  0
TEXT
  5
56A
330
17
100
AcDbEntity
  8
T-tie
 62
195
420
5975151
100
AcDbText
 10
33270.445
 20
-467.361
 30
0.0
 40
34.29
  1
Estribos Ø10 del nudo
  7
NEGRITA
 11
33270.445
 21
-467.361
 31
0.0
100
AcDbText
  0
TEXT
  5
56B
330
17
100
AcDbEntity
  8
T-tie
 62
195
420
5975151
100
AcDbText
 10
33270.445
 20
-526.89225
 30
0.0
 40
34.29
  1
cada 75 aprox.
  7
NEGRITA
 11
33270.445
 21
-526.89225
 31
0.0
100
AcDbText
  0
TEXT
  5
56C
330
17
100
AcDbEntity
  8
T-tie
 62
195
420
5975151
100
AcDbText
 10
33270.445
 20
-586.4235
 30
0.0
 40
34.29
  1
(110, 155, 230, 305);
  7
NEGRITA
 11
33270.445
 21
-586.4235
 31
0.0
100
AcDbText
  0
TEXT
  5
56D
330
17
100
AcDbEntity
  8
T-tie
 62
195
420
5975151
100
AcDbText
 10
33270.445
 20
-645.95475
 30
0.0
 40
34.29
  1
± 20 para acomodar
  7
NEGRITA
 11
33270.445
 21
-645.95475
 31
0.0
100
AcDbText
  0
TEXT
  5
56E
330
17
100
AcDbEntity
  8
T-tie
 62
195
420
5975151
100
AcDbText
 10
33270.445
 20
-705.486
 30
0.0
 40
34.29
  1
las barras longitudinales
  7
NEGRITA
 11
33270.445
 21
-705.486
 31
0.0
100
AcDbText
  0
TEXT
  5
56F
330
17
100
AcDbEntity
  8
T-small
 62
47
420
4473924
100
AcDbText
 10
33270.445
 20
-737.361
 30
0.0
 40
34.29
  1
P2 (después)
  7
ESTANDAR
 11
33270.445
 21
-737.361
 31
0.0
100
AcDbText
  0
DIMENSION
  5
570
330
17
100
AcDbEntity
  8
COTAS
100
AcDbDimension
280
0
  2
*D31
  3
COTAS_1-15
 10
32790.445
 20
-737.361
 30
0.0
 11
32830.445
 21
-714.645
 31
0.0
 70
32
 71
5
  1
<>
100
AcDbAlignedDimension
 13
32790.445
 23
-667.361
 33
0.0
 14
32870.445
 24
-667.361
 34
0.0
 50
0.0
100
AcDbRotatedDimension
  0
DIMENSION
  5
571
330
17
100
AcDbEntity
  8
COTAS
100
AcDbDimension
280
0
  2
*D32
  3
COTAS_1-15
 10
32760.445
 20
-817.361
 30
0.0
 11
32830.445
 21
-794.645
 31
0.0
 70
32
 71
5
  1
<>
100
AcDbAlignedDimension
 13
32760.445
 23
-667.361
 33
0.0
 14
32900.445
 24
-667.361
 34
0.0
 50
0.0
100
AcDbRotatedDimension
  0
DIMENSION
  5
572
330
17
100
AcDbEntity
  8
COTAS
100
AcDbDimension
280
0
  2
*D33
  3
COTAS_1-15
 10
32748.445
 20
-897.361
 30
0.0
 11
32830.445
 21
-874.645
 31
0.0
 70
32
 71
5
  1
<>
100
AcDbAlignedDimension
 13
32748.445
 23
-897.361
 33
0.0
 14
32912.445
 24
-897.361
 34
0.0
 50
0.0
100
AcDbRotatedDimension
  0
DIMENSION
  5
573
330
17
100
AcDbEntity
  8
COTAS
100
AcDbDimension
280
0
  2
*D34
  3
COTAS_1-15
 10
32690.445
 20
-407.361
 30
0.0
 11
32713.161
 21
-447.361
 31
0.0
 70
32
 71
5
  1
<>
100
AcDbAlignedDimension
 13
32630.445
 23
-407.361
 33
0.0
 14
32630.445
 24
-487.361
 34
0.0
 50
-90.0
100
AcDbRotatedDimension
  0
DIMENSION
  5
574
330
17
100
AcDbEntity
  8
COTAS
100
AcDbDimension
280
0
  2
*D35
  3
COTAS_1-15
 10
32630.445
 20
-252.361
 30
0.0
 11
32830.445
 21
-229.64499999999998
 31
0.0
 70
32
 71
5
  1
<>
100
AcDbAlignedDimension
 13
32630.445
 23
-302.361
 33
0.0
 14
33030.445
 24
-302.361
 34
0.0
 50
0.0
100
AcDbRotatedDimension
  0
DIMENSION
  5
575
330
17
100
AcDbEntity
  8
COTAS
100
AcDbDimension
280
0
  2
*D36
  3
COTAS_1-15
 10
32360.445
 20
-407.361
 30
0.0
 11
32337.729
 21
-354.861
 31
0.0
 70
32
 71
5
  1
<>
100
AcDbAlignedDimension
 13
32410.445
 23
-407.361
 33
0.0
 14
32410.445
 24
-302.361
 34
0.0
 50
90.0
100
AcDbRotatedDimension
  0
TEXT
  5
5CA
330
17
100
AcDbEntity
  8
MODELO_ROTULOS
100
AcDbText
 10
31978.164999999997
 20
60.0
 30
0.0
 40
75.0
  1
detalles/06_detalle-2-2-c4-vista-desde-el-voladizo.dxf  1:15
  7
NEGRITA
 11
31978.164999999997
 21
60.0
 31
0.0
100
AcDbText
  0
HATCH
  5
5CF
330
17
100
AcDbEntity
  8
G-r_conc
 62
7
420
16118767
100
AcDbHatch
 10
0.0
 20
0.0
 30
0.0
210
0.0
220
0.0
230
1.0
  2
SOLID
 70
1
 71
0
 91
1
 92
3
 72
0
 73
1
 93
4
 10
34944.479999999996
 20
-1941.5
 10
35344.479999999996
 20
-1941.5
 10
35344.479999999996
 20
-1541.5
 10
34944.479999999996
 20
-1541.5
 97
0
 75
0
 76
1
 98
0
  0
LWPOLYLINE
  5
5D0
330
17
100
AcDbEntity
  8
G-r_conc
100
AcDbPolyline
 90
4
 70
1
 10
34944.479999999996
 20
-1941.5
 10
35344.479999999996
 20
-1941.5
 10
35344.479999999996
 20
-1541.5
 10
34944.479999999996
 20
-1541.5
  0
HATCH
  5
5D1
330
17
100
AcDbEntity
  8
G-r_conc
 62
7
420
16118767
100
AcDbHatch
 10
0.0
 20
0.0
 30
0.0
210
0.0
220
0.0
230
1.0
  2
SOLID
 70
1
 71
0
 91
1
 92
3
 72
0
 73
1
 93
4
 10
34994.479999999996
 20
-1541.5
 10
35294.479999999996
 20
-1541.5
 10
35294.479999999996
 20
-541.5
 10
34994.479999999996
 20
-541.5
 97
0
 75
0
 76
1
 98
0
  0
LWPOLYLINE
  5
5D2
330
17
100
AcDbEntity
  8
G-r_conc
100
AcDbPolyline
 90
4
 70
1
 10
34994.479999999996
 20
-1541.5
 10
35294.479999999996
 20
-1541.5
 10
35294.479999999996
 20
-541.5
 10
34994.479999999996
 20
-541.5
  0
HATCH
  5
5D3
330
17
100
AcDbEntity
  8
G-r_conc
 62
7
420
16118767
100
AcDbHatch
 10
0.0
 20
0.0
 30
0.0
210
0.0
220
0.0
230
1.0
  2
SOLID
 70
1
 71
0
 91
1
 92
3
 72
0
 73
1
 93
4
 10
34944.479999999996
 20
-1891.5
 10
34694.479999999996
 20
-1891.5
 10
34694.479999999996
 20
-1591.5
 10
34944.479999999996
 20
-1591.5
 97
0
 75
0
 76
1
 98
0
  0
LWPOLYLINE
  5
5D4
330
17
100
AcDbEntity
  8
G-r_conc
100
AcDbPolyline
 90
4
 70
1
 10
34944.479999999996
 20
-1891.5
 10
34694.479999999996
 20
-1891.5
 10
34694.479999999996
 20
-1591.5
 10
34944.479999999996
 20
-1591.5
  0
HATCH
  5
5D5
330
17
100
AcDbEntity
  8
G-r_conc
 62
7
420
16118767
100
AcDbHatch
 10
0.0
 20
0.0
 30
0.0
210
0.0
220
0.0
230
1.0
  2
SOLID
 70
1
 71
0
 91
1
 92
3
 72
0
 73
1
 93
4
 10
35344.479999999996
 20
-1891.5
 10
35594.479999999996
 20
-1891.5
 10
35594.479999999996
 20
-1591.5
 10
35344.479999999996
 20
-1591.5
 97
0
 75
0
 76
1
 98
0
  0
LWPOLYLINE
  5
5D6
330
17
100
AcDbEntity
  8
G-r_conc
100
AcDbPolyline
 90
4
 70
1
 10
35344.479999999996
 20
-1891.5
 10
35594.479999999996
 20
-1891.5
 10
35594.479999999996
 20
-1591.5
 10
35344.479999999996
 20
-1591.5
  0
HATCH
  5
5D7
330
17
100
AcDbEntity
  8
G-r_col
 62
7
420
15326919
100
AcDbHatch
 10
0.0
 20
0.0
 30
0.0
210
0.0
220
0.0
230
1.0
  2
SOLID
 70
1
 71
0
 91
1
 92
1
 93
1
 72
2
 10
35002.479999999996
 20
-1883.5
 40
8.0
 50
0.0
 51
360.0
 73
1
 97
0
 75
0
 76
1
 98
0
  0
CIRCLE
  5
5D8
330
17
100
AcDbEntity
  8
G-r_col
100
AcDbCircle
 10
35002.479999999996
 20
-1883.5
 30
0.0
 40
8.0
  0
HATCH
  5
5D9
330
17
100
AcDbEntity
  8
G-r_col
 62
7
420
15326919
100
AcDbHatch
 10
0.0
 20
0.0
 30
0.0
210
0.0
220
0.0
230
1.0
  2
SOLID
 70
1
 71
0
 91
1
 92
1
 93
1
 72
2
 10
35002.479999999996
 20
-1741.5
 40
8.0
 50
0.0
 51
360.0
 73
1
 97
0
 75
0
 76
1
 98
0
  0
CIRCLE
  5
5DA
330
17
100
AcDbEntity
  8
G-r_col
100
AcDbCircle
 10
35002.479999999996
 20
-1741.5
 30
0.0
 40
8.0
  0
HATCH
  5
5DB
330
17
100
AcDbEntity
  8
G-r_col
 62
7
420
15326919
100
AcDbHatch
 10
0.0
 20
0.0
 30
0.0
210
0.0
220
0.0
230
1.0
  2
SOLID
 70
1
 71
0
 91
1
 92
1
 93
1
 72
2
 10
35002.479999999996
 20
-1599.5
 40
8.0
 50
0.0
 51
360.0
 73
1
 97
0
 75
0
 76
1
 98
0
  0
CIRCLE
  5
5DC
330
17
100
AcDbEntity
  8
G-r_col
100
AcDbCircle
 10
35002.479999999996
 20
-1599.5
 30
0.0
 40
8.0
  0
HATCH
  5
5DD
330
17
100
AcDbEntity
  8
G-r_col
 62
7
420
15326919
100
AcDbHatch
 10
0.0
 20
0.0
 30
0.0
210
0.0
220
0.0
230
1.0
  2
SOLID
 70
1
 71
0
 91
1
 92
1
 93
1
 72
2
 10
35144.479999999996
 20
-1883.5
 40
8.0
 50
0.0
 51
360.0
 73
1
 97
0
 75
0
 76
1
 98
0
  0
CIRCLE
  5
5DE
330
17
100
AcDbEntity
  8
G-r_col
100
AcDbCircle
 10
35144.479999999996
 20
-1883.5
 30
0.0
 40
8.0
  0
HATCH
  5
5DF
330
17
100
AcDbEntity
  8
G-r_col
 62
7
420
15326919
100
AcDbHatch
 10
0.0
 20
0.0
 30
0.0
210
0.0
220
0.0
230
1.0
  2
SOLID
 70
1
 71
0
 91
1
 92
1
 93
1
 72
2
 10
35144.479999999996
 20
-1599.5
 40
8.0
 50
0.0
 51
360.0
 73
1
 97
0
 75
0
 76
1
 98
0
  0
CIRCLE
  5
5E0
330
17
100
AcDbEntity
  8
G-r_col
100
AcDbCircle
 10
35144.479999999996
 20
-1599.5
 30
0.0
 40
8.0
  0
HATCH
  5
5E1
330
17
100
AcDbEntity
  8
G-r_col
 62
7
420
15326919
100
AcDbHatch
 10
0.0
 20
0.0
 30
0.0
210
0.0
220
0.0
230
1.0
  2
SOLID
 70
1
 71
0
 91
1
 92
1
 93
1
 72
2
 10
35286.479999999996
 20
-1883.5
 40
8.0
 50
0.0
 51
360.0
 73
1
 97
0
 75
0
 76
1
 98
0
  0
CIRCLE
  5
5E2
330
17
100
AcDbEntity
  8
G-r_col
100
AcDbCircle
 10
35286.479999999996
 20
-1883.5
 30
0.0
 40
8.0
  0
HATCH
  5
5E3
330
17
100
AcDbEntity
  8
G-r_col
 62
7
420
15326919
100
AcDbHatch
 10
0.0
 20
0.0
 30
0.0
210
0.0
220
0.0
230
1.0
  2
SOLID
 70
1
 71
0
 91
1
 92
1
 93
1
 72
2
 10
35286.479999999996
 20
-1741.5
 40
8.0
 50
0.0
 51
360.0
 73
1
 97
0
 75
0
 76
1
 98
0
  0
CIRCLE
  5
5E4
330
17
100
AcDbEntity
  8
G-r_col
100
AcDbCircle
 10
35286.479999999996
 20
-1741.5
 30
0.0
 40
8.0
  0
HATCH
  5
5E5
330
17
100
AcDbEntity
  8
G-r_col
 62
7
420
15326919
100
AcDbHatch
 10
0.0
 20
0.0
 30
0.0
210
0.0
220
0.0
230
1.0
  2
SOLID
 70
1
 71
0
 91
1
 92
1
 93
1
 72
2
 10
35286.479999999996
 20
-1599.5
 40
8.0
 50
0.0
 51
360.0
 73
1
 97
0
 75
0
 76
1
 98
0
  0
CIRCLE
  5
5E6
330
17
100
AcDbEntity
  8
G-r_col
100
AcDbCircle
 10
35286.479999999996
 20
-1599.5
 30
0.0
 40
8.0
  0
HATCH
  5
5E7
330
17
100
AcDbEntity
  8
G-r_rod
 62
7
420
12902104
100
AcDbHatch
 10
0.0
 20
0.0
 30
0.0
210
0.0
220
0.0
230
1.0
  2
SOLID
 70
1
 71
0
 91
1
 92
1
 93
1
 72
2
 10
35044.479999999996
 20
-1841.5
 40
6.0
 50
0.0
 51
360.0
 73
1
 97
0
 75
0
 76
1
 98
0
  0
CIRCLE
  5
5E8
330
17
100
AcDbEntity
  8
G-r_rod
100
AcDbCircle
 10
35044.479999999996
 20
-1841.5
 30
0.0
 40
6.0
  0
HATCH
  5
5E9
330
17
100
AcDbEntity
  8
G-r_rod
 62
7
420
12902104
100
AcDbHatch
 10
0.0
 20
0.0
 30
0.0
210
0.0
220
0.0
230
1.0
  2
SOLID
 70
1
 71
0
 91
1
 92
1
 93
1
 72
2
 10
35044.479999999996
 20
-1641.5
 40
6.0
 50
0.0
 51
360.0
 73
1
 97
0
 75
0
 76
1
 98
0
  0
CIRCLE
  5
5EA
330
17
100
AcDbEntity
  8
G-r_rod
100
AcDbCircle
 10
35044.479999999996
 20
-1641.5
 30
0.0
 40
6.0
  0
HATCH
  5
5EB
330
17
100
AcDbEntity
  8
G-r_rod
 62
7
420
12902104
100
AcDbHatch
 10
0.0
 20
0.0
 30
0.0
210
0.0
220
0.0
230
1.0
  2
SOLID
 70
1
 71
0
 91
1
 92
1
 93
1
 72
2
 10
35244.479999999996
 20
-1841.5
 40
6.0
 50
0.0
 51
360.0
 73
1
 97
0
 75
0
 76
1
 98
0
  0
CIRCLE
  5
5EC
330
17
100
AcDbEntity
  8
G-r_rod
100
AcDbCircle
 10
35244.479999999996
 20
-1841.5
 30
0.0
 40
6.0
  0
HATCH
  5
5ED
330
17
100
AcDbEntity
  8
G-r_rod
 62
7
420
12902104
100
AcDbHatch
 10
0.0
 20
0.0
 30
0.0
210
0.0
220
0.0
230
1.0
  2
SOLID
 70
1
 71
0
 91
1
 92
1
 93
1
 72
2
 10
35244.479999999996
 20
-1641.5
 40
6.0
 50
0.0
 51
360.0
 73
1
 97
0
 75
0
 76
1
 98
0
  0
CIRCLE
  5
5EE
330
17
100
AcDbEntity
  8
G-r_rod
100
AcDbCircle
 10
35244.479999999996
 20
-1641.5
 30
0.0
 40
6.0
  0
HATCH
  5
5EF
330
17
100
AcDbEntity
  8
G-r_tie
 62
7
420
14601957
100
AcDbHatch
 10
0.0
 20
0.0
 30
0.0
210
0.0
220
0.0
230
1.0
  2
SOLID
 70
1
 71
0
 91
1
 92
3
 72
0
 73
1
 93
10
 10
34989.479999999996
 20
-1891.5
 10
35294.479999999996
 20
-1891.5
 10
35294.479999999996
 20
-1591.5
 10
34994.479999999996
 20
-1591.5
 10
34994.479999999996
 20
-1896.5
 10
34984.479999999996
 20
-1896.5
 10
34984.479999999996
 20
-1581.5
 10
35304.479999999996
 20
-1581.5
 10
35304.479999999996
 20
-1901.5
 10
34989.479999999996
 20
-1901.5
 97
0
 75
0
 76
1
 98
0
  0
LWPOLYLINE
  5
5F0
330
17
100
AcDbEntity
  8
G-r_tie
100
AcDbPolyline
 90
10
 70
1
 10
34989.479999999996
 20
-1891.5
 10
35294.479999999996
 20
-1891.5
 10
35294.479999999996
 20
-1591.5
 10
34994.479999999996
 20
-1591.5
 10
34994.479999999996
 20
-1896.5
 10
34984.479999999996
 20
-1896.5
 10
34984.479999999996
 20
-1581.5
 10
35304.479999999996
 20
-1581.5
 10
35304.479999999996
 20
-1901.5
 10
34989.479999999996
 20
-1901.5
  0
HATCH
  5
5F1
330
17
100
AcDbEntity
  8
G-r_bm1
 62
7
420
1725046
100
AcDbHatch
 10
0.0
 20
0.0
 30
0.0
210
0.0
220
0.0
230
1.0
  2
SOLID
 70
1
 71
0
 91
1
 92
3
 72
0
 73
1
 93
4
 10
35056.479999999996
 20
-541.5
 10
35056.479999999996
 20
-1871.5
 10
35044.479999999996
 20
-1871.5
 10
35044.479999999996
 20
-541.5
 97
0
 75
0
 76
1
 98
0
  0
LWPOLYLINE
  5
5F2
330
17
100
AcDbEntity
  8
G-r_bm1
100
AcDbPolyline
 90
4
 70
1
 10
35056.479999999996
 20
-541.5
 10
35056.479999999996
 20
-1871.5
 10
35044.479999999996
 20
-1871.5
 10
35044.479999999996
 20
-541.5
  0
HATCH
  5
5F3
330
17
100
AcDbEntity
  8
G-r_bm1
 62
7
420
1725046
100
AcDbHatch
 10
0.0
 20
0.0
 30
0.0
210
0.0
220
0.0
230
1.0
  2
SOLID
 70
1
 71
0
 91
1
 92
3
 72
0
 73
1
 93
4
 10
35150.479999999996
 20
-541.5
 10
35150.479999999996
 20
-1871.5
 10
35138.479999999996
 20
-1871.5
 10
35138.479999999996
 20
-541.5
 97
0
 75
0
 76
1
 98
0
  0
LWPOLYLINE
  5
5F4
330
17
100
AcDbEntity
  8
G-r_bm1
100
AcDbPolyline
 90
4
 70
1
 10
35150.479999999996
 20
-541.5
 10
35150.479999999996
 20
-1871.5
 10
35138.479999999996
 20
-1871.5
 10
35138.479999999996
 20
-541.5
  0
HATCH
  5
5F5
330
17
100
AcDbEntity
  8
G-r_bm1
 62
7
420
1725046
100
AcDbHatch
 10
0.0
 20
0.0
 30
0.0
210
0.0
220
0.0
230
1.0
  2
SOLID
 70
1
 71
0
 91
1
 92
3
 72
0
 73
1
 93
4
 10
35244.479999999996
 20
-541.5
 10
35244.479999999996
 20
-1871.5
 10
35232.479999999996
 20
-1871.5
 10
35232.479999999996
 20
-541.5
 97
0
 75
0
 76
1
 98
0
  0
LWPOLYLINE
  5
5F6
330
17
100
AcDbEntity
  8
G-r_bm1
100
AcDbPolyline
 90
4
 70
1
 10
35244.479999999996
 20
-541.5
 10
35244.479999999996
 20
-1871.5
 10
35232.479999999996
 20
-1871.5
 10
35232.479999999996
 20
-541.5
  0
HATCH
  5
5F7
330
17
100
AcDbEntity
  8
G-r_bm3
 62
7
420
6384235
100
AcDbHatch
 10
0.0
 20
0.0
 30
0.0
210
0.0
220
0.0
230
1.0
  2
SOLID
 70
1
 71
0
 91
1
 92
3
 72
0
 73
1
 93
4
 10
34694.479999999996
 20
-1829.5
 10
35594.479999999996
 20
-1829.5
 10
35594.479999999996
 20
-1841.5
 10
34694.479999999996
 20
-1841.5
 97
0
 75
0
 76
1
 98
0
  0
LWPOLYLINE
  5
5F8
330
17
100
AcDbEntity
  8
G-r_bm3
100
AcDbPolyline
 90
4
 70
1
 10
34694.479999999996
 20
-1829.5
 10
35594.479999999996
 20
-1829.5
 10
35594.479999999996
 20
-1841.5
 10
34694.479999999996
 20
-1841.5
  0
HATCH
  5
5F9
330
17
100
AcDbEntity
  8
G-r_bm3
 62
7
420
6384235
100
AcDbHatch
 10
0.0
 20
0.0
 30
0.0
210
0.0
220
0.0
230
1.0
  2
SOLID
 70
1
 71
0
 91
1
 92
3
 72
0
 73
1
 93
4
 10
34694.479999999996
 20
-1735.5
 10
35594.479999999996
 20
-1735.5
 10
35594.479999999996
 20
-1747.5
 10
34694.479999999996
 20
-1747.5
 97
0
 75
0
 76
1
 98
0
  0
LWPOLYLINE
  5
5FA
330
17
100
AcDbEntity
  8
G-r_bm3
100
AcDbPolyline
 90
4
 70
1
 10
34694.479999999996
 20
-1735.5
 10
35594.479999999996
 20
-1735.5
 10
35594.479999999996
 20
-1747.5
 10
34694.479999999996
 20
-1747.5
  0
HATCH
  5
5FB
330
17
100
AcDbEntity
  8
G-r_bm3
 62
7
420
6384235
100
AcDbHatch
 10
0.0
 20
0.0
 30
0.0
210
0.0
220
0.0
230
1.0
  2
SOLID
 70
1
 71
0
 91
1
 92
3
 72
0
 73
1
 93
4
 10
34694.479999999996
 20
-1641.5
 10
35594.479999999996
 20
-1641.5
 10
35594.479999999996
 20
-1653.5
 10
34694.479999999996
 20
-1653.5
 97
0
 75
0
 76
1
 98
0
  0
LWPOLYLINE
  5
5FC
330
17
100
AcDbEntity
  8
G-r_bm3
100
AcDbPolyline
 90
4
 70
1
 10
34694.479999999996
 20
-1641.5
 10
35594.479999999996
 20
-1641.5
 10
35594.479999999996
 20
-1653.5
 10
34694.479999999996
 20
-1653.5
  0
HATCH
  5
5FD
330
17
100
AcDbEntity
  8
G-r_bas
 62
7
420
15105570
100
AcDbHatch
 10
0.0
 20
0.0
 30
0.0
210
0.0
220
0.0
230
1.0
  2
SOLID
 70
1
 71
0
 91
1
 92
3
 72
0
 73
1
 93
4
 10
35056.479999999996
 20
-1869.5
 10
35056.479999999996
 20
-655.5
 10
35068.479999999996
 20
-655.5
 10
35068.479999999996
 20
-1869.5
 97
0
 75
0
 76
1
 98
0
  0
LWPOLYLINE
  5
5FE
330
17
100
AcDbEntity
  8
G-r_bas
100
AcDbPolyline
 90
4
 70
1
 10
35056.479999999996
 20
-1869.5
 10
35056.479999999996
 20
-655.5
 10
35068.479999999996
 20
-655.5
 10
35068.479999999996
 20
-1869.5
  0
HATCH
  5
5FF
330
17
100
AcDbEntity
  8
G-r_bas
 62
7
420
15105570
100
AcDbHatch
 10
0.0
 20
0.0
 30
0.0
210
0.0
220
0.0
230
1.0
  2
SOLID
 70
1
 71
0
 91
1
 92
1
 93
1
 72
2
 10
35062.479999999996
 20
-1869.5
 40
9.0
 50
0.0
 51
360.0
 73
1
 97
0
 75
0
 76
1
 98
0
  0
CIRCLE
  5
600
330
17
100
AcDbEntity
  8
G-r_bas
100
AcDbCircle
 10
35062.479999999996
 20
-1869.5
 30
0.0
 40
9.0
  0
HATCH
  5
601
330
17
100
AcDbEntity
  8
G-r_bas
 62
7
420
15105570
100
AcDbHatch
 10
0.0
 20
0.0
 30
0.0
210
0.0
220
0.0
230
1.0
  2
SOLID
 70
1
 71
0
 91
1
 92
3
 72
0
 73
1
 93
4
 10
35220.479999999996
 20
-1869.5
 10
35220.479999999996
 20
-655.5
 10
35232.479999999996
 20
-655.5
 10
35232.479999999996
 20
-1869.5
 97
0
 75
0
 76
1
 98
0
  0
LWPOLYLINE
  5
602
330
17
100
AcDbEntity
  8
G-r_bas
100
AcDbPolyline
 90
4
 70
1
 10
35220.479999999996
 20
-1869.5
 10
35220.479999999996
 20
-655.5
 10
35232.479999999996
 20
-655.5
 10
35232.479999999996
 20
-1869.5
  0
HATCH
  5
603
330
17
100
AcDbEntity
  8
G-r_bas
 62
7
420
15105570
100
AcDbHatch
 10
0.0
 20
0.0
 30
0.0
210
0.0
220
0.0
230
1.0
  2
SOLID
 70
1
 71
0
 91
1
 92
1
 93
1
 72
2
 10
35226.479999999996
 20
-1869.5
 40
9.0
 50
0.0
 51
360.0
 73
1
 97
0
 75
0
 76
1
 98
0
  0
CIRCLE
  5
604
330
17
100
AcDbEntity
  8
G-r_bas
100
AcDbCircle
 10
35226.479999999996
 20
-1869.5
 30
0.0
 40
9.0
  0
HATCH
  5
605
330
17
100
AcDbEntity
  8
G-r_grout
 62
7
420
15395042
100
AcDbHatch
 10
0.0
 20
0.0
 30
0.0
210
0.0
220
0.0
230
1.0
  2
SOLID
 70
1
 71
0
 91
1
 92
3
 72
0
 73
1
 93
4
 10
35064.479999999996
 20
-1966.5
 10
35224.479999999996
 20
-1966.5
 10
35224.479999999996
 20
-1941.5
 10
35064.479999999996
 20
-1941.5
 97
0
 75
0
 76
1
 98
0
  0
LWPOLYLINE
  5
606
330
17
100
AcDbEntity
  8
G-r_grout
100
AcDbPolyline
 90
4
 70
1
 10
35064.479999999996
 20
-1966.5
 10
35224.479999999996
 20
-1966.5
 10
35224.479999999996
 20
-1941.5
 10
35064.479999999996
 20
-1941.5
  0
HATCH
  5
607
330
17
100
AcDbEntity
  8
G-r_eplate
 62
7
420
15068145
100
AcDbHatch
 10
0.0
 20
0.0
 30
0.0
210
0.0
220
0.0
230
1.0
  2
SOLID
 70
1
 71
0
 91
1
 92
3
 72
0
 73
1
 93
4
 10
35074.479999999996
 20
-1978.5
 10
35214.479999999996
 20
-1978.5
 10
35214.479999999996
 20
-1966.5
 10
35074.479999999996
 20
-1966.5
 97
0
 75
0
 76
1
 98
0
  0
LWPOLYLINE
  5
608
330
17
100
AcDbEntity
  8
G-r_eplate
100
AcDbPolyline
 90
4
 70
1
 10
35074.479999999996
 20
-1978.5
 10
35214.479999999996
 20
-1978.5
 10
35214.479999999996
 20
-1966.5
 10
35074.479999999996
 20
-1966.5
  0
HATCH
  5
609
330
17
100
AcDbEntity
  8
G-r_ipe
 62
7
420
15199730
100
AcDbHatch
 10
0.0
 20
0.0
 30
0.0
210
0.0
220
0.0
230
1.0
  2
SOLID
 70
1
 71
0
 91
1
 92
3
 72
0
 73
1
 93
4
 10
35084.479999999996
 20
-2198.5
 10
35204.479999999996
 20
-2198.5
 10
35204.479999999996
 20
-1978.5
 10
35084.479999999996
 20
-1978.5
 97
0
 75
0
 76
1
 98
0
  0
LWPOLYLINE
  5
60A
330
17
100
AcDbEntity
  8
G-r_ipe
100
AcDbPolyline
 90
4
 70
1
 10
35084.479999999996
 20
-2198.5
 10
35204.479999999996
 20
-2198.5
 10
35204.479999999996
 20
-1978.5
 10
35084.479999999996
 20
-1978.5
  0
HATCH
  5
60B
330
17
100
AcDbEntity
  8
G-r_anc
 62
7
420
12597547
100
AcDbHatch
 10
0.0
 20
0.0
 30
0.0
210
0.0
220
0.0
230
1.0
  2
SOLID
 70
1
 71
0
 91
1
 92
3
 72
0
 73
1
 93
4
 10
35096.479999999996
 20
-2036.5
 10
35096.479999999996
 20
-1596.5
 10
35112.479999999996
 20
-1596.5
 10
35112.479999999996
 20
-2036.5
 97
0
 75
0
 76
1
 98
0
  0
LWPOLYLINE
  5
60C
330
17
100
AcDbEntity
  8
G-r_anc
100
AcDbPolyline
 90
4
 70
1
 10
35096.479999999996
 20
-2036.5
 10
35096.479999999996
 20
-1596.5
 10
35112.479999999996
 20
-1596.5
 10
35112.479999999996
 20
-2036.5
  0
HATCH
  5
60D
330
17
100
AcDbEntity
  8
G-r_bp
 62
7
420
3428459
100
AcDbHatch
 10
0.0
 20
0.0
 30
0.0
210
0.0
220
0.0
230
1.0
  2
SOLID
 70
1
 71
0
 91
1
 92
3
 72
0
 73
1
 93
4
 10
35079.479999999996
 20
-1632.5
 10
35129.479999999996
 20
-1632.5
 10
35129.479999999996
 20
-1620.5
 10
35079.479999999996
 20
-1620.5
 97
0
 75
0
 76
1
 98
0
  0
LWPOLYLINE
  5
60E
330
17
100
AcDbEntity
  8
G-r_bp
100
AcDbPolyline
 90
4
 70
1
 10
35079.479999999996
 20
-1632.5
 10
35129.479999999996
 20
-1632.5
 10
35129.479999999996
 20
-1620.5
 10
35079.479999999996
 20
-1620.5
  0
HATCH
  5
60F
330
17
100
AcDbEntity
  8
G-r_nut
 62
7
420
8070172
100
AcDbHatch
 10
0.0
 20
0.0
 30
0.0
210
0.0
220
0.0
230
1.0
  2
SOLID
 70
1
 71
0
 91
1
 92
3
 72
0
 73
1
 93
4
 10
35089.479999999996
 20
-1620.5
 10
35119.479999999996
 20
-1620.5
 10
35119.479999999996
 20
-1617.5
 10
35089.479999999996
 20
-1617.5
 97
0
 75
0
 76
1
 98
0
  0
LWPOLYLINE
  5
610
330
17
100
AcDbEntity
  8
G-r_nut
100
AcDbPolyline
 90
4
 70
1
 10
35089.479999999996
 20
-1620.5
 10
35119.479999999996
 20
-1620.5
 10
35119.479999999996
 20
-1617.5
 10
35089.479999999996
 20
-1617.5
  0
HATCH
  5
611
330
17
100
AcDbEntity
  8
G-r_nut
 62
7
420
8070172
100
AcDbHatch
 10
0.0
 20
0.0
 30
0.0
210
0.0
220
0.0
230
1.0
  2
SOLID
 70
1
 71
0
 91
1
 92
3
 72
0
 73
1
 93
4
 10
35092.479999999996
 20
-1617.5
 10
35116.479999999996
 20
-1617.5
 10
35116.479999999996
 20
-1601.5
 10
35092.479999999996
 20
-1601.5
 97
0
 75
0
 76
1
 98
0
  0
LWPOLYLINE
  5
612
330
17
100
AcDbEntity
  8
G-r_nut
100
AcDbPolyline
 90
4
 70
1
 10
35092.479999999996
 20
-1617.5
 10
35116.479999999996
 20
-1617.5
 10
35116.479999999996
 20
-1601.5
 10
35092.479999999996
 20
-1601.5
  0
HATCH
  5
613
330
17
100
AcDbEntity
  8
G-r_ancg
 62
7
420
16047065
100
AcDbHatch
 10
0.0
 20
0.0
 30
0.0
210
0.0
220
0.0
230
1.0
  2
SOLID
 70
1
 71
0
 91
1
 92
3
 72
0
 73
1
 93
4
 10
35092.479999999996
 20
-1997.5
 10
35116.479999999996
 20
-1997.5
 10
35116.479999999996
 20
-1981.5
 10
35092.479999999996
 20
-1981.5
 97
0
 75
0
 76
1
 98
0
  0
LWPOLYLINE
  5
614
330
17
100
AcDbEntity
  8
G-r_ancg
100
AcDbPolyline
 90
4
 70
1
 10
35092.479999999996
 20
-1997.5
 10
35116.479999999996
 20
-1997.5
 10
35116.479999999996
 20
-1981.5
 10
35092.479999999996
 20
-1981.5
  0
HATCH
  5
615
330
17
100
AcDbEntity
  8
G-r_anc
 62
7
420
12597547
100
AcDbHatch
 10
0.0
 20
0.0
 30
0.0
210
0.0
220
0.0
230
1.0
  2
SOLID
 70
1
 71
0
 91
1
 92
3
 72
0
 73
1
 93
4
 10
35176.479999999996
 20
-2036.5
 10
35176.479999999996
 20
-1596.5
 10
35192.479999999996
 20
-1596.5
 10
35192.479999999996
 20
-2036.5
 97
0
 75
0
 76
1
 98
0
  0
LWPOLYLINE
  5
616
330
17
100
AcDbEntity
  8
G-r_anc
100
AcDbPolyline
 90
4
 70
1
 10
35176.479999999996
 20
-2036.5
 10
35176.479999999996
 20
-1596.5
 10
35192.479999999996
 20
-1596.5
 10
35192.479999999996
 20
-2036.5
  0
HATCH
  5
617
330
17
100
AcDbEntity
  8
G-r_bp
 62
7
420
3428459
100
AcDbHatch
 10
0.0
 20
0.0
 30
0.0
210
0.0
220
0.0
230
1.0
  2
SOLID
 70
1
 71
0
 91
1
 92
3
 72
0
 73
1
 93
4
 10
35159.479999999996
 20
-1632.5
 10
35209.479999999996
 20
-1632.5
 10
35209.479999999996
 20
-1620.5
 10
35159.479999999996
 20
-1620.5
 97
0
 75
0
 76
1
 98
0
  0
LWPOLYLINE
  5
618
330
17
100
AcDbEntity
  8
G-r_bp
100
AcDbPolyline
 90
4
 70
1
 10
35159.479999999996
 20
-1632.5
 10
35209.479999999996
 20
-1632.5
 10
35209.479999999996
 20
-1620.5
 10
35159.479999999996
 20
-1620.5
  0
HATCH
  5
619
330
17
100
AcDbEntity
  8
G-r_nut
 62
7
420
8070172
100
AcDbHatch
 10
0.0
 20
0.0
 30
0.0
210
0.0
220
0.0
230
1.0
  2
SOLID
 70
1
 71
0
 91
1
 92
3
 72
0
 73
1
 93
4
 10
35169.479999999996
 20
-1620.5
 10
35199.479999999996
 20
-1620.5
 10
35199.479999999996
 20
-1617.5
 10
35169.479999999996
 20
-1617.5
 97
0
 75
0
 76
1
 98
0
  0
LWPOLYLINE
  5
61A
330
17
100
AcDbEntity
  8
G-r_nut
100
AcDbPolyline
 90
4
 70
1
 10
35169.479999999996
 20
-1620.5
 10
35199.479999999996
 20
-1620.5
 10
35199.479999999996
 20
-1617.5
 10
35169.479999999996
 20
-1617.5
  0
HATCH
  5
61B
330
17
100
AcDbEntity
  8
G-r_nut
 62
7
420
8070172
100
AcDbHatch
 10
0.0
 20
0.0
 30
0.0
210
0.0
220
0.0
230
1.0
  2
SOLID
 70
1
 71
0
 91
1
 92
3
 72
0
 73
1
 93
4
 10
35172.479999999996
 20
-1617.5
 10
35196.479999999996
 20
-1617.5
 10
35196.479999999996
 20
-1601.5
 10
35172.479999999996
 20
-1601.5
 97
0
 75
0
 76
1
 98
0
  0
LWPOLYLINE
  5
61C
330
17
100
AcDbEntity
  8
G-r_nut
100
AcDbPolyline
 90
4
 70
1
 10
35172.479999999996
 20
-1617.5
 10
35196.479999999996
 20
-1617.5
 10
35196.479999999996
 20
-1601.5
 10
35172.479999999996
 20
-1601.5
  0
HATCH
  5
61D
330
17
100
AcDbEntity
  8
G-r_ancg
 62
7
420
16047065
100
AcDbHatch
 10
0.0
 20
0.0
 30
0.0
210
0.0
220
0.0
230
1.0
  2
SOLID
 70
1
 71
0
 91
1
 92
3
 72
0
 73
1
 93
4
 10
35172.479999999996
 20
-1997.5
 10
35196.479999999996
 20
-1997.5
 10
35196.479999999996
 20
-1981.5
 10
35172.479999999996
 20
-1981.5
 97
0
 75
0
 76
1
 98
0
  0
LWPOLYLINE
  5
61E
330
17
100
AcDbEntity
  8
G-r_ancg
100
AcDbPolyline
 90
4
 70
1
 10
35172.479999999996
 20
-1997.5
 10
35196.479999999996
 20
-1997.5
 10
35196.479999999996
 20
-1981.5
 10
35172.479999999996
 20
-1981.5
  0
TEXT
  5
61F
330
17
100
AcDbEntity
  8
T-small
 62
47
420
4473924
100
AcDbText
 10
35144.479999999996
 20
-2238.5
 30
0.0
 40
45.72
  1
IPE 240 (después)
  7
ESTANDAR
 72
1
 11
35144.479999999996
 21
-2238.5
 31
0.0
100
AcDbText
  0
TEXT
  5
620
330
17
100
AcDbEntity
  8
T-label
 62
49
420
2236962
100
AcDbText
 10
35144.479999999996
 20
-511.5
 30
0.0
 40
45.72
  1
VCM
  7
ESTANDAR
 72
1
 11
35144.479999999996
 21
-511.5
 31
0.0
100
AcDbText
  0
TEXT
  5
621
330
17
100
AcDbEntity
  8
T-label
 62
49
420
2236962
100
AcDbText
 10
34814.479999999996
 20
-1561.5
 30
0.0
 40
45.72
  1
VCS
  7
ESTANDAR
 72
1
 11
34814.479999999996
 21
-1561.5
 31
0.0
100
AcDbText
  0
TEXT
  5
622
330
17
100
AcDbEntity
  8
T-hk
 62
44
420
8017152
100
AcDbText
 10
35256.479999999996
 20
-1041.5
 30
0.0
 40
45.72
  1
bastón Ø12
  7
NEGRITA
 11
35256.479999999996
 21
-1041.5
 31
0.0
100
AcDbText
  0
TEXT
  5
623
330
17
100
AcDbEntity
  8
T-bsm
 62
156
420
929604
100
AcDbText
 10
35032.479999999996
 20
-1041.5
 30
0.0
 40
45.72
  1
VCM 5Ø12
  7
NEGRITA
 72
2
 11
35032.479999999996
 21
-1041.5
 31
0.0
100
AcDbText
  0
DIMENSION
  5
624
330
17
100
AcDbEntity
  8
COTAS
100
AcDbDimension
280
0
  2
*D37
  3
COTAS_1-20
 10
35104.479999999996
 20
-2278.5
 30
0.0
 11
35144.479999999996
 21
-2248.212
 31
0.0
 70
32
 71
5
  1
<>
100
AcDbAlignedDimension
 13
35104.479999999996
 23
-2278.5
 33
0.0
 14
35184.479999999996
 24
-2278.5
 34
0.0
 50
0.0
100
AcDbRotatedDimension
  0
DIMENSION
  5
625
330
17
100
AcDbEntity
  8
COTAS
100
AcDbDimension
280
0
  2
*D38
  3
COTAS_1-20
 10
34634.479999999996
 20
-1941.5
 30
0.0
 11
34604.191999999995
 21
-1787.0
 31
0.0
 70
32
 71
5
  1
<>
100
AcDbAlignedDimension
 13
34694.479999999996
 23
-1941.5
 33
0.0
 14
34694.479999999996
 24
-1632.5
 34
0.0
 50
90.0
100
AcDbRotatedDimension
  0
DIMENSION
  5
626
330
17
100
AcDbEntity
  8
COTAS
100
AcDbDimension
280
0
  2
*D39
  3
COTAS_1-20
 10
34634.479999999996
 20
-1966.5
 30
0.0
 11
34586.553111111105
 21
-1954.0
 31
0.0
 70
32
 71
5
  1
<>
100
AcDbAlignedDimension
 13
34694.479999999996
 23
-1966.5
 33
0.0
 14
34694.479999999996
 24
-1941.5
 34
0.0
 50
90.0
100
AcDbRotatedDimension
  0
DIMENSION
  5
627
330
17
100
AcDbEntity
  8
COTAS
100
AcDbDimension
280
0
  2
*D40
  3
COTAS_1-20
 10
35062.479999999996
 20
-421.5
 30
0.0
 11
35144.479999999996
 21
-391.212
 31
0.0
 70
32
 71
5
  1
<>
100
AcDbAlignedDimension
 13
35062.479999999996
 23
-421.5
 33
0.0
 14
35226.479999999996
 24
-421.5
 34
0.0
 50
0.0
100
AcDbRotatedDimension
  0
DIMENSION
  5
628
330
17
100
AcDbEntity
  8
COTAS
100
AcDbDimension
280
0
  2
*D41
  3
COTAS_1-20
 10
35654.479999999996
 20
-1941.5
 30
0.0
 11
35606.553111111105
 21
-1908.5
 31
0.0
 70
32
 71
5
  1
<>
100
AcDbAlignedDimension
 13
35594.479999999996
 23
-1941.5
 33
0.0
 14
35594.479999999996
 24
-1875.5
 34
0.0
 50
90.0
100
AcDbRotatedDimension
  0
DIMENSION
  5
629
330
17
100
AcDbEntity
  8
COTAS
100
AcDbDimension
280
0
  2
*D42
  3
COTAS_1-20
 10
35654.479999999996
 20
-1875.5
 30
0.0
 11
35624.191999999995
 21
-1265.5
 31
0.0
 70
32
 71
5
  1
<>
100
AcDbAlignedDimension
 13
35594.479999999996
 23
-1875.5
 33
0.0
 14
35594.479999999996
 24
-655.5
 34
0.0
 50
90.0
100
AcDbRotatedDimension
  0
TEXT
  5
67E
330
17
100
AcDbEntity
  8
MODELO_ROTULOS
100
AcDbText
 10
34347.28
 20
80.0
 30
0.0
 40
100.0
  1
detalles/07_detalle-2-3-c4-planta-a-la-altura-de-los-a1.dxf  1:20
  7
NEGRITA
 11
34347.28
 21
80.0
 31
0.0
100
AcDbText
  0
HATCH
  5
682
330
17
100
AcDbEntity
  8
G-r_conc
 62
7
420
16118767
100
AcDbHatch
 10
0.0
 20
0.0
 30
0.0
210
0.0
220
0.0
230
1.0
  2
SOLID
 70
1
 71
0
 91
1
 92
3
 72
0
 73
1
 93
4
 10
37475.03999999999
 20
-672.5
 10
37875.03999999999
 20
-672.5
 10
37875.03999999999
 20
-217.5
 10
37475.03999999999
 20
-217.5
 97
0
 75
0
 76
1
 98
0
  0
LWPOLYLINE
  5
683
330
17
100
AcDbEntity
  8
G-r_conc
100
AcDbPolyline
 90
4
 70
1
 10
37475.03999999999
 20
-672.5
 10
37875.03999999999
 20
-672.5
 10
37875.03999999999
 20
-217.5
 10
37475.03999999999
 20
-217.5
  0
HATCH
  5
684
330
17
100
AcDbEntity
  8
G-r_old
 62
7
420
15065562
100
AcDbHatch
 10
0.0
 20
0.0
 30
0.0
210
0.0
220
0.0
230
1.0
  2
SOLID
 70
1
 71
0
 91
1
 92
3
 72
0
 73
1
 93
4
 10
37475.03999999999
 20
-802.5
 10
37875.03999999999
 20
-802.5
 10
37875.03999999999
 20
-672.5
 10
37475.03999999999
 20
-672.5
 97
0
 75
0
 76
1
 98
0
  0
LWPOLYLINE
  5
685
330
17
100
AcDbEntity
  8
G-r_old
100
AcDbPolyline
 90
4
 70
1
 10
37475.03999999999
 20
-802.5
 10
37875.03999999999
 20
-802.5
 10
37875.03999999999
 20
-672.5
 10
37475.03999999999
 20
-672.5
  0
HATCH
  5
686
330
17
100
AcDbEntity
  8
G-r_conc
 62
7
420
16118767
100
AcDbHatch
 10
0.0
 20
0.0
 30
0.0
210
0.0
220
0.0
230
1.0
  2
SOLID
 70
1
 71
0
 91
1
 92
3
 72
0
 73
1
 93
4
 10
36475.03999999999
 20
-672.5
 10
37475.03999999999
 20
-672.5
 10
37475.03999999999
 20
-322.5
 10
36475.03999999999
 20
-322.5
 97
0
 75
0
 76
1
 98
0
  0
LWPOLYLINE
  5
687
330
17
100
AcDbEntity
  8
G-r_conc
100
AcDbPolyline
 90
4
 70
1
 10
36475.03999999999
 20
-672.5
 10
37475.03999999999
 20
-672.5
 10
37475.03999999999
 20
-322.5
 10
36475.03999999999
 20
-322.5
  0
LINE
  5
688
330
17
100
AcDbEntity
  8
G-edge
100
AcDbLine
 10
36475.03999999999
 20
-322.5
 30
0.0
 11
36475.03999999999
 21
-672.5
 31
0.0
  0
HATCH
  5
689
330
17
100
AcDbEntity
  8
G-r_col
 62
7
420
15326919
100
AcDbHatch
 10
0.0
 20
0.0
 30
0.0
210
0.0
220
0.0
230
1.0
  2
SOLID
 70
1
 71
0
 91
1
 92
3
 72
0
 73
1
 93
4
 10
37525.03999999999
 20
-802.5
 10
37525.03999999999
 20
-265.5
 10
37541.03999999999
 20
-265.5
 10
37541.03999999999
 20
-802.5
 97
0
 75
0
 76
1
 98
0
  0
LWPOLYLINE
  5
68A
330
17
100
AcDbEntity
  8
G-r_col
100
AcDbPolyline
 90
4
 70
1
 10
37525.03999999999
 20
-802.5
 10
37525.03999999999
 20
-265.5
 10
37541.03999999999
 20
-265.5
 10
37541.03999999999
 20
-802.5
  0
HATCH
  5
68B
330
17
100
AcDbEntity
  8
G-r_col
 62
7
420
15326919
100
AcDbHatch
 10
0.0
 20
0.0
 30
0.0
210
0.0
220
0.0
230
1.0
  2
SOLID
 70
1
 71
0
 91
1
 92
3
 72
0
 73
1
 93
4
 10
37667.03999999999
 20
-802.5
 10
37667.03999999999
 20
-265.5
 10
37683.03999999999
 20
-265.5
 10
37683.03999999999
 20
-802.5
 97
0
 75
0
 76
1
 98
0
  0
LWPOLYLINE
  5
68C
330
17
100
AcDbEntity
  8
G-r_col
100
AcDbPolyline
 90
4
 70
1
 10
37667.03999999999
 20
-802.5
 10
37667.03999999999
 20
-265.5
 10
37683.03999999999
 20
-265.5
 10
37683.03999999999
 20
-802.5
  0
HATCH
  5
68D
330
17
100
AcDbEntity
  8
G-r_col
 62
7
420
15326919
100
AcDbHatch
 10
0.0
 20
0.0
 30
0.0
210
0.0
220
0.0
230
1.0
  2
SOLID
 70
1
 71
0
 91
1
 92
3
 72
0
 73
1
 93
4
 10
37809.03999999999
 20
-802.5
 10
37809.03999999999
 20
-265.5
 10
37825.03999999999
 20
-265.5
 10
37825.03999999999
 20
-802.5
 97
0
 75
0
 76
1
 98
0
  0
LWPOLYLINE
  5
68E
330
17
100
AcDbEntity
  8
G-r_col
100
AcDbPolyline
 90
4
 70
1
 10
37809.03999999999
 20
-802.5
 10
37809.03999999999
 20
-265.5
 10
37825.03999999999
 20
-265.5
 10
37825.03999999999
 20
-802.5
  0
HATCH
  5
68F
330
17
100
AcDbEntity
  8
G-r_rodS
 62
7
420
6405804
100
AcDbHatch
 10
0.0
 20
0.0
 30
0.0
210
0.0
220
0.0
230
1.0
  2
SOLID
 70
1
 71
0
 91
1
 92
3
 72
0
 73
1
 93
4
 10
37581.03999999999
 20
-157.5
 10
37581.03999999999
 20
-622.5
 10
37569.03999999999
 20
-622.5
 10
37569.03999999999
 20
-157.5
 97
0
 75
0
 76
1
 98
0
  0
LWPOLYLINE
  5
690
330
17
100
AcDbEntity
  8
G-r_rodS
100
AcDbPolyline
 90
4
 70
1
 10
37581.03999999999
 20
-157.5
 10
37581.03999999999
 20
-622.5
 10
37569.03999999999
 20
-622.5
 10
37569.03999999999
 20
-157.5
  0
HATCH
  5
691
330
17
100
AcDbEntity
  8
G-r_rodS
 62
7
420
6405804
100
AcDbHatch
 10
0.0
 20
0.0
 30
0.0
210
0.0
220
0.0
230
1.0
  2
SOLID
 70
1
 71
0
 91
1
 92
3
 72
0
 73
1
 93
4
 10
37781.03999999999
 20
-157.5
 10
37781.03999999999
 20
-622.5
 10
37769.03999999999
 20
-622.5
 10
37769.03999999999
 20
-157.5
 97
0
 75
0
 76
1
 98
0
  0
LWPOLYLINE
  5
692
330
17
100
AcDbEntity
  8
G-r_rodS
100
AcDbPolyline
 90
4
 70
1
 10
37781.03999999999
 20
-157.5
 10
37781.03999999999
 20
-622.5
 10
37769.03999999999
 20
-622.5
 10
37769.03999999999
 20
-157.5
  0
HATCH
  5
693
330
17
100
AcDbEntity
  8
G-r_tieS
 62
7
420
9460135
100
AcDbHatch
 10
0.0
 20
0.0
 30
0.0
210
0.0
220
0.0
230
1.0
  2
SOLID
 70
1
 71
0
 91
1
 92
3
 72
0
 73
1
 93
4
 10
37520.03999999999
 20
-427.5
 10
37830.03999999999
 20
-427.5
 10
37830.03999999999
 20
-437.5
 10
37520.03999999999
 20
-437.5
 97
0
 75
0
 76
1
 98
0
  0
LWPOLYLINE
  5
694
330
17
100
AcDbEntity
  8
G-r_tieS
100
AcDbPolyline
 90
4
 70
1
 10
37520.03999999999
 20
-427.5
 10
37830.03999999999
 20
-427.5
 10
37830.03999999999
 20
-437.5
 10
37520.03999999999
 20
-437.5
  0
HATCH
  5
695
330
17
100
AcDbEntity
  8
G-r_tieS
 62
7
420
9460135
100
AcDbHatch
 10
0.0
 20
0.0
 30
0.0
210
0.0
220
0.0
230
1.0
  2
SOLID
 70
1
 71
0
 91
1
 92
3
 72
0
 73
1
 93
4
 10
37520.03999999999
 20
-472.5
 10
37830.03999999999
 20
-472.5
 10
37830.03999999999
 20
-482.5
 10
37520.03999999999
 20
-482.5
 97
0
 75
0
 76
1
 98
0
  0
LWPOLYLINE
  5
696
330
17
100
AcDbEntity
  8
G-r_tieS
100
AcDbPolyline
 90
4
 70
1
 10
37520.03999999999
 20
-472.5
 10
37830.03999999999
 20
-472.5
 10
37830.03999999999
 20
-482.5
 10
37520.03999999999
 20
-482.5
  0
HATCH
  5
697
330
17
100
AcDbEntity
  8
G-r_tieS
 62
7
420
9460135
100
AcDbHatch
 10
0.0
 20
0.0
 30
0.0
210
0.0
220
0.0
230
1.0
  2
SOLID
 70
1
 71
0
 91
1
 92
3
 72
0
 73
1
 93
4
 10
37520.03999999999
 20
-547.5
 10
37830.03999999999
 20
-547.5
 10
37830.03999999999
 20
-557.5
 10
37520.03999999999
 20
-557.5
 97
0
 75
0
 76
1
 98
0
  0
LWPOLYLINE
  5
698
330
17
100
AcDbEntity
  8
G-r_tieS
100
AcDbPolyline
 90
4
 70
1
 10
37520.03999999999
 20
-547.5
 10
37830.03999999999
 20
-547.5
 10
37830.03999999999
 20
-557.5
 10
37520.03999999999
 20
-557.5
  0
HATCH
  5
699
330
17
100
AcDbEntity
  8
G-r_tieS
 62
7
420
9460135
100
AcDbHatch
 10
0.0
 20
0.0
 30
0.0
210
0.0
220
0.0
230
1.0
  2
SOLID
 70
1
 71
0
 91
1
 92
3
 72
0
 73
1
 93
4
 10
37520.03999999999
 20
-622.5
 10
37830.03999999999
 20
-622.5
 10
37830.03999999999
 20
-632.5
 10
37520.03999999999
 20
-632.5
 97
0
 75
0
 76
1
 98
0
  0
LWPOLYLINE
  5
69A
330
17
100
AcDbEntity
  8
G-r_tieS
100
AcDbPolyline
 90
4
 70
1
 10
37520.03999999999
 20
-622.5
 10
37830.03999999999
 20
-622.5
 10
37830.03999999999
 20
-632.5
 10
37520.03999999999
 20
-632.5
  0
HATCH
  5
69B
330
17
100
AcDbEntity
  8
G-r_new
 62
7
420
3444827
100
AcDbHatch
 10
0.0
 20
0.0
 30
0.0
210
0.0
220
0.0
230
1.0
  2
SOLID
 70
1
 71
0
 91
1
 92
3
 72
0
 73
1
 93
4
 10
37518.03999999999
 20
-287.5
 10
37832.03999999999
 20
-287.5
 10
37832.03999999999
 20
-301.5
 10
37518.03999999999
 20
-301.5
 97
0
 75
0
 76
1
 98
0
  0
LWPOLYLINE
  5
69C
330
17
100
AcDbEntity
  8
G-r_new
100
AcDbPolyline
 90
4
 70
1
 10
37518.03999999999
 20
-287.5
 10
37832.03999999999
 20
-287.5
 10
37832.03999999999
 20
-301.5
 10
37518.03999999999
 20
-301.5
  0
HATCH
  5
69D
330
17
100
AcDbEntity
  8
G-r_new
 62
7
420
3444827
100
AcDbHatch
 10
0.0
 20
0.0
 30
0.0
210
0.0
220
0.0
230
1.0
  2
SOLID
 70
1
 71
0
 91
1
 92
3
 72
0
 73
1
 93
4
 10
37518.03999999999
 20
-273.5
 10
37832.03999999999
 20
-273.5
 10
37832.03999999999
 20
-287.5
 10
37518.03999999999
 20
-287.5
 97
0
 75
0
 76
1
 98
0
  0
LWPOLYLINE
  5
69E
330
17
100
AcDbEntity
  8
G-r_new
100
AcDbPolyline
 90
4
 70
1
 10
37518.03999999999
 20
-273.5
 10
37832.03999999999
 20
-273.5
 10
37832.03999999999
 20
-287.5
 10
37518.03999999999
 20
-287.5
  0
HATCH
  5
69F
330
17
100
AcDbEntity
  8
G-r_bm3
 62
7
420
6384235
100
AcDbHatch
 10
0.0
 20
0.0
 30
0.0
210
0.0
220
0.0
230
1.0
  2
SOLID
 70
1
 71
0
 91
1
 92
3
 72
0
 73
1
 93
26
 10
36475.03999999999
 20
-384.5
 10
37780.04141090502
 20
-384.5
 10
37784.89237077473
 20
-384.86333667122096
 10
37789.62526007691
 20
-385.9996028617496
 10
37794.122128464325
 20
-387.8622667360269
 10
37798.272248113055
 20
-390.4054633276411
 10
37801.97342930387
 20
-393.5665706961212
 10
37805.134536672354
 20
-397.26775188694114
 10
37807.67773326397
 20
-401.41787153566696
 10
37809.54039713825
 20
-405.9147399230896
 10
37810.67666332877
 20
-410.64762922526006
 10
37811.05742245352
 20
-415.48563261954644
 10
37811.03999999999
 20
-540.5
 10
37799.03999999999
 20
-540.5
 10
37799.022577546464
 20
-415.51436738045356
 10
37798.78775370097
 20
-412.5306475227284
 10
37798.0924286765
 20
-409.63441035816305
 10
37796.95259294544
 20
-406.8826034773557
 10
37795.39631304638
 20
-404.3429854984352
 10
37793.46190975544
 20
-402.0780902445515
 10
37791.19701450156
 20
-400.1436869536115
 10
37788.657396522634
 20
-398.5874070545547
 10
37785.90558964183
 20
-397.4475713234927
 10
37783.00935247727
 20
-396.75224629902215
 10
37780.03858909497
 20
-396.5
 10
36475.03999999999
 20
-396.5
 97
0
 75
0
 76
1
 98
0
  0
LWPOLYLINE
  5
6A0
330
17
100
AcDbEntity
  8
G-r_bm3
100
AcDbPolyline
 90
26
 70
1
 10
36475.03999999999
 20
-384.5
 10
37780.04141090502
 20
-384.5
 10
37784.89237077473
 20
-384.86333667122096
 10
37789.62526007691
 20
-385.9996028617496
 10
37794.122128464325
 20
-387.8622667360269
 10
37798.272248113055
 20
-390.4054633276411
 10
37801.97342930387
 20
-393.5665706961212
 10
37805.134536672354
 20
-397.26775188694114
 10
37807.67773326397
 20
-401.41787153566696
 10
37809.54039713825
 20
-405.9147399230896
 10
37810.67666332877
 20
-410.64762922526006
 10
37811.05742245352
 20
-415.48563261954644
 10
37811.03999999999
 20
-540.5
 10
37799.03999999999
 20
-540.5
 10
37799.022577546464
 20
-415.51436738045356
 10
37798.78775370097
 20
-412.5306475227284
 10
37798.0924286765
 20
-409.63441035816305
 10
37796.95259294544
 20
-406.8826034773557
 10
37795.39631304638
 20
-404.3429854984352
 10
37793.46190975544
 20
-402.0780902445515
 10
37791.19701450156
 20
-400.1436869536115
 10
37788.657396522634
 20
-398.5874070545547
 10
37785.90558964183
 20
-397.4475713234927
 10
37783.00935247727
 20
-396.75224629902215
 10
37780.03858909497
 20
-396.5
 10
36475.03999999999
 20
-396.5
  0
HATCH
  5
6A1
330
17
100
AcDbEntity
  8
G-r_bm3
 62
7
420
6384235
100
AcDbHatch
 10
0.0
 20
0.0
 30
0.0
210
0.0
220
0.0
230
1.0
  2
SOLID
 70
1
 71
0
 91
1
 92
3
 72
0
 73
1
 93
26
 10
36475.03999999999
 20
-598.5
 10
37780.03858909497
 20
-598.5
 10
37783.00935247727
 20
-598.2477537009779
 10
37785.90558964183
 20
-597.5524286765072
 10
37788.657396522634
 20
-596.4125929454453
 10
37791.19701450156
 20
-594.8563130463885
 10
37793.46190975544
 20
-592.9219097554485
 10
37795.39631304638
 20
-590.6570145015648
 10
37796.95259294544
 20
-588.1173965226444
 10
37798.0924286765
 20
-585.365589641837
 10
37798.78775370097
 20
-582.4693524772716
 10
37799.022577546464
 20
-579.4856326195464
 10
37799.03999999999
 20
-454.5
 10
37811.03999999999
 20
-454.5
 10
37811.05742245352
 20
-579.5143673804536
 10
37810.67666332877
 20
-584.3523707747399
 10
37809.54039713825
 20
-589.0852600769103
 10
37807.67773326397
 20
-593.582128464333
 10
37805.134536672354
 20
-597.7322481130589
 10
37801.97342930387
 20
-601.4334293038788
 10
37798.272248113055
 20
-604.5945366723588
 10
37794.122128464325
 20
-607.1377332639731
 10
37789.62526007691
 20
-609.0003971382504
 10
37784.89237077473
 20
-610.1366633287789
 10
37780.04141090502
 20
-610.5
 10
36475.03999999999
 20
-610.5
 97
0
 75
0
 76
1
 98
0
  0
LWPOLYLINE
  5
6A2
330
17
100
AcDbEntity
  8
G-r_bm3
100
AcDbPolyline
 90
26
 70
1
 10
36475.03999999999
 20
-598.5
 10
37780.03858909497
 20
-598.5
 10
37783.00935247727
 20
-598.2477537009779
 10
37785.90558964183
 20
-597.5524286765072
 10
37788.657396522634
 20
-596.4125929454453
 10
37791.19701450156
 20
-594.8563130463885
 10
37793.46190975544
 20
-592.9219097554485
 10
37795.39631304638
 20
-590.6570145015648
 10
37796.95259294544
 20
-588.1173965226444
 10
37798.0924286765
 20
-585.365589641837
 10
37798.78775370097
 20
-582.4693524772716
 10
37799.022577546464
 20
-579.4856326195464
 10
37799.03999999999
 20
-454.5
 10
37811.03999999999
 20
-454.5
 10
37811.05742245352
 20
-579.5143673804536
 10
37810.67666332877
 20
-584.3523707747399
 10
37809.54039713825
 20
-589.0852600769103
 10
37807.67773326397
 20
-593.582128464333
 10
37805.134536672354
 20
-597.7322481130589
 10
37801.97342930387
 20
-601.4334293038788
 10
37798.272248113055
 20
-604.5945366723588
 10
37794.122128464325
 20
-607.1377332639731
 10
37789.62526007691
 20
-609.0003971382504
 10
37784.89237077473
 20
-610.1366633287789
 10
37780.04141090502
 20
-610.5
 10
36475.03999999999
 20
-610.5
  0
HATCH
  5
6A3
330
17
100
AcDbEntity
  8
G-r_bm1
 62
7
420
1725046
100
AcDbHatch
 10
0.0
 20
0.0
 30
0.0
210
0.0
220
0.0
230
1.0
  2
SOLID
 70
1
 71
0
 91
1
 92
3
 72
0
 73
1
 93
4
 10
37587.03999999999
 20
-378.5
 10
37587.03999999999
 20
-528.5
 10
37575.03999999999
 20
-528.5
 10
37575.03999999999
 20
-378.5
 97
0
 75
0
 76
1
 98
0
  0
LWPOLYLINE
  5
6A4
330
17
100
AcDbEntity
  8
G-r_bm1
100
AcDbPolyline
 90
4
 70
1
 10
37587.03999999999
 20
-378.5
 10
37587.03999999999
 20
-528.5
 10
37575.03999999999
 20
-528.5
 10
37575.03999999999
 20
-378.5
  0
HATCH
  5
6A5
330
17
100
AcDbEntity
  8
G-r_bm1
 62
7
420
1725046
100
AcDbHatch
 10
0.0
 20
0.0
 30
0.0
210
0.0
220
0.0
230
1.0
  2
SOLID
 70
1
 71
0
 91
1
 92
3
 72
0
 73
1
 93
13
 10
37587.03999999999
 20
-378.5
 10
37586.835554957725
 20
-376.94708572938487
 10
37586.2361524227
 20
-375.5
 10
37585.28264068711
 20
-374.25735931288074
 10
37584.03999999999
 20
-373.30384757729337
 10
37582.59291427061
 20
-372.7044450422656
 10
37581.03999999999
 20
-372.5
 10
37579.48708572938
 20
-372.7044450422656
 10
37578.03999999999
 20
-373.30384757729337
 10
37576.79735931288
 20
-374.25735931288074
 10
37575.843847577285
 20
-375.5
 10
37575.24444504226
 20
-376.94708572938487
 10
37575.03999999999
 20
-378.5
 97
0
 75
0
 76
1
 98
0
  0
LWPOLYLINE
  5
6A6
330
17
100
AcDbEntity
  8
G-r_bm1
100
AcDbPolyline
 90
13
 70
1
 10
37587.03999999999
 20
-378.5
 10
37586.835554957725
 20
-376.94708572938487
 10
37586.2361524227
 20
-375.5
 10
37585.28264068711
 20
-374.25735931288074
 10
37584.03999999999
 20
-373.30384757729337
 10
37582.59291427061
 20
-372.7044450422656
 10
37581.03999999999
 20
-372.5
 10
37579.48708572938
 20
-372.7044450422656
 10
37578.03999999999
 20
-373.30384757729337
 10
37576.79735931288
 20
-374.25735931288074
 10
37575.843847577285
 20
-375.5
 10
37575.24444504226
 20
-376.94708572938487
 10
37575.03999999999
 20
-378.5
  0
HATCH
  5
6A7
330
17
100
AcDbEntity
  8
G-r_bm1
 62
7
420
1725046
100
AcDbHatch
 10
0.0
 20
0.0
 30
0.0
210
0.0
220
0.0
230
1.0
  2
SOLID
 70
1
 71
0
 91
1
 92
3
 72
0
 73
1
 93
4
 10
37575.03999999999
 20
-616.5
 10
37575.03999999999
 20
-466.5
 10
37587.03999999999
 20
-466.5
 10
37587.03999999999
 20
-616.5
 97
0
 75
0
 76
1
 98
0
  0
LWPOLYLINE
  5
6A8
330
17
100
AcDbEntity
  8
G-r_bm1
100
AcDbPolyline
 90
4
 70
1
 10
37575.03999999999
 20
-616.5
 10
37575.03999999999
 20
-466.5
 10
37587.03999999999
 20
-466.5
 10
37587.03999999999
 20
-616.5
  0
HATCH
  5
6A9
330
17
100
AcDbEntity
  8
G-r_bm1
 62
7
420
1725046
100
AcDbHatch
 10
0.0
 20
0.0
 30
0.0
210
0.0
220
0.0
230
1.0
  2
SOLID
 70
1
 71
0
 91
1
 92
3
 72
0
 73
1
 93
13
 10
37575.03999999999
 20
-616.5
 10
37575.24444504226
 20
-618.0529142706151
 10
37575.843847577285
 20
-619.5
 10
37576.79735931288
 20
-620.7426406871193
 10
37578.03999999999
 20
-621.6961524227066
 10
37579.48708572938
 20
-622.2955549577343
 10
37581.03999999999
 20
-622.5
 10
37582.59291427061
 20
-622.2955549577343
 10
37584.03999999999
 20
-621.6961524227066
 10
37585.28264068711
 20
-620.7426406871193
 10
37586.2361524227
 20
-619.5
 10
37586.835554957725
 20
-618.0529142706151
 10
37587.03999999999
 20
-616.5
 97
0
 75
0
 76
1
 98
0
  0
LWPOLYLINE
  5
6AA
330
17
100
AcDbEntity
  8
G-r_bm1
100
AcDbPolyline
 90
13
 70
1
 10
37575.03999999999
 20
-616.5
 10
37575.24444504226
 20
-618.0529142706151
 10
37575.843847577285
 20
-619.5
 10
37576.79735931288
 20
-620.7426406871193
 10
37578.03999999999
 20
-621.6961524227066
 10
37579.48708572938
 20
-622.2955549577343
 10
37581.03999999999
 20
-622.5
 10
37582.59291427061
 20
-622.2955549577343
 10
37584.03999999999
 20
-621.6961524227066
 10
37585.28264068711
 20
-620.7426406871193
 10
37586.2361524227
 20
-619.5
 10
37586.835554957725
 20
-618.0529142706151
 10
37587.03999999999
 20
-616.5
  0
HATCH
  5
6AB
330
17
100
AcDbEntity
  8
G-r_bm1
 62
7
420
1725046
100
AcDbHatch
 10
0.0
 20
0.0
 30
0.0
210
0.0
220
0.0
230
1.0
  2
SOLID
 70
1
 71
0
 91
1
 92
3
 72
0
 73
1
 93
4
 10
37681.03999999999
 20
-378.5
 10
37681.03999999999
 20
-528.5
 10
37669.03999999999
 20
-528.5
 10
37669.03999999999
 20
-378.5
 97
0
 75
0
 76
1
 98
0
  0
LWPOLYLINE
  5
6AC
330
17
100
AcDbEntity
  8
G-r_bm1
100
AcDbPolyline
 90
4
 70
1
 10
37681.03999999999
 20
-378.5
 10
37681.03999999999
 20
-528.5
 10
37669.03999999999
 20
-528.5
 10
37669.03999999999
 20
-378.5
  0
HATCH
  5
6AD
330
17
100
AcDbEntity
  8
G-r_bm1
 62
7
420
1725046
100
AcDbHatch
 10
0.0
 20
0.0
 30
0.0
210
0.0
220
0.0
230
1.0
  2
SOLID
 70
1
 71
0
 91
1
 92
3
 72
0
 73
1
 93
13
 10
37681.03999999999
 20
-378.5
 10
37680.835554957725
 20
-376.94708572938487
 10
37680.2361524227
 20
-375.5
 10
37679.28264068711
 20
-374.25735931288074
 10
37678.03999999999
 20
-373.30384757729337
 10
37676.59291427061
 20
-372.7044450422656
 10
37675.03999999999
 20
-372.5
 10
37673.48708572938
 20
-372.7044450422656
 10
37672.03999999999
 20
-373.30384757729337
 10
37670.79735931288
 20
-374.25735931288074
 10
37669.843847577285
 20
-375.5
 10
37669.24444504226
 20
-376.94708572938487
 10
37669.03999999999
 20
-378.5
 97
0
 75
0
 76
1
 98
0
  0
LWPOLYLINE
  5
6AE
330
17
100
AcDbEntity
  8
G-r_bm1
100
AcDbPolyline
 90
13
 70
1
 10
37681.03999999999
 20
-378.5
 10
37680.835554957725
 20
-376.94708572938487
 10
37680.2361524227
 20
-375.5
 10
37679.28264068711
 20
-374.25735931288074
 10
37678.03999999999
 20
-373.30384757729337
 10
37676.59291427061
 20
-372.7044450422656
 10
37675.03999999999
 20
-372.5
 10
37673.48708572938
 20
-372.7044450422656
 10
37672.03999999999
 20
-373.30384757729337
 10
37670.79735931288
 20
-374.25735931288074
 10
37669.843847577285
 20
-375.5
 10
37669.24444504226
 20
-376.94708572938487
 10
37669.03999999999
 20
-378.5
  0
HATCH
  5
6AF
330
17
100
AcDbEntity
  8
G-r_bm1
 62
7
420
1725046
100
AcDbHatch
 10
0.0
 20
0.0
 30
0.0
210
0.0
220
0.0
230
1.0
  2
SOLID
 70
1
 71
0
 91
1
 92
3
 72
0
 73
1
 93
4
 10
37669.03999999999
 20
-616.5
 10
37669.03999999999
 20
-466.5
 10
37681.03999999999
 20
-466.5
 10
37681.03999999999
 20
-616.5
 97
0
 75
0
 76
1
 98
0
  0
LWPOLYLINE
  5
6B0
330
17
100
AcDbEntity
  8
G-r_bm1
100
AcDbPolyline
 90
4
 70
1
 10
37669.03999999999
 20
-616.5
 10
37669.03999999999
 20
-466.5
 10
37681.03999999999
 20
-466.5
 10
37681.03999999999
 20
-616.5
  0
HATCH
  5
6B1
330
17
100
AcDbEntity
  8
G-r_bm1
 62
7
420
1725046
100
AcDbHatch
 10
0.0
 20
0.0
 30
0.0
210
0.0
220
0.0
230
1.0
  2
SOLID
 70
1
 71
0
 91
1
 92
3
 72
0
 73
1
 93
13
 10
37669.03999999999
 20
-616.5
 10
37669.24444504226
 20
-618.0529142706151
 10
37669.843847577285
 20
-619.5
 10
37670.79735931288
 20
-620.7426406871193
 10
37672.03999999999
 20
-621.6961524227066
 10
37673.48708572938
 20
-622.2955549577343
 10
37675.03999999999
 20
-622.5
 10
37676.59291427061
 20
-622.2955549577343
 10
37678.03999999999
 20
-621.6961524227066
 10
37679.28264068711
 20
-620.7426406871193
 10
37680.2361524227
 20
-619.5
 10
37680.835554957725
 20
-618.0529142706151
 10
37681.03999999999
 20
-616.5
 97
0
 75
0
 76
1
 98
0
  0
LWPOLYLINE
  5
6B2
330
17
100
AcDbEntity
  8
G-r_bm1
100
AcDbPolyline
 90
13
 70
1
 10
37669.03999999999
 20
-616.5
 10
37669.24444504226
 20
-618.0529142706151
 10
37669.843847577285
 20
-619.5
 10
37670.79735931288
 20
-620.7426406871193
 10
37672.03999999999
 20
-621.6961524227066
 10
37673.48708572938
 20
-622.2955549577343
 10
37675.03999999999
 20
-622.5
 10
37676.59291427061
 20
-622.2955549577343
 10
37678.03999999999
 20
-621.6961524227066
 10
37679.28264068711
 20
-620.7426406871193
 10
37680.2361524227
 20
-619.5
 10
37680.835554957725
 20
-618.0529142706151
 10
37681.03999999999
 20
-616.5
  0
HATCH
  5
6B3
330
17
100
AcDbEntity
  8
G-r_bm1
 62
7
420
1725046
100
AcDbHatch
 10
0.0
 20
0.0
 30
0.0
210
0.0
220
0.0
230
1.0
  2
SOLID
 70
1
 71
0
 91
1
 92
3
 72
0
 73
1
 93
4
 10
37775.03999999999
 20
-378.5
 10
37775.03999999999
 20
-528.5
 10
37763.03999999999
 20
-528.5
 10
37763.03999999999
 20
-378.5
 97
0
 75
0
 76
1
 98
0
  0
LWPOLYLINE
  5
6B4
330
17
100
AcDbEntity
  8
G-r_bm1
100
AcDbPolyline
 90
4
 70
1
 10
37775.03999999999
 20
-378.5
 10
37775.03999999999
 20
-528.5
 10
37763.03999999999
 20
-528.5
 10
37763.03999999999
 20
-378.5
  0
HATCH
  5
6B5
330
17
100
AcDbEntity
  8
G-r_bm1
 62
7
420
1725046
100
AcDbHatch
 10
0.0
 20
0.0
 30
0.0
210
0.0
220
0.0
230
1.0
  2
SOLID
 70
1
 71
0
 91
1
 92
3
 72
0
 73
1
 93
13
 10
37775.03999999999
 20
-378.5
 10
37774.835554957725
 20
-376.94708572938487
 10
37774.2361524227
 20
-375.5
 10
37773.28264068711
 20
-374.25735931288074
 10
37772.03999999999
 20
-373.30384757729337
 10
37770.59291427061
 20
-372.7044450422656
 10
37769.03999999999
 20
-372.5
 10
37767.48708572938
 20
-372.7044450422656
 10
37766.03999999999
 20
-373.30384757729337
 10
37764.79735931288
 20
-374.25735931288074
 10
37763.843847577285
 20
-375.5
 10
37763.24444504226
 20
-376.94708572938487
 10
37763.03999999999
 20
-378.5
 97
0
 75
0
 76
1
 98
0
  0
LWPOLYLINE
  5
6B6
330
17
100
AcDbEntity
  8
G-r_bm1
100
AcDbPolyline
 90
13
 70
1
 10
37775.03999999999
 20
-378.5
 10
37774.835554957725
 20
-376.94708572938487
 10
37774.2361524227
 20
-375.5
 10
37773.28264068711
 20
-374.25735931288074
 10
37772.03999999999
 20
-373.30384757729337
 10
37770.59291427061
 20
-372.7044450422656
 10
37769.03999999999
 20
-372.5
 10
37767.48708572938
 20
-372.7044450422656
 10
37766.03999999999
 20
-373.30384757729337
 10
37764.79735931288
 20
-374.25735931288074
 10
37763.843847577285
 20
-375.5
 10
37763.24444504226
 20
-376.94708572938487
 10
37763.03999999999
 20
-378.5
  0
HATCH
  5
6B7
330
17
100
AcDbEntity
  8
G-r_bm1
 62
7
420
1725046
100
AcDbHatch
 10
0.0
 20
0.0
 30
0.0
210
0.0
220
0.0
230
1.0
  2
SOLID
 70
1
 71
0
 91
1
 92
3
 72
0
 73
1
 93
4
 10
37763.03999999999
 20
-616.5
 10
37763.03999999999
 20
-466.5
 10
37775.03999999999
 20
-466.5
 10
37775.03999999999
 20
-616.5
 97
0
 75
0
 76
1
 98
0
  0
LWPOLYLINE
  5
6B8
330
17
100
AcDbEntity
  8
G-r_bm1
100
AcDbPolyline
 90
4
 70
1
 10
37763.03999999999
 20
-616.5
 10
37763.03999999999
 20
-466.5
 10
37775.03999999999
 20
-466.5
 10
37775.03999999999
 20
-616.5
  0
HATCH
  5
6B9
330
17
100
AcDbEntity
  8
G-r_bm1
 62
7
420
1725046
100
AcDbHatch
 10
0.0
 20
0.0
 30
0.0
210
0.0
220
0.0
230
1.0
  2
SOLID
 70
1
 71
0
 91
1
 92
3
 72
0
 73
1
 93
13
 10
37763.03999999999
 20
-616.5
 10
37763.24444504226
 20
-618.0529142706151
 10
37763.843847577285
 20
-619.5
 10
37764.79735931288
 20
-620.7426406871193
 10
37766.03999999999
 20
-621.6961524227066
 10
37767.48708572938
 20
-622.2955549577343
 10
37769.03999999999
 20
-622.5
 10
37770.59291427061
 20
-622.2955549577343
 10
37772.03999999999
 20
-621.6961524227066
 10
37773.28264068711
 20
-620.7426406871193
 10
37774.2361524227
 20
-619.5
 10
37774.835554957725
 20
-618.0529142706151
 10
37775.03999999999
 20
-616.5
 97
0
 75
0
 76
1
 98
0
  0
LWPOLYLINE
  5
6BA
330
17
100
AcDbEntity
  8
G-r_bm1
100
AcDbPolyline
 90
13
 70
1
 10
37763.03999999999
 20
-616.5
 10
37763.24444504226
 20
-618.0529142706151
 10
37763.843847577285
 20
-619.5
 10
37764.79735931288
 20
-620.7426406871193
 10
37766.03999999999
 20
-621.6961524227066
 10
37767.48708572938
 20
-622.2955549577343
 10
37769.03999999999
 20
-622.5
 10
37770.59291427061
 20
-622.2955549577343
 10
37772.03999999999
 20
-621.6961524227066
 10
37773.28264068711
 20
-620.7426406871193
 10
37774.2361524227
 20
-619.5
 10
37774.835554957725
 20
-618.0529142706151
 10
37775.03999999999
 20
-616.5
  0
HATCH
  5
6BB
330
17
100
AcDbEntity
  8
G-r_bm1
 62
7
420
1725046
100
AcDbHatch
 10
0.0
 20
0.0
 30
0.0
210
0.0
220
0.0
230
1.0
  2
SOLID
 70
1
 71
0
 91
1
 92
3
 72
0
 73
1
 93
4
 10
37587.03999999999
 20
-402.5
 10
37587.03999999999
 20
-552.5
 10
37575.03999999999
 20
-552.5
 10
37575.03999999999
 20
-402.5
 97
0
 75
0
 76
1
 98
0
  0
LWPOLYLINE
  5
6BC
330
17
100
AcDbEntity
  8
G-r_bm1
100
AcDbPolyline
 90
4
 70
1
 10
37587.03999999999
 20
-402.5
 10
37587.03999999999
 20
-552.5
 10
37575.03999999999
 20
-552.5
 10
37575.03999999999
 20
-402.5
  0
HATCH
  5
6BD
330
17
100
AcDbEntity
  8
G-r_bm1
 62
7
420
1725046
100
AcDbHatch
 10
0.0
 20
0.0
 30
0.0
210
0.0
220
0.0
230
1.0
  2
SOLID
 70
1
 71
0
 91
1
 92
3
 72
0
 73
1
 93
13
 10
37587.03999999999
 20
-402.5
 10
37586.835554957725
 20
-400.94708572938487
 10
37586.2361524227
 20
-399.5
 10
37585.28264068711
 20
-398.2573593128807
 10
37584.03999999999
 20
-397.30384757729337
 10
37582.59291427061
 20
-396.7044450422656
 10
37581.03999999999
 20
-396.5
 10
37579.48708572938
 20
-396.7044450422656
 10
37578.03999999999
 20
-397.30384757729337
 10
37576.79735931288
 20
-398.2573593128807
 10
37575.843847577285
 20
-399.5
 10
37575.24444504226
 20
-400.94708572938487
 10
37575.03999999999
 20
-402.5
 97
0
 75
0
 76
1
 98
0
  0
LWPOLYLINE
  5
6BE
330
17
100
AcDbEntity
  8
G-r_bm1
100
AcDbPolyline
 90
13
 70
1
 10
37587.03999999999
 20
-402.5
 10
37586.835554957725
 20
-400.94708572938487
 10
37586.2361524227
 20
-399.5
 10
37585.28264068711
 20
-398.2573593128807
 10
37584.03999999999
 20
-397.30384757729337
 10
37582.59291427061
 20
-396.7044450422656
 10
37581.03999999999
 20
-396.5
 10
37579.48708572938
 20
-396.7044450422656
 10
37578.03999999999
 20
-397.30384757729337
 10
37576.79735931288
 20
-398.2573593128807
 10
37575.843847577285
 20
-399.5
 10
37575.24444504226
 20
-400.94708572938487
 10
37575.03999999999
 20
-402.5
  0
HATCH
  5
6BF
330
17
100
AcDbEntity
  8
G-r_bm1
 62
7
420
1725046
100
AcDbHatch
 10
0.0
 20
0.0
 30
0.0
210
0.0
220
0.0
230
1.0
  2
SOLID
 70
1
 71
0
 91
1
 92
3
 72
0
 73
1
 93
4
 10
37575.03999999999
 20
-592.5
 10
37575.03999999999
 20
-442.5
 10
37587.03999999999
 20
-442.5
 10
37587.03999999999
 20
-592.5
 97
0
 75
0
 76
1
 98
0
  0
LWPOLYLINE
  5
6C0
330
17
100
AcDbEntity
  8
G-r_bm1
100
AcDbPolyline
 90
4
 70
1
 10
37575.03999999999
 20
-592.5
 10
37575.03999999999
 20
-442.5
 10
37587.03999999999
 20
-442.5
 10
37587.03999999999
 20
-592.5
  0
HATCH
  5
6C1
330
17
100
AcDbEntity
  8
G-r_bm1
 62
7
420
1725046
100
AcDbHatch
 10
0.0
 20
0.0
 30
0.0
210
0.0
220
0.0
230
1.0
  2
SOLID
 70
1
 71
0
 91
1
 92
3
 72
0
 73
1
 93
13
 10
37575.03999999999
 20
-592.5
 10
37575.24444504226
 20
-594.0529142706151
 10
37575.843847577285
 20
-595.5
 10
37576.79735931288
 20
-596.7426406871193
 10
37578.03999999999
 20
-597.6961524227066
 10
37579.48708572938
 20
-598.2955549577343
 10
37581.03999999999
 20
-598.5
 10
37582.59291427061
 20
-598.2955549577343
 10
37584.03999999999
 20
-597.6961524227066
 10
37585.28264068711
 20
-596.7426406871193
 10
37586.2361524227
 20
-595.5
 10
37586.835554957725
 20
-594.0529142706151
 10
37587.03999999999
 20
-592.5
 97
0
 75
0
 76
1
 98
0
  0
LWPOLYLINE
  5
6C2
330
17
100
AcDbEntity
  8
G-r_bm1
100
AcDbPolyline
 90
13
 70
1
 10
37575.03999999999
 20
-592.5
 10
37575.24444504226
 20
-594.0529142706151
 10
37575.843847577285
 20
-595.5
 10
37576.79735931288
 20
-596.7426406871193
 10
37578.03999999999
 20
-597.6961524227066
 10
37579.48708572938
 20
-598.2955549577343
 10
37581.03999999999
 20
-598.5
 10
37582.59291427061
 20
-598.2955549577343
 10
37584.03999999999
 20
-597.6961524227066
 10
37585.28264068711
 20
-596.7426406871193
 10
37586.2361524227
 20
-595.5
 10
37586.835554957725
 20
-594.0529142706151
 10
37587.03999999999
 20
-592.5
  0
HATCH
  5
6C3
330
17
100
AcDbEntity
  8
G-r_bm1
 62
7
420
1725046
100
AcDbHatch
 10
0.0
 20
0.0
 30
0.0
210
0.0
220
0.0
230
1.0
  2
SOLID
 70
1
 71
0
 91
1
 92
3
 72
0
 73
1
 93
4
 10
37775.03999999999
 20
-402.5
 10
37775.03999999999
 20
-552.5
 10
37763.03999999999
 20
-552.5
 10
37763.03999999999
 20
-402.5
 97
0
 75
0
 76
1
 98
0
  0
LWPOLYLINE
  5
6C4
330
17
100
AcDbEntity
  8
G-r_bm1
100
AcDbPolyline
 90
4
 70
1
 10
37775.03999999999
 20
-402.5
 10
37775.03999999999
 20
-552.5
 10
37763.03999999999
 20
-552.5
 10
37763.03999999999
 20
-402.5
  0
HATCH
  5
6C5
330
17
100
AcDbEntity
  8
G-r_bm1
 62
7
420
1725046
100
AcDbHatch
 10
0.0
 20
0.0
 30
0.0
210
0.0
220
0.0
230
1.0
  2
SOLID
 70
1
 71
0
 91
1
 92
3
 72
0
 73
1
 93
13
 10
37775.03999999999
 20
-402.5
 10
37774.835554957725
 20
-400.94708572938487
 10
37774.2361524227
 20
-399.5
 10
37773.28264068711
 20
-398.2573593128807
 10
37772.03999999999
 20
-397.30384757729337
 10
37770.59291427061
 20
-396.7044450422656
 10
37769.03999999999
 20
-396.5
 10
37767.48708572938
 20
-396.7044450422656
 10
37766.03999999999
 20
-397.30384757729337
 10
37764.79735931288
 20
-398.2573593128807
 10
37763.843847577285
 20
-399.5
 10
37763.24444504226
 20
-400.94708572938487
 10
37763.03999999999
 20
-402.5
 97
0
 75
0
 76
1
 98
0
  0
LWPOLYLINE
  5
6C6
330
17
100
AcDbEntity
  8
G-r_bm1
100
AcDbPolyline
 90
13
 70
1
 10
37775.03999999999
 20
-402.5
 10
37774.835554957725
 20
-400.94708572938487
 10
37774.2361524227
 20
-399.5
 10
37773.28264068711
 20
-398.2573593128807
 10
37772.03999999999
 20
-397.30384757729337
 10
37770.59291427061
 20
-396.7044450422656
 10
37769.03999999999
 20
-396.5
 10
37767.48708572938
 20
-396.7044450422656
 10
37766.03999999999
 20
-397.30384757729337
 10
37764.79735931288
 20
-398.2573593128807
 10
37763.843847577285
 20
-399.5
 10
37763.24444504226
 20
-400.94708572938487
 10
37763.03999999999
 20
-402.5
  0
HATCH
  5
6C7
330
17
100
AcDbEntity
  8
G-r_bm1
 62
7
420
1725046
100
AcDbHatch
 10
0.0
 20
0.0
 30
0.0
210
0.0
220
0.0
230
1.0
  2
SOLID
 70
1
 71
0
 91
1
 92
3
 72
0
 73
1
 93
4
 10
37763.03999999999
 20
-592.5
 10
37763.03999999999
 20
-442.5
 10
37775.03999999999
 20
-442.5
 10
37775.03999999999
 20
-592.5
 97
0
 75
0
 76
1
 98
0
  0
LWPOLYLINE
  5
6C8
330
17
100
AcDbEntity
  8
G-r_bm1
100
AcDbPolyline
 90
4
 70
1
 10
37763.03999999999
 20
-592.5
 10
37763.03999999999
 20
-442.5
 10
37775.03999999999
 20
-442.5
 10
37775.03999999999
 20
-592.5
  0
HATCH
  5
6C9
330
17
100
AcDbEntity
  8
G-r_bm1
 62
7
420
1725046
100
AcDbHatch
 10
0.0
 20
0.0
 30
0.0
210
0.0
220
0.0
230
1.0
  2
SOLID
 70
1
 71
0
 91
1
 92
3
 72
0
 73
1
 93
13
 10
37763.03999999999
 20
-592.5
 10
37763.24444504226
 20
-594.0529142706151
 10
37763.843847577285
 20
-595.5
 10
37764.79735931288
 20
-596.7426406871193
 10
37766.03999999999
 20
-597.6961524227066
 10
37767.48708572938
 20
-598.2955549577343
 10
37769.03999999999
 20
-598.5
 10
37770.59291427061
 20
-598.2955549577343
 10
37772.03999999999
 20
-597.6961524227066
 10
37773.28264068711
 20
-596.7426406871193
 10
37774.2361524227
 20
-595.5
 10
37774.835554957725
 20
-594.0529142706151
 10
37775.03999999999
 20
-592.5
 97
0
 75
0
 76
1
 98
0
  0
LWPOLYLINE
  5
6CA
330
17
100
AcDbEntity
  8
G-r_bm1
100
AcDbPolyline
 90
13
 70
1
 10
37763.03999999999
 20
-592.5
 10
37763.24444504226
 20
-594.0529142706151
 10
37763.843847577285
 20
-595.5
 10
37764.79735931288
 20
-596.7426406871193
 10
37766.03999999999
 20
-597.6961524227066
 10
37767.48708572938
 20
-598.2955549577343
 10
37769.03999999999
 20
-598.5
 10
37770.59291427061
 20
-598.2955549577343
 10
37772.03999999999
 20
-597.6961524227066
 10
37773.28264068711
 20
-596.7426406871193
 10
37774.2361524227
 20
-595.5
 10
37774.835554957725
 20
-594.0529142706151
 10
37775.03999999999
 20
-592.5
  0
HATCH
  5
6CB
330
17
100
AcDbEntity
  8
G-r_bas
 62
7
420
15105570
100
AcDbHatch
 10
0.0
 20
0.0
 30
0.0
210
0.0
220
0.0
230
1.0
  2
SOLID
 70
1
 71
0
 91
1
 92
3
 72
0
 73
1
 93
4
 10
37599.03999999999
 20
-402.5
 10
37599.03999999999
 20
-596.5
 10
37587.03999999999
 20
-596.5
 10
37587.03999999999
 20
-402.5
 97
0
 75
0
 76
1
 98
0
  0
LWPOLYLINE
  5
6CC
330
17
100
AcDbEntity
  8
G-r_bas
100
AcDbPolyline
 90
4
 70
1
 10
37599.03999999999
 20
-402.5
 10
37599.03999999999
 20
-596.5
 10
37587.03999999999
 20
-596.5
 10
37587.03999999999
 20
-402.5
  0
HATCH
  5
6CD
330
17
100
AcDbEntity
  8
G-r_bas
 62
7
420
15105570
100
AcDbHatch
 10
0.0
 20
0.0
 30
0.0
210
0.0
220
0.0
230
1.0
  2
SOLID
 70
1
 71
0
 91
1
 92
3
 72
0
 73
1
 93
13
 10
37599.03999999999
 20
-402.5
 10
37598.835554957725
 20
-400.94708572938487
 10
37598.2361524227
 20
-399.5
 10
37597.28264068711
 20
-398.2573593128807
 10
37596.03999999999
 20
-397.30384757729337
 10
37594.59291427061
 20
-396.7044450422656
 10
37593.03999999999
 20
-396.5
 10
37591.48708572938
 20
-396.7044450422656
 10
37590.03999999999
 20
-397.30384757729337
 10
37588.79735931288
 20
-398.2573593128807
 10
37587.843847577285
 20
-399.5
 10
37587.24444504226
 20
-400.94708572938487
 10
37587.03999999999
 20
-402.5
 97
0
 75
0
 76
1
 98
0
  0
LWPOLYLINE
  5
6CE
330
17
100
AcDbEntity
  8
G-r_bas
100
AcDbPolyline
 90
13
 70
1
 10
37599.03999999999
 20
-402.5
 10
37598.835554957725
 20
-400.94708572938487
 10
37598.2361524227
 20
-399.5
 10
37597.28264068711
 20
-398.2573593128807
 10
37596.03999999999
 20
-397.30384757729337
 10
37594.59291427061
 20
-396.7044450422656
 10
37593.03999999999
 20
-396.5
 10
37591.48708572938
 20
-396.7044450422656
 10
37590.03999999999
 20
-397.30384757729337
 10
37588.79735931288
 20
-398.2573593128807
 10
37587.843847577285
 20
-399.5
 10
37587.24444504226
 20
-400.94708572938487
 10
37587.03999999999
 20
-402.5
  0
HATCH
  5
6CF
330
17
100
AcDbEntity
  8
G-r_bas
 62
7
420
15105570
100
AcDbHatch
 10
0.0
 20
0.0
 30
0.0
210
0.0
220
0.0
230
1.0
  2
SOLID
 70
1
 71
0
 91
1
 92
3
 72
0
 73
1
 93
4
 10
37763.03999999999
 20
-402.5
 10
37763.03999999999
 20
-596.5
 10
37751.03999999999
 20
-596.5
 10
37751.03999999999
 20
-402.5
 97
0
 75
0
 76
1
 98
0
  0
LWPOLYLINE
  5
6D0
330
17
100
AcDbEntity
  8
G-r_bas
100
AcDbPolyline
 90
4
 70
1
 10
37763.03999999999
 20
-402.5
 10
37763.03999999999
 20
-596.5
 10
37751.03999999999
 20
-596.5
 10
37751.03999999999
 20
-402.5
  0
HATCH
  5
6D1
330
17
100
AcDbEntity
  8
G-r_bas
 62
7
420
15105570
100
AcDbHatch
 10
0.0
 20
0.0
 30
0.0
210
0.0
220
0.0
230
1.0
  2
SOLID
 70
1
 71
0
 91
1
 92
3
 72
0
 73
1
 93
13
 10
37763.03999999999
 20
-402.5
 10
37762.835554957725
 20
-400.94708572938487
 10
37762.2361524227
 20
-399.5
 10
37761.28264068711
 20
-398.2573593128807
 10
37760.03999999999
 20
-397.30384757729337
 10
37758.59291427061
 20
-396.7044450422656
 10
37757.03999999999
 20
-396.5
 10
37755.48708572938
 20
-396.7044450422656
 10
37754.03999999999
 20
-397.30384757729337
 10
37752.79735931288
 20
-398.2573593128807
 10
37751.843847577285
 20
-399.5
 10
37751.24444504226
 20
-400.94708572938487
 10
37751.03999999999
 20
-402.5
 97
0
 75
0
 76
1
 98
0
  0
LWPOLYLINE
  5
6D2
330
17
100
AcDbEntity
  8
G-r_bas
100
AcDbPolyline
 90
13
 70
1
 10
37763.03999999999
 20
-402.5
 10
37762.835554957725
 20
-400.94708572938487
 10
37762.2361524227
 20
-399.5
 10
37761.28264068711
 20
-398.2573593128807
 10
37760.03999999999
 20
-397.30384757729337
 10
37758.59291427061
 20
-396.7044450422656
 10
37757.03999999999
 20
-396.5
 10
37755.48708572938
 20
-396.7044450422656
 10
37754.03999999999
 20
-397.30384757729337
 10
37752.79735931288
 20
-398.2573593128807
 10
37751.843847577285
 20
-399.5
 10
37751.24444504226
 20
-400.94708572938487
 10
37751.03999999999
 20
-402.5
  0
HATCH
  5
6D3
330
17
100
AcDbEntity
  8
G-r_bas
 62
7
420
15105570
100
AcDbHatch
 10
0.0
 20
0.0
 30
0.0
210
0.0
220
0.0
230
1.0
  2
SOLID
 70
1
 71
0
 91
1
 92
3
 72
0
 73
1
 93
26
 10
36589.03999999999
 20
-414.5
 10
37778.041548103014
 20
-414.5
 10
37782.89237077473
 20
-414.86333667122096
 10
37787.62526007691
 20
-415.9996028617496
 10
37792.122128464325
 20
-417.8622667360269
 10
37796.272248113055
 20
-420.4054633276411
 10
37799.97342930387
 20
-423.5665706961212
 10
37803.134536672354
 20
-427.26775188694114
 10
37805.67773326397
 20
-431.41787153566696
 10
37807.54039713825
 20
-435.9147399230896
 10
37808.67666332877
 20
-440.64762922526006
 10
37809.057710147856
 20
-445.48928812264296
 10
37809.03999999999
 20
-614.5
 10
37797.03999999999
 20
-614.5
 10
37797.02228985213
 20
-445.51071187735704
 10
37796.78775370097
 20
-442.5306475227284
 10
37796.0924286765
 20
-439.63441035816305
 10
37794.95259294544
 20
-436.8826034773557
 10
37793.39631304638
 20
-434.3429854984352
 10
37791.46190975544
 20
-432.0780902445515
 10
37789.19701450156
 20
-430.1436869536115
 10
37786.657396522634
 20
-428.5874070545547
 10
37783.90558964183
 20
-427.4475713234927
 10
37781.00935247727
 20
-426.75224629902215
 10
37778.03845189697
 20
-426.5
 10
36589.03999999999
 20
-426.5
 97
0
 75
0
 76
1
 98
0
  0
LWPOLYLINE
  5
6D4
330
17
100
AcDbEntity
  8
G-r_bas
100
AcDbPolyline
 90
26
 70
1
 10
36589.03999999999
 20
-414.5
 10
37778.041548103014
 20
-414.5
 10
37782.89237077473
 20
-414.86333667122096
 10
37787.62526007691
 20
-415.9996028617496
 10
37792.122128464325
 20
-417.8622667360269
 10
37796.272248113055
 20
-420.4054633276411
 10
37799.97342930387
 20
-423.5665706961212
 10
37803.134536672354
 20
-427.26775188694114
 10
37805.67773326397
 20
-431.41787153566696
 10
37807.54039713825
 20
-435.9147399230896
 10
37808.67666332877
 20
-440.64762922526006
 10
37809.057710147856
 20
-445.48928812264296
 10
37809.03999999999
 20
-614.5
 10
37797.03999999999
 20
-614.5
 10
37797.02228985213
 20
-445.51071187735704
 10
37796.78775370097
 20
-442.5306475227284
 10
37796.0924286765
 20
-439.63441035816305
 10
37794.95259294544
 20
-436.8826034773557
 10
37793.39631304638
 20
-434.3429854984352
 10
37791.46190975544
 20
-432.0780902445515
 10
37789.19701450156
 20
-430.1436869536115
 10
37786.657396522634
 20
-428.5874070545547
 10
37783.90558964183
 20
-427.4475713234927
 10
37781.00935247727
 20
-426.75224629902215
 10
37778.03845189697
 20
-426.5
 10
36589.03999999999
 20
-426.5
  0
HATCH
  5
6D5
330
17
100
AcDbEntity
  8
G-r_anc
 62
7
420
12597547
100
AcDbHatch
 10
0.0
 20
0.0
 30
0.0
210
0.0
220
0.0
230
1.0
  2
SOLID
 70
1
 71
0
 91
1
 92
3
 72
0
 73
1
 93
4
 10
37530.03999999999
 20
-376.5
 10
37970.03999999999
 20
-376.5
 10
37970.03999999999
 20
-392.5
 10
37530.03999999999
 20
-392.5
 97
0
 75
0
 76
1
 98
0
  0
LWPOLYLINE
  5
6D6
330
17
100
AcDbEntity
  8
G-r_anc
100
AcDbPolyline
 90
4
 70
1
 10
37530.03999999999
 20
-376.5
 10
37970.03999999999
 20
-376.5
 10
37970.03999999999
 20
-392.5
 10
37530.03999999999
 20
-392.5
  0
HATCH
  5
6D7
330
17
100
AcDbEntity
  8
G-r_bp
 62
7
420
3428459
100
AcDbHatch
 10
0.0
 20
0.0
 30
0.0
210
0.0
220
0.0
230
1.0
  2
SOLID
 70
1
 71
0
 91
1
 92
3
 72
0
 73
1
 93
4
 10
37554.03999999999
 20
-409.5
 10
37566.03999999999
 20
-409.5
 10
37566.03999999999
 20
-359.5
 10
37554.03999999999
 20
-359.5
 97
0
 75
0
 76
1
 98
0
  0
LWPOLYLINE
  5
6D8
330
17
100
AcDbEntity
  8
G-r_bp
100
AcDbPolyline
 90
4
 70
1
 10
37554.03999999999
 20
-409.5
 10
37566.03999999999
 20
-409.5
 10
37566.03999999999
 20
-359.5
 10
37554.03999999999
 20
-359.5
  0
HATCH
  5
6D9
330
17
100
AcDbEntity
  8
G-r_anc
 62
7
420
12597547
100
AcDbHatch
 10
0.0
 20
0.0
 30
0.0
210
0.0
220
0.0
230
1.0
  2
SOLID
 70
1
 71
0
 91
1
 92
3
 72
0
 73
1
 93
4
 10
37530.03999999999
 20
-487.5
 10
37970.03999999999
 20
-487.5
 10
37970.03999999999
 20
-503.5
 10
37530.03999999999
 20
-503.5
 97
0
 75
0
 76
1
 98
0
  0
LWPOLYLINE
  5
6DA
330
17
100
AcDbEntity
  8
G-r_anc
100
AcDbPolyline
 90
4
 70
1
 10
37530.03999999999
 20
-487.5
 10
37970.03999999999
 20
-487.5
 10
37970.03999999999
 20
-503.5
 10
37530.03999999999
 20
-503.5
  0
HATCH
  5
6DB
330
17
100
AcDbEntity
  8
G-r_bp
 62
7
420
3428459
100
AcDbHatch
 10
0.0
 20
0.0
 30
0.0
210
0.0
220
0.0
230
1.0
  2
SOLID
 70
1
 71
0
 91
1
 92
3
 72
0
 73
1
 93
4
 10
37554.03999999999
 20
-520.5
 10
37566.03999999999
 20
-520.5
 10
37566.03999999999
 20
-470.5
 10
37554.03999999999
 20
-470.5
 97
0
 75
0
 76
1
 98
0
  0
LWPOLYLINE
  5
6DC
330
17
100
AcDbEntity
  8
G-r_bp
100
AcDbPolyline
 90
4
 70
1
 10
37554.03999999999
 20
-520.5
 10
37566.03999999999
 20
-520.5
 10
37566.03999999999
 20
-470.5
 10
37554.03999999999
 20
-470.5
  0
HATCH
  5
6DD
330
17
100
AcDbEntity
  8
G-r_anc
 62
7
420
12597547
100
AcDbHatch
 10
0.0
 20
0.0
 30
0.0
210
0.0
220
0.0
230
1.0
  2
SOLID
 70
1
 71
0
 91
1
 92
1
 93
1
 72
2
 10
37635.03999999999
 20
-364.5
 40
8.0
 50
0.0
 51
360.0
 73
1
 97
0
 75
0
 76
1
 98
0
  0
CIRCLE
  5
6DE
330
17
100
AcDbEntity
  8
G-r_anc
100
AcDbCircle
 10
37635.03999999999
 20
-364.5
 30
0.0
 40
8.0
  0
HATCH
  5
6DF
330
17
100
AcDbEntity
  8
G-r_anc
 62
7
420
12597547
100
AcDbHatch
 10
0.0
 20
0.0
 30
0.0
210
0.0
220
0.0
230
1.0
  2
SOLID
 70
1
 71
0
 91
1
 92
1
 93
1
 72
2
 10
37715.03999999999
 20
-364.5
 40
8.0
 50
0.0
 51
360.0
 73
1
 97
0
 75
0
 76
1
 98
0
  0
CIRCLE
  5
6E0
330
17
100
AcDbEntity
  8
G-r_anc
100
AcDbCircle
 10
37715.03999999999
 20
-364.5
 30
0.0
 40
8.0
  0
HATCH
  5
6E1
330
17
100
AcDbEntity
  8
G-r_anc
 62
7
420
12597547
100
AcDbHatch
 10
0.0
 20
0.0
 30
0.0
210
0.0
220
0.0
230
1.0
  2
SOLID
 70
1
 71
0
 91
1
 92
1
 93
1
 72
2
 10
37635.03999999999
 20
-520.5
 40
8.0
 50
0.0
 51
360.0
 73
1
 97
0
 75
0
 76
1
 98
0
  0
CIRCLE
  5
6E2
330
17
100
AcDbEntity
  8
G-r_anc
100
AcDbCircle
 10
37635.03999999999
 20
-520.5
 30
0.0
 40
8.0
  0
HATCH
  5
6E3
330
17
100
AcDbEntity
  8
G-r_anc
 62
7
420
12597547
100
AcDbHatch
 10
0.0
 20
0.0
 30
0.0
210
0.0
220
0.0
230
1.0
  2
SOLID
 70
1
 71
0
 91
1
 92
1
 93
1
 72
2
 10
37715.03999999999
 20
-520.5
 40
8.0
 50
0.0
 51
360.0
 73
1
 97
0
 75
0
 76
1
 98
0
  0
CIRCLE
  5
6E4
330
17
100
AcDbEntity
  8
G-r_anc
100
AcDbCircle
 10
37715.03999999999
 20
-520.5
 30
0.0
 40
8.0
  0
HATCH
  5
6E5
330
17
100
AcDbEntity
  8
G-r_eplate
 62
7
420
15068145
100
AcDbHatch
 10
0.0
 20
0.0
 30
0.0
210
0.0
220
0.0
230
1.0
  2
SOLID
 70
1
 71
0
 91
1
 92
3
 72
0
 73
1
 93
4
 10
37605.03999999999
 20
-582.5
 10
37745.03999999999
 20
-582.5
 10
37745.03999999999
 20
-322.5
 10
37605.03999999999
 20
-322.5
 97
0
 75
0
 76
1
 98
0
  0
LWPOLYLINE
  5
6E6
330
17
100
AcDbEntity
  8
G-r_eplate
100
AcDbPolyline
 90
4
 70
1
 10
37605.03999999999
 20
-582.5
 10
37745.03999999999
 20
-582.5
 10
37745.03999999999
 20
-322.5
 10
37605.03999999999
 20
-322.5
  0
HATCH
  5
6E7
330
17
100
AcDbEntity
  8
G-r_ipe
 62
7
420
15199730
100
AcDbHatch
 10
0.0
 20
0.0
 30
0.0
210
0.0
220
0.0
230
1.0
  2
SOLID
 70
1
 71
0
 91
1
 92
3
 72
0
 73
1
 93
12
 10
37615.03999999999
 20
-322.5
 10
37735.03999999999
 20
-322.5
 10
37735.03999999999
 20
-332.3
 10
37678.13999999999
 20
-332.3
 10
37678.13999999999
 20
-552.7
 10
37735.03999999999
 20
-552.7
 10
37735.03999999999
 20
-562.5
 10
37615.03999999999
 20
-562.5
 10
37615.03999999999
 20
-552.7
 10
37671.939999999995
 20
-552.7
 10
37671.939999999995
 20
-332.3
 10
37615.03999999999
 20
-332.3
 97
0
 75
0
 76
1
 98
0
  0
LWPOLYLINE
  5
6E8
330
17
100
AcDbEntity
  8
G-r_ipe
100
AcDbPolyline
 90
12
 70
1
 10
37615.03999999999
 20
-322.5
 10
37735.03999999999
 20
-322.5
 10
37735.03999999999
 20
-332.3
 10
37678.13999999999
 20
-332.3
 10
37678.13999999999
 20
-552.7
 10
37735.03999999999
 20
-552.7
 10
37735.03999999999
 20
-562.5
 10
37615.03999999999
 20
-562.5
 10
37615.03999999999
 20
-552.7
 10
37671.939999999995
 20
-552.7
 10
37671.939999999995
 20
-332.3
 10
37615.03999999999
 20
-332.3
  0
HATCH
  5
6E9
330
17
100
AcDbEntity
  8
G-r_grout
 62
7
420
15395042
100
AcDbHatch
 10
0.0
 20
0.0
 30
0.0
210
0.0
220
0.0
230
1.0
  2
SOLID
 70
1
 71
0
 91
1
 92
3
 72
0
 73
1
 93
4
 10
37875.03999999999
 20
-582.5
 10
37900.03999999999
 20
-582.5
 10
37900.03999999999
 20
-322.5
 10
37875.03999999999
 20
-322.5
 97
0
 75
0
 76
1
 98
0
  0
LWPOLYLINE
  5
6EA
330
17
100
AcDbEntity
  8
G-r_grout
100
AcDbPolyline
 90
4
 70
1
 10
37875.03999999999
 20
-582.5
 10
37900.03999999999
 20
-582.5
 10
37900.03999999999
 20
-322.5
 10
37875.03999999999
 20
-322.5
  0
HATCH
  5
6EB
330
17
100
AcDbEntity
  8
G-r_eplate
 62
7
420
15068145
100
AcDbHatch
 10
0.0
 20
0.0
 30
0.0
210
0.0
220
0.0
230
1.0
  2
SOLID
 70
1
 71
0
 91
1
 92
3
 72
0
 73
1
 93
4
 10
37900.03999999999
 20
-582.5
 10
37912.03999999999
 20
-582.5
 10
37912.03999999999
 20
-322.5
 10
37900.03999999999
 20
-322.5
 97
0
 75
0
 76
1
 98
0
  0
LWPOLYLINE
  5
6EC
330
17
100
AcDbEntity
  8
G-r_eplate
100
AcDbPolyline
 90
4
 70
1
 10
37900.03999999999
 20
-582.5
 10
37912.03999999999
 20
-582.5
 10
37912.03999999999
 20
-322.5
 10
37900.03999999999
 20
-322.5
  0
HATCH
  5
6ED
330
17
100
AcDbEntity
  8
G-r_ipe
 62
7
420
15199730
100
AcDbHatch
 10
0.0
 20
0.0
 30
0.0
210
0.0
220
0.0
230
1.0
  2
SOLID
 70
1
 71
0
 91
1
 92
3
 72
0
 73
1
 93
4
 10
37912.03999999999
 20
-562.5
 10
38262.03999999999
 20
-562.5
 10
38262.03999999999
 20
-322.5
 10
37912.03999999999
 20
-322.5
 97
0
 75
0
 76
1
 98
0
  0
LWPOLYLINE
  5
6EE
330
17
100
AcDbEntity
  8
G-r_ipe
100
AcDbPolyline
 90
4
 70
1
 10
37912.03999999999
 20
-562.5
 10
38262.03999999999
 20
-562.5
 10
38262.03999999999
 20
-322.5
 10
37912.03999999999
 20
-322.5
  0
HATCH
  5
6EF
330
17
100
AcDbEntity
  8
G-r_ipef
 62
7
420
10861005
100
AcDbHatch
 10
0.0
 20
0.0
 30
0.0
210
0.0
220
0.0
230
1.0
  2
SOLID
 70
1
 71
0
 91
1
 92
3
 72
0
 73
1
 93
4
 10
37912.03999999999
 20
-332.3
 10
38262.03999999999
 20
-332.3
 10
38262.03999999999
 20
-322.5
 10
37912.03999999999
 20
-322.5
 97
0
 75
0
 76
1
 98
0
  0
LWPOLYLINE
  5
6F0
330
17
100
AcDbEntity
  8
G-r_ipef
100
AcDbPolyline
 90
4
 70
1
 10
37912.03999999999
 20
-332.3
 10
38262.03999999999
 20
-332.3
 10
38262.03999999999
 20
-322.5
 10
37912.03999999999
 20
-322.5
  0
HATCH
  5
6F1
330
17
100
AcDbEntity
  8
G-r_ipef
 62
7
420
10861005
100
AcDbHatch
 10
0.0
 20
0.0
 30
0.0
210
0.0
220
0.0
230
1.0
  2
SOLID
 70
1
 71
0
 91
1
 92
3
 72
0
 73
1
 93
4
 10
37912.03999999999
 20
-562.5
 10
38262.03999999999
 20
-562.5
 10
38262.03999999999
 20
-552.7
 10
37912.03999999999
 20
-552.7
 97
0
 75
0
 76
1
 98
0
  0
LWPOLYLINE
  5
6F2
330
17
100
AcDbEntity
  8
G-r_ipef
100
AcDbPolyline
 90
4
 70
1
 10
37912.03999999999
 20
-562.5
 10
38262.03999999999
 20
-562.5
 10
38262.03999999999
 20
-552.7
 10
37912.03999999999
 20
-552.7
  0
TEXT
  5
6F3
330
17
100
AcDbEntity
  8
T-small
 62
47
420
4473924
100
AcDbText
 10
38087.03999999999
 20
-607.5
 30
0.0
 40
22.86
  1
IPE 240 D4X (después)
  7
ESTANDAR
 72
1
 11
38087.03999999999
 21
-607.5
 31
0.0
100
AcDbText
  0
TEXT
  5
6F4
330
17
100
AcDbEntity
  8
T-label
 62
49
420
2236962
100
AcDbText
 10
37675.03999999999
 20
-187.5
 30
0.0
 40
22.86
  1
columna D4
  7
ESTANDAR
 72
1
 11
37675.03999999999
 21
-187.5
 31
0.0
100
AcDbText
  0
TEXT
  5
6F5
330
17
100
AcDbEntity
  8
T-bsm
 62
156
420
929604
100
AcDbText
 10
36975.03999999999
 20
-297.5
 30
0.0
 40
22.86
  1
VCS eje 4: 3Ø12 + 3Ø12, gancho contra los estribos
  7
NEGRITA
 72
1
 11
36975.03999999999
 21
-297.5
 31
0.0
100
AcDbText
  0
TEXT
  5
6F6
330
17
100
AcDbEntity
  8
T-hk
 62
44
420
8017152
100
AcDbText
 10
36975.03999999999
 20
-455.5
 30
0.0
 40
22.86
  1
bastones D4X (a 98)
  7
NEGRITA
 72
1
 11
36975.03999999999
 21
-455.5
 31
0.0
100
AcDbText
  0
TEXT
  5
6F7
330
17
100
AcDbEntity
  8
T-anc
 62
22
420
11088422
100
AcDbText
 10
37535.03999999999
 20
-540.5
 30
0.0
 40
22.86
  1
A1 de D4X
  7
NEGRITA
 72
1
 11
37535.03999999999
 21
-540.5
 31
0.0
100
AcDbText
  0
TEXT
  5
6F8
330
17
100
AcDbEntity
  8
T-small
 62
47
420
4473924
100
AcDbText
 10
37675.03999999999
 20
-852.5
 30
0.0
 40
22.86
  1
D4Y: placa, A1 y bastones de frente (iguales a C4)
  7
ESTANDAR
 72
1
 11
37675.03999999999
 21
-852.5
 31
0.0
100
AcDbText
  0
LINE
  5
6F9
330
17
100
AcDbEntity
  8
G-cut
100
AcDbLine
 10
37970.03999999999
 20
-384.5
 30
0.0
 11
38332.03999999999
 21
-384.5
 31
0.0
  0
LINE
  5
6FA
330
17
100
AcDbEntity
  8
G-cut
100
AcDbLine
 10
37970.03999999999
 20
-495.5
 30
0.0
 11
38332.03999999999
 21
-495.5
 31
0.0
  0
LINE
  5
6FB
330
17
100
AcDbEntity
  8
G-cut
100
AcDbLine
 10
37635.03999999999
 20
-520.5
 30
0.0
 11
37635.03999999999
 21
-922.5
 31
0.0
  0
LINE
  5
6FC
330
17
100
AcDbEntity
  8
G-cut
100
AcDbLine
 10
37715.03999999999
 20
-520.5
 30
0.0
 11
37715.03999999999
 21
-922.5
 31
0.0
  0
DIMENSION
  5
6FD
330
17
100
AcDbEntity
  8
COTAS
100
AcDbDimension
280
0
  2
*D43
  3
COTAS_1-10
 10
38292.03999999999
 20
-322.5
 30
0.0
 11
38307.183999999994
 21
-353.5
 31
0.0
 70
32
 71
5
  1
<>
100
AcDbAlignedDimension
 13
38332.03999999999
 23
-322.5
 33
0.0
 14
38332.03999999999
 24
-384.5
 34
0.0
 50
-90.0
100
AcDbRotatedDimension
  0
DIMENSION
  5
6FE
330
17
100
AcDbEntity
  8
COTAS
100
AcDbDimension
280
0
  2
*D44
  3
COTAS_1-10
 10
38292.03999999999
 20
-384.5
 30
0.0
 11
38307.183999999994
 21
-440.0
 31
0.0
 70
32
 71
5
  1
<>
100
AcDbAlignedDimension
 13
38332.03999999999
 23
-384.5
 33
0.0
 14
38332.03999999999
 24
-495.5
 34
0.0
 50
-90.0
100
AcDbRotatedDimension
  0
DIMENSION
  5
6FF
330
17
100
AcDbEntity
  8
COTAS
100
AcDbDimension
280
0
  2
*D45
  3
COTAS_1-10
 10
37635.03999999999
 20
-922.5
 30
0.0
 11
37675.03999999999
 21
-898.5365555555555
 31
0.0
 70
32
 71
5
  1
<> (A1 de D4Y)
100
AcDbAlignedDimension
 13
37635.03999999999
 23
-922.5
 33
0.0
 14
37715.03999999999
 24
-922.5
 34
0.0
 50
0.0
100
AcDbRotatedDimension
  0
DIMENSION
  5
700
330
17
100
AcDbEntity
  8
COTAS
100
AcDbDimension
280
0
  2
*D46
  3
COTAS_1-10
 10
36535.03999999999
 20
-322.5
 30
0.0
 11
36550.183999999994
 21
-362.5
 31
0.0
 70
32
 71
5
  1
<>
100
AcDbAlignedDimension
 13
36475.03999999999
 23
-322.5
 33
0.0
 14
36475.03999999999
 24
-402.5
 34
0.0
 50
-90.0
100
AcDbRotatedDimension
  0
DIMENSION
  5
701
330
17
100
AcDbEntity
  8
COTAS
100
AcDbDimension
280
0
  2
*D47
  3
COTAS_1-10
 10
36535.03999999999
 20
-402.5
 30
0.0
 11
36559.00344444444
 21
-411.5
 31
0.0
 70
32
 71
5
  1
<>
100
AcDbAlignedDimension
 13
36475.03999999999
 23
-402.5
 33
0.0
 14
36475.03999999999
 24
-420.5
 34
0.0
 50
-90.0
100
AcDbRotatedDimension
  0
DIMENSION
  5
702
330
17
100
AcDbEntity
  8
COTAS
100
AcDbDimension
280
0
  2
*D48
  3
COTAS_1-10
 10
37535.03999999999
 20
-322.5
 30
0.0
 11
37550.183999999994
 21
-343.5
 31
0.0
 70
32
 71
5
  1
<>
100
AcDbAlignedDimension
 13
37475.03999999999
 23
-322.5
 33
0.0
 14
37475.03999999999
 24
-364.5
 34
0.0
 50
-90.0
100
AcDbRotatedDimension
  0
DIMENSION
  5
703
330
17
100
AcDbEntity
  8
COTAS
100
AcDbDimension
280
0
  2
*D49
  3
COTAS_1-10
 10
37535.03999999999
 20
-364.5
 30
0.0
 11
37550.183999999994
 21
-442.5
 31
0.0
 70
32
 71
5
  1
<>
100
AcDbAlignedDimension
 13
37475.03999999999
 23
-364.5
 33
0.0
 14
37475.03999999999
 24
-520.5
 34
0.0
 50
-90.0
100
AcDbRotatedDimension
  0
TEXT
  5
766
330
17
100
AcDbEntity
  8
MODELO_ROTULOS
100
AcDbText
 10
36180.84
 20
40.0
 30
0.0
 40
50.0
  1
detalles/08_detalle-2-4-d4-vista-desde-el-sur.dxf  1:10
  7
NEGRITA
 11
36180.84
 21
40.0
 31
0.0
100
AcDbText
  0
HATCH
  5
768
330
17
100
AcDbEntity
  8
G-r_conc
 62
7
420
16118767
100
AcDbHatch
 10
0.0
 20
0.0
 30
0.0
210
0.0
220
0.0
230
1.0
  2
SOLID
 70
1
 71
0
 91
1
 92
3
 72
0
 73
1
 93
4
 10
39159.74999999999
 20
-596.25
 10
40199.74999999999
 20
-596.25
 10
40199.74999999999
 20
-246.25
 10
39159.74999999999
 20
-246.25
 97
0
 75
0
 76
1
 98
0
  0
LWPOLYLINE
  5
769
330
17
100
AcDbEntity
  8
G-r_conc
100
AcDbPolyline
 90
4
 70
1
 10
39159.74999999999
 20
-596.25
 10
40199.74999999999
 20
-596.25
 10
40199.74999999999
 20
-246.25
 10
39159.74999999999
 20
-246.25
  0
LINE
  5
76A
330
17
100
AcDbEntity
  8
G-edge
100
AcDbLine
 10
39159.74999999999
 20
-246.25
 30
0.0
 11
39159.74999999999
 21
-596.25
 31
0.0
  0
LINE
  5
76B
330
17
100
AcDbEntity
  8
G-edge
100
AcDbLine
 10
40199.74999999999
 20
-246.25
 30
0.0
 11
40199.74999999999
 21
-596.25
 31
0.0
  0
HATCH
  5
76C
330
17
100
AcDbEntity
  8
G-r_tieS
 62
7
420
9460135
100
AcDbHatch
 10
0.0
 20
0.0
 30
0.0
210
0.0
220
0.0
230
1.0
  2
SOLID
 70
1
 71
0
 91
1
 92
3
 72
0
 73
1
 93
4
 10
39308.74999999999
 20
-291.25
 10
39308.74999999999
 20
-551.25
 10
39298.74999999999
 20
-551.25
 10
39298.74999999999
 20
-291.25
 97
0
 75
0
 76
1
 98
0
  0
LWPOLYLINE
  5
76D
330
17
100
AcDbEntity
  8
G-r_tieS
100
AcDbPolyline
 90
4
 70
1
 10
39308.74999999999
 20
-291.25
 10
39308.74999999999
 20
-551.25
 10
39298.74999999999
 20
-551.25
 10
39298.74999999999
 20
-291.25
  0
HATCH
  5
76E
330
17
100
AcDbEntity
  8
G-r_tieS
 62
7
420
9460135
100
AcDbHatch
 10
0.0
 20
0.0
 30
0.0
210
0.0
220
0.0
230
1.0
  2
SOLID
 70
1
 71
0
 91
1
 92
3
 72
0
 73
1
 93
4
 10
39418.74999999999
 20
-291.25
 10
39418.74999999999
 20
-551.25
 10
39408.74999999999
 20
-551.25
 10
39408.74999999999
 20
-291.25
 97
0
 75
0
 76
1
 98
0
  0
LWPOLYLINE
  5
76F
330
17
100
AcDbEntity
  8
G-r_tieS
100
AcDbPolyline
 90
4
 70
1
 10
39418.74999999999
 20
-291.25
 10
39418.74999999999
 20
-551.25
 10
39408.74999999999
 20
-551.25
 10
39408.74999999999
 20
-291.25
  0
HATCH
  5
770
330
17
100
AcDbEntity
  8
G-r_tieS
 62
7
420
9460135
100
AcDbHatch
 10
0.0
 20
0.0
 30
0.0
210
0.0
220
0.0
230
1.0
  2
SOLID
 70
1
 71
0
 91
1
 92
3
 72
0
 73
1
 93
4
 10
39528.74999999999
 20
-291.25
 10
39528.74999999999
 20
-551.25
 10
39518.74999999999
 20
-551.25
 10
39518.74999999999
 20
-291.25
 97
0
 75
0
 76
1
 98
0
  0
LWPOLYLINE
  5
771
330
17
100
AcDbEntity
  8
G-r_tieS
100
AcDbPolyline
 90
4
 70
1
 10
39528.74999999999
 20
-291.25
 10
39528.74999999999
 20
-551.25
 10
39518.74999999999
 20
-551.25
 10
39518.74999999999
 20
-291.25
  0
HATCH
  5
772
330
17
100
AcDbEntity
  8
G-r_tieS
 62
7
420
9460135
100
AcDbHatch
 10
0.0
 20
0.0
 30
0.0
210
0.0
220
0.0
230
1.0
  2
SOLID
 70
1
 71
0
 91
1
 92
3
 72
0
 73
1
 93
4
 10
39638.74999999999
 20
-291.25
 10
39638.74999999999
 20
-551.25
 10
39628.74999999999
 20
-551.25
 10
39628.74999999999
 20
-291.25
 97
0
 75
0
 76
1
 98
0
  0
LWPOLYLINE
  5
773
330
17
100
AcDbEntity
  8
G-r_tieS
100
AcDbPolyline
 90
4
 70
1
 10
39638.74999999999
 20
-291.25
 10
39638.74999999999
 20
-551.25
 10
39628.74999999999
 20
-551.25
 10
39628.74999999999
 20
-291.25
  0
HATCH
  5
774
330
17
100
AcDbEntity
  8
G-r_tieS
 62
7
420
9460135
100
AcDbHatch
 10
0.0
 20
0.0
 30
0.0
210
0.0
220
0.0
230
1.0
  2
SOLID
 70
1
 71
0
 91
1
 92
3
 72
0
 73
1
 93
4
 10
39730.74999999999
 20
-291.25
 10
39730.74999999999
 20
-551.25
 10
39720.74999999999
 20
-551.25
 10
39720.74999999999
 20
-291.25
 97
0
 75
0
 76
1
 98
0
  0
LWPOLYLINE
  5
775
330
17
100
AcDbEntity
  8
G-r_tieS
100
AcDbPolyline
 90
4
 70
1
 10
39730.74999999999
 20
-291.25
 10
39730.74999999999
 20
-551.25
 10
39720.74999999999
 20
-551.25
 10
39720.74999999999
 20
-291.25
  0
HATCH
  5
776
330
17
100
AcDbEntity
  8
G-r_tieS
 62
7
420
9460135
100
AcDbHatch
 10
0.0
 20
0.0
 30
0.0
210
0.0
220
0.0
230
1.0
  2
SOLID
 70
1
 71
0
 91
1
 92
3
 72
0
 73
1
 93
4
 10
39840.74999999999
 20
-291.25
 10
39840.74999999999
 20
-551.25
 10
39830.74999999999
 20
-551.25
 10
39830.74999999999
 20
-291.25
 97
0
 75
0
 76
1
 98
0
  0
LWPOLYLINE
  5
777
330
17
100
AcDbEntity
  8
G-r_tieS
100
AcDbPolyline
 90
4
 70
1
 10
39840.74999999999
 20
-291.25
 10
39840.74999999999
 20
-551.25
 10
39830.74999999999
 20
-551.25
 10
39830.74999999999
 20
-291.25
  0
HATCH
  5
778
330
17
100
AcDbEntity
  8
G-r_tieS
 62
7
420
9460135
100
AcDbHatch
 10
0.0
 20
0.0
 30
0.0
210
0.0
220
0.0
230
1.0
  2
SOLID
 70
1
 71
0
 91
1
 92
3
 72
0
 73
1
 93
4
 10
39950.74999999999
 20
-291.25
 10
39950.74999999999
 20
-551.25
 10
39940.74999999999
 20
-551.25
 10
39940.74999999999
 20
-291.25
 97
0
 75
0
 76
1
 98
0
  0
LWPOLYLINE
  5
779
330
17
100
AcDbEntity
  8
G-r_tieS
100
AcDbPolyline
 90
4
 70
1
 10
39950.74999999999
 20
-291.25
 10
39950.74999999999
 20
-551.25
 10
39940.74999999999
 20
-551.25
 10
39940.74999999999
 20
-291.25
  0
HATCH
  5
77A
330
17
100
AcDbEntity
  8
G-r_tieS
 62
7
420
9460135
100
AcDbHatch
 10
0.0
 20
0.0
 30
0.0
210
0.0
220
0.0
230
1.0
  2
SOLID
 70
1
 71
0
 91
1
 92
3
 72
0
 73
1
 93
4
 10
40060.74999999999
 20
-291.25
 10
40060.74999999999
 20
-551.25
 10
40050.74999999999
 20
-551.25
 10
40050.74999999999
 20
-291.25
 97
0
 75
0
 76
1
 98
0
  0
LWPOLYLINE
  5
77B
330
17
100
AcDbEntity
  8
G-r_tieS
100
AcDbPolyline
 90
4
 70
1
 10
40060.74999999999
 20
-291.25
 10
40060.74999999999
 20
-551.25
 10
40050.74999999999
 20
-551.25
 10
40050.74999999999
 20
-291.25
  0
HATCH
  5
77C
330
17
100
AcDbEntity
  8
G-r_bm1
 62
7
420
1725046
100
AcDbHatch
 10
0.0
 20
0.0
 30
0.0
210
0.0
220
0.0
230
1.0
  2
SOLID
 70
1
 71
0
 91
1
 92
3
 72
0
 73
1
 93
4
 10
39159.74999999999
 20
-296.25
 10
40199.74999999999
 20
-296.25
 10
40199.74999999999
 20
-308.25
 10
39159.74999999999
 20
-308.25
 97
0
 75
0
 76
1
 98
0
  0
LWPOLYLINE
  5
77D
330
17
100
AcDbEntity
  8
G-r_bm1
100
AcDbPolyline
 90
4
 70
1
 10
39159.74999999999
 20
-296.25
 10
40199.74999999999
 20
-296.25
 10
40199.74999999999
 20
-308.25
 10
39159.74999999999
 20
-308.25
  0
HATCH
  5
77E
330
17
100
AcDbEntity
  8
G-r_bm1
 62
7
420
1725046
100
AcDbHatch
 10
0.0
 20
0.0
 30
0.0
210
0.0
220
0.0
230
1.0
  2
SOLID
 70
1
 71
0
 91
1
 92
3
 72
0
 73
1
 93
4
 10
39159.74999999999
 20
-534.25
 10
40199.74999999999
 20
-534.25
 10
40199.74999999999
 20
-546.25
 10
39159.74999999999
 20
-546.25
 97
0
 75
0
 76
1
 98
0
  0
LWPOLYLINE
  5
77F
330
17
100
AcDbEntity
  8
G-r_bm1
100
AcDbPolyline
 90
4
 70
1
 10
39159.74999999999
 20
-534.25
 10
40199.74999999999
 20
-534.25
 10
40199.74999999999
 20
-546.25
 10
39159.74999999999
 20
-546.25
  0
HATCH
  5
780
330
17
100
AcDbEntity
  8
G-r_eplate
 62
7
420
15068145
100
AcDbHatch
 10
0.0
 20
0.0
 30
0.0
210
0.0
220
0.0
230
1.0
  2
SOLID
 70
1
 71
0
 91
1
 92
3
 72
0
 73
1
 93
4
 10
39609.74999999999
 20
-466.25
 10
39749.74999999999
 20
-466.25
 10
39749.74999999999
 20
-246.25
 10
39609.74999999999
 20
-246.25
 97
0
 75
0
 76
1
 98
0
  0
LWPOLYLINE
  5
781
330
17
100
AcDbEntity
  8
G-r_eplate
100
AcDbPolyline
 90
4
 70
1
 10
39609.74999999999
 20
-466.25
 10
39749.74999999999
 20
-466.25
 10
39749.74999999999
 20
-246.25
 10
39609.74999999999
 20
-246.25
  0
HATCH
  5
782
330
17
100
AcDbEntity
  8
G-r_ipe
 62
7
420
15199730
100
AcDbHatch
 10
0.0
 20
0.0
 30
0.0
210
0.0
220
0.0
230
1.0
  2
SOLID
 70
1
 71
0
 91
1
 92
3
 72
0
 73
1
 93
12
 10
39629.74999999999
 20
-246.25
 10
39729.74999999999
 20
-246.25
 10
39729.74999999999
 20
-254.75
 10
39682.549999999996
 20
-254.75
 10
39682.549999999996
 20
-437.75
 10
39729.74999999999
 20
-437.75
 10
39729.74999999999
 20
-446.25
 10
39629.74999999999
 20
-446.25
 10
39629.74999999999
 20
-437.75
 10
39676.94999999999
 20
-437.75
 10
39676.94999999999
 20
-254.75
 10
39629.74999999999
 20
-254.75
 97
0
 75
0
 76
1
 98
0
  0
LWPOLYLINE
  5
783
330
17
100
AcDbEntity
  8
G-r_ipe
100
AcDbPolyline
 90
12
 70
1
 10
39629.74999999999
 20
-246.25
 10
39729.74999999999
 20
-246.25
 10
39729.74999999999
 20
-254.75
 10
39682.549999999996
 20
-254.75
 10
39682.549999999996
 20
-437.75
 10
39729.74999999999
 20
-437.75
 10
39729.74999999999
 20
-446.25
 10
39629.74999999999
 20
-446.25
 10
39629.74999999999
 20
-437.75
 10
39676.94999999999
 20
-437.75
 10
39676.94999999999
 20
-254.75
 10
39629.74999999999
 20
-254.75
  0
HATCH
  5
784
330
17
100
AcDbEntity
  8
G-r_anc
 62
7
420
12597547
100
AcDbHatch
 10
0.0
 20
0.0
 30
0.0
210
0.0
220
0.0
230
1.0
  2
SOLID
 70
1
 71
0
 91
1
 92
1
 93
1
 72
2
 10
39652.24999999999
 20
-288.25
 40
8.0
 50
0.0
 51
360.0
 73
1
 97
0
 75
0
 76
1
 98
0
  0
CIRCLE
  5
785
330
17
100
AcDbEntity
  8
G-r_anc
100
AcDbCircle
 10
39652.24999999999
 20
-288.25
 30
0.0
 40
8.0
  0
HATCH
  5
786
330
17
100
AcDbEntity
  8
G-r_anc
 62
7
420
12597547
100
AcDbHatch
 10
0.0
 20
0.0
 30
0.0
210
0.0
220
0.0
230
1.0
  2
SOLID
 70
1
 71
0
 91
1
 92
1
 93
1
 72
2
 10
39707.24999999999
 20
-288.25
 40
8.0
 50
0.0
 51
360.0
 73
1
 97
0
 75
0
 76
1
 98
0
  0
CIRCLE
  5
787
330
17
100
AcDbEntity
  8
G-r_anc
100
AcDbCircle
 10
39707.24999999999
 20
-288.25
 30
0.0
 40
8.0
  0
HATCH
  5
788
330
17
100
AcDbEntity
  8
G-r_anc
 62
7
420
12597547
100
AcDbHatch
 10
0.0
 20
0.0
 30
0.0
210
0.0
220
0.0
230
1.0
  2
SOLID
 70
1
 71
0
 91
1
 92
1
 93
1
 72
2
 10
39652.24999999999
 20
-396.25
 40
8.0
 50
0.0
 51
360.0
 73
1
 97
0
 75
0
 76
1
 98
0
  0
CIRCLE
  5
789
330
17
100
AcDbEntity
  8
G-r_anc
100
AcDbCircle
 10
39652.24999999999
 20
-396.25
 30
0.0
 40
8.0
  0
HATCH
  5
78A
330
17
100
AcDbEntity
  8
G-r_anc
 62
7
420
12597547
100
AcDbHatch
 10
0.0
 20
0.0
 30
0.0
210
0.0
220
0.0
230
1.0
  2
SOLID
 70
1
 71
0
 91
1
 92
1
 93
1
 72
2
 10
39707.24999999999
 20
-396.25
 40
8.0
 50
0.0
 51
360.0
 73
1
 97
0
 75
0
 76
1
 98
0
  0
CIRCLE
  5
78B
330
17
100
AcDbEntity
  8
G-r_anc
100
AcDbCircle
 10
39707.24999999999
 20
-396.25
 30
0.0
 40
8.0
  0
TEXT
  5
78C
330
17
100
AcDbEntity
  8
T-small
 62
47
420
4473924
100
AcDbText
 10
39769.74999999999
 20
-506.25
 30
0.0
 40
22.86
  1
P3 + IPE 200 (después)
  7
ESTANDAR
 11
39769.74999999999
 21
-506.25
 31
0.0
100
AcDbText
  0
TEXT
  5
78D
330
17
100
AcDbEntity
  8
T-tie
 62
195
420
5975151
100
AcDbText
 10
39179.74999999999
 20
-521.25
 30
0.0
 40
22.86
  1
estribos Ø10
  7
NEGRITA
 11
39179.74999999999
 21
-521.25
 31
0.0
100
AcDbText
  0
DIMENSION
  5
78E
330
17
100
AcDbEntity
  8
COTAS
100
AcDbDimension
280
0
  2
*D50
  3
COTAS_1-10
 10
39652.24999999999
 20
-186.25
 30
0.0
 11
39679.74999999999
 21
-171.106
 31
0.0
 70
32
 71
5
  1
<>
100
AcDbAlignedDimension
 13
39652.24999999999
 23
-246.25
 33
0.0
 14
39707.24999999999
 24
-246.25
 34
0.0
 50
0.0
100
AcDbRotatedDimension
  0
DIMENSION
  5
78F
330
17
100
AcDbEntity
  8
COTAS
100
AcDbDimension
280
0
  2
*D51
  3
COTAS_1-10
 10
39609.74999999999
 20
-116.25
 30
0.0
 11
39679.74999999999
 21
-101.106
 31
0.0
 70
32
 71
5
  1
<>
100
AcDbAlignedDimension
 13
39609.74999999999
 23
-246.25
 33
0.0
 14
39749.74999999999
 24
-246.25
 34
0.0
 50
0.0
100
AcDbRotatedDimension
  0
DIMENSION
  5
790
330
17
100
AcDbEntity
  8
COTAS
100
AcDbDimension
280
0
  2
*D52
  3
COTAS_1-10
 10
39669.74999999999
 20
-246.25
 30
0.0
 11
39684.89399999999
 21
-267.25
 31
0.0
 70
32
 71
5
  1
<>
100
AcDbAlignedDimension
 13
39609.74999999999
 23
-246.25
 33
0.0
 14
39609.74999999999
 24
-288.25
 34
0.0
 50
-90.0
100
AcDbRotatedDimension
  0
DIMENSION
  5
791
330
17
100
AcDbEntity
  8
COTAS
100
AcDbDimension
280
0
  2
*D53
  3
COTAS_1-10
 10
39669.74999999999
 20
-288.25
 30
0.0
 11
39684.89399999999
 21
-342.25
 31
0.0
 70
32
 71
5
  1
<>
100
AcDbAlignedDimension
 13
39609.74999999999
 23
-288.25
 33
0.0
 14
39609.74999999999
 24
-396.25
 34
0.0
 50
-90.0
100
AcDbRotatedDimension
  0
DIMENSION
  5
792
330
17
100
AcDbEntity
  8
COTAS
100
AcDbDimension
280
0
  2
*D54
  3
COTAS_1-10
 10
39669.74999999999
 20
-396.25
 30
0.0
 11
39684.89399999999
 21
-431.25
 31
0.0
 70
32
 71
5
  1
<>
100
AcDbAlignedDimension
 13
39609.74999999999
 23
-396.25
 33
0.0
 14
39609.74999999999
 24
-466.25
 34
0.0
 50
-90.0
100
AcDbRotatedDimension
  0
DIMENSION
  5
793
330
17
100
AcDbEntity
  8
COTAS
100
AcDbDimension
280
0
  2
*D55
  3
COTAS_1-10
 10
39725.74999999999
 20
-656.25
 30
0.0
 11
39780.74999999999
 21
-641.106
 31
0.0
 70
32
 71
5
  1
<>
100
AcDbAlignedDimension
 13
39725.74999999999
 23
-596.25
 33
0.0
 14
39835.74999999999
 24
-596.25
 34
0.0
 50
0.0
100
AcDbRotatedDimension
  0
DIMENSION
  5
794
330
17
100
AcDbEntity
  8
COTAS
100
AcDbDimension
280
0
  2
*D56
  3
COTAS_1-10
 10
39835.74999999999
 20
-656.25
 30
0.0
 11
39890.74999999999
 21
-641.106
 31
0.0
 70
32
 71
5
  1
<>
100
AcDbAlignedDimension
 13
39835.74999999999
 23
-596.25
 33
0.0
 14
39945.74999999999
 24
-596.25
 34
0.0
 50
0.0
100
AcDbRotatedDimension
  0
DIMENSION
  5
795
330
17
100
AcDbEntity
  8
COTAS
100
AcDbDimension
280
0
  2
*D57
  3
COTAS_1-10
 10
39945.74999999999
 20
-656.25
 30
0.0
 11
40000.74999999999
 21
-641.106
 31
0.0
 70
32
 71
5
  1
<>
100
AcDbAlignedDimension
 13
39945.74999999999
 23
-596.25
 33
0.0
 14
40055.74999999999
 24
-596.25
 34
0.0
 50
0.0
100
AcDbRotatedDimension
  0
DIMENSION
  5
796
330
17
100
AcDbEntity
  8
COTAS
100
AcDbDimension
280
0
  2
*D58
  3
COTAS_1-10
 10
39633.74999999999
 20
-656.25
 30
0.0
 11
39679.74999999999
 21
-641.106
 31
0.0
 70
32
 71
5
  1
<>
100
AcDbAlignedDimension
 13
39633.74999999999
 23
-596.25
 33
0.0
 14
39725.74999999999
 24
-596.25
 34
0.0
 50
0.0
100
AcDbRotatedDimension
  0
DIMENSION
  5
797
330
17
100
AcDbEntity
  8
COTAS
100
AcDbDimension
280
0
  2
*D59
  3
COTAS_1-10
 10
40139.74999999999
 20
-246.25
 30
0.0
 11
40154.89399999999
 21
-421.25
 31
0.0
 70
32
 71
5
  1
<>
100
AcDbAlignedDimension
 13
40199.74999999999
 23
-246.25
 33
0.0
 14
40199.74999999999
 24
-596.25
 34
0.0
 50
-90.0
100
AcDbRotatedDimension
  0
TEXT
  5
824
330
17
100
AcDbEntity
  8
MODELO_ROTULOS
100
AcDbText
 10
38993.049999999996
 20
40.0
 30
0.0
 40
50.0
  1
detalles/09_detalle-3-1-sandwich-vista-lateral-de-la-viga.dxf  1:10
  7
NEGRITA
 11
38993.049999999996
 21
40.0
 31
0.0
100
AcDbText
  0
HATCH
  5
826
330
17
100
AcDbEntity
  8
G-r_conc
 62
7
420
16118767
100
AcDbHatch
 10
0.0
 20
0.0
 30
0.0
210
0.0
220
0.0
230
1.0
  2
SOLID
 70
1
 71
0
 91
1
 92
3
 72
0
 73
1
 93
4
 10
40909.935
 20
-895.557
 10
41949.935
 20
-895.557
 10
41949.935
 20
-595.557
 10
40909.935
 20
-595.557
 97
0
 75
0
 76
1
 98
0
  0
LWPOLYLINE
  5
827
330
17
100
AcDbEntity
  8
G-r_conc
100
AcDbPolyline
 90
4
 70
1
 10
40909.935
 20
-895.557
 10
41949.935
 20
-895.557
 10
41949.935
 20
-595.557
 10
40909.935
 20
-595.557
  0
LINE
  5
828
330
17
100
AcDbEntity
  8
G-edge
100
AcDbLine
 10
40909.935
 20
-895.557
 30
0.0
 11
40909.935
 21
-595.557
 31
0.0
  0
LINE
  5
829
330
17
100
AcDbEntity
  8
G-edge
100
AcDbLine
 10
41949.935
 20
-895.557
 30
0.0
 11
41949.935
 21
-595.557
 31
0.0
  0
HATCH
  5
82A
330
17
100
AcDbEntity
  8
G-r_tieS
 62
7
420
9460135
100
AcDbHatch
 10
0.0
 20
0.0
 30
0.0
210
0.0
220
0.0
230
1.0
  2
SOLID
 70
1
 71
0
 91
1
 92
3
 72
0
 73
1
 93
4
 10
41048.935
 20
-850.557
 10
41048.935
 20
-640.557
 10
41058.935
 20
-640.557
 10
41058.935
 20
-850.557
 97
0
 75
0
 76
1
 98
0
  0
LWPOLYLINE
  5
82B
330
17
100
AcDbEntity
  8
G-r_tieS
100
AcDbPolyline
 90
4
 70
1
 10
41048.935
 20
-850.557
 10
41048.935
 20
-640.557
 10
41058.935
 20
-640.557
 10
41058.935
 20
-850.557
  0
HATCH
  5
82C
330
17
100
AcDbEntity
  8
G-r_tieS
 62
7
420
9460135
100
AcDbHatch
 10
0.0
 20
0.0
 30
0.0
210
0.0
220
0.0
230
1.0
  2
SOLID
 70
1
 71
0
 91
1
 92
3
 72
0
 73
1
 93
4
 10
41158.935
 20
-850.557
 10
41158.935
 20
-640.557
 10
41168.935
 20
-640.557
 10
41168.935
 20
-850.557
 97
0
 75
0
 76
1
 98
0
  0
LWPOLYLINE
  5
82D
330
17
100
AcDbEntity
  8
G-r_tieS
100
AcDbPolyline
 90
4
 70
1
 10
41158.935
 20
-850.557
 10
41158.935
 20
-640.557
 10
41168.935
 20
-640.557
 10
41168.935
 20
-850.557
  0
HATCH
  5
82E
330
17
100
AcDbEntity
  8
G-r_tieS
 62
7
420
9460135
100
AcDbHatch
 10
0.0
 20
0.0
 30
0.0
210
0.0
220
0.0
230
1.0
  2
SOLID
 70
1
 71
0
 91
1
 92
3
 72
0
 73
1
 93
4
 10
41268.935
 20
-850.557
 10
41268.935
 20
-640.557
 10
41278.935
 20
-640.557
 10
41278.935
 20
-850.557
 97
0
 75
0
 76
1
 98
0
  0
LWPOLYLINE
  5
82F
330
17
100
AcDbEntity
  8
G-r_tieS
100
AcDbPolyline
 90
4
 70
1
 10
41268.935
 20
-850.557
 10
41268.935
 20
-640.557
 10
41278.935
 20
-640.557
 10
41278.935
 20
-850.557
  0
HATCH
  5
830
330
17
100
AcDbEntity
  8
G-r_tieS
 62
7
420
9460135
100
AcDbHatch
 10
0.0
 20
0.0
 30
0.0
210
0.0
220
0.0
230
1.0
  2
SOLID
 70
1
 71
0
 91
1
 92
3
 72
0
 73
1
 93
4
 10
41378.935
 20
-850.557
 10
41378.935
 20
-640.557
 10
41388.935
 20
-640.557
 10
41388.935
 20
-850.557
 97
0
 75
0
 76
1
 98
0
  0
LWPOLYLINE
  5
831
330
17
100
AcDbEntity
  8
G-r_tieS
100
AcDbPolyline
 90
4
 70
1
 10
41378.935
 20
-850.557
 10
41378.935
 20
-640.557
 10
41388.935
 20
-640.557
 10
41388.935
 20
-850.557
  0
HATCH
  5
832
330
17
100
AcDbEntity
  8
G-r_tieS
 62
7
420
9460135
100
AcDbHatch
 10
0.0
 20
0.0
 30
0.0
210
0.0
220
0.0
230
1.0
  2
SOLID
 70
1
 71
0
 91
1
 92
3
 72
0
 73
1
 93
4
 10
41470.935
 20
-850.557
 10
41470.935
 20
-640.557
 10
41480.935
 20
-640.557
 10
41480.935
 20
-850.557
 97
0
 75
0
 76
1
 98
0
  0
LWPOLYLINE
  5
833
330
17
100
AcDbEntity
  8
G-r_tieS
100
AcDbPolyline
 90
4
 70
1
 10
41470.935
 20
-850.557
 10
41470.935
 20
-640.557
 10
41480.935
 20
-640.557
 10
41480.935
 20
-850.557
  0
HATCH
  5
834
330
17
100
AcDbEntity
  8
G-r_tieS
 62
7
420
9460135
100
AcDbHatch
 10
0.0
 20
0.0
 30
0.0
210
0.0
220
0.0
230
1.0
  2
SOLID
 70
1
 71
0
 91
1
 92
3
 72
0
 73
1
 93
4
 10
41580.935
 20
-850.557
 10
41580.935
 20
-640.557
 10
41590.935
 20
-640.557
 10
41590.935
 20
-850.557
 97
0
 75
0
 76
1
 98
0
  0
LWPOLYLINE
  5
835
330
17
100
AcDbEntity
  8
G-r_tieS
100
AcDbPolyline
 90
4
 70
1
 10
41580.935
 20
-850.557
 10
41580.935
 20
-640.557
 10
41590.935
 20
-640.557
 10
41590.935
 20
-850.557
  0
HATCH
  5
836
330
17
100
AcDbEntity
  8
G-r_tieS
 62
7
420
9460135
100
AcDbHatch
 10
0.0
 20
0.0
 30
0.0
210
0.0
220
0.0
230
1.0
  2
SOLID
 70
1
 71
0
 91
1
 92
3
 72
0
 73
1
 93
4
 10
41690.935
 20
-850.557
 10
41690.935
 20
-640.557
 10
41700.935
 20
-640.557
 10
41700.935
 20
-850.557
 97
0
 75
0
 76
1
 98
0
  0
LWPOLYLINE
  5
837
330
17
100
AcDbEntity
  8
G-r_tieS
100
AcDbPolyline
 90
4
 70
1
 10
41690.935
 20
-850.557
 10
41690.935
 20
-640.557
 10
41700.935
 20
-640.557
 10
41700.935
 20
-850.557
  0
HATCH
  5
838
330
17
100
AcDbEntity
  8
G-r_tieS
 62
7
420
9460135
100
AcDbHatch
 10
0.0
 20
0.0
 30
0.0
210
0.0
220
0.0
230
1.0
  2
SOLID
 70
1
 71
0
 91
1
 92
3
 72
0
 73
1
 93
4
 10
41800.935
 20
-850.557
 10
41800.935
 20
-640.557
 10
41810.935
 20
-640.557
 10
41810.935
 20
-850.557
 97
0
 75
0
 76
1
 98
0
  0
LWPOLYLINE
  5
839
330
17
100
AcDbEntity
  8
G-r_tieS
100
AcDbPolyline
 90
4
 70
1
 10
41800.935
 20
-850.557
 10
41800.935
 20
-640.557
 10
41810.935
 20
-640.557
 10
41810.935
 20
-850.557
  0
HATCH
  5
83A
330
17
100
AcDbEntity
  8
G-r_bm1
 62
7
420
1725046
100
AcDbHatch
 10
0.0
 20
0.0
 30
0.0
210
0.0
220
0.0
230
1.0
  2
SOLID
 70
1
 71
0
 91
1
 92
3
 72
0
 73
1
 93
4
 10
40909.935
 20
-833.557
 10
41949.935
 20
-833.557
 10
41949.935
 20
-845.557
 10
40909.935
 20
-845.557
 97
0
 75
0
 76
1
 98
0
  0
LWPOLYLINE
  5
83B
330
17
100
AcDbEntity
  8
G-r_bm1
100
AcDbPolyline
 90
4
 70
1
 10
40909.935
 20
-833.557
 10
41949.935
 20
-833.557
 10
41949.935
 20
-845.557
 10
40909.935
 20
-845.557
  0
HATCH
  5
83C
330
17
100
AcDbEntity
  8
G-r_bm1
 62
7
420
1725046
100
AcDbHatch
 10
0.0
 20
0.0
 30
0.0
210
0.0
220
0.0
230
1.0
  2
SOLID
 70
1
 71
0
 91
1
 92
3
 72
0
 73
1
 93
4
 10
40909.935
 20
-739.557
 10
41949.935
 20
-739.557
 10
41949.935
 20
-751.557
 10
40909.935
 20
-751.557
 97
0
 75
0
 76
1
 98
0
  0
LWPOLYLINE
  5
83D
330
17
100
AcDbEntity
  8
G-r_bm1
100
AcDbPolyline
 90
4
 70
1
 10
40909.935
 20
-739.557
 10
41949.935
 20
-739.557
 10
41949.935
 20
-751.557
 10
40909.935
 20
-751.557
  0
HATCH
  5
83E
330
17
100
AcDbEntity
  8
G-r_bm1
 62
7
420
1725046
100
AcDbHatch
 10
0.0
 20
0.0
 30
0.0
210
0.0
220
0.0
230
1.0
  2
SOLID
 70
1
 71
0
 91
1
 92
3
 72
0
 73
1
 93
4
 10
40909.935
 20
-645.557
 10
41949.935
 20
-645.557
 10
41949.935
 20
-657.557
 10
40909.935
 20
-657.557
 97
0
 75
0
 76
1
 98
0
  0
LWPOLYLINE
  5
83F
330
17
100
AcDbEntity
  8
G-r_bm1
100
AcDbPolyline
 90
4
 70
1
 10
40909.935
 20
-645.557
 10
41949.935
 20
-645.557
 10
41949.935
 20
-657.557
 10
40909.935
 20
-657.557
  0
HATCH
  5
840
330
17
100
AcDbEntity
  8
G-r_grout
 62
7
420
15395042
100
AcDbHatch
 10
0.0
 20
0.0
 30
0.0
210
0.0
220
0.0
230
1.0
  2
SOLID
 70
1
 71
0
 91
1
 92
3
 72
0
 73
1
 93
4
 10
41349.935
 20
-895.557
 10
41509.935
 20
-895.557
 10
41509.935
 20
-920.557
 10
41349.935
 20
-920.557
 97
0
 75
0
 76
1
 98
0
  0
LWPOLYLINE
  5
841
330
17
100
AcDbEntity
  8
G-r_grout
100
AcDbPolyline
 90
4
 70
1
 10
41349.935
 20
-895.557
 10
41509.935
 20
-895.557
 10
41509.935
 20
-920.557
 10
41349.935
 20
-920.557
  0
HATCH
  5
842
330
17
100
AcDbEntity
  8
G-r_eplate
 62
7
420
15068145
100
AcDbHatch
 10
0.0
 20
0.0
 30
0.0
210
0.0
220
0.0
230
1.0
  2
SOLID
 70
1
 71
0
 91
1
 92
3
 72
0
 73
1
 93
4
 10
41359.935
 20
-920.557
 10
41499.935
 20
-920.557
 10
41499.935
 20
-932.557
 10
41359.935
 20
-932.557
 97
0
 75
0
 76
1
 98
0
  0
LWPOLYLINE
  5
843
330
17
100
AcDbEntity
  8
G-r_eplate
100
AcDbPolyline
 90
4
 70
1
 10
41359.935
 20
-920.557
 10
41499.935
 20
-920.557
 10
41499.935
 20
-932.557
 10
41359.935
 20
-932.557
  0
HATCH
  5
844
330
17
100
AcDbEntity
  8
G-r_ipe
 62
7
420
15199730
100
AcDbHatch
 10
0.0
 20
0.0
 30
0.0
210
0.0
220
0.0
230
1.0
  2
SOLID
 70
1
 71
0
 91
1
 92
3
 72
0
 73
1
 93
4
 10
41379.935
 20
-932.557
 10
41479.935
 20
-932.557
 10
41479.935
 20
-1182.557
 10
41379.935
 20
-1182.557
 97
0
 75
0
 76
1
 98
0
  0
LWPOLYLINE
  5
845
330
17
100
AcDbEntity
  8
G-r_ipe
100
AcDbPolyline
 90
4
 70
1
 10
41379.935
 20
-932.557
 10
41479.935
 20
-932.557
 10
41479.935
 20
-1182.557
 10
41379.935
 20
-1182.557
  0
HATCH
  5
846
330
17
100
AcDbEntity
  8
G-r_grout
 62
7
420
15395042
100
AcDbHatch
 10
0.0
 20
0.0
 30
0.0
210
0.0
220
0.0
230
1.0
  2
SOLID
 70
1
 71
0
 91
1
 92
3
 72
0
 73
1
 93
4
 10
41349.935
 20
-595.557
 10
41509.935
 20
-595.557
 10
41509.935
 20
-570.557
 10
41349.935
 20
-570.557
 97
0
 75
0
 76
1
 98
0
  0
LWPOLYLINE
  5
847
330
17
100
AcDbEntity
  8
G-r_grout
100
AcDbPolyline
 90
4
 70
1
 10
41349.935
 20
-595.557
 10
41509.935
 20
-595.557
 10
41509.935
 20
-570.557
 10
41349.935
 20
-570.557
  0
HATCH
  5
848
330
17
100
AcDbEntity
  8
G-r_eplate
 62
7
420
15068145
100
AcDbHatch
 10
0.0
 20
0.0
 30
0.0
210
0.0
220
0.0
230
1.0
  2
SOLID
 70
1
 71
0
 91
1
 92
3
 72
0
 73
1
 93
4
 10
41359.935
 20
-570.557
 10
41499.935
 20
-570.557
 10
41499.935
 20
-558.557
 10
41359.935
 20
-558.557
 97
0
 75
0
 76
1
 98
0
  0
LWPOLYLINE
  5
849
330
17
100
AcDbEntity
  8
G-r_eplate
100
AcDbPolyline
 90
4
 70
1
 10
41359.935
 20
-570.557
 10
41499.935
 20
-570.557
 10
41499.935
 20
-558.557
 10
41359.935
 20
-558.557
  0
HATCH
  5
84A
330
17
100
AcDbEntity
  8
G-r_ipe
 62
7
420
15199730
100
AcDbHatch
 10
0.0
 20
0.0
 30
0.0
210
0.0
220
0.0
230
1.0
  2
SOLID
 70
1
 71
0
 91
1
 92
3
 72
0
 73
1
 93
4
 10
41379.935
 20
-558.557
 10
41479.935
 20
-558.557
 10
41479.935
 20
-308.557
 10
41379.935
 20
-308.557
 97
0
 75
0
 76
1
 98
0
  0
LWPOLYLINE
  5
84B
330
17
100
AcDbEntity
  8
G-r_ipe
100
AcDbPolyline
 90
4
 70
1
 10
41379.935
 20
-558.557
 10
41479.935
 20
-558.557
 10
41479.935
 20
-308.557
 10
41379.935
 20
-308.557
  0
HATCH
  5
84C
330
17
100
AcDbEntity
  8
G-r_anc
 62
7
420
12597547
100
AcDbHatch
 10
0.0
 20
0.0
 30
0.0
210
0.0
220
0.0
230
1.0
  2
SOLID
 70
1
 71
0
 91
1
 92
3
 72
0
 73
1
 93
4
 10
41394.435
 20
-965.557
 10
41394.435
 20
-525.557
 10
41410.435
 20
-525.557
 10
41410.435
 20
-965.557
 97
0
 75
0
 76
1
 98
0
  0
LWPOLYLINE
  5
84D
330
17
100
AcDbEntity
  8
G-r_anc
100
AcDbPolyline
 90
4
 70
1
 10
41394.435
 20
-965.557
 10
41394.435
 20
-525.557
 10
41410.435
 20
-525.557
 10
41410.435
 20
-965.557
  0
HATCH
  5
84E
330
17
100
AcDbEntity
  8
G-r_ancg
 62
7
420
16047065
100
AcDbHatch
 10
0.0
 20
0.0
 30
0.0
210
0.0
220
0.0
230
1.0
  2
SOLID
 70
1
 71
0
 91
1
 92
3
 72
0
 73
1
 93
4
 10
41387.435
 20
-932.557
 10
41417.435
 20
-932.557
 10
41417.435
 20
-935.557
 10
41387.435
 20
-935.557
 97
0
 75
0
 76
1
 98
0
  0
LWPOLYLINE
  5
84F
330
17
100
AcDbEntity
  8
G-r_ancg
100
AcDbPolyline
 90
4
 70
1
 10
41387.435
 20
-932.557
 10
41417.435
 20
-932.557
 10
41417.435
 20
-935.557
 10
41387.435
 20
-935.557
  0
HATCH
  5
850
330
17
100
AcDbEntity
  8
G-r_ancg
 62
7
420
16047065
100
AcDbHatch
 10
0.0
 20
0.0
 30
0.0
210
0.0
220
0.0
230
1.0
  2
SOLID
 70
1
 71
0
 91
1
 92
3
 72
0
 73
1
 93
4
 10
41390.435
 20
-935.557
 10
41414.435
 20
-935.557
 10
41414.435
 20
-951.557
 10
41390.435
 20
-951.557
 97
0
 75
0
 76
1
 98
0
  0
LWPOLYLINE
  5
851
330
17
100
AcDbEntity
  8
G-r_ancg
100
AcDbPolyline
 90
4
 70
1
 10
41390.435
 20
-935.557
 10
41414.435
 20
-935.557
 10
41414.435
 20
-951.557
 10
41390.435
 20
-951.557
  0
HATCH
  5
852
330
17
100
AcDbEntity
  8
G-r_ancg
 62
7
420
16047065
100
AcDbHatch
 10
0.0
 20
0.0
 30
0.0
210
0.0
220
0.0
230
1.0
  2
SOLID
 70
1
 71
0
 91
1
 92
3
 72
0
 73
1
 93
4
 10
41387.435
 20
-920.557
 10
41417.435
 20
-920.557
 10
41417.435
 20
-917.557
 10
41387.435
 20
-917.557
 97
0
 75
0
 76
1
 98
0
  0
LWPOLYLINE
  5
853
330
17
100
AcDbEntity
  8
G-r_ancg
100
AcDbPolyline
 90
4
 70
1
 10
41387.435
 20
-920.557
 10
41417.435
 20
-920.557
 10
41417.435
 20
-917.557
 10
41387.435
 20
-917.557
  0
HATCH
  5
854
330
17
100
AcDbEntity
  8
G-r_ancg
 62
7
420
16047065
100
AcDbHatch
 10
0.0
 20
0.0
 30
0.0
210
0.0
220
0.0
230
1.0
  2
SOLID
 70
1
 71
0
 91
1
 92
3
 72
0
 73
1
 93
4
 10
41387.435
 20
-558.557
 10
41417.435
 20
-558.557
 10
41417.435
 20
-555.557
 10
41387.435
 20
-555.557
 97
0
 75
0
 76
1
 98
0
  0
LWPOLYLINE
  5
855
330
17
100
AcDbEntity
  8
G-r_ancg
100
AcDbPolyline
 90
4
 70
1
 10
41387.435
 20
-558.557
 10
41417.435
 20
-558.557
 10
41417.435
 20
-555.557
 10
41387.435
 20
-555.557
  0
HATCH
  5
856
330
17
100
AcDbEntity
  8
G-r_ancg
 62
7
420
16047065
100
AcDbHatch
 10
0.0
 20
0.0
 30
0.0
210
0.0
220
0.0
230
1.0
  2
SOLID
 70
1
 71
0
 91
1
 92
3
 72
0
 73
1
 93
4
 10
41390.435
 20
-555.557
 10
41414.435
 20
-555.557
 10
41414.435
 20
-539.557
 10
41390.435
 20
-539.557
 97
0
 75
0
 76
1
 98
0
  0
LWPOLYLINE
  5
857
330
17
100
AcDbEntity
  8
G-r_ancg
100
AcDbPolyline
 90
4
 70
1
 10
41390.435
 20
-555.557
 10
41414.435
 20
-555.557
 10
41414.435
 20
-539.557
 10
41390.435
 20
-539.557
  0
HATCH
  5
858
330
17
100
AcDbEntity
  8
G-r_ancg
 62
7
420
16047065
100
AcDbHatch
 10
0.0
 20
0.0
 30
0.0
210
0.0
220
0.0
230
1.0
  2
SOLID
 70
1
 71
0
 91
1
 92
3
 72
0
 73
1
 93
4
 10
41387.435
 20
-570.557
 10
41417.435
 20
-570.557
 10
41417.435
 20
-573.557
 10
41387.435
 20
-573.557
 97
0
 75
0
 76
1
 98
0
  0
LWPOLYLINE
  5
859
330
17
100
AcDbEntity
  8
G-r_ancg
100
AcDbPolyline
 90
4
 70
1
 10
41387.435
 20
-570.557
 10
41417.435
 20
-570.557
 10
41417.435
 20
-573.557
 10
41387.435
 20
-573.557
  0
HATCH
  5
85A
330
17
100
AcDbEntity
  8
G-r_anc
 62
7
420
12597547
100
AcDbHatch
 10
0.0
 20
0.0
 30
0.0
210
0.0
220
0.0
230
1.0
  2
SOLID
 70
1
 71
0
 91
1
 92
3
 72
0
 73
1
 93
4
 10
41449.435
 20
-965.557
 10
41449.435
 20
-525.557
 10
41465.435
 20
-525.557
 10
41465.435
 20
-965.557
 97
0
 75
0
 76
1
 98
0
  0
LWPOLYLINE
  5
85B
330
17
100
AcDbEntity
  8
G-r_anc
100
AcDbPolyline
 90
4
 70
1
 10
41449.435
 20
-965.557
 10
41449.435
 20
-525.557
 10
41465.435
 20
-525.557
 10
41465.435
 20
-965.557
  0
HATCH
  5
85C
330
17
100
AcDbEntity
  8
G-r_ancg
 62
7
420
16047065
100
AcDbHatch
 10
0.0
 20
0.0
 30
0.0
210
0.0
220
0.0
230
1.0
  2
SOLID
 70
1
 71
0
 91
1
 92
3
 72
0
 73
1
 93
4
 10
41442.435
 20
-932.557
 10
41472.435
 20
-932.557
 10
41472.435
 20
-935.557
 10
41442.435
 20
-935.557
 97
0
 75
0
 76
1
 98
0
  0
LWPOLYLINE
  5
85D
330
17
100
AcDbEntity
  8
G-r_ancg
100
AcDbPolyline
 90
4
 70
1
 10
41442.435
 20
-932.557
 10
41472.435
 20
-932.557
 10
41472.435
 20
-935.557
 10
41442.435
 20
-935.557
  0
HATCH
  5
85E
330
17
100
AcDbEntity
  8
G-r_ancg
 62
7
420
16047065
100
AcDbHatch
 10
0.0
 20
0.0
 30
0.0
210
0.0
220
0.0
230
1.0
  2
SOLID
 70
1
 71
0
 91
1
 92
3
 72
0
 73
1
 93
4
 10
41445.435
 20
-935.557
 10
41469.435
 20
-935.557
 10
41469.435
 20
-951.557
 10
41445.435
 20
-951.557
 97
0
 75
0
 76
1
 98
0
  0
LWPOLYLINE
  5
85F
330
17
100
AcDbEntity
  8
G-r_ancg
100
AcDbPolyline
 90
4
 70
1
 10
41445.435
 20
-935.557
 10
41469.435
 20
-935.557
 10
41469.435
 20
-951.557
 10
41445.435
 20
-951.557
  0
HATCH
  5
860
330
17
100
AcDbEntity
  8
G-r_ancg
 62
7
420
16047065
100
AcDbHatch
 10
0.0
 20
0.0
 30
0.0
210
0.0
220
0.0
230
1.0
  2
SOLID
 70
1
 71
0
 91
1
 92
3
 72
0
 73
1
 93
4
 10
41442.435
 20
-920.557
 10
41472.435
 20
-920.557
 10
41472.435
 20
-917.557
 10
41442.435
 20
-917.557
 97
0
 75
0
 76
1
 98
0
  0
LWPOLYLINE
  5
861
330
17
100
AcDbEntity
  8
G-r_ancg
100
AcDbPolyline
 90
4
 70
1
 10
41442.435
 20
-920.557
 10
41472.435
 20
-920.557
 10
41472.435
 20
-917.557
 10
41442.435
 20
-917.557
  0
HATCH
  5
862
330
17
100
AcDbEntity
  8
G-r_ancg
 62
7
420
16047065
100
AcDbHatch
 10
0.0
 20
0.0
 30
0.0
210
0.0
220
0.0
230
1.0
  2
SOLID
 70
1
 71
0
 91
1
 92
3
 72
0
 73
1
 93
4
 10
41442.435
 20
-558.557
 10
41472.435
 20
-558.557
 10
41472.435
 20
-555.557
 10
41442.435
 20
-555.557
 97
0
 75
0
 76
1
 98
0
  0
LWPOLYLINE
  5
863
330
17
100
AcDbEntity
  8
G-r_ancg
100
AcDbPolyline
 90
4
 70
1
 10
41442.435
 20
-558.557
 10
41472.435
 20
-558.557
 10
41472.435
 20
-555.557
 10
41442.435
 20
-555.557
  0
HATCH
  5
864
330
17
100
AcDbEntity
  8
G-r_ancg
 62
7
420
16047065
100
AcDbHatch
 10
0.0
 20
0.0
 30
0.0
210
0.0
220
0.0
230
1.0
  2
SOLID
 70
1
 71
0
 91
1
 92
3
 72
0
 73
1
 93
4
 10
41445.435
 20
-555.557
 10
41469.435
 20
-555.557
 10
41469.435
 20
-539.557
 10
41445.435
 20
-539.557
 97
0
 75
0
 76
1
 98
0
  0
LWPOLYLINE
  5
865
330
17
100
AcDbEntity
  8
G-r_ancg
100
AcDbPolyline
 90
4
 70
1
 10
41445.435
 20
-555.557
 10
41469.435
 20
-555.557
 10
41469.435
 20
-539.557
 10
41445.435
 20
-539.557
  0
HATCH
  5
866
330
17
100
AcDbEntity
  8
G-r_ancg
 62
7
420
16047065
100
AcDbHatch
 10
0.0
 20
0.0
 30
0.0
210
0.0
220
0.0
230
1.0
  2
SOLID
 70
1
 71
0
 91
1
 92
3
 72
0
 73
1
 93
4
 10
41442.435
 20
-570.557
 10
41472.435
 20
-570.557
 10
41472.435
 20
-573.557
 10
41442.435
 20
-573.557
 97
0
 75
0
 76
1
 98
0
  0
LWPOLYLINE
  5
867
330
17
100
AcDbEntity
  8
G-r_ancg
100
AcDbPolyline
 90
4
 70
1
 10
41442.435
 20
-570.557
 10
41472.435
 20
-570.557
 10
41472.435
 20
-573.557
 10
41442.435
 20
-573.557
  0
TEXT
  5
868
330
17
100
AcDbEntity
  8
T-small
 62
47
420
4473924
100
AcDbText
 10
41429.935
 20
-278.557
 30
0.0
 40
34.29
  1
IPE 200 (después)
  7
ESTANDAR
 72
1
 11
41429.935
 21
-278.557
 31
0.0
100
AcDbText
  0
DIMENSION
  5
869
330
17
100
AcDbEntity
  8
COTAS
100
AcDbDimension
280
0
  2
*D60
  3
COTAS_1-15
 10
40849.935
 20
-595.557
 30
0.0
 11
40813.98983333333
 21
-583.057
 31
0.0
 70
32
 71
5
  1
<>
100
AcDbAlignedDimension
 13
40909.935
 23
-595.557
 33
0.0
 14
40909.935
 24
-570.557
 34
0.0
 50
90.0
100
AcDbRotatedDimension
  0
TEXT
  5
86A
330
17
100
AcDbEntity
  8
T-anc
 62
22
420
11088422
100
AcDbText
 10
41487.435
 20
-985.557
 30
0.0
 40
34.29
  1
A2
  7
NEGRITA
 11
41487.435
 21
-985.557
 31
0.0
100
AcDbText
  0
DIMENSION
  5
86B
330
17
100
AcDbEntity
  8
COTAS
100
AcDbDimension
280
0
  2
*D61
  3
COTAS_1-15
 10
42009.935
 20
-895.557
 30
0.0
 11
41987.219
 21
-745.557
 31
0.0
 70
32
 71
5
  1
<>
100
AcDbAlignedDimension
 13
41949.935
 23
-895.557
 33
0.0
 14
41949.935
 24
-595.557
 34
0.0
 50
90.0
100
AcDbRotatedDimension
  0
DIMENSION
  5
86C
330
17
100
AcDbEntity
  8
COTAS
100
AcDbDimension
280
0
  2
*D62
  3
COTAS_1-15
 10
41312.435
 20
-965.557
 30
0.0
 11
41289.719
 21
-745.557
 31
0.0
 70
32
 71
5
  1
<>
100
AcDbAlignedDimension
 13
41402.435
 23
-965.557
 33
0.0
 14
41402.435
 24
-525.557
 34
0.0
 50
90.0
100
AcDbRotatedDimension
  0
DIMENSION
  5
86D
330
17
100
AcDbEntity
  8
COTAS
100
AcDbDimension
280
0
  2
*D63
  3
COTAS_1-15
 10
41402.435
 20
-535.557
 30
0.0
 11
41429.935
 21
-512.841
 31
0.0
 70
32
 71
5
  1
<>
100
AcDbAlignedDimension
 13
41402.435
 23
-535.557
 33
0.0
 14
41457.435
 24
-535.557
 34
0.0
 50
0.0
100
AcDbRotatedDimension
  0
TEXT
  5
8A6
330
17
100
AcDbEntity
  8
MODELO_ROTULOS
100
AcDbText
 10
40572.46
 20
60.0
 30
0.0
 40
75.0
  1
detalles/10_detalle-3-2-sandwich-planta-por-los-anclajes.dxf  1:15
  7
NEGRITA
 11
40572.46
 21
60.0
 31
0.0
100
AcDbText
  0
HATCH
  5
8A8
330
17
100
AcDbEntity
  8
G-r_conc
 62
7
420
16118767
100
AcDbHatch
 10
0.0
 20
0.0
 30
0.0
210
0.0
220
0.0
230
1.0
  2
SOLID
 70
1
 71
0
 91
1
 92
3
 72
0
 73
1
 93
4
 10
42617.6525
 20
-473.0
 10
43017.6525
 20
-473.0
 10
43017.6525
 20
-73.0
 10
42617.6525
 20
-73.0
 97
0
 75
0
 76
1
 98
0
  0
LWPOLYLINE
  5
8A9
330
17
100
AcDbEntity
  8
G-r_conc
100
AcDbPolyline
 90
4
 70
1
 10
42617.6525
 20
-473.0
 10
43017.6525
 20
-473.0
 10
43017.6525
 20
-73.0
 10
42617.6525
 20
-73.0
  0
HATCH
  5
8AA
330
17
100
AcDbEntity
  8
G-r_col
 62
7
420
15326919
100
AcDbHatch
 10
0.0
 20
0.0
 30
0.0
210
0.0
220
0.0
230
1.0
  2
SOLID
 70
1
 71
0
 91
1
 92
1
 93
1
 72
2
 10
42675.6525
 20
-415.0
 40
8.0
 50
0.0
 51
360.0
 73
1
 97
0
 75
0
 76
1
 98
0
  0
CIRCLE
  5
8AB
330
17
100
AcDbEntity
  8
G-r_col
100
AcDbCircle
 10
42675.6525
 20
-415.0
 30
0.0
 40
8.0
  0
HATCH
  5
8AC
330
17
100
AcDbEntity
  8
G-r_col
 62
7
420
15326919
100
AcDbHatch
 10
0.0
 20
0.0
 30
0.0
210
0.0
220
0.0
230
1.0
  2
SOLID
 70
1
 71
0
 91
1
 92
1
 93
1
 72
2
 10
42675.6525
 20
-273.0
 40
8.0
 50
0.0
 51
360.0
 73
1
 97
0
 75
0
 76
1
 98
0
  0
CIRCLE
  5
8AD
330
17
100
AcDbEntity
  8
G-r_col
100
AcDbCircle
 10
42675.6525
 20
-273.0
 30
0.0
 40
8.0
  0
HATCH
  5
8AE
330
17
100
AcDbEntity
  8
G-r_col
 62
7
420
15326919
100
AcDbHatch
 10
0.0
 20
0.0
 30
0.0
210
0.0
220
0.0
230
1.0
  2
SOLID
 70
1
 71
0
 91
1
 92
1
 93
1
 72
2
 10
42675.6525
 20
-131.0
 40
8.0
 50
0.0
 51
360.0
 73
1
 97
0
 75
0
 76
1
 98
0
  0
CIRCLE
  5
8AF
330
17
100
AcDbEntity
  8
G-r_col
100
AcDbCircle
 10
42675.6525
 20
-131.0
 30
0.0
 40
8.0
  0
HATCH
  5
8B0
330
17
100
AcDbEntity
  8
G-r_col
 62
7
420
15326919
100
AcDbHatch
 10
0.0
 20
0.0
 30
0.0
210
0.0
220
0.0
230
1.0
  2
SOLID
 70
1
 71
0
 91
1
 92
1
 93
1
 72
2
 10
42817.6525
 20
-415.0
 40
8.0
 50
0.0
 51
360.0
 73
1
 97
0
 75
0
 76
1
 98
0
  0
CIRCLE
  5
8B1
330
17
100
AcDbEntity
  8
G-r_col
100
AcDbCircle
 10
42817.6525
 20
-415.0
 30
0.0
 40
8.0
  0
HATCH
  5
8B2
330
17
100
AcDbEntity
  8
G-r_col
 62
7
420
15326919
100
AcDbHatch
 10
0.0
 20
0.0
 30
0.0
210
0.0
220
0.0
230
1.0
  2
SOLID
 70
1
 71
0
 91
1
 92
1
 93
1
 72
2
 10
42817.6525
 20
-131.0
 40
8.0
 50
0.0
 51
360.0
 73
1
 97
0
 75
0
 76
1
 98
0
  0
CIRCLE
  5
8B3
330
17
100
AcDbEntity
  8
G-r_col
100
AcDbCircle
 10
42817.6525
 20
-131.0
 30
0.0
 40
8.0
  0
HATCH
  5
8B4
330
17
100
AcDbEntity
  8
G-r_col
 62
7
420
15326919
100
AcDbHatch
 10
0.0
 20
0.0
 30
0.0
210
0.0
220
0.0
230
1.0
  2
SOLID
 70
1
 71
0
 91
1
 92
1
 93
1
 72
2
 10
42959.6525
 20
-415.0
 40
8.0
 50
0.0
 51
360.0
 73
1
 97
0
 75
0
 76
1
 98
0
  0
CIRCLE
  5
8B5
330
17
100
AcDbEntity
  8
G-r_col
100
AcDbCircle
 10
42959.6525
 20
-415.0
 30
0.0
 40
8.0
  0
HATCH
  5
8B6
330
17
100
AcDbEntity
  8
G-r_col
 62
7
420
15326919
100
AcDbHatch
 10
0.0
 20
0.0
 30
0.0
210
0.0
220
0.0
230
1.0
  2
SOLID
 70
1
 71
0
 91
1
 92
1
 93
1
 72
2
 10
42959.6525
 20
-273.0
 40
8.0
 50
0.0
 51
360.0
 73
1
 97
0
 75
0
 76
1
 98
0
  0
CIRCLE
  5
8B7
330
17
100
AcDbEntity
  8
G-r_col
100
AcDbCircle
 10
42959.6525
 20
-273.0
 30
0.0
 40
8.0
  0
HATCH
  5
8B8
330
17
100
AcDbEntity
  8
G-r_col
 62
7
420
15326919
100
AcDbHatch
 10
0.0
 20
0.0
 30
0.0
210
0.0
220
0.0
230
1.0
  2
SOLID
 70
1
 71
0
 91
1
 92
1
 93
1
 72
2
 10
42959.6525
 20
-131.0
 40
8.0
 50
0.0
 51
360.0
 73
1
 97
0
 75
0
 76
1
 98
0
  0
CIRCLE
  5
8B9
330
17
100
AcDbEntity
  8
G-r_col
100
AcDbCircle
 10
42959.6525
 20
-131.0
 30
0.0
 40
8.0
  0
HATCH
  5
8BA
330
17
100
AcDbEntity
  8
G-r_new
 62
7
420
3444827
100
AcDbHatch
 10
0.0
 20
0.0
 30
0.0
210
0.0
220
0.0
230
1.0
  2
SOLID
 70
1
 71
0
 91
1
 92
3
 72
0
 73
1
 93
90
 10
42729.392615370176
 20
-349.9461761308376
 10
42670.01909020023
 20
-409.3197013007819
 10
42668.87303823413
 20
-410.8455404867118
 10
42668.09051598968
 20
-412.5429624524487
 10
42667.72587018554
 20
-414.37616070423513
 10
42667.7992512069
 20
-416.24383241482366
 10
42668.306604006844
 20
-418.04276974814513
 10
42669.21989218887
 20
-419.67356314076096
 10
42670.48864730264
 20
-421.04609469016543
 10
42672.04275773858
 20
-422.08451808442493
 10
42673.796343106565
 20
-422.73144988145094
 10
42675.66265962708
 20
-422.9523429982521
 10
42959.64798545499
 20
-423.0
 10
42960.90058963541
 20
-422.880127826043
 10
42962.11794716183
 20
-422.5878661417438
 10
42963.274597196774
 20
-422.10876601035096
 10
42964.34205917768
 20
-421.45462446714146
 10
42965.29404864788
 20
-420.64154864788054
 10
42966.10712446714
 20
-419.6895591776822
 10
42966.76126601035
 20
-418.6220971967748
 10
42967.24036614174
 20
-417.4654471618314
 10
42967.53262782604
 20
-416.24808963541363
 10
42967.63121099359
 20
-414.995471724971
 10
42967.6525
 20
-131.0045145450036
 10
42967.53262782604
 20
-129.75191036458637
 10
42967.24036614174
 20
-128.53455283816862
 10
42966.76126601035
 20
-127.3779028032252
 10
42966.10712446714
 20
-126.31044082231776
 10
42965.29404864788
 20
-125.35845135211949
 10
42964.34205917768
 20
-124.54537553285854
 10
42963.274597196774
 20
-123.89123398964904
 10
42962.11794716183
 20
-123.41213385825617
 10
42960.90058963541
 20
-123.11987217395696
 10
42959.64797172497
 20
-123.02128900640602
 10
42675.657014545
 20
-123.0
 10
42674.40441036459
 20
-123.11987217395696
 10
42673.18705283816
 20
-123.41213385825617
 10
42672.03040280322
 20
-123.89123398964904
 10
42670.96294082231
 20
-124.54537553285854
 10
42670.01095135212
 20
-125.35845135211952
 10
42669.19787553285
 20
-126.31044082231776
 10
42668.543733989645
 20
-127.3779028032252
 10
42668.06463385825
 20
-128.53455283816862
 10
42667.77237217395
 20
-129.75191036458637
 10
42667.63092133613
 20
-131.54921367009496
 10
42653.67407866386
 20
-130.45078632990504
 10
42653.901977608184
 20
-127.5550556842067
 10
42654.708670652886
 20
-124.19493733058295
 10
42656.0310702847
 20
-121.0023822045884
 10
42657.83661463589
 20
-118.05600160890802
 10
42660.08084521228
 20
-115.42834521228406
 10
42662.708501608904
 20
-113.18411463589302
 10
42665.65488220459
 20
-111.37857028469995
 10
42668.84743733058
 20
-110.05617065288922
 10
42672.2075556842
 20
-109.24947760818893
 10
42675.64798545499
 20
-109.0
 10
42959.657028275025
 20
-108.97871099359398
 10
42963.09744431579
 20
-109.24947760818893
 10
42966.45756266941
 20
-110.05617065288922
 10
42969.650117795405
 20
-111.37857028469995
 10
42972.59649839109
 20
-113.18411463589302
 10
42975.22415478771
 20
-115.42834521228409
 10
42977.4683853641
 20
-118.05600160890802
 10
42979.273929715295
 20
-121.0023822045884
 10
42980.59632934711
 20
-124.19493733058295
 10
42981.40302239181
 20
-127.5550556842067
 10
42981.6525
 20
-130.9954854549964
 10
42981.6737890064
 20
-415.004528275029
 10
42981.40302239181
 20
-418.4449443157933
 10
42980.59632934711
 20
-421.80506266941705
 10
42979.273929715295
 20
-424.9976177954116
 10
42977.4683853641
 20
-427.943998391092
 10
42975.22415478771
 20
-430.57165478771594
 10
42972.59649839109
 20
-432.815885364107
 10
42969.650117795405
 20
-434.62142971530005
 10
42966.45756266941
 20
-435.94382934711075
 10
42963.09744431579
 20
-436.75052239181105
 10
42959.657014545
 20
-437.0
 10
42675.64234037291
 20
-437.0476570017479
 10
42670.505295977746
 20
-436.43964773047935
 10
42665.64252726923
 20
-434.6456776412261
 10
42661.332911247446
 20
-431.7660842778355
 10
42657.81459797987
 20
-427.9599944280132
 10
42655.28201001781
 20
-423.43773322280754
 10
42653.875098575234
 20
-418.44920153638327
 10
42653.67160980246
 20
-413.2700664239295
 10
42654.68278852146
 20
-408.18652771630286
 10
42656.852756835244
 20
-403.47950257180975
 10
42660.07270636417
 20
-399.4670952636217
 10
42719.49312043356
 20
-340.046681194226
 97
0
 75
0
 76
1
 98
0
  0
LWPOLYLINE
  5
8BB
330
17
100
AcDbEntity
  8
G-r_new
100
AcDbPolyline
 90
90
 70
1
 10
42729.392615370176
 20
-349.9461761308376
 10
42670.01909020023
 20
-409.3197013007819
 10
42668.87303823413
 20
-410.8455404867118
 10
42668.09051598968
 20
-412.5429624524487
 10
42667.72587018554
 20
-414.37616070423513
 10
42667.7992512069
 20
-416.24383241482366
 10
42668.306604006844
 20
-418.04276974814513
 10
42669.21989218887
 20
-419.67356314076096
 10
42670.48864730264
 20
-421.04609469016543
 10
42672.04275773858
 20
-422.08451808442493
 10
42673.796343106565
 20
-422.73144988145094
 10
42675.66265962708
 20
-422.9523429982521
 10
42959.64798545499
 20
-423.0
 10
42960.90058963541
 20
-422.880127826043
 10
42962.11794716183
 20
-422.5878661417438
 10
42963.274597196774
 20
-422.10876601035096
 10
42964.34205917768
 20
-421.45462446714146
 10
42965.29404864788
 20
-420.64154864788054
 10
42966.10712446714
 20
-419.6895591776822
 10
42966.76126601035
 20
-418.6220971967748
 10
42967.24036614174
 20
-417.4654471618314
 10
42967.53262782604
 20
-416.24808963541363
 10
42967.63121099359
 20
-414.995471724971
 10
42967.6525
 20
-131.0045145450036
 10
42967.53262782604
 20
-129.75191036458637
 10
42967.24036614174
 20
-128.53455283816862
 10
42966.76126601035
 20
-127.3779028032252
 10
42966.10712446714
 20
-126.31044082231776
 10
42965.29404864788
 20
-125.35845135211949
 10
42964.34205917768
 20
-124.54537553285854
 10
42963.274597196774
 20
-123.89123398964904
 10
42962.11794716183
 20
-123.41213385825617
 10
42960.90058963541
 20
-123.11987217395696
 10
42959.64797172497
 20
-123.02128900640602
 10
42675.657014545
 20
-123.0
 10
42674.40441036459
 20
-123.11987217395696
 10
42673.18705283816
 20
-123.41213385825617
 10
42672.03040280322
 20
-123.89123398964904
 10
42670.96294082231
 20
-124.54537553285854
 10
42670.01095135212
 20
-125.35845135211952
 10
42669.19787553285
 20
-126.31044082231776
 10
42668.543733989645
 20
-127.3779028032252
 10
42668.06463385825
 20
-128.53455283816862
 10
42667.77237217395
 20
-129.75191036458637
 10
42667.63092133613
 20
-131.54921367009496
 10
42653.67407866386
 20
-130.45078632990504
 10
42653.901977608184
 20
-127.5550556842067
 10
42654.708670652886
 20
-124.19493733058295
 10
42656.0310702847
 20
-121.0023822045884
 10
42657.83661463589
 20
-118.05600160890802
 10
42660.08084521228
 20
-115.42834521228406
 10
42662.708501608904
 20
-113.18411463589302
 10
42665.65488220459
 20
-111.37857028469995
 10
42668.84743733058
 20
-110.05617065288922
 10
42672.2075556842
 20
-109.24947760818893
 10
42675.64798545499
 20
-109.0
 10
42959.657028275025
 20
-108.97871099359398
 10
42963.09744431579
 20
-109.24947760818893
 10
42966.45756266941
 20
-110.05617065288922
 10
42969.650117795405
 20
-111.37857028469995
 10
42972.59649839109
 20
-113.18411463589302
 10
42975.22415478771
 20
-115.42834521228409
 10
42977.4683853641
 20
-118.05600160890802
 10
42979.273929715295
 20
-121.0023822045884
 10
42980.59632934711
 20
-124.19493733058295
 10
42981.40302239181
 20
-127.5550556842067
 10
42981.6525
 20
-130.9954854549964
 10
42981.6737890064
 20
-415.004528275029
 10
42981.40302239181
 20
-418.4449443157933
 10
42980.59632934711
 20
-421.80506266941705
 10
42979.273929715295
 20
-424.9976177954116
 10
42977.4683853641
 20
-427.943998391092
 10
42975.22415478771
 20
-430.57165478771594
 10
42972.59649839109
 20
-432.815885364107
 10
42969.650117795405
 20
-434.62142971530005
 10
42966.45756266941
 20
-435.94382934711075
 10
42963.09744431579
 20
-436.75052239181105
 10
42959.657014545
 20
-437.0
 10
42675.64234037291
 20
-437.0476570017479
 10
42670.505295977746
 20
-436.43964773047935
 10
42665.64252726923
 20
-434.6456776412261
 10
42661.332911247446
 20
-431.7660842778355
 10
42657.81459797987
 20
-427.9599944280132
 10
42655.28201001781
 20
-423.43773322280754
 10
42653.875098575234
 20
-418.44920153638327
 10
42653.67160980246
 20
-413.2700664239295
 10
42654.68278852146
 20
-408.18652771630286
 10
42656.852756835244
 20
-403.47950257180975
 10
42660.07270636417
 20
-399.4670952636217
 10
42719.49312043356
 20
-340.046681194226
  0
HATCH
  5
8BC
330
17
100
AcDbEntity
  8
G-r_new
 62
7
420
3444827
100
AcDbHatch
 10
0.0
 20
0.0
 30
0.0
210
0.0
220
0.0
230
1.0
  2
SOLID
 70
1
 71
0
 91
1
 92
3
 72
0
 73
1
 93
26
 10
42667.6525
 20
-131.0
 10
42667.6525
 20
-414.9899090733883
 10
42667.921050118544
 20
-416.8561568934289
 10
42668.56798191557
 20
-418.60974226141803
 10
42669.60640530983
 20
-420.1638526973535
 10
42670.97893685923
 20
-421.43260781112383
 10
42672.609730251854
 20
-422.34589599315046
 10
42674.40866758517
 20
-422.85324879309485
 10
42676.276339295764
 20
-422.92662981445903
 10
42678.10953754755
 20
-422.56198401032
 10
42679.806959513284
 20
-421.7794617658676
 10
42681.30119288388
 20
-420.60150315805396
 10
42740.706323869155
 20
-361.2598846298224
 10
42750.60581880577
 20
-371.15937956643404
 10
42691.21701055171
 20
-430.61170027754247
 10
42687.172997428184
 20
-433.79974316475517
 10
42682.465972283695
 20
-435.9697114785347
 10
42677.382433576066
 20
-436.9808901975348
 10
42672.20329846361
 20
-436.7774014247593
 10
42667.214766777186
 20
-435.37048998218813
 10
42662.692505571984
 20
-432.8379020201246
 10
42658.88641572216
 20
-429.319588752552
 10
42656.00682235877
 20
-425.00997273076837
 10
42654.21285226952
 20
-420.1472040222483
 10
42653.6525
 20
-415.0100909266117
 10
42653.6525
 20
-131.0
 97
0
 75
0
 76
1
 98
0
  0
LWPOLYLINE
  5
8BD
330
17
100
AcDbEntity
  8
G-r_new
100
AcDbPolyline
 90
26
 70
1
 10
42667.6525
 20
-131.0
 10
42667.6525
 20
-414.9899090733883
 10
42667.921050118544
 20
-416.8561568934289
 10
42668.56798191557
 20
-418.60974226141803
 10
42669.60640530983
 20
-420.1638526973535
 10
42670.97893685923
 20
-421.43260781112383
 10
42672.609730251854
 20
-422.34589599315046
 10
42674.40866758517
 20
-422.85324879309485
 10
42676.276339295764
 20
-422.92662981445903
 10
42678.10953754755
 20
-422.56198401032
 10
42679.806959513284
 20
-421.7794617658676
 10
42681.30119288388
 20
-420.60150315805396
 10
42740.706323869155
 20
-361.2598846298224
 10
42750.60581880577
 20
-371.15937956643404
 10
42691.21701055171
 20
-430.61170027754247
 10
42687.172997428184
 20
-433.79974316475517
 10
42682.465972283695
 20
-435.9697114785347
 10
42677.382433576066
 20
-436.9808901975348
 10
42672.20329846361
 20
-436.7774014247593
 10
42667.214766777186
 20
-435.37048998218813
 10
42662.692505571984
 20
-432.8379020201246
 10
42658.88641572216
 20
-429.319588752552
 10
42656.00682235877
 20
-425.00997273076837
 10
42654.21285226952
 20
-420.1472040222483
 10
42653.6525
 20
-415.0100909266117
 10
42653.6525
 20
-131.0
  0
DIMENSION
  5
8BE
330
17
100
AcDbEntity
  8
COTAS
100
AcDbDimension
280
0
  2
*D64
  3
COTAS_1-10
 10
42653.6525
 20
-527.0
 30
0.0
 11
42817.6525
 21
-511.856
 31
0.0
 70
32
 71
5
  1
<>
100
AcDbAlignedDimension
 13
42653.6525
 23
-437.0
 33
0.0
 14
42981.6525
 24
-437.0
 34
0.0
 50
0.0
100
AcDbRotatedDimension
  0
DIMENSION
  5
8BF
330
17
100
AcDbEntity
  8
COTAS
100
AcDbDimension
280
0
  2
*D65
  3
COTAS_1-10
 10
43071.6525
 20
-437.0
 30
0.0
 11
43056.508499999996
 21
-273.0
 31
0.0
 70
32
 71
5
  1
<>
100
AcDbAlignedDimension
 13
42981.6525
 23
-437.0
 33
0.0
 14
42981.6525
 24
-109.0
 34
0.0
 50
90.0
100
AcDbRotatedDimension
  0
TEXT
  5
8DC
330
17
100
AcDbEntity
  8
MODELO_ROTULOS
100
AcDbText
 10
42544.6525
 20
40.0
 30
0.0
 40
50.0
  1
detalles/11_detalle-4-1-estribo-14.dxf  1:10
  7
NEGRITA
 11
42544.6525
 21
40.0
 31
0.0
100
AcDbText
  0
HATCH
  5
8DE
330
17
100
AcDbEntity
  8
G-r_conc
 62
7
420
16118767
100
AcDbHatch
 10
0.0
 20
0.0
 30
0.0
210
0.0
220
0.0
230
1.0
  2
SOLID
 70
1
 71
0
 91
1
 92
3
 72
0
 73
1
 93
4
 10
43309.6525
 20
-475.0
 10
43709.6525
 20
-475.0
 10
43709.6525
 20
-75.0
 10
43309.6525
 20
-75.0
 97
0
 75
0
 76
1
 98
0
  0
LWPOLYLINE
  5
8DF
330
17
100
AcDbEntity
  8
G-r_conc
100
AcDbPolyline
 90
4
 70
1
 10
43309.6525
 20
-475.0
 10
43709.6525
 20
-475.0
 10
43709.6525
 20
-75.0
 10
43309.6525
 20
-75.0
  0
HATCH
  5
8E0
330
17
100
AcDbEntity
  8
G-r_col
 62
7
420
15326919
100
AcDbHatch
 10
0.0
 20
0.0
 30
0.0
210
0.0
220
0.0
230
1.0
  2
SOLID
 70
1
 71
0
 91
1
 92
1
 93
1
 72
2
 10
43367.6525
 20
-417.0
 40
8.0
 50
0.0
 51
360.0
 73
1
 97
0
 75
0
 76
1
 98
0
  0
CIRCLE
  5
8E1
330
17
100
AcDbEntity
  8
G-r_col
100
AcDbCircle
 10
43367.6525
 20
-417.0
 30
0.0
 40
8.0
  0
HATCH
  5
8E2
330
17
100
AcDbEntity
  8
G-r_col
 62
7
420
15326919
100
AcDbHatch
 10
0.0
 20
0.0
 30
0.0
210
0.0
220
0.0
230
1.0
  2
SOLID
 70
1
 71
0
 91
1
 92
1
 93
1
 72
2
 10
43367.6525
 20
-275.0
 40
8.0
 50
0.0
 51
360.0
 73
1
 97
0
 75
0
 76
1
 98
0
  0
CIRCLE
  5
8E3
330
17
100
AcDbEntity
  8
G-r_col
100
AcDbCircle
 10
43367.6525
 20
-275.0
 30
0.0
 40
8.0
  0
HATCH
  5
8E4
330
17
100
AcDbEntity
  8
G-r_col
 62
7
420
15326919
100
AcDbHatch
 10
0.0
 20
0.0
 30
0.0
210
0.0
220
0.0
230
1.0
  2
SOLID
 70
1
 71
0
 91
1
 92
1
 93
1
 72
2
 10
43367.6525
 20
-133.0
 40
8.0
 50
0.0
 51
360.0
 73
1
 97
0
 75
0
 76
1
 98
0
  0
CIRCLE
  5
8E5
330
17
100
AcDbEntity
  8
G-r_col
100
AcDbCircle
 10
43367.6525
 20
-133.0
 30
0.0
 40
8.0
  0
HATCH
  5
8E6
330
17
100
AcDbEntity
  8
G-r_col
 62
7
420
15326919
100
AcDbHatch
 10
0.0
 20
0.0
 30
0.0
210
0.0
220
0.0
230
1.0
  2
SOLID
 70
1
 71
0
 91
1
 92
1
 93
1
 72
2
 10
43509.6525
 20
-417.0
 40
8.0
 50
0.0
 51
360.0
 73
1
 97
0
 75
0
 76
1
 98
0
  0
CIRCLE
  5
8E7
330
17
100
AcDbEntity
  8
G-r_col
100
AcDbCircle
 10
43509.6525
 20
-417.0
 30
0.0
 40
8.0
  0
HATCH
  5
8E8
330
17
100
AcDbEntity
  8
G-r_col
 62
7
420
15326919
100
AcDbHatch
 10
0.0
 20
0.0
 30
0.0
210
0.0
220
0.0
230
1.0
  2
SOLID
 70
1
 71
0
 91
1
 92
1
 93
1
 72
2
 10
43509.6525
 20
-133.0
 40
8.0
 50
0.0
 51
360.0
 73
1
 97
0
 75
0
 76
1
 98
0
  0
CIRCLE
  5
8E9
330
17
100
AcDbEntity
  8
G-r_col
100
AcDbCircle
 10
43509.6525
 20
-133.0
 30
0.0
 40
8.0
  0
HATCH
  5
8EA
330
17
100
AcDbEntity
  8
G-r_col
 62
7
420
15326919
100
AcDbHatch
 10
0.0
 20
0.0
 30
0.0
210
0.0
220
0.0
230
1.0
  2
SOLID
 70
1
 71
0
 91
1
 92
1
 93
1
 72
2
 10
43651.6525
 20
-417.0
 40
8.0
 50
0.0
 51
360.0
 73
1
 97
0
 75
0
 76
1
 98
0
  0
CIRCLE
  5
8EB
330
17
100
AcDbEntity
  8
G-r_col
100
AcDbCircle
 10
43651.6525
 20
-417.0
 30
0.0
 40
8.0
  0
HATCH
  5
8EC
330
17
100
AcDbEntity
  8
G-r_col
 62
7
420
15326919
100
AcDbHatch
 10
0.0
 20
0.0
 30
0.0
210
0.0
220
0.0
230
1.0
  2
SOLID
 70
1
 71
0
 91
1
 92
1
 93
1
 72
2
 10
43651.6525
 20
-275.0
 40
8.0
 50
0.0
 51
360.0
 73
1
 97
0
 75
0
 76
1
 98
0
  0
CIRCLE
  5
8ED
330
17
100
AcDbEntity
  8
G-r_col
100
AcDbCircle
 10
43651.6525
 20
-275.0
 30
0.0
 40
8.0
  0
HATCH
  5
8EE
330
17
100
AcDbEntity
  8
G-r_col
 62
7
420
15326919
100
AcDbHatch
 10
0.0
 20
0.0
 30
0.0
210
0.0
220
0.0
230
1.0
  2
SOLID
 70
1
 71
0
 91
1
 92
1
 93
1
 72
2
 10
43651.6525
 20
-133.0
 40
8.0
 50
0.0
 51
360.0
 73
1
 97
0
 75
0
 76
1
 98
0
  0
CIRCLE
  5
8EF
330
17
100
AcDbEntity
  8
G-r_col
100
AcDbCircle
 10
43651.6525
 20
-133.0
 30
0.0
 40
8.0
  0
HATCH
  5
8F0
330
17
100
AcDbEntity
  8
G-r_tieS
 62
7
420
9460135
100
AcDbHatch
 10
0.0
 20
0.0
 30
0.0
210
0.0
220
0.0
230
1.0
  2
SOLID
 70
1
 71
0
 91
1
 92
3
 72
0
 73
1
 93
90
 10
43415.0286543395
 20
-358.31013716151654
 10
43362.01191967251
 20
-411.32687182849486
 10
43360.86113550585
 20
-412.8382464854434
 10
43360.07723938395
 20
-414.5386486217492
 10
43359.711953369704
 20
-416.3750654270758
 10
43359.78546322643
 20
-418.24601621639454
 10
43360.29370678772
 20
-420.04811195122386
 10
43361.20859843348
 20
-421.6817685343549
 10
43362.479581105705
 20
-423.0567098429182
 10
43364.036420099575
 20
-424.09695640130553
 10
43365.79308424445
 20
-424.74502401908825
 10
43367.65879966489
 20
-424.96584599100754
 10
43651.64970222475
 20
-425.0
 10
43652.90155708824
 20
-424.88623608281966
 10
43654.11985824559
 20
-424.59374785277737
 10
43655.27740485424
 20
-424.11427634839555
 10
43656.34569427501
 20
-423.45962774938664
 10
43657.29842167691
 20
-422.6459216769125
 10
43658.11212774938
 20
-421.69319427501296
 10
43658.76677634839
 20
-420.6249048542438
 10
43659.246247852774
 20
-419.4673582455937
 10
43659.53873608282
 20
-418.2490570882445
 10
43659.63725986842
 20
-416.9971936970569
 10
43659.6525
 20
-133.0027977752505
 10
43659.53873608282
 20
-131.75094291175546
 10
43659.246247852774
 20
-130.53264175440628
 10
43658.76677634839
 20
-129.3750951457562
 10
43658.11212774938
 20
-128.30680572498707
 10
43657.29842167691
 20
-127.35407832308752
 10
43656.34569427501
 20
-126.54037225061336
 10
43655.27740485424
 20
-125.88572365160445
 10
43654.11985824559
 20
-125.40625214722263
 10
43652.90155708824
 20
-125.11376391718036
 10
43651.64969369705
 20
-125.01524013158263
 10
43367.65529777524
 20
-125.0
 10
43366.40344291175
 20
-125.11376391718036
 10
43365.1851417544
 20
-125.40625214722263
 10
43364.02759514575
 20
-125.88572365160445
 10
43362.95930572498
 20
-126.54037225061336
 10
43362.00657832308
 20
-127.35407832308752
 10
43361.19287225061
 20
-128.30680572498707
 10
43360.5382236516
 20
-129.3750951457562
 10
43360.05875214722
 20
-130.53264175440626
 10
43359.766263917176
 20
-131.75094291175546
 10
43359.63708666866
 20
-133.3922954786392
 10
43349.66791333133
 20
-132.6077045213608
 10
43349.858839227345
 20
-130.18176099719855
 10
43350.5187784291
 20
-127.43291639184508
 10
43351.6006067195
 20
-124.82115186101558
 10
43353.07768589564
 20
-122.41077771540861
 10
43354.91364536606
 20
-120.26114536606227
 10
43357.0632777154
 20
-118.42518589563804
 10
43359.473651861015
 20
-116.94810671949796
 10
43362.08541639184
 20
-115.86627842910337
 10
43364.834260997195
 20
-115.20633922734604
 10
43367.64970222475
 20
-115.0
 10
43651.65530630294
 20
-114.98475986841737
 10
43654.4707390028
 20
-115.20633922734604
 10
43657.21958360815
 20
-115.86627842910337
 10
43659.83134813898
 20
-116.94810671949796
 10
43662.24172228459
 20
-118.42518589563804
 10
43664.39135463393
 20
-120.26114536606227
 10
43666.227314104355
 20
-122.41077771540861
 10
43667.704393280495
 20
-124.82115186101558
 10
43668.786221570896
 20
-127.43291639184511
 10
43669.44616077265
 20
-130.18176099719855
 10
43669.6525
 20
-132.9972022247495
 10
43669.667740131576
 20
-417.0028063029431
 10
43669.44616077265
 20
-419.8182390028014
 10
43668.786221570896
 20
-422.5670836081549
 10
43667.704393280495
 20
-425.17884813898445
 10
43666.227314104355
 20
-427.5892222845914
 10
43664.39135463393
 20
-429.73885463393776
 10
43662.24172228459
 20
-431.57481410436196
 10
43659.83134813898
 20
-433.05189328050204
 10
43657.21958360815
 20
-434.1337215708966
 10
43654.4707390028
 20
-434.793660772654
 10
43651.65529777524
 20
-435.0
 10
43367.646200335104
 20
-435.03415400899246
 10
43363.442336295295
 20
-434.5365939112514
 10
43359.464826907184
 20
-433.06921322759206
 10
43355.939769637705
 20
-430.7138452626826
 10
43353.061959712766
 20
-427.60064802524937
 10
43350.99042536698
 20
-423.9016572902685
 10
43349.83963991809
 20
-419.8212798746514
 10
43349.673195953226
 20
-415.5849980840003
 10
43350.500291192366
 20
-411.4269095245021
 10
43352.27522022093
 20
-407.57679083194193
 10
43354.90830401662
 20
-404.28835186065487
 10
43407.95758652763
 20
-351.2390693496511
 97
0
 75
0
 76
1
 98
0
  0
LWPOLYLINE
  5
8F1
330
17
100
AcDbEntity
  8
G-r_tieS
100
AcDbPolyline
 90
90
 70
1
 10
43415.0286543395
 20
-358.31013716151654
 10
43362.01191967251
 20
-411.32687182849486
 10
43360.86113550585
 20
-412.8382464854434
 10
43360.07723938395
 20
-414.5386486217492
 10
43359.711953369704
 20
-416.3750654270758
 10
43359.78546322643
 20
-418.24601621639454
 10
43360.29370678772
 20
-420.04811195122386
 10
43361.20859843348
 20
-421.6817685343549
 10
43362.479581105705
 20
-423.0567098429182
 10
43364.036420099575
 20
-424.09695640130553
 10
43365.79308424445
 20
-424.74502401908825
 10
43367.65879966489
 20
-424.96584599100754
 10
43651.64970222475
 20
-425.0
 10
43652.90155708824
 20
-424.88623608281966
 10
43654.11985824559
 20
-424.59374785277737
 10
43655.27740485424
 20
-424.11427634839555
 10
43656.34569427501
 20
-423.45962774938664
 10
43657.29842167691
 20
-422.6459216769125
 10
43658.11212774938
 20
-421.69319427501296
 10
43658.76677634839
 20
-420.6249048542438
 10
43659.246247852774
 20
-419.4673582455937
 10
43659.53873608282
 20
-418.2490570882445
 10
43659.63725986842
 20
-416.9971936970569
 10
43659.6525
 20
-133.0027977752505
 10
43659.53873608282
 20
-131.75094291175546
 10
43659.246247852774
 20
-130.53264175440628
 10
43658.76677634839
 20
-129.3750951457562
 10
43658.11212774938
 20
-128.30680572498707
 10
43657.29842167691
 20
-127.35407832308752
 10
43656.34569427501
 20
-126.54037225061336
 10
43655.27740485424
 20
-125.88572365160445
 10
43654.11985824559
 20
-125.40625214722263
 10
43652.90155708824
 20
-125.11376391718036
 10
43651.64969369705
 20
-125.01524013158263
 10
43367.65529777524
 20
-125.0
 10
43366.40344291175
 20
-125.11376391718036
 10
43365.1851417544
 20
-125.40625214722263
 10
43364.02759514575
 20
-125.88572365160445
 10
43362.95930572498
 20
-126.54037225061336
 10
43362.00657832308
 20
-127.35407832308752
 10
43361.19287225061
 20
-128.30680572498707
 10
43360.5382236516
 20
-129.3750951457562
 10
43360.05875214722
 20
-130.53264175440626
 10
43359.766263917176
 20
-131.75094291175546
 10
43359.63708666866
 20
-133.3922954786392
 10
43349.66791333133
 20
-132.6077045213608
 10
43349.858839227345
 20
-130.18176099719855
 10
43350.5187784291
 20
-127.43291639184508
 10
43351.6006067195
 20
-124.82115186101558
 10
43353.07768589564
 20
-122.41077771540861
 10
43354.91364536606
 20
-120.26114536606227
 10
43357.0632777154
 20
-118.42518589563804
 10
43359.473651861015
 20
-116.94810671949796
 10
43362.08541639184
 20
-115.86627842910337
 10
43364.834260997195
 20
-115.20633922734604
 10
43367.64970222475
 20
-115.0
 10
43651.65530630294
 20
-114.98475986841737
 10
43654.4707390028
 20
-115.20633922734604
 10
43657.21958360815
 20
-115.86627842910337
 10
43659.83134813898
 20
-116.94810671949796
 10
43662.24172228459
 20
-118.42518589563804
 10
43664.39135463393
 20
-120.26114536606227
 10
43666.227314104355
 20
-122.41077771540861
 10
43667.704393280495
 20
-124.82115186101558
 10
43668.786221570896
 20
-127.43291639184511
 10
43669.44616077265
 20
-130.18176099719855
 10
43669.6525
 20
-132.9972022247495
 10
43669.667740131576
 20
-417.0028063029431
 10
43669.44616077265
 20
-419.8182390028014
 10
43668.786221570896
 20
-422.5670836081549
 10
43667.704393280495
 20
-425.17884813898445
 10
43666.227314104355
 20
-427.5892222845914
 10
43664.39135463393
 20
-429.73885463393776
 10
43662.24172228459
 20
-431.57481410436196
 10
43659.83134813898
 20
-433.05189328050204
 10
43657.21958360815
 20
-434.1337215708966
 10
43654.4707390028
 20
-434.793660772654
 10
43651.65529777524
 20
-435.0
 10
43367.646200335104
 20
-435.03415400899246
 10
43363.442336295295
 20
-434.5365939112514
 10
43359.464826907184
 20
-433.06921322759206
 10
43355.939769637705
 20
-430.7138452626826
 10
43353.061959712766
 20
-427.60064802524937
 10
43350.99042536698
 20
-423.9016572902685
 10
43349.83963991809
 20
-419.8212798746514
 10
43349.673195953226
 20
-415.5849980840003
 10
43350.500291192366
 20
-411.4269095245021
 10
43352.27522022093
 20
-407.57679083194193
 10
43354.90830401662
 20
-404.28835186065487
 10
43407.95758652763
 20
-351.2390693496511
  0
HATCH
  5
8F2
330
17
100
AcDbEntity
  8
G-r_tieS
 62
7
420
9460135
100
AcDbHatch
 10
0.0
 20
0.0
 30
0.0
210
0.0
220
0.0
230
1.0
  2
SOLID
 70
1
 71
0
 91
1
 92
3
 72
0
 73
1
 93
26
 10
43359.6525
 20
-133.0
 10
43359.6525
 20
-416.9937430749219
 10
43359.90747598091
 20
-418.8594157555484
 10
43360.55554359869
 20
-420.61607990041756
 10
43361.59579015708
 20
-422.17291889429293
 10
43362.97073146564
 20
-423.44390156651696
 10
43364.60438804877
 20
-424.35879321227617
 10
43366.406483783605
 20
-424.86703677357093
 10
43368.27743457292
 20
-424.9405466302893
 10
43370.11385137825
 20
-424.575260616046
 10
43371.81425351455
 20
-423.79136449414335
 10
43373.30299361269
 20
-422.6177364331551
 10
43426.34236283848
 20
-369.6238456605013
 10
43433.41343065035
 20
-376.6949134723668
 10
43380.38678269815
 20
-429.7670398776951
 10
43377.07570916806
 20
-432.37727977906303
 10
43373.22559047549
 20
-434.15220880762797
 10
43369.067501916
 20
-434.979304046772
 10
43364.83122012534
 20
-434.8128600819027
 10
43360.75084270973
 20
-433.6620746330173
 10
43357.05185197475
 20
-431.59054028723165
 10
43353.938654737314
 20
-428.71273036229184
 10
43351.5832867724
 20
-425.18767309281066
 10
43350.115906088744
 20
-421.2101637047051
 10
43349.6525
 20
-417.0062569250781
 10
43349.6525
 20
-133.0
 97
0
 75
0
 76
1
 98
0
  0
LWPOLYLINE
  5
8F3
330
17
100
AcDbEntity
  8
G-r_tieS
100
AcDbPolyline
 90
26
 70
1
 10
43359.6525
 20
-133.0
 10
43359.6525
 20
-416.9937430749219
 10
43359.90747598091
 20
-418.8594157555484
 10
43360.55554359869
 20
-420.61607990041756
 10
43361.59579015708
 20
-422.17291889429293
 10
43362.97073146564
 20
-423.44390156651696
 10
43364.60438804877
 20
-424.35879321227617
 10
43366.406483783605
 20
-424.86703677357093
 10
43368.27743457292
 20
-424.9405466302893
 10
43370.11385137825
 20
-424.575260616046
 10
43371.81425351455
 20
-423.79136449414335
 10
43373.30299361269
 20
-422.6177364331551
 10
43426.34236283848
 20
-369.6238456605013
 10
43433.41343065035
 20
-376.6949134723668
 10
43380.38678269815
 20
-429.7670398776951
 10
43377.07570916806
 20
-432.37727977906303
 10
43373.22559047549
 20
-434.15220880762797
 10
43369.067501916
 20
-434.979304046772
 10
43364.83122012534
 20
-434.8128600819027
 10
43360.75084270973
 20
-433.6620746330173
 10
43357.05185197475
 20
-431.59054028723165
 10
43353.938654737314
 20
-428.71273036229184
 10
43351.5832867724
 20
-425.18767309281066
 10
43350.115906088744
 20
-421.2101637047051
 10
43349.6525
 20
-417.0062569250781
 10
43349.6525
 20
-133.0
  0
DIMENSION
  5
8F4
330
17
100
AcDbEntity
  8
COTAS
100
AcDbDimension
280
0
  2
*D66
  3
COTAS_1-10
 10
43349.6525
 20
-525.0
 30
0.0
 11
43509.6525
 21
-509.856
 31
0.0
 70
32
 71
5
  1
<>
100
AcDbAlignedDimension
 13
43349.6525
 23
-435.0
 33
0.0
 14
43669.6525
 24
-435.0
 34
0.0
 50
0.0
100
AcDbRotatedDimension
  0
DIMENSION
  5
8F5
330
17
100
AcDbEntity
  8
COTAS
100
AcDbDimension
280
0
  2
*D67
  3
COTAS_1-10
 10
43759.6525
 20
-435.0
 30
0.0
 11
43744.508499999996
 21
-275.0
 31
0.0
 70
32
 71
5
  1
<>
100
AcDbAlignedDimension
 13
43669.6525
 23
-435.0
 33
0.0
 14
43669.6525
 24
-115.0
 34
0.0
 50
90.0
100
AcDbRotatedDimension
  0
TEXT
  5
912
330
17
100
AcDbEntity
  8
MODELO_ROTULOS
100
AcDbText
 10
43234.6525
 20
40.0
 30
0.0
 40
50.0
  1
detalles/12_detalle-4-2-estribo-del-nudo-10.dxf  1:10
  7
NEGRITA
 11
43234.6525
 21
40.0
 31
0.0
100
AcDbText
  0
HATCH
  5
918
330
17
100
AcDbEntity
  8
G-r_conc
 62
7
420
16118767
100
AcDbHatch
 10
0.0
 20
0.0
 30
0.0
210
0.0
220
0.0
230
1.0
  2
SOLID
 70
1
 71
0
 91
1
 92
3
 72
0
 73
1
 93
4
 10
43993.5525
 20
-470.0
 10
44393.5525
 20
-470.0
 10
44393.5525
 20
-70.0
 10
43993.5525
 20
-70.0
 97
0
 75
0
 76
1
 98
0
  0
LWPOLYLINE
  5
919
330
17
100
AcDbEntity
  8
G-r_conc
100
AcDbPolyline
 90
4
 70
1
 10
43993.5525
 20
-470.0
 10
44393.5525
 20
-470.0
 10
44393.5525
 20
-70.0
 10
43993.5525
 20
-70.0
  0
HATCH
  5
91A
330
17
100
AcDbEntity
  8
G-r_col
 62
7
420
15326919
100
AcDbHatch
 10
0.0
 20
0.0
 30
0.0
210
0.0
220
0.0
230
1.0
  2
SOLID
 70
1
 71
0
 91
1
 92
1
 93
1
 72
2
 10
44051.5525
 20
-412.0
 40
8.0
 50
0.0
 51
360.0
 73
1
 97
0
 75
0
 76
1
 98
0
  0
CIRCLE
  5
91B
330
17
100
AcDbEntity
  8
G-r_col
100
AcDbCircle
 10
44051.5525
 20
-412.0
 30
0.0
 40
8.0
  0
HATCH
  5
91C
330
17
100
AcDbEntity
  8
G-r_col
 62
7
420
15326919
100
AcDbHatch
 10
0.0
 20
0.0
 30
0.0
210
0.0
220
0.0
230
1.0
  2
SOLID
 70
1
 71
0
 91
1
 92
1
 93
1
 72
2
 10
44051.5525
 20
-270.0
 40
8.0
 50
0.0
 51
360.0
 73
1
 97
0
 75
0
 76
1
 98
0
  0
CIRCLE
  5
91D
330
17
100
AcDbEntity
  8
G-r_col
100
AcDbCircle
 10
44051.5525
 20
-270.0
 30
0.0
 40
8.0
  0
HATCH
  5
91E
330
17
100
AcDbEntity
  8
G-r_col
 62
7
420
15326919
100
AcDbHatch
 10
0.0
 20
0.0
 30
0.0
210
0.0
220
0.0
230
1.0
  2
SOLID
 70
1
 71
0
 91
1
 92
1
 93
1
 72
2
 10
44051.5525
 20
-128.0
 40
8.0
 50
0.0
 51
360.0
 73
1
 97
0
 75
0
 76
1
 98
0
  0
CIRCLE
  5
91F
330
17
100
AcDbEntity
  8
G-r_col
100
AcDbCircle
 10
44051.5525
 20
-128.0
 30
0.0
 40
8.0
  0
HATCH
  5
920
330
17
100
AcDbEntity
  8
G-r_col
 62
7
420
15326919
100
AcDbHatch
 10
0.0
 20
0.0
 30
0.0
210
0.0
220
0.0
230
1.0
  2
SOLID
 70
1
 71
0
 91
1
 92
1
 93
1
 72
2
 10
44193.5525
 20
-412.0
 40
8.0
 50
0.0
 51
360.0
 73
1
 97
0
 75
0
 76
1
 98
0
  0
CIRCLE
  5
921
330
17
100
AcDbEntity
  8
G-r_col
100
AcDbCircle
 10
44193.5525
 20
-412.0
 30
0.0
 40
8.0
  0
HATCH
  5
922
330
17
100
AcDbEntity
  8
G-r_col
 62
7
420
15326919
100
AcDbHatch
 10
0.0
 20
0.0
 30
0.0
210
0.0
220
0.0
230
1.0
  2
SOLID
 70
1
 71
0
 91
1
 92
1
 93
1
 72
2
 10
44193.5525
 20
-128.0
 40
8.0
 50
0.0
 51
360.0
 73
1
 97
0
 75
0
 76
1
 98
0
  0
CIRCLE
  5
923
330
17
100
AcDbEntity
  8
G-r_col
100
AcDbCircle
 10
44193.5525
 20
-128.0
 30
0.0
 40
8.0
  0
HATCH
  5
924
330
17
100
AcDbEntity
  8
G-r_col
 62
7
420
15326919
100
AcDbHatch
 10
0.0
 20
0.0
 30
0.0
210
0.0
220
0.0
230
1.0
  2
SOLID
 70
1
 71
0
 91
1
 92
1
 93
1
 72
2
 10
44335.5525
 20
-412.0
 40
8.0
 50
0.0
 51
360.0
 73
1
 97
0
 75
0
 76
1
 98
0
  0
CIRCLE
  5
925
330
17
100
AcDbEntity
  8
G-r_col
100
AcDbCircle
 10
44335.5525
 20
-412.0
 30
0.0
 40
8.0
  0
HATCH
  5
926
330
17
100
AcDbEntity
  8
G-r_col
 62
7
420
15326919
100
AcDbHatch
 10
0.0
 20
0.0
 30
0.0
210
0.0
220
0.0
230
1.0
  2
SOLID
 70
1
 71
0
 91
1
 92
1
 93
1
 72
2
 10
44335.5525
 20
-270.0
 40
8.0
 50
0.0
 51
360.0
 73
1
 97
0
 75
0
 76
1
 98
0
  0
CIRCLE
  5
927
330
17
100
AcDbEntity
  8
G-r_col
100
AcDbCircle
 10
44335.5525
 20
-270.0
 30
0.0
 40
8.0
  0
HATCH
  5
928
330
17
100
AcDbEntity
  8
G-r_col
 62
7
420
15326919
100
AcDbHatch
 10
0.0
 20
0.0
 30
0.0
210
0.0
220
0.0
230
1.0
  2
SOLID
 70
1
 71
0
 91
1
 92
1
 93
1
 72
2
 10
44335.5525
 20
-128.0
 40
8.0
 50
0.0
 51
360.0
 73
1
 97
0
 75
0
 76
1
 98
0
  0
CIRCLE
  5
929
330
17
100
AcDbEntity
  8
G-r_col
100
AcDbCircle
 10
44335.5525
 20
-128.0
 30
0.0
 40
8.0
  0
HATCH
  5
92A
330
17
100
AcDbEntity
  8
G-r_t1
 62
7
420
10049461
100
AcDbHatch
 10
0.0
 20
0.0
 30
0.0
210
0.0
220
0.0
230
1.0
  2
SOLID
 70
1
 71
0
 91
1
 92
3
 72
0
 73
1
 93
48
 10
44098.9286543395
 20
-353.31013716151654
 10
44045.911919672515
 20
-406.32687182849486
 10
44044.761135505854
 20
-407.8382464854434
 10
44043.97723938395
 20
-409.5386486217492
 10
44043.611953369706
 20
-411.3750654270758
 10
44043.68546322643
 20
-413.24601621639454
 10
44044.19370678772
 20
-415.04811195122386
 10
44045.10859843348
 20
-416.6817685343549
 10
44046.379581105706
 20
-418.0567098429182
 10
44047.93642009958
 20
-419.09695640130553
 10
44049.69308424445
 20
-419.74502401908825
 10
44051.55879966489
 20
-419.96584599100754
 10
44335.54624307492
 20
-420.0
 10
44337.41191575555
 20
-419.7450240190882
 10
44339.16857990042
 20
-419.09695640130553
 10
44340.72541889429
 20
-418.0567098429182
 10
44341.99640156652
 20
-416.6817685343549
 10
44342.91129321227
 20
-415.04811195122386
 10
44343.41953677357
 20
-413.24601621639454
 10
44343.49304663029
 20
-411.3750654270758
 10
44343.127760616044
 20
-409.53864862174925
 10
44342.34386449414
 20
-407.8382464854434
 10
44341.17023643315
 20
-406.34950638730766
 10
44288.1763456605
 20
-353.31013716151654
 10
44295.24741347237
 20
-346.2390693496511
 10
44348.319539877695
 20
-399.2657173018422
 10
44350.929779779064
 20
-402.57679083194193
 10
44352.70470880763
 20
-406.42690952450215
 10
44353.53180404677
 20
-410.5849980840003
 10
44353.3653600819
 20
-414.8212798746514
 10
44352.21457463301
 20
-418.90165729026853
 10
44350.14304028723
 20
-422.60064802524937
 10
44347.26523036229
 20
-425.7138452626826
 10
44343.74017309281
 20
-428.06921322759206
 10
44339.7626637047
 20
-429.5365939112513
 10
44335.55875692508
 20
-430.0
 10
44051.546200335106
 20
-430.03415400899246
 10
44047.342336295296
 20
-429.5365939112514
 10
44043.364826907185
 20
-428.06921322759206
 10
44039.83976963771
 20
-425.7138452626826
 10
44036.96195971277
 20
-422.60064802524937
 10
44034.89042536698
 20
-418.9016572902685
 10
44033.739639918094
 20
-414.8212798746514
 10
44033.57319595323
 20
-410.5849980840003
 10
44034.40029119237
 20
-406.4269095245021
 10
44036.17522022093
 20
-402.57679083194193
 10
44038.808304016624
 20
-399.28835186065487
 10
44091.85758652763
 20
-346.2390693496511
 97
0
 75
0
 76
1
 98
0
  0
LWPOLYLINE
  5
92B
330
17
100
AcDbEntity
  8
G-r_t1
100
AcDbPolyline
 90
48
 70
1
 10
44098.9286543395
 20
-353.31013716151654
 10
44045.911919672515
 20
-406.32687182849486
 10
44044.761135505854
 20
-407.8382464854434
 10
44043.97723938395
 20
-409.5386486217492
 10
44043.611953369706
 20
-411.3750654270758
 10
44043.68546322643
 20
-413.24601621639454
 10
44044.19370678772
 20
-415.04811195122386
 10
44045.10859843348
 20
-416.6817685343549
 10
44046.379581105706
 20
-418.0567098429182
 10
44047.93642009958
 20
-419.09695640130553
 10
44049.69308424445
 20
-419.74502401908825
 10
44051.55879966489
 20
-419.96584599100754
 10
44335.54624307492
 20
-420.0
 10
44337.41191575555
 20
-419.7450240190882
 10
44339.16857990042
 20
-419.09695640130553
 10
44340.72541889429
 20
-418.0567098429182
 10
44341.99640156652
 20
-416.6817685343549
 10
44342.91129321227
 20
-415.04811195122386
 10
44343.41953677357
 20
-413.24601621639454
 10
44343.49304663029
 20
-411.3750654270758
 10
44343.127760616044
 20
-409.53864862174925
 10
44342.34386449414
 20
-407.8382464854434
 10
44341.17023643315
 20
-406.34950638730766
 10
44288.1763456605
 20
-353.31013716151654
 10
44295.24741347237
 20
-346.2390693496511
 10
44348.319539877695
 20
-399.2657173018422
 10
44350.929779779064
 20
-402.57679083194193
 10
44352.70470880763
 20
-406.42690952450215
 10
44353.53180404677
 20
-410.5849980840003
 10
44353.3653600819
 20
-414.8212798746514
 10
44352.21457463301
 20
-418.90165729026853
 10
44350.14304028723
 20
-422.60064802524937
 10
44347.26523036229
 20
-425.7138452626826
 10
44343.74017309281
 20
-428.06921322759206
 10
44339.7626637047
 20
-429.5365939112513
 10
44335.55875692508
 20
-430.0
 10
44051.546200335106
 20
-430.03415400899246
 10
44047.342336295296
 20
-429.5365939112514
 10
44043.364826907185
 20
-428.06921322759206
 10
44039.83976963771
 20
-425.7138452626826
 10
44036.96195971277
 20
-422.60064802524937
 10
44034.89042536698
 20
-418.9016572902685
 10
44033.739639918094
 20
-414.8212798746514
 10
44033.57319595323
 20
-410.5849980840003
 10
44034.40029119237
 20
-406.4269095245021
 10
44036.17522022093
 20
-402.57679083194193
 10
44038.808304016624
 20
-399.28835186065487
 10
44091.85758652763
 20
-346.2390693496511
  0
HATCH
  5
92C
330
17
100
AcDbEntity
  8
G-r_t2
 62
7
420
4428487
100
AcDbHatch
 10
0.0
 20
0.0
 30
0.0
210
0.0
220
0.0
230
1.0
  2
SOLID
 70
1
 71
0
 91
1
 92
3
 72
0
 73
1
 93
48
 10
44276.86263716152
 20
-364.6238456605013
 10
44329.879371828494
 20
-417.6405803274796
 10
44331.39074648544
 20
-418.79136449414335
 10
44333.091148621745
 20
-419.575260616046
 10
44334.927565427075
 20
-419.9405466302893
 10
44336.79851621639
 20
-419.86703677357093
 10
44338.600611951224
 20
-419.35879321227617
 10
44340.234268534354
 20
-418.44390156651696
 10
44341.609209842914
 20
-417.17291889429293
 10
44342.649456401305
 20
-415.61607990041756
 10
44343.297524019086
 20
-413.8594157555484
 10
44343.518345991004
 20
-411.99370033510684
 10
44343.5525
 20
-128.0062569250781
 10
44343.297524019086
 20
-126.14058424445162
 10
44342.649456401305
 20
-124.38392009958244
 10
44341.609209842914
 20
-122.8270811057071
 10
44340.234268534354
 20
-121.55609843348307
 10
44338.600611951224
 20
-120.64120678772383
 10
44336.79851621639
 20
-120.1329632264291
 10
44334.927565427075
 20
-120.05945336971067
 10
44333.091148621745
 20
-120.42473938395398
 10
44331.39074648544
 20
-121.20863550585665
 10
44329.9020063873
 20
-122.3822635668449
 10
44276.86263716152
 20
-175.3761543394987
 10
44269.79156934965
 20
-168.30508652763322
 10
44322.81821730184
 20
-115.23296012230489
 10
44326.12929083194
 20
-112.62272022093697
 10
44329.9794095245
 20
-110.84779119237203
 10
44334.137498084
 20
-110.020695953228
 10
44338.37377987465
 20
-110.1871399180973
 10
44342.45415729027
 20
-111.33792536698269
 10
44346.153148025245
 20
-113.40945971276832
 10
44349.26634526268
 20
-116.28726963770814
 10
44351.62171322759
 20
-119.81232690718934
 10
44353.08909391125
 20
-123.78983629529486
 10
44353.5525
 20
-127.9937430749219
 10
44353.58665400899
 20
-412.00629966489316
 10
44353.08909391125
 20
-416.2101637047051
 10
44351.62171322759
 20
-420.18767309281066
 10
44349.26634526268
 20
-423.71273036229184
 10
44346.153148025245
 20
-426.5905402872317
 10
44342.45415729027
 20
-428.66207463301737
 10
44338.37377987465
 20
-429.8128600819027
 10
44334.137498084
 20
-429.979304046772
 10
44329.9794095245
 20
-429.15220880762797
 10
44326.12929083194
 20
-427.37727977906303
 10
44322.84085186065
 20
-424.74419598337056
 10
44269.79156934965
 20
-371.6949134723668
 97
0
 75
0
 76
1
 98
0
  0
LWPOLYLINE
  5
92D
330
17
100
AcDbEntity
  8
G-r_t2
100
AcDbPolyline
 90
48
 70
1
 10
44276.86263716152
 20
-364.6238456605013
 10
44329.879371828494
 20
-417.6405803274796
 10
44331.39074648544
 20
-418.79136449414335
 10
44333.091148621745
 20
-419.575260616046
 10
44334.927565427075
 20
-419.9405466302893
 10
44336.79851621639
 20
-419.86703677357093
 10
44338.600611951224
 20
-419.35879321227617
 10
44340.234268534354
 20
-418.44390156651696
 10
44341.609209842914
 20
-417.17291889429293
 10
44342.649456401305
 20
-415.61607990041756
 10
44343.297524019086
 20
-413.8594157555484
 10
44343.518345991004
 20
-411.99370033510684
 10
44343.5525
 20
-128.0062569250781
 10
44343.297524019086
 20
-126.14058424445162
 10
44342.649456401305
 20
-124.38392009958244
 10
44341.609209842914
 20
-122.8270811057071
 10
44340.234268534354
 20
-121.55609843348307
 10
44338.600611951224
 20
-120.64120678772383
 10
44336.79851621639
 20
-120.1329632264291
 10
44334.927565427075
 20
-120.05945336971067
 10
44333.091148621745
 20
-120.42473938395398
 10
44331.39074648544
 20
-121.20863550585665
 10
44329.9020063873
 20
-122.3822635668449
 10
44276.86263716152
 20
-175.3761543394987
 10
44269.79156934965
 20
-168.30508652763322
 10
44322.81821730184
 20
-115.23296012230489
 10
44326.12929083194
 20
-112.62272022093697
 10
44329.9794095245
 20
-110.84779119237203
 10
44334.137498084
 20
-110.020695953228
 10
44338.37377987465
 20
-110.1871399180973
 10
44342.45415729027
 20
-111.33792536698269
 10
44346.153148025245
 20
-113.40945971276832
 10
44349.26634526268
 20
-116.28726963770814
 10
44351.62171322759
 20
-119.81232690718934
 10
44353.08909391125
 20
-123.78983629529486
 10
44353.5525
 20
-127.9937430749219
 10
44353.58665400899
 20
-412.00629966489316
 10
44353.08909391125
 20
-416.2101637047051
 10
44351.62171322759
 20
-420.18767309281066
 10
44349.26634526268
 20
-423.71273036229184
 10
44346.153148025245
 20
-426.5905402872317
 10
44342.45415729027
 20
-428.66207463301737
 10
44338.37377987465
 20
-429.8128600819027
 10
44334.137498084
 20
-429.979304046772
 10
44329.9794095245
 20
-429.15220880762797
 10
44326.12929083194
 20
-427.37727977906303
 10
44322.84085186065
 20
-424.74419598337056
 10
44269.79156934965
 20
-371.6949134723668
  0
HATCH
  5
92E
330
17
100
AcDbEntity
  8
G-r_t3
 62
7
420
15239992
100
AcDbHatch
 10
0.0
 20
0.0
 30
0.0
210
0.0
220
0.0
230
1.0
  2
SOLID
 70
1
 71
0
 91
1
 92
3
 72
0
 73
1
 93
48
 10
44288.1763456605
 20
-186.68986283848346
 10
44341.19308032748
 20
-133.67312817150514
 10
44342.34386449414
 20
-132.1617535145566
 10
44343.127760616044
 20
-130.4613513782508
 10
44343.49304663029
 20
-128.62493457292425
 10
44343.41953677357
 20
-126.75398378360546
 10
44342.91129321227
 20
-124.95188804877617
 10
44341.99640156652
 20
-123.31823146564511
 10
44340.72541889429
 20
-121.9432901570818
 10
44339.16857990042
 20
-120.9030435986945
 10
44337.41191575555
 20
-120.25497598091178
 10
44335.546200335106
 20
-120.03415400899249
 10
44051.55875692508
 20
-119.99999999999997
 10
44049.69308424445
 20
-120.25497598091175
 10
44047.93642009958
 20
-120.90304359869447
 10
44046.379581105706
 20
-121.94329015708175
 10
44045.10859843348
 20
-123.31823146564506
 10
44044.19370678772
 20
-124.95188804877614
 10
44043.68546322643
 20
-126.7539837836054
 10
44043.611953369706
 20
-128.6249345729242
 10
44043.97723938395
 20
-130.46135137825073
 10
44044.761135505854
 20
-132.16175351455655
 10
44045.934763566846
 20
-133.65049361269234
 10
44098.9286543395
 20
-186.6898628384834
 10
44091.85758652763
 20
-193.76093065034888
 10
44038.7854601223
 20
-140.7342826981578
 10
44036.17522022093
 20
-137.42320916805807
 10
44034.40029119237
 20
-133.57309047549782
 10
44033.57319595323
 20
-129.4150019159997
 10
44033.739639918094
 20
-125.17872012534855
 10
44034.89042536698
 20
-121.09834270973147
 10
44036.96195971277
 20
-117.39935197475057
 10
44039.83976963771
 20
-114.28615473731739
 10
44043.364826907185
 20
-111.93078677240788
 10
44047.342336295296
 20
-110.46340608874863
 10
44051.54624307492
 20
-109.99999999999997
 10
44335.55879966489
 20
-109.96584599100757
 10
44339.7626637047
 20
-110.46340608874866
 10
44343.74017309281
 20
-111.93078677240797
 10
44347.26523036229
 20
-114.28615473731745
 10
44350.14304028723
 20
-117.39935197475063
 10
44352.21457463301
 20
-121.09834270973155
 10
44353.3653600819
 20
-125.1787201253486
 10
44353.53180404677
 20
-129.41500191599977
 10
44352.70470880763
 20
-133.5730904754979
 10
44350.929779779064
 20
-137.42320916805812
 10
44348.29669598337
 20
-140.71164813934513
 10
44295.24741347237
 20
-193.76093065034894
 97
0
 75
0
 76
1
 98
0
  0
LWPOLYLINE
  5
92F
330
17
100
AcDbEntity
  8
G-r_t3
100
AcDbPolyline
 90
48
 70
1
 10
44288.1763456605
 20
-186.68986283848346
 10
44341.19308032748
 20
-133.67312817150514
 10
44342.34386449414
 20
-132.1617535145566
 10
44343.127760616044
 20
-130.4613513782508
 10
44343.49304663029
 20
-128.62493457292425
 10
44343.41953677357
 20
-126.75398378360546
 10
44342.91129321227
 20
-124.95188804877617
 10
44341.99640156652
 20
-123.31823146564511
 10
44340.72541889429
 20
-121.9432901570818
 10
44339.16857990042
 20
-120.9030435986945
 10
44337.41191575555
 20
-120.25497598091178
 10
44335.546200335106
 20
-120.03415400899249
 10
44051.55875692508
 20
-119.99999999999997
 10
44049.69308424445
 20
-120.25497598091175
 10
44047.93642009958
 20
-120.90304359869447
 10
44046.379581105706
 20
-121.94329015708175
 10
44045.10859843348
 20
-123.31823146564506
 10
44044.19370678772
 20
-124.95188804877614
 10
44043.68546322643
 20
-126.7539837836054
 10
44043.611953369706
 20
-128.6249345729242
 10
44043.97723938395
 20
-130.46135137825073
 10
44044.761135505854
 20
-132.16175351455655
 10
44045.934763566846
 20
-133.65049361269234
 10
44098.9286543395
 20
-186.6898628384834
 10
44091.85758652763
 20
-193.76093065034888
 10
44038.7854601223
 20
-140.7342826981578
 10
44036.17522022093
 20
-137.42320916805807
 10
44034.40029119237
 20
-133.57309047549782
 10
44033.57319595323
 20
-129.4150019159997
 10
44033.739639918094
 20
-125.17872012534855
 10
44034.89042536698
 20
-121.09834270973147
 10
44036.96195971277
 20
-117.39935197475057
 10
44039.83976963771
 20
-114.28615473731739
 10
44043.364826907185
 20
-111.93078677240788
 10
44047.342336295296
 20
-110.46340608874863
 10
44051.54624307492
 20
-109.99999999999997
 10
44335.55879966489
 20
-109.96584599100757
 10
44339.7626637047
 20
-110.46340608874866
 10
44343.74017309281
 20
-111.93078677240797
 10
44347.26523036229
 20
-114.28615473731745
 10
44350.14304028723
 20
-117.39935197475063
 10
44352.21457463301
 20
-121.09834270973155
 10
44353.3653600819
 20
-125.1787201253486
 10
44353.53180404677
 20
-129.41500191599977
 10
44352.70470880763
 20
-133.5730904754979
 10
44350.929779779064
 20
-137.42320916805812
 10
44348.29669598337
 20
-140.71164813934513
 10
44295.24741347237
 20
-193.76093065034894
  0
HATCH
  5
930
330
17
100
AcDbEntity
  8
G-r_t4
 62
7
420
3059349
100
AcDbHatch
 10
0.0
 20
0.0
 30
0.0
210
0.0
220
0.0
230
1.0
  2
SOLID
 70
1
 71
0
 91
1
 92
3
 72
0
 73
1
 93
48
 10
44110.24236283848
 20
-175.37615433949867
 10
44057.2256281715
 20
-122.35941967252035
 10
44055.714253514554
 20
-121.20863550585662
 10
44054.01385137825
 20
-120.42473938395395
 10
44052.17743457292
 20
-120.05945336971064
 10
44050.30648378361
 20
-120.13296322642907
 10
44048.50438804877
 20
-120.64120678772383
 10
44046.87073146564
 20
-121.55609843348302
 10
44045.49579015708
 20
-122.82708110570704
 10
44044.45554359869
 20
-124.38392009958241
 10
44043.80747598091
 20
-126.14058424445159
 10
44043.58665400899
 20
-128.00629966489316
 10
44043.5525
 20
-411.9937430749219
 10
44043.80747598091
 20
-413.85941575554835
 10
44044.45554359869
 20
-415.6160799004175
 10
44045.49579015708
 20
-417.1729188942929
 10
44046.87073146564
 20
-418.4439015665169
 10
44048.50438804877
 20
-419.35879321227617
 10
44050.30648378361
 20
-419.8670367735709
 10
44052.17743457292
 20
-419.9405466302893
 10
44054.01385137825
 20
-419.57526061604597
 10
44055.714253514554
 20
-418.7913644941433
 10
44057.20299361269
 20
-417.6177364331551
 10
44110.24236283848
 20
-364.6238456605013
 10
44117.31343065035
 20
-371.69491347236675
 10
44064.28678269815
 20
-424.7670398776951
 10
44060.97570916806
 20
-427.377279779063
 10
44057.125590475494
 20
-429.15220880762797
 10
44052.967501916
 20
-429.979304046772
 10
44048.731220125344
 20
-429.81286008190267
 10
44044.65084270973
 20
-428.66207463301726
 10
44040.95185197475
 20
-426.59054028723165
 10
44037.838654737316
 20
-423.71273036229184
 10
44035.4832867724
 20
-420.18767309281066
 10
44034.015906088745
 20
-416.2101637047051
 10
44033.5525
 20
-412.0062569250781
 10
44033.518345991004
 20
-127.99370033510678
 10
44034.015906088745
 20
-123.78983629529483
 10
44035.4832867724
 20
-119.81232690718932
 10
44037.838654737316
 20
-116.28726963770814
 10
44040.95185197475
 20
-113.40945971276827
 10
44044.65084270973
 20
-111.33792536698263
 10
44048.731220125344
 20
-110.18713991809727
 10
44052.967501916
 20
-110.02069595322797
 10
44057.125590475494
 20
-110.847791192372
 10
44060.97570916806
 20
-112.62272022093694
 10
44064.264148139344
 20
-115.25580401662938
 10
44117.31343065035
 20
-168.3050865276332
 97
0
 75
0
 76
1
 98
0
  0
LWPOLYLINE
  5
931
330
17
100
AcDbEntity
  8
G-r_t4
100
AcDbPolyline
 90
48
 70
1
 10
44110.24236283848
 20
-175.37615433949867
 10
44057.2256281715
 20
-122.35941967252035
 10
44055.714253514554
 20
-121.20863550585662
 10
44054.01385137825
 20
-120.42473938395395
 10
44052.17743457292
 20
-120.05945336971064
 10
44050.30648378361
 20
-120.13296322642907
 10
44048.50438804877
 20
-120.64120678772383
 10
44046.87073146564
 20
-121.55609843348302
 10
44045.49579015708
 20
-122.82708110570704
 10
44044.45554359869
 20
-124.38392009958241
 10
44043.80747598091
 20
-126.14058424445159
 10
44043.58665400899
 20
-128.00629966489316
 10
44043.5525
 20
-411.9937430749219
 10
44043.80747598091
 20
-413.85941575554835
 10
44044.45554359869
 20
-415.6160799004175
 10
44045.49579015708
 20
-417.1729188942929
 10
44046.87073146564
 20
-418.4439015665169
 10
44048.50438804877
 20
-419.35879321227617
 10
44050.30648378361
 20
-419.8670367735709
 10
44052.17743457292
 20
-419.9405466302893
 10
44054.01385137825
 20
-419.57526061604597
 10
44055.714253514554
 20
-418.7913644941433
 10
44057.20299361269
 20
-417.6177364331551
 10
44110.24236283848
 20
-364.6238456605013
 10
44117.31343065035
 20
-371.69491347236675
 10
44064.28678269815
 20
-424.7670398776951
 10
44060.97570916806
 20
-427.377279779063
 10
44057.125590475494
 20
-429.15220880762797
 10
44052.967501916
 20
-429.979304046772
 10
44048.731220125344
 20
-429.81286008190267
 10
44044.65084270973
 20
-428.66207463301726
 10
44040.95185197475
 20
-426.59054028723165
 10
44037.838654737316
 20
-423.71273036229184
 10
44035.4832867724
 20
-420.18767309281066
 10
44034.015906088745
 20
-416.2101637047051
 10
44033.5525
 20
-412.0062569250781
 10
44033.518345991004
 20
-127.99370033510678
 10
44034.015906088745
 20
-123.78983629529483
 10
44035.4832867724
 20
-119.81232690718932
 10
44037.838654737316
 20
-116.28726963770814
 10
44040.95185197475
 20
-113.40945971276827
 10
44044.65084270973
 20
-111.33792536698263
 10
44048.731220125344
 20
-110.18713991809727
 10
44052.967501916
 20
-110.02069595322797
 10
44057.125590475494
 20
-110.847791192372
 10
44060.97570916806
 20
-112.62272022093694
 10
44064.264148139344
 20
-115.25580401662938
 10
44117.31343065035
 20
-168.3050865276332
  0
DIMENSION
  5
932
330
17
100
AcDbEntity
  8
COTAS
100
AcDbDimension
280
0
  2
*D68
  3
COTAS_1-10
 10
43993.5525
 20
-530.0
 30
0.0
 11
44193.5525
 21
-514.856
 31
0.0
 70
32
 71
5
  1
<> (columna)
100
AcDbAlignedDimension
 13
43993.5525
 23
-470.0
 33
0.0
 14
44393.5525
 24
-470.0
 34
0.0
 50
0.0
100
AcDbRotatedDimension
  0
TEXT
  5
941
330
17
100
AcDbEntity
  8
MODELO_ROTULOS
100
AcDbText
 10
43924.6525
 20
40.0
 30
0.0
 40
50.0
  1
detalles/13_detalle-4-3-opcion-10-en-4-piezas.dxf  1:10
  7
NEGRITA
 11
43924.6525
 21
40.0
 31
0.0
100
AcDbText
  0
HATCH
  5
945
330
17
100
AcDbEntity
  8
G-r_concb
 62
7
420
16382198
100
AcDbHatch
 10
0.0
 20
0.0
 30
0.0
210
0.0
220
0.0
230
1.0
  2
SOLID
 70
1
 71
0
 91
1
 92
3
 72
0
 73
1
 93
4
 10
44799.472499999996
 20
-283.539
 10
45159.472499999996
 20
-283.539
 10
45159.472499999996
 20
-193.539
 10
44799.472499999996
 20
-193.539
 97
0
 75
0
 76
1
 98
0
  0
LWPOLYLINE
  5
946
330
17
100
AcDbEntity
  8
G-r_concb
100
AcDbPolyline
 90
4
 70
1
 10
44799.472499999996
 20
-283.539
 10
45159.472499999996
 20
-283.539
 10
45159.472499999996
 20
-193.539
 10
44799.472499999996
 20
-193.539
  0
HATCH
  5
947
330
17
100
AcDbEntity
  8
G-r_anc
 62
7
420
12597547
100
AcDbHatch
 10
0.0
 20
0.0
 30
0.0
210
0.0
220
0.0
230
1.0
  2
SOLID
 70
1
 71
0
 91
1
 92
3
 72
0
 73
1
 93
4
 10
44704.472499999996
 20
-230.539
 10
45144.472499999996
 20
-230.539
 10
45144.472499999996
 20
-246.539
 10
44704.472499999996
 20
-246.539
 97
0
 75
0
 76
1
 98
0
  0
LWPOLYLINE
  5
948
330
17
100
AcDbEntity
  8
G-r_anc
100
AcDbPolyline
 90
4
 70
1
 10
44704.472499999996
 20
-230.539
 10
45144.472499999996
 20
-230.539
 10
45144.472499999996
 20
-246.539
 10
44704.472499999996
 20
-246.539
  0
HATCH
  5
949
330
17
100
AcDbEntity
  8
G-r_bp
 62
7
420
3428459
100
AcDbHatch
 10
0.0
 20
0.0
 30
0.0
210
0.0
220
0.0
230
1.0
  2
SOLID
 70
1
 71
0
 91
1
 92
3
 72
0
 73
1
 93
4
 10
45108.472499999996
 20
-263.539
 10
45120.472499999996
 20
-263.539
 10
45120.472499999996
 20
-213.539
 10
45108.472499999996
 20
-213.539
 97
0
 75
0
 76
1
 98
0
  0
LWPOLYLINE
  5
94A
330
17
100
AcDbEntity
  8
G-r_bp
100
AcDbPolyline
 90
4
 70
1
 10
45108.472499999996
 20
-263.539
 10
45120.472499999996
 20
-263.539
 10
45120.472499999996
 20
-213.539
 10
45108.472499999996
 20
-213.539
  0
HATCH
  5
94B
330
17
100
AcDbEntity
  8
G-r_nut
 62
7
420
8070172
100
AcDbHatch
 10
0.0
 20
0.0
 30
0.0
210
0.0
220
0.0
230
1.0
  2
SOLID
 70
1
 71
0
 91
1
 92
3
 72
0
 73
1
 93
4
 10
45120.472499999996
 20
-253.539
 10
45123.472499999996
 20
-253.539
 10
45123.472499999996
 20
-223.539
 10
45120.472499999996
 20
-223.539
 97
0
 75
0
 76
1
 98
0
  0
LWPOLYLINE
  5
94C
330
17
100
AcDbEntity
  8
G-r_nut
100
AcDbPolyline
 90
4
 70
1
 10
45120.472499999996
 20
-253.539
 10
45123.472499999996
 20
-253.539
 10
45123.472499999996
 20
-223.539
 10
45120.472499999996
 20
-223.539
  0
HATCH
  5
94D
330
17
100
AcDbEntity
  8
G-r_nut
 62
7
420
8070172
100
AcDbHatch
 10
0.0
 20
0.0
 30
0.0
210
0.0
220
0.0
230
1.0
  2
SOLID
 70
1
 71
0
 91
1
 92
3
 72
0
 73
1
 93
4
 10
45123.472499999996
 20
-250.539
 10
45139.472499999996
 20
-250.539
 10
45139.472499999996
 20
-226.539
 10
45123.472499999996
 20
-226.539
 97
0
 75
0
 76
1
 98
0
  0
LWPOLYLINE
  5
94E
330
17
100
AcDbEntity
  8
G-r_nut
100
AcDbPolyline
 90
4
 70
1
 10
45123.472499999996
 20
-250.539
 10
45139.472499999996
 20
-250.539
 10
45139.472499999996
 20
-226.539
 10
45123.472499999996
 20
-226.539
  0
HATCH
  5
94F
330
17
100
AcDbEntity
  8
G-r_eplate
 62
7
420
15068145
100
AcDbHatch
 10
0.0
 20
0.0
 30
0.0
210
0.0
220
0.0
230
1.0
  2
SOLID
 70
1
 71
0
 91
1
 92
3
 72
0
 73
1
 93
4
 10
44762.472499999996
 20
-303.539
 10
44774.472499999996
 20
-303.539
 10
44774.472499999996
 20
-173.539
 10
44762.472499999996
 20
-173.539
 97
0
 75
0
 76
1
 98
0
  0
LWPOLYLINE
  5
950
330
17
100
AcDbEntity
  8
G-r_eplate
100
AcDbPolyline
 90
4
 70
1
 10
44762.472499999996
 20
-303.539
 10
44774.472499999996
 20
-303.539
 10
44774.472499999996
 20
-173.539
 10
44762.472499999996
 20
-173.539
  0
HATCH
  5
951
330
17
100
AcDbEntity
  8
G-r_ancg
 62
7
420
16047065
100
AcDbHatch
 10
0.0
 20
0.0
 30
0.0
210
0.0
220
0.0
230
1.0
  2
SOLID
 70
1
 71
0
 91
1
 92
3
 72
0
 73
1
 93
4
 10
44774.472499999996
 20
-253.539
 10
44777.472499999996
 20
-253.539
 10
44777.472499999996
 20
-223.539
 10
44774.472499999996
 20
-223.539
 97
0
 75
0
 76
1
 98
0
  0
LWPOLYLINE
  5
952
330
17
100
AcDbEntity
  8
G-r_ancg
100
AcDbPolyline
 90
4
 70
1
 10
44774.472499999996
 20
-253.539
 10
44777.472499999996
 20
-253.539
 10
44777.472499999996
 20
-223.539
 10
44774.472499999996
 20
-223.539
  0
HATCH
  5
953
330
17
100
AcDbEntity
  8
G-r_ancg
 62
7
420
16047065
100
AcDbHatch
 10
0.0
 20
0.0
 30
0.0
210
0.0
220
0.0
230
1.0
  2
SOLID
 70
1
 71
0
 91
1
 92
3
 72
0
 73
1
 93
4
 10
44777.472499999996
 20
-250.539
 10
44793.472499999996
 20
-250.539
 10
44793.472499999996
 20
-226.539
 10
44777.472499999996
 20
-226.539
 97
0
 75
0
 76
1
 98
0
  0
LWPOLYLINE
  5
954
330
17
100
AcDbEntity
  8
G-r_ancg
100
AcDbPolyline
 90
4
 70
1
 10
44777.472499999996
 20
-250.539
 10
44793.472499999996
 20
-250.539
 10
44793.472499999996
 20
-226.539
 10
44777.472499999996
 20
-226.539
  0
HATCH
  5
955
330
17
100
AcDbEntity
  8
G-r_ancg
 62
7
420
16047065
100
AcDbHatch
 10
0.0
 20
0.0
 30
0.0
210
0.0
220
0.0
230
1.0
  2
SOLID
 70
1
 71
0
 91
1
 92
3
 72
0
 73
1
 93
4
 10
44759.472499999996
 20
-253.539
 10
44762.472499999996
 20
-253.539
 10
44762.472499999996
 20
-223.539
 10
44759.472499999996
 20
-223.539
 97
0
 75
0
 76
1
 98
0
  0
LWPOLYLINE
  5
956
330
17
100
AcDbEntity
  8
G-r_ancg
100
AcDbPolyline
 90
4
 70
1
 10
44759.472499999996
 20
-253.539
 10
44762.472499999996
 20
-253.539
 10
44762.472499999996
 20
-223.539
 10
44759.472499999996
 20
-223.539
  0
HATCH
  5
957
330
17
100
AcDbEntity
  8
G-r_ancg
 62
7
420
16047065
100
AcDbHatch
 10
0.0
 20
0.0
 30
0.0
210
0.0
220
0.0
230
1.0
  2
SOLID
 70
1
 71
0
 91
1
 92
3
 72
0
 73
1
 93
4
 10
44743.472499999996
 20
-250.539
 10
44759.472499999996
 20
-250.539
 10
44759.472499999996
 20
-226.539
 10
44743.472499999996
 20
-226.539
 97
0
 75
0
 76
1
 98
0
  0
LWPOLYLINE
  5
958
330
17
100
AcDbEntity
  8
G-r_ancg
100
AcDbPolyline
 90
4
 70
1
 10
44743.472499999996
 20
-250.539
 10
44759.472499999996
 20
-250.539
 10
44759.472499999996
 20
-226.539
 10
44743.472499999996
 20
-226.539
  0
TEXT
  5
959
330
17
100
AcDbEntity
  8
T-small
 62
47
420
4473924
100
AcDbText
 10
44809.472499999996
 20
-133.539
 30
0.0
 40
22.86
  1
cara de la columna
  7
ESTANDAR
 11
44809.472499999996
 21
-133.539
 31
0.0
100
AcDbText
  0
DIMENSION
  5
95A
330
17
100
AcDbEntity
  8
COTAS
100
AcDbDimension
280
0
  2
*D69
  3
COTAS_1-10
 10
44704.472499999996
 20
-338.539
 30
0.0
 11
44924.472499999996
 21
-323.395
 31
0.0
 70
32
 71
5
  1
L = <>
100
AcDbAlignedDimension
 13
44704.472499999996
 23
-288.539
 33
0.0
 14
45144.472499999996
 24
-288.539
 34
0.0
 50
0.0
100
AcDbRotatedDimension
  0
DIMENSION
  5
95B
330
17
100
AcDbEntity
  8
COTAS
100
AcDbDimension
280
0
  2
*D70
  3
COTAS_1-10
 10
44799.472499999996
 20
-183.539
 30
0.0
 11
44953.972499999996
 21
-168.39499999999998
 31
0.0
 70
32
 71
5
  1
<>
100
AcDbAlignedDimension
 13
44799.472499999996
 23
-183.539
 33
0.0
 14
45108.472499999996
 24
-183.539
 34
0.0
 50
0.0
100
AcDbRotatedDimension
  0
DIMENSION
  5
95C
330
17
100
AcDbEntity
  8
COTAS
100
AcDbDimension
280
0
  2
*D71
  3
COTAS_1-10
 10
44762.472499999996
 20
-183.539
 30
0.0
 11
44780.972499999996
 21
-168.39499999999998
 31
0.0
 70
32
 71
5
  1
<>
100
AcDbAlignedDimension
 13
44762.472499999996
 23
-183.539
 33
0.0
 14
44799.472499999996
 24
-183.539
 34
0.0
 50
0.0
100
AcDbRotatedDimension
  0
TEXT
  5
95D
330
17
100
AcDbEntity
  8
T-anc
 62
22
420
11088422
100
AcDbText
 10
45114.472499999996
 20
-298.539
 30
0.0
 40
22.86
  1
P1
  7
NEGRITA
 72
1
 11
45114.472499999996
 21
-298.539
 31
0.0
100
AcDbText
  0
TEXT
  5
988
330
17
100
AcDbEntity
  8
MODELO_ROTULOS
100
AcDbText
 10
44543.1225
 20
40.0
 30
0.0
 40
50.0
  1
detalles/14_detalle-4-4-anclaje-a1-columnas.dxf  1:10
  7
NEGRITA
 11
44543.1225
 21
40.0
 31
0.0
100
AcDbText
  0
HATCH
  5
98B
330
17
100
AcDbEntity
  8
G-r_concb
 62
7
420
16382198
100
AcDbHatch
 10
0.0
 20
0.0
 30
0.0
210
0.0
220
0.0
230
1.0
  2
SOLID
 70
1
 71
0
 91
1
 92
3
 72
0
 73
1
 93
4
 10
45549.9275
 20
-134.95
 10
45849.9275
 20
-134.95
 10
45849.9275
 20
-44.94999999999999
 10
45549.9275
 20
-44.94999999999999
 97
0
 75
0
 76
1
 98
0
  0
LWPOLYLINE
  5
98C
330
17
100
AcDbEntity
  8
G-r_concb
100
AcDbPolyline
 90
4
 70
1
 10
45549.9275
 20
-134.95
 10
45849.9275
 20
-134.95
 10
45849.9275
 20
-44.94999999999999
 10
45549.9275
 20
-44.94999999999999
  0
HATCH
  5
98D
330
17
100
AcDbEntity
  8
G-r_anc
 62
7
420
12597547
100
AcDbHatch
 10
0.0
 20
0.0
 30
0.0
210
0.0
220
0.0
230
1.0
  2
SOLID
 70
1
 71
0
 91
1
 92
3
 72
0
 73
1
 93
4
 10
45479.9275
 20
-81.94999999999999
 10
45919.9275
 20
-81.94999999999999
 10
45919.9275
 20
-97.94999999999999
 10
45479.9275
 20
-97.94999999999999
 97
0
 75
0
 76
1
 98
0
  0
LWPOLYLINE
  5
98E
330
17
100
AcDbEntity
  8
G-r_anc
100
AcDbPolyline
 90
4
 70
1
 10
45479.9275
 20
-81.94999999999999
 10
45919.9275
 20
-81.94999999999999
 10
45919.9275
 20
-97.94999999999999
 10
45479.9275
 20
-97.94999999999999
  0
HATCH
  5
98F
330
17
100
AcDbEntity
  8
G-r_eplate
 62
7
420
15068145
100
AcDbHatch
 10
0.0
 20
0.0
 30
0.0
210
0.0
220
0.0
230
1.0
  2
SOLID
 70
1
 71
0
 91
1
 92
3
 72
0
 73
1
 93
4
 10
45512.9275
 20
-144.95
 10
45524.9275
 20
-144.95
 10
45524.9275
 20
-34.94999999999999
 10
45512.9275
 20
-34.94999999999999
 97
0
 75
0
 76
1
 98
0
  0
LWPOLYLINE
  5
990
330
17
100
AcDbEntity
  8
G-r_eplate
100
AcDbPolyline
 90
4
 70
1
 10
45512.9275
 20
-144.95
 10
45524.9275
 20
-144.95
 10
45524.9275
 20
-34.94999999999999
 10
45512.9275
 20
-34.94999999999999
  0
HATCH
  5
991
330
17
100
AcDbEntity
  8
G-r_ancg
 62
7
420
16047065
100
AcDbHatch
 10
0.0
 20
0.0
 30
0.0
210
0.0
220
0.0
230
1.0
  2
SOLID
 70
1
 71
0
 91
1
 92
3
 72
0
 73
1
 93
4
 10
45509.9275
 20
-104.94999999999999
 10
45512.9275
 20
-104.94999999999999
 10
45512.9275
 20
-74.94999999999999
 10
45509.9275
 20
-74.94999999999999
 97
0
 75
0
 76
1
 98
0
  0
LWPOLYLINE
  5
992
330
17
100
AcDbEntity
  8
G-r_ancg
100
AcDbPolyline
 90
4
 70
1
 10
45509.9275
 20
-104.94999999999999
 10
45512.9275
 20
-104.94999999999999
 10
45512.9275
 20
-74.94999999999999
 10
45509.9275
 20
-74.94999999999999
  0
HATCH
  5
993
330
17
100
AcDbEntity
  8
G-r_ancg
 62
7
420
16047065
100
AcDbHatch
 10
0.0
 20
0.0
 30
0.0
210
0.0
220
0.0
230
1.0
  2
SOLID
 70
1
 71
0
 91
1
 92
3
 72
0
 73
1
 93
4
 10
45493.9275
 20
-101.94999999999999
 10
45509.9275
 20
-101.94999999999999
 10
45509.9275
 20
-77.94999999999999
 10
45493.9275
 20
-77.94999999999999
 97
0
 75
0
 76
1
 98
0
  0
LWPOLYLINE
  5
994
330
17
100
AcDbEntity
  8
G-r_ancg
100
AcDbPolyline
 90
4
 70
1
 10
45493.9275
 20
-101.94999999999999
 10
45509.9275
 20
-101.94999999999999
 10
45509.9275
 20
-77.94999999999999
 10
45493.9275
 20
-77.94999999999999
  0
HATCH
  5
995
330
17
100
AcDbEntity
  8
G-r_eplate
 62
7
420
15068145
100
AcDbHatch
 10
0.0
 20
0.0
 30
0.0
210
0.0
220
0.0
230
1.0
  2
SOLID
 70
1
 71
0
 91
1
 92
3
 72
0
 73
1
 93
4
 10
45874.9275
 20
-144.95
 10
45886.9275
 20
-144.95
 10
45886.9275
 20
-34.94999999999999
 10
45874.9275
 20
-34.94999999999999
 97
0
 75
0
 76
1
 98
0
  0
LWPOLYLINE
  5
996
330
17
100
AcDbEntity
  8
G-r_eplate
100
AcDbPolyline
 90
4
 70
1
 10
45874.9275
 20
-144.95
 10
45886.9275
 20
-144.95
 10
45886.9275
 20
-34.94999999999999
 10
45874.9275
 20
-34.94999999999999
  0
HATCH
  5
997
330
17
100
AcDbEntity
  8
G-r_ancg
 62
7
420
16047065
100
AcDbHatch
 10
0.0
 20
0.0
 30
0.0
210
0.0
220
0.0
230
1.0
  2
SOLID
 70
1
 71
0
 91
1
 92
3
 72
0
 73
1
 93
4
 10
45886.9275
 20
-104.94999999999999
 10
45889.9275
 20
-104.94999999999999
 10
45889.9275
 20
-74.94999999999999
 10
45886.9275
 20
-74.94999999999999
 97
0
 75
0
 76
1
 98
0
  0
LWPOLYLINE
  5
998
330
17
100
AcDbEntity
  8
G-r_ancg
100
AcDbPolyline
 90
4
 70
1
 10
45886.9275
 20
-104.94999999999999
 10
45889.9275
 20
-104.94999999999999
 10
45889.9275
 20
-74.94999999999999
 10
45886.9275
 20
-74.94999999999999
  0
HATCH
  5
999
330
17
100
AcDbEntity
  8
G-r_ancg
 62
7
420
16047065
100
AcDbHatch
 10
0.0
 20
0.0
 30
0.0
210
0.0
220
0.0
230
1.0
  2
SOLID
 70
1
 71
0
 91
1
 92
3
 72
0
 73
1
 93
4
 10
45889.9275
 20
-101.94999999999999
 10
45905.9275
 20
-101.94999999999999
 10
45905.9275
 20
-77.94999999999999
 10
45889.9275
 20
-77.94999999999999
 97
0
 75
0
 76
1
 98
0
  0
LWPOLYLINE
  5
99A
330
17
100
AcDbEntity
  8
G-r_ancg
100
AcDbPolyline
 90
4
 70
1
 10
45889.9275
 20
-101.94999999999999
 10
45905.9275
 20
-101.94999999999999
 10
45905.9275
 20
-77.94999999999999
 10
45889.9275
 20
-77.94999999999999
  0
DIMENSION
  5
99B
330
17
100
AcDbEntity
  8
COTAS
100
AcDbDimension
280
0
  2
*D72
  3
COTAS_1-5
 10
45479.9275
 20
-189.95
 30
0.0
 11
45699.9275
 21
-182.378
 31
0.0
 70
32
 71
5
  1
L = <>
100
AcDbAlignedDimension
 13
45479.9275
 23
-139.95
 33
0.0
 14
45919.9275
 24
-139.95
 34
0.0
 50
0.0
100
AcDbRotatedDimension
  0
DIMENSION
  5
99C
330
17
100
AcDbEntity
  8
COTAS
100
AcDbDimension
280
0
  2
*D73
  3
COTAS_1-5
 10
45549.9275
 20
-34.94999999999999
 30
0.0
 11
45699.9275
 21
-27.37799999999999
 31
0.0
 70
32
 71
5
  1
<> (viga)
100
AcDbAlignedDimension
 13
45549.9275
 23
-34.94999999999999
 33
0.0
 14
45849.9275
 24
-34.94999999999999
 34
0.0
 50
0.0
100
AcDbRotatedDimension
  0
TEXT
  5
9B9
330
17
100
AcDbEntity
  8
MODELO_ROTULOS
100
AcDbText
 10
45437.4775
 20
20.0
 30
0.0
 40
25.0
  1
detalles/15_detalle-4-5-anclaje-a2-sandwich.dxf  1:5
  7
NEGRITA
 11
45437.4775
 21
20.0
 31
0.0
100
AcDbText
  0
HATCH
  5
9BD
330
17
100
AcDbEntity
  8
G-r_bp
 62
7
420
3428459
100
AcDbHatch
 10
0.0
 20
0.0
 30
0.0
210
0.0
220
0.0
230
1.0
  2
SOLID
 70
1
 71
0
 91
1
 92
3
 72
0
 73
1
 93
4
 10
46059.692500000005
 20
-68.58
 10
46109.692500000005
 20
-68.58
 10
46109.692500000005
 20
-18.58
 10
46059.692500000005
 20
-18.58
 97
0
 75
0
 76
1
 98
0
  0
LWPOLYLINE
  5
9BE
330
17
100
AcDbEntity
  8
G-r_bp
100
AcDbPolyline
 90
4
 70
1
 10
46059.692500000005
 20
-68.58
 10
46109.692500000005
 20
-68.58
 10
46109.692500000005
 20
-18.58
 10
46059.692500000005
 20
-18.58
  0
HATCH
  5
9BF
330
17
100
AcDbEntity
  8
G-void
 62
7
420
16777215
100
AcDbHatch
 10
0.0
 20
0.0
 30
0.0
210
0.0
220
0.0
230
1.0
  2
SOLID
 70
1
 71
0
 91
1
 92
1
 93
1
 72
2
 10
46084.692500000005
 20
-43.58
 40
9.0
 50
0.0
 51
360.0
 73
1
 97
0
 75
0
 76
1
 98
0
  0
CIRCLE
  5
9C0
330
17
100
AcDbEntity
  8
G-void
100
AcDbCircle
 10
46084.692500000005
 20
-43.58
 30
0.0
 40
9.0
  0
DIMENSION
  5
9C1
330
17
100
AcDbEntity
  8
COTAS
100
AcDbDimension
280
0
  2
*D74
  3
COTAS_1-2
 10
46059.692500000005
 20
-83.58
 30
0.0
 11
46084.692500000005
 21
-80.5512
 31
0.0
 70
32
 71
5
  1
<>
100
AcDbAlignedDimension
 13
46059.692500000005
 23
-68.58
 33
0.0
 14
46109.692500000005
 24
-68.58
 34
0.0
 50
0.0
100
AcDbRotatedDimension
  0
DIMENSION
  5
9C2
330
17
100
AcDbEntity
  8
COTAS
100
AcDbDimension
280
0
  2
*D75
  3
COTAS_1-2
 10
46124.692500000005
 20
-68.58
 30
0.0
 11
46121.663700000005
 21
-43.58
 31
0.0
 70
32
 71
5
  1
<>
100
AcDbAlignedDimension
 13
46109.692500000005
 23
-68.58
 33
0.0
 14
46109.692500000005
 24
-18.58
 34
0.0
 50
90.0
100
AcDbRotatedDimension
  0
TEXT
  5
9DF
330
17
100
AcDbEntity
  8
MODELO_ROTULOS
100
AcDbText
 10
46041.1125
 20
8.0
 30
0.0
 40
10.0
  1
detalles/16_p1-pl-50x50x12.dxf  1:2
  7
NEGRITA
 11
46041.1125
 21
8.0
 31
0.0
100
AcDbText
  0
HATCH
  5
9E1
330
17
100
AcDbEntity
  8
G-r_eplate
 62
7
420
15068145
100
AcDbHatch
 10
0.0
 20
0.0
 30
0.0
210
0.0
220
0.0
230
1.0
  2
SOLID
 70
1
 71
0
 91
1
 92
3
 72
0
 73
1
 93
4
 10
46248.6465
 20
-405.0
 10
46388.6465
 20
-405.0
 10
46388.6465
 20
-145.0
 10
46248.6465
 20
-145.0
 97
0
 75
0
 76
1
 98
0
  0
LWPOLYLINE
  5
9E2
330
17
100
AcDbEntity
  8
G-r_eplate
100
AcDbPolyline
 90
4
 70
1
 10
46248.6465
 20
-405.0
 10
46388.6465
 20
-405.0
 10
46388.6465
 20
-145.0
 10
46248.6465
 20
-145.0
  0
HATCH
  5
9E3
330
17
100
AcDbEntity
  8
G-void
 62
7
420
16777215
100
AcDbHatch
 10
0.0
 20
0.0
 30
0.0
210
0.0
220
0.0
230
1.0
  2
SOLID
 70
1
 71
0
 91
1
 92
1
 93
1
 72
2
 10
46278.6465
 20
-187.0
 40
9.0
 50
0.0
 51
360.0
 73
1
 97
0
 75
0
 76
1
 98
0
  0
CIRCLE
  5
9E4
330
17
100
AcDbEntity
  8
G-void
100
AcDbCircle
 10
46278.6465
 20
-187.0
 30
0.0
 40
9.0
  0
HATCH
  5
9E5
330
17
100
AcDbEntity
  8
G-void
 62
7
420
16777215
100
AcDbHatch
 10
0.0
 20
0.0
 30
0.0
210
0.0
220
0.0
230
1.0
  2
SOLID
 70
1
 71
0
 91
1
 92
1
 93
1
 72
2
 10
46358.6465
 20
-187.0
 40
9.0
 50
0.0
 51
360.0
 73
1
 97
0
 75
0
 76
1
 98
0
  0
CIRCLE
  5
9E6
330
17
100
AcDbEntity
  8
G-void
100
AcDbCircle
 10
46358.6465
 20
-187.0
 30
0.0
 40
9.0
  0
HATCH
  5
9E7
330
17
100
AcDbEntity
  8
G-void
 62
7
420
16777215
100
AcDbHatch
 10
0.0
 20
0.0
 30
0.0
210
0.0
220
0.0
230
1.0
  2
SOLID
 70
1
 71
0
 91
1
 92
1
 93
1
 72
2
 10
46278.6465
 20
-343.0
 40
9.0
 50
0.0
 51
360.0
 73
1
 97
0
 75
0
 76
1
 98
0
  0
CIRCLE
  5
9E8
330
17
100
AcDbEntity
  8
G-void
100
AcDbCircle
 10
46278.6465
 20
-343.0
 30
0.0
 40
9.0
  0
HATCH
  5
9E9
330
17
100
AcDbEntity
  8
G-void
 62
7
420
16777215
100
AcDbHatch
 10
0.0
 20
0.0
 30
0.0
210
0.0
220
0.0
230
1.0
  2
SOLID
 70
1
 71
0
 91
1
 92
1
 93
1
 72
2
 10
46358.6465
 20
-343.0
 40
9.0
 50
0.0
 51
360.0
 73
1
 97
0
 75
0
 76
1
 98
0
  0
CIRCLE
  5
9EA
330
17
100
AcDbEntity
  8
G-void
100
AcDbCircle
 10
46358.6465
 20
-343.0
 30
0.0
 40
9.0
  0
DIMENSION
  5
9EB
330
17
100
AcDbEntity
  8
COTAS
100
AcDbDimension
280
0
  2
*D76
  3
COTAS_1-10
 10
46248.6465
 20
-435.0
 30
0.0
 11
46318.6465
 21
-419.856
 31
0.0
 70
32
 71
5
  1
<>
100
AcDbAlignedDimension
 13
46248.6465
 23
-405.0
 33
0.0
 14
46388.6465
 24
-405.0
 34
0.0
 50
0.0
100
AcDbRotatedDimension
  0
DIMENSION
  5
9EC
330
17
100
AcDbEntity
  8
COTAS
100
AcDbDimension
280
0
  2
*D77
  3
COTAS_1-10
 10
46278.6465
 20
-115.0
 30
0.0
 11
46318.6465
 21
-99.856
 31
0.0
 70
32
 71
5
  1
<>
100
AcDbAlignedDimension
 13
46278.6465
 23
-145.0
 33
0.0
 14
46358.6465
 24
-145.0
 34
0.0
 50
0.0
100
AcDbRotatedDimension
  0
DIMENSION
  5
9ED
330
17
100
AcDbEntity
  8
COTAS
100
AcDbDimension
280
0
  2
*D78
  3
COTAS_1-10
 10
46418.6465
 20
-145.0
 30
0.0
 11
46433.7905
 21
-166.0
 31
0.0
 70
32
 71
5
  1
<>
100
AcDbAlignedDimension
 13
46388.6465
 23
-145.0
 33
0.0
 14
46388.6465
 24
-187.0
 34
0.0
 50
-90.0
100
AcDbRotatedDimension
  0
DIMENSION
  5
9EE
330
17
100
AcDbEntity
  8
COTAS
100
AcDbDimension
280
0
  2
*D79
  3
COTAS_1-10
 10
46418.6465
 20
-187.0
 30
0.0
 11
46433.7905
 21
-265.0
 31
0.0
 70
32
 71
5
  1
<>
100
AcDbAlignedDimension
 13
46388.6465
 23
-187.0
 33
0.0
 14
46388.6465
 24
-343.0
 34
0.0
 50
-90.0
100
AcDbRotatedDimension
  0
DIMENSION
  5
9EF
330
17
100
AcDbEntity
  8
COTAS
100
AcDbDimension
280
0
  2
*D80
  3
COTAS_1-10
 10
46418.6465
 20
-343.0
 30
0.0
 11
46433.7905
 21
-374.0
 31
0.0
 70
32
 71
5
  1
<>
100
AcDbAlignedDimension
 13
46388.6465
 23
-343.0
 33
0.0
 14
46388.6465
 24
-405.0
 34
0.0
 50
-90.0
100
AcDbRotatedDimension
  0
TEXT
  5
A36
330
17
100
AcDbEntity
  8
MODELO_ROTULOS
100
AcDbText
 10
46158.5965
 20
40.0
 30
0.0
 40
50.0
  1
detalles/17_p2-pl-140x260x12-a36.dxf  1:10
  7
NEGRITA
 11
46158.5965
 21
40.0
 31
0.0
100
AcDbText
  0
HATCH
  5
A38
330
17
100
AcDbEntity
  8
G-r_eplate
 62
7
420
15068145
100
AcDbHatch
 10
0.0
 20
0.0
 30
0.0
210
0.0
220
0.0
230
1.0
  2
SOLID
 70
1
 71
0
 91
1
 92
3
 72
0
 73
1
 93
4
 10
46667.411499999995
 20
-385.0
 10
46807.411499999995
 20
-385.0
 10
46807.411499999995
 20
-165.0
 10
46667.411499999995
 20
-165.0
 97
0
 75
0
 76
1
 98
0
  0
LWPOLYLINE
  5
A39
330
17
100
AcDbEntity
  8
G-r_eplate
100
AcDbPolyline
 90
4
 70
1
 10
46667.411499999995
 20
-385.0
 10
46807.411499999995
 20
-385.0
 10
46807.411499999995
 20
-165.0
 10
46667.411499999995
 20
-165.0
  0
HATCH
  5
A3A
330
17
100
AcDbEntity
  8
G-void
 62
7
420
16777215
100
AcDbHatch
 10
0.0
 20
0.0
 30
0.0
210
0.0
220
0.0
230
1.0
  2
SOLID
 70
1
 71
0
 91
1
 92
1
 93
1
 72
2
 10
46709.911499999995
 20
-207.0
 40
9.0
 50
0.0
 51
360.0
 73
1
 97
0
 75
0
 76
1
 98
0
  0
CIRCLE
  5
A3B
330
17
100
AcDbEntity
  8
G-void
100
AcDbCircle
 10
46709.911499999995
 20
-207.0
 30
0.0
 40
9.0
  0
HATCH
  5
A3C
330
17
100
AcDbEntity
  8
G-void
 62
7
420
16777215
100
AcDbHatch
 10
0.0
 20
0.0
 30
0.0
210
0.0
220
0.0
230
1.0
  2
SOLID
 70
1
 71
0
 91
1
 92
1
 93
1
 72
2
 10
46764.911499999995
 20
-207.0
 40
9.0
 50
0.0
 51
360.0
 73
1
 97
0
 75
0
 76
1
 98
0
  0
CIRCLE
  5
A3D
330
17
100
AcDbEntity
  8
G-void
100
AcDbCircle
 10
46764.911499999995
 20
-207.0
 30
0.0
 40
9.0
  0
HATCH
  5
A3E
330
17
100
AcDbEntity
  8
G-void
 62
7
420
16777215
100
AcDbHatch
 10
0.0
 20
0.0
 30
0.0
210
0.0
220
0.0
230
1.0
  2
SOLID
 70
1
 71
0
 91
1
 92
1
 93
1
 72
2
 10
46709.911499999995
 20
-315.0
 40
9.0
 50
0.0
 51
360.0
 73
1
 97
0
 75
0
 76
1
 98
0
  0
CIRCLE
  5
A3F
330
17
100
AcDbEntity
  8
G-void
100
AcDbCircle
 10
46709.911499999995
 20
-315.0
 30
0.0
 40
9.0
  0
HATCH
  5
A40
330
17
100
AcDbEntity
  8
G-void
 62
7
420
16777215
100
AcDbHatch
 10
0.0
 20
0.0
 30
0.0
210
0.0
220
0.0
230
1.0
  2
SOLID
 70
1
 71
0
 91
1
 92
1
 93
1
 72
2
 10
46764.911499999995
 20
-315.0
 40
9.0
 50
0.0
 51
360.0
 73
1
 97
0
 75
0
 76
1
 98
0
  0
CIRCLE
  5
A41
330
17
100
AcDbEntity
  8
G-void
100
AcDbCircle
 10
46764.911499999995
 20
-315.0
 30
0.0
 40
9.0
  0
DIMENSION
  5
A42
330
17
100
AcDbEntity
  8
COTAS
100
AcDbDimension
280
0
  2
*D81
  3
COTAS_1-10
 10
46667.411499999995
 20
-415.0
 30
0.0
 11
46737.411499999995
 21
-399.856
 31
0.0
 70
32
 71
5
  1
<>
100
AcDbAlignedDimension
 13
46667.411499999995
 23
-385.0
 33
0.0
 14
46807.411499999995
 24
-385.0
 34
0.0
 50
0.0
100
AcDbRotatedDimension
  0
DIMENSION
  5
A43
330
17
100
AcDbEntity
  8
COTAS
100
AcDbDimension
280
0
  2
*D82
  3
COTAS_1-10
 10
46709.911499999995
 20
-135.0
 30
0.0
 11
46737.411499999995
 21
-119.856
 31
0.0
 70
32
 71
5
  1
<>
100
AcDbAlignedDimension
 13
46709.911499999995
 23
-165.0
 33
0.0
 14
46764.911499999995
 24
-165.0
 34
0.0
 50
0.0
100
AcDbRotatedDimension
  0
DIMENSION
  5
A44
330
17
100
AcDbEntity
  8
COTAS
100
AcDbDimension
280
0
  2
*D83
  3
COTAS_1-10
 10
46837.411499999995
 20
-165.0
 30
0.0
 11
46852.555499999995
 21
-186.0
 31
0.0
 70
32
 71
5
  1
<>
100
AcDbAlignedDimension
 13
46807.411499999995
 23
-165.0
 33
0.0
 14
46807.411499999995
 24
-207.0
 34
0.0
 50
-90.0
100
AcDbRotatedDimension
  0
DIMENSION
  5
A45
330
17
100
AcDbEntity
  8
COTAS
100
AcDbDimension
280
0
  2
*D84
  3
COTAS_1-10
 10
46837.411499999995
 20
-207.0
 30
0.0
 11
46852.555499999995
 21
-261.0
 31
0.0
 70
32
 71
5
  1
<>
100
AcDbAlignedDimension
 13
46807.411499999995
 23
-207.0
 33
0.0
 14
46807.411499999995
 24
-315.0
 34
0.0
 50
-90.0
100
AcDbRotatedDimension
  0
DIMENSION
  5
A46
330
17
100
AcDbEntity
  8
COTAS
100
AcDbDimension
280
0
  2
*D85
  3
COTAS_1-10
 10
46837.411499999995
 20
-315.0
 30
0.0
 11
46852.555499999995
 21
-350.0
 31
0.0
 70
32
 71
5
  1
<>
100
AcDbAlignedDimension
 13
46807.411499999995
 23
-315.0
 33
0.0
 14
46807.411499999995
 24
-385.0
 34
0.0
 50
-90.0
100
AcDbRotatedDimension
  0
TEXT
  5
A8D
330
17
100
AcDbEntity
  8
MODELO_ROTULOS
100
AcDbText
 10
46561.2115
 20
40.0
 30
0.0
 40
50.0
  1
detalles/18_p3-pl-140x220x12-a36.dxf  1:10
  7
NEGRITA
 11
46561.2115
 21
40.0
 31
0.0
100
AcDbText
  0
VIEWPORT
  5
37
330
33
100
AcDbEntity
 67
1
  8
VIEWPORTS
100
AcDbViewport
 10
420.5
 20
297.0
 30
0.0
 40
925.1
 41
653.4000000000001
 68
1
 69
1
 12
420.5
 22
297.0
 13
0.0
 23
0.0
 14
10.0
 24
10.0
 15
10.0
 25
10.0
 16
0.0
 26
0.0
 36
1.0
 17
0.0
 27
0.0
 37
0.0
 42
50.0
 43
0.0
 44
0.0
 45
653.4000000000001
 50
0.0
 51
0.0
 72
100
 90
557088
  1

281
0
 71
0
 74
0
110
0.0
120
0.0
130
0.0
111
1.0
121
0.0
131
0.0
112
0.0
122
1.0
132
0.0
 79
0
146
0.0
282
0
  0
HATCH
  5
3D
330
33
100
AcDbEntity
 67
1
  8
LAMINA_FONDO
 62
7
420
15132390
100
AcDbHatch
 10
0.0
 20
0.0
 30
0.0
210
0.0
220
0.0
230
1.0
  2
SOLID
 70
1
 71
0
 91
1
 92
3
 72
0
 73
1
 93
4
 10
607.9811111111111
 20
353.4715277777778
 10
823.588888888889
 20
353.4715277777778
 10
823.588888888889
 20
348.17986111111117
 10
607.9811111111111
 20
348.17986111111117
 97
0
 75
0
 76
1
 98
0
  0
LINE
  5
3E
330
33
100
AcDbEntity
 67
1
  8
LAMINA_MARCO
100
AcDbLine
 10
8.0
 20
8.0
 30
0.0
 11
833.0
 21
8.0
 31
0.0
  0
LINE
  5
3F
330
33
100
AcDbEntity
 67
1
  8
LAMINA_MARCO
100
AcDbLine
 10
833.0
 20
8.0
 30
0.0
 11
833.0
 21
586.0000000000001
 31
0.0
  0
LINE
  5
40
330
33
100
AcDbEntity
 67
1
  8
LAMINA_MARCO
100
AcDbLine
 10
833.0
 20
586.0000000000001
 30
0.0
 11
8.0
 21
586.0000000000001
 31
0.0
  0
LINE
  5
41
330
33
100
AcDbEntity
 67
1
  8
LAMINA_MARCO
100
AcDbLine
 10
8.0
 20
586.0000000000001
 30
0.0
 11
8.0
 21
8.0
 31
0.0
  0
LINE
  5
42
330
33
100
AcDbEntity
 67
1
  8
LAMINA_MARCO
100
AcDbLine
 10
8.0
 20
52.99999999999999
 30
0.0
 11
833.0
 21
52.99999999999999
 31
0.0
  0
LINE
  5
43
330
33
100
AcDbEntity
 67
1
  8
LAMINA_MARCO
100
AcDbLine
 10
115.25000000000001
 20
8.0
 30
0.0
 11
115.25000000000001
 21
52.99999999999999
 31
0.0
  0
LINE
  5
44
330
33
100
AcDbEntity
 67
1
  8
LAMINA_MARCO
100
AcDbLine
 10
206.00000000000003
 20
8.0
 30
0.0
 11
206.00000000000003
 21
52.99999999999999
 31
0.0
  0
LINE
  5
45
330
33
100
AcDbEntity
 67
1
  8
LAMINA_MARCO
100
AcDbLine
 10
354.50000000000006
 20
8.0
 30
0.0
 11
354.50000000000006
 21
52.99999999999999
 31
0.0
  0
LINE
  5
46
330
33
100
AcDbEntity
 67
1
  8
LAMINA_MARCO
100
AcDbLine
 10
486.50000000000006
 20
8.0
 30
0.0
 11
486.50000000000006
 21
52.99999999999999
 31
0.0
  0
LINE
  5
47
330
33
100
AcDbEntity
 67
1
  8
LAMINA_MARCO
100
AcDbLine
 10
659.75
 20
8.0
 30
0.0
 11
659.75
 21
52.99999999999999
 31
0.0
  0
LINE
  5
48
330
33
100
AcDbEntity
 67
1
  8
LAMINA_MARCO
100
AcDbLine
 10
767.0000000000001
 20
8.0
 30
0.0
 11
767.0000000000001
 21
52.99999999999999
 31
0.0
  0
LINE
  5
49
330
33
100
AcDbEntity
 67
1
  8
LAMINA_TABLAS
370
15
100
AcDbLine
 10
607.9811111111111
 20
353.4715277777778
 30
0.0
 11
823.588888888889
 21
353.4715277777778
 31
0.0
  0
LINE
  5
4A
330
33
100
AcDbEntity
 67
1
  8
LAMINA_TABLAS
370
15
100
AcDbLine
 10
607.9811111111111
 20
276.74236111111117
 30
0.0
 11
823.588888888889
 21
276.74236111111117
 31
0.0
  0
LINE
  5
4B
330
33
100
AcDbEntity
 67
1
  8
LAMINA_TABLAS
370
15
100
AcDbLine
 10
607.9811111111111
 20
276.74236111111117
 30
0.0
 11
607.9811111111111
 21
353.4715277777778
 31
0.0
  0
LINE
  5
4C
330
33
100
AcDbEntity
 67
1
  8
LAMINA_TABLAS
370
15
100
AcDbLine
 10
823.588888888889
 20
276.74236111111117
 30
0.0
 11
823.588888888889
 21
353.4715277777778
 31
0.0
  0
LINE
  5
4D
330
33
100
AcDbEntity
 67
1
  8
LAMINA_TABLAS
370
15
100
AcDbLine
 10
607.9811111111111
 20
348.17986111111117
 30
0.0
 11
823.588888888889
 21
348.17986111111117
 31
0.0
  0
LINE
  5
4E
330
33
100
AcDbEntity
 67
1
  8
LAMINA_TABLAS
370
15
100
AcDbLine
 10
607.9811111111111
 20
342.8881944444445
 30
0.0
 11
823.588888888889
 21
342.8881944444445
 31
0.0
  0
LINE
  5
4F
330
33
100
AcDbEntity
 67
1
  8
LAMINA_TABLAS
370
15
100
AcDbLine
 10
607.9811111111111
 20
337.5965277777778
 30
0.0
 11
823.588888888889
 21
337.5965277777778
 31
0.0
  0
LINE
  5
50
330
33
100
AcDbEntity
 67
1
  8
LAMINA_TABLAS
370
15
100
AcDbLine
 10
607.9811111111111
 20
332.30486111111117
 30
0.0
 11
823.588888888889
 21
332.30486111111117
 31
0.0
  0
LINE
  5
51
330
33
100
AcDbEntity
 67
1
  8
LAMINA_TABLAS
370
15
100
AcDbLine
 10
607.9811111111111
 20
327.0131944444445
 30
0.0
 11
823.588888888889
 21
327.0131944444445
 31
0.0
  0
LINE
  5
52
330
33
100
AcDbEntity
 67
1
  8
LAMINA_TABLAS
370
15
100
AcDbLine
 10
607.9811111111111
 20
321.7215277777778
 30
0.0
 11
823.588888888889
 21
321.7215277777778
 31
0.0
  0
LINE
  5
53
330
33
100
AcDbEntity
 67
1
  8
LAMINA_TABLAS
370
15
100
AcDbLine
 10
607.9811111111111
 20
312.46111111111117
 30
0.0
 11
823.588888888889
 21
312.46111111111117
 31
0.0
  0
LINE
  5
54
330
33
100
AcDbEntity
 67
1
  8
LAMINA_TABLAS
370
15
100
AcDbLine
 10
607.9811111111111
 20
307.1694444444445
 30
0.0
 11
823.588888888889
 21
307.1694444444445
 31
0.0
  0
LINE
  5
55
330
33
100
AcDbEntity
 67
1
  8
LAMINA_TABLAS
370
15
100
AcDbLine
 10
607.9811111111111
 20
301.8777777777778
 30
0.0
 11
823.588888888889
 21
301.8777777777778
 31
0.0
  0
LINE
  5
56
330
33
100
AcDbEntity
 67
1
  8
LAMINA_TABLAS
370
15
100
AcDbLine
 10
607.9811111111111
 20
296.58611111111117
 30
0.0
 11
823.588888888889
 21
296.58611111111117
 31
0.0
  0
LINE
  5
57
330
33
100
AcDbEntity
 67
1
  8
LAMINA_TABLAS
370
15
100
AcDbLine
 10
607.9811111111111
 20
291.2944444444445
 30
0.0
 11
823.588888888889
 21
291.2944444444445
 31
0.0
  0
LINE
  5
58
330
33
100
AcDbEntity
 67
1
  8
LAMINA_TABLAS
370
15
100
AcDbLine
 10
607.9811111111111
 20
286.0027777777778
 30
0.0
 11
823.588888888889
 21
286.0027777777778
 31
0.0
  0
LINE
  5
59
330
33
100
AcDbEntity
 67
1
  8
LAMINA_TABLAS
370
15
100
AcDbLine
 10
625.2297333333333
 20
276.74236111111117
 30
0.0
 11
625.2297333333333
 21
353.4715277777778
 31
0.0
  0
LINE
  5
5A
330
33
100
AcDbEntity
 67
1
  8
LAMINA_TABLAS
370
15
100
AcDbLine
 10
661.8830555555555
 20
276.74236111111117
 30
0.0
 11
661.8830555555555
 21
353.4715277777778
 31
0.0
  0
LINE
  5
5B
330
33
100
AcDbEntity
 67
1
  8
LAMINA_TABLAS
370
15
100
AcDbLine
 10
776.1551777777779
 20
276.74236111111117
 30
0.0
 11
776.1551777777779
 21
353.4715277777778
 31
0.0
  0
LINE
  5
5C
330
33
100
AcDbEntity
 67
1
  8
LAMINA_TABLAS
370
15
100
AcDbLine
 10
802.0281111111112
 20
276.74236111111117
 30
0.0
 11
802.0281111111112
 21
353.4715277777778
 31
0.0
  0
TEXT
  5
5D
330
33
100
AcDbEntity
 67
1
  8
LAMINA_TEXTO
 62
251
420
5592405
100
AcDbText
 10
12.5
 20
45.5
 30
0.0
 40
2.4764999999999997
  1
PROYECTO:
  7
NEGRITA
 11
12.5
 21
45.5
 31
0.0
100
AcDbText
  0
TEXT
  5
5E
330
33
100
AcDbEntity
 67
1
  8
LAMINA_TEXTO
 62
19
420
1118481
100
AcDbText
 10
12.5
 20
37.24999999999999
 30
0.0
 40
3.2384999999999993
  1
VIVIENDA EDGAR ORTEGA Y FAMILIA
  7
ESTANDAR
 11
12.5
 21
37.24999999999999
 31
0.0
100
AcDbText
  0
TEXT
  5
5F
330
33
100
AcDbEntity
 67
1
  8
LAMINA_TEXTO
 62
251
420
5592405
100
AcDbText
 10
119.75000000000001
 20
45.5
 30
0.0
 40
2.4764999999999997
  1
PROPIETARIO:
  7
NEGRITA
 11
119.75000000000001
 21
45.5
 31
0.0
100
AcDbText
  0
TEXT
  5
60
330
33
100
AcDbEntity
 67
1
  8
LAMINA_TEXTO
 62
19
420
1118481
100
AcDbText
 10
119.75000000000001
 20
37.24999999999999
 30
0.0
 40
3.2384999999999993
  1
SR. EDGAR ORTEGA
  7
ESTANDAR
 11
119.75000000000001
 21
37.24999999999999
 31
0.0
100
AcDbText
  0
TEXT
  5
61
330
33
100
AcDbEntity
 67
1
  8
LAMINA_TEXTO
 62
251
420
5592405
100
AcDbText
 10
210.50000000000006
 20
45.5
 30
0.0
 40
2.4764999999999997
  1
DISEÑO ARQUITECTÓNICO:
  7
NEGRITA
 11
210.50000000000006
 21
45.5
 31
0.0
100
AcDbText
  0
TEXT
  5
62
330
33
100
AcDbEntity
 67
1
  8
LAMINA_TEXTO
 62
19
420
1118481
100
AcDbText
 10
210.50000000000006
 20
37.24999999999999
 30
0.0
 40
3.2384999999999993
  1
DAVID SAAVEDRA
  7
ESTANDAR
 11
210.50000000000006
 21
37.24999999999999
 31
0.0
100
AcDbText
  0
TEXT
  5
63
330
33
100
AcDbEntity
 67
1
  8
LAMINA_TEXTO
 62
251
420
5592405
100
AcDbText
 10
359.00000000000006
 20
45.5
 30
0.0
 40
2.4764999999999997
  1
DISEÑO ESTRUCTURAL:
  7
NEGRITA
 11
359.00000000000006
 21
45.5
 31
0.0
100
AcDbText
  0
TEXT
  5
64
330
33
100
AcDbEntity
 67
1
  8
LAMINA_TEXTO
 62
19
420
1118481
100
AcDbText
 10
359.00000000000006
 20
37.24999999999999
 30
0.0
 40
3.2384999999999993
  1
ING. PATRICIO RODRIGUEZ
  7
ESTANDAR
 11
359.00000000000006
 21
37.24999999999999
 31
0.0
100
AcDbText
  0
TEXT
  5
65
330
33
100
AcDbEntity
 67
1
  8
LAMINA_TEXTO
 62
19
420
1118481
100
AcDbText
 10
359.00000000000006
 20
31.549999999999994
 30
0.0
 40
3.2384999999999993
  1
SENESCYT: 1007-15-1429459
  7
ESTANDAR
 11
359.00000000000006
 21
31.549999999999994
 31
0.0
100
AcDbText
  0
TEXT
  5
66
330
33
100
AcDbEntity
 67
1
  8
LAMINA_TEXTO
 62
251
420
5592405
100
AcDbText
 10
491.00000000000006
 20
45.5
 30
0.0
 40
2.4764999999999997
  1
CONTENIDO:
  7
NEGRITA
 11
491.00000000000006
 21
45.5
 31
0.0
100
AcDbText
  0
TEXT
  5
67
330
33
100
AcDbEntity
 67
1
  8
LAMINA_TEXTO
 62
19
420
1118481
100
AcDbText
 10
491.00000000000006
 20
36.5
 30
0.0
 40
4.191
  1
Conexiones de vigas de acero
  7
NEGRITA
 11
491.00000000000006
 21
36.5
 31
0.0
100
AcDbText
  0
TEXT
  5
68
330
33
100
AcDbEntity
 67
1
  8
LAMINA_TEXTO
 62
19
420
1118481
100
AcDbText
 10
491.00000000000006
 20
28.999999999999996
 30
0.0
 40
2.6669999999999994
  1
Anclajes, bastones, estribos y placas de las conexiones de las vigas IPE 240 e IPE 200.
  7
ESTANDAR
 11
491.00000000000006
 21
28.999999999999996
 31
0.0
100
AcDbText
  0
TEXT
  5
69
330
33
100
AcDbEntity
 67
1
  8
LAMINA_TEXTO
 62
251
420
5592405
100
AcDbText
 10
664.25
 20
45.5
 30
0.0
 40
2.4764999999999997
  1
FECHA:
  7
NEGRITA
 11
664.25
 21
45.5
 31
0.0
100
AcDbText
  0
TEXT
  5
6A
330
33
100
AcDbEntity
 67
1
  8
LAMINA_TEXTO
 62
19
420
1118481
100
AcDbText
 10
664.25
 20
37.24999999999999
 30
0.0
 40
3.2384999999999993
  1
OCTUBRE 2026
  7
ESTANDAR
 11
664.25
 21
37.24999999999999
 31
0.0
100
AcDbText
  0
TEXT
  5
6B
330
33
100
AcDbEntity
 67
1
  8
LAMINA_TEXTO
 62
251
420
5592405
100
AcDbText
 10
771.5
 20
45.5
 30
0.0
 40
2.4764999999999997
  1
LÁMINA:
  7
NEGRITA
 11
771.5
 21
45.5
 31
0.0
100
AcDbText
  0
TEXT
  5
6C
330
33
100
AcDbEntity
 67
1
  8
LAMINA_TEXTO
 62
19
420
1118481
100
AcDbText
 10
790.7321750000001
 20
23.000000000000004
 30
0.0
 40
6.857999999999999
  1
1 / 1
  7
NEGRITA
 11
790.7321750000001
 21
23.000000000000004
 31
0.0
100
AcDbText
  0
TEXT
  5
6D
330
33
100
AcDbEntity
 67
1
  8
LAMINA_TEXTO
 62
250
420
0
100
AcDbText
 10
17.41111111111103
 20
569.6513888888888
 30
0.0
 40
4.444999999999999
  1
Conexiones de vigas de acero a vigas y columnas de hormigón
  7
NEGRITA
 11
17.41111111111103
 21
569.6513888888888
 31
0.0
100
AcDbText
  0
TEXT
  5
6E
330
33
100
AcDbEntity
 67
1
  8
LAMINA_TEXTO
 62
250
420
0
100
AcDbText
 10
17.41111111111103
 20
557.3923611111111
 30
0.0
 40
3.4924999999999993
  1
1. Planta de ubicación
  7
NEGRITA
 11
17.41111111111103
 21
557.3923611111111
 31
0.0
100
AcDbText
  0
TEXT
  5
6F
330
33
100
AcDbEntity
 67
1
  8
LAMINA_TEXTO
 62
250
420
0
100
AcDbText
 10
17.41111111111103
 20
284.71833462412224
 30
0.0
 40
2.6987499999999995
  1
PLANTA DE UBICACIÓN
  7
NEGRITA
 11
17.41111111111103
 21
284.71833462412224
 31
0.0
100
AcDbText
  0
TEXT
  5
70
330
33
100
AcDbEntity
 67
1
  8
LAMINA_TEXTO
 62
250
420
0
100
AcDbText
 10
17.41111111111103
 20
280.4409040685667
 30
0.0
 40
2.2859999999999996
  1
Rojo: unión placa extremo-columna
  7
NEGRITA
 11
17.41111111111103
 21
280.4409040685667
 31
0.0
100
AcDbText
  0
TEXT
  5
71
330
33
100
AcDbEntity
 67
1
  8
LAMINA_TEXTO
 62
250
420
0
100
AcDbText
 10
71.39563611111102
 20
280.4409040685667
 30
0.0
 40
2.2859999999999996
  1
 (B4, C4, D4X, D4Y, D3), con 2 bastones Ø12 (naranja) en la viga en línea; punto naranja: pata hacia abajo.
  7
ESTANDAR
 11
71.39563611111102
 21
280.4409040685667
 31
0.0
100
AcDbText
  0
TEXT
  5
72
330
33
100
AcDbEntity
 67
1
  8
LAMINA_TEXTO
 62
250
420
0
100
AcDbText
 10
224.23061111111102
 20
280.4409040685667
 30
0.0
 40
2.2859999999999996
  1
Círculos: conexión sándwich (10)
  7
NEGRITA
 11
224.23061111111102
 21
280.4409040685667
 31
0.0
100
AcDbText
  0
TEXT
  5
73
330
33
100
AcDbEntity
 67
1
  8
LAMINA_TEXTO
 62
250
420
0
100
AcDbText
 10
274.690886111111
 20
280.4409040685667
 30
0.0
 40
2.2859999999999996
  1
, con los 2 anclajes que atraviesan
  7
ESTANDAR
 11
274.690886111111
 21
280.4409040685667
 31
0.0
100
AcDbText
  0
TEXT
  5
74
330
33
100
AcDbEntity
 67
1
  8
LAMINA_TEXTO
 62
250
420
0
100
AcDbText
 10
17.41111111111103
 20
276.3839596241222
 30
0.0
 40
2.2859999999999996
  1
la viga. Viga D entre 3 y 4: estribos Ø10 cada 110 / 140 / 110. Ejes 4 (B-C y C-D):
  7
ESTANDAR
 11
17.41111111111103
 21
276.3839596241222
 31
0.0
100
AcDbText
  0
TEXT
  5
75
330
33
100
AcDbEntity
 67
1
  8
LAMINA_TEXTO
 62
250
420
0
100
AcDbText
 10
133.17478611111102
 20
276.3839596241222
 30
0.0
 40
2.2859999999999996
  1
VCS+1Ø12
  7
NEGRITA
 11
133.17478611111102
 21
276.3839596241222
 31
0.0
100
AcDbText
  0
TEXT
  5
76
330
33
100
AcDbEntity
 67
1
  8
LAMINA_TEXTO
 62
250
420
0
100
AcDbText
 10
149.32283611111103
 20
276.3839596241222
 30
0.0
 40
2.2859999999999996
  1
, varilla extra abajo (celeste).
  7
ESTANDAR
 11
149.32283611111103
 21
276.3839596241222
 31
0.0
100
AcDbText
  0
TEXT
  5
77
330
33
100
AcDbEntity
 67
1
  8
LAMINA_TEXTO
 62
250
420
0
100
AcDbText
 10
18.82222222222214
 20
174.9898624019
 30
0.0
 40
2.6987499999999995
  1
CORTE A-A: VCS+1Ø12 (EJE 4)
  7
NEGRITA
 11
18.82222222222214
 21
174.9898624019
 31
0.0
100
AcDbText
  0
TEXT
  5
78
330
33
100
AcDbEntity
 67
1
  8
LAMINA_TEXTO
 62
250
420
0
100
AcDbText
 10
18.82222222222214
 20
170.71243184634446
 30
0.0
 40
2.2859999999999996
  1
3Ø12 arriba, 4Ø12 abajo (1-2-1).
  7
ESTANDAR
 11
18.82222222222214
 21
170.71243184634446
 31
0.0
100
AcDbText
  0
TEXT
  5
79
330
33
100
AcDbEntity
 67
1
  8
LAMINA_TEXTO
 62
250
420
0
100
AcDbText
 10
65.93922222222214
 20
170.71243184634446
 30
0.0
 40
2.2859999999999996
  1
Varilla extra Ø12, L = 1500,
  7
NEGRITA
 11
65.93922222222214
 21
170.71243184634446
 31
0.0
100
AcDbText
  0
TEXT
  5
7A
330
33
100
AcDbEntity
 67
1
  8
LAMINA_TEXTO
 62
250
420
0
100
AcDbText
 10
18.82222222222214
 20
166.65548740190002
 30
0.0
 40
2.2859999999999996
  1
centrada en el cruce con la IPE 200 (ejes F y G).
  7
NEGRITA
 11
18.82222222222214
 21
166.65548740190002
 31
0.0
100
AcDbText
  0
TEXT
  5
7B
330
33
100
AcDbEntity
 67
1
  8
LAMINA_TEXTO
 62
250
420
0
100
AcDbText
 10
120.35481481481474
 20
174.9898624019
 30
0.0
 40
2.6987499999999995
  1
CORTE B-B: VCM CON BASTONES
  7
NEGRITA
 11
120.35481481481474
 21
174.9898624019
 31
0.0
100
AcDbText
  0
TEXT
  5
7C
330
33
100
AcDbEntity
 67
1
  8
LAMINA_TEXTO
 62
250
420
0
100
AcDbText
 10
120.35481481481474
 20
170.71243184634446
 30
0.0
 40
2.2859999999999996
  1
B4, C4, D4Y. VCM 5Ø12 + 5Ø12 (pares en las esquinas).
  7
ESTANDAR
 11
120.35481481481474
 21
170.71243184634446
 31
0.0
100
AcDbText
  0
TEXT
  5
7D
330
33
100
AcDbEntity
 67
1
  8
LAMINA_TEXTO
 62
250
420
0
100
AcDbText
 10
202.50158981481474
 20
170.71243184634446
 30
0.0
 40
2.2859999999999996
  1
Bastones
  7
NEGRITA
 11
202.50158981481474
 21
170.71243184634446
 31
0.0
100
AcDbText
  0
TEXT
  5
7E
330
33
100
AcDbEntity
 67
1
  8
LAMINA_TEXTO
 62
250
420
0
100
AcDbText
 10
120.35481481481474
 20
166.65548740190002
 30
0.0
 40
2.2859999999999996
  1
Ø12 junto al par de esquina, a 80 de arriba.
  7
NEGRITA
 11
120.35481481481474
 21
166.65548740190002
 31
0.0
100
AcDbText
  0
TEXT
  5
7F
330
33
100
AcDbEntity
 67
1
  8
LAMINA_TEXTO
 62
250
420
0
100
AcDbText
 10
221.88740740740738
 20
174.9898624019
 30
0.0
 40
2.6987499999999995
  1
CORTE C-C: VCS CON BASTONES
  7
NEGRITA
 11
221.88740740740738
 21
174.9898624019
 31
0.0
100
AcDbText
  0
TEXT
  5
80
330
33
100
AcDbEntity
 67
1
  8
LAMINA_TEXTO
 62
250
420
0
100
AcDbText
 10
221.88740740740738
 20
170.71243184634446
 30
0.0
 40
2.2859999999999996
  1
D4X y D3. VCS 3Ø12 + 3Ø12.
  7
ESTANDAR
 11
221.88740740740738
 21
170.71243184634446
 31
0.0
100
AcDbText
  0
TEXT
  5
81
330
33
100
AcDbEntity
 67
1
  8
LAMINA_TEXTO
 62
250
420
0
100
AcDbText
 10
265.56588240740734
 20
170.71243184634446
 30
0.0
 40
2.2859999999999996
  1
Bastones Ø12 contra el estribo,
  7
NEGRITA
 11
265.56588240740734
 21
170.71243184634446
 31
0.0
100
AcDbText
  0
TEXT
  5
82
330
33
100
AcDbEntity
 67
1
  8
LAMINA_TEXTO
 62
250
420
0
100
AcDbText
 10
221.88740740740738
 20
166.65548740190002
 30
0.0
 40
2.2859999999999996
  1
debajo de las esquinas, a 80 de arriba (en D4X: a 98).
  7
NEGRITA
 11
221.88740740740738
 21
166.65548740190002
 31
0.0
100
AcDbText
  0
TEXT
  5
83
330
33
100
AcDbEntity
 67
1
  8
LAMINA_TEXTO
 62
250
420
0
100
AcDbText
 10
324.8311111111111
 20
570.9743055555556
 30
0.0
 40
3.4924999999999993
  1
2. Unión placa extremo - columna (C4; igual en B4, D4X, D4Y, D3)
  7
NEGRITA
 11
324.8311111111111
 21
570.9743055555556
 31
0.0
100
AcDbText
  0
TEXT
  5
84
330
33
100
AcDbEntity
 67
1
  8
LAMINA_TEXTO
 62
250
420
0
100
AcDbText
 10
324.8311111111111
 20
462.31952675937265
 30
0.0
 40
2.6987499999999995
  1
DETALLE 2.1 - C4: CORTE POR EL EJE DEL VOLADIZO
  7
NEGRITA
 11
324.8311111111111
 21
462.31952675937265
 31
0.0
100
AcDbText
  0
TEXT
  5
85
330
33
100
AcDbEntity
 67
1
  8
LAMINA_TEXTO
 62
250
420
0
100
AcDbText
 10
324.8311111111111
 20
458.0420962038171
 30
0.0
 40
2.2859999999999996
  1
Anclajes A1 (rojo) con placa de cabeza P1 dentro de la jaula de estribos. Bastones Ø12 (naranja) con pata de 200 hacia abajo. Estribos del nudo Ø10 (morado) en 4 niveles; 2 estribos Ø14 (verde) en
  7
ESTANDAR
 11
324.8311111111111
 21
458.0420962038171
 31
0.0
100
AcDbText
  0
TEXT
  5
86
330
33
100
AcDbEntity
 67
1
  8
LAMINA_TEXTO
 62
250
420
0
100
AcDbText
 10
324.8311111111111
 20
453.9851517593726
 30
0.0
 40
2.2859999999999996
  1
la cabeza de la columna. Transparente: va después.
  7
ESTANDAR
 11
324.8311111111111
 21
453.9851517593726
 31
0.0
100
AcDbText
  0
TEXT
  5
87
330
33
100
AcDbEntity
 67
1
  8
LAMINA_TEXTO
 62
250
420
0
100
AcDbText
 10
326.2422222222222
 20
371.78632417396864
 30
0.0
 40
2.6987499999999995
  1
DETALLE 2.2 - C4: VISTA DESDE EL VOLADIZO
  7
NEGRITA
 11
326.2422222222222
 21
371.78632417396864
 31
0.0
100
AcDbText
  0
TEXT
  5
88
330
33
100
AcDbEntity
 67
1
  8
LAMINA_TEXTO
 62
250
420
0
100
AcDbText
 10
326.2422222222222
 20
367.5088936184131
 30
0.0
 40
2.2859999999999996
  1
Placa P2 140x260x12 sobre grout de 25.
  7
ESTANDAR
 11
326.2422222222222
 21
367.5088936184131
 31
0.0
100
AcDbText
  0
TEXT
  5
89
330
33
100
AcDbEntity
 67
1
  8
LAMINA_TEXTO
 62
250
420
0
100
AcDbText
 10
384.66222222222217
 20
367.5088936184131
 30
0.0
 40
2.2859999999999996
  1
En D4X los A1 van a 62 y 173
  7
NEGRITA
 11
384.66222222222217
 21
367.5088936184131
 31
0.0
100
AcDbText
  0
TEXT
  5
8A
330
33
100
AcDbEntity
 67
1
  8
LAMINA_TEXTO
 62
250
420
0
100
AcDbText
 10
428.4295972222222
 20
367.5088936184131
 30
0.0
 40
2.2859999999999996
  1
 (cruzan debajo de los de
  7
ESTANDAR
 11
428.4295972222222
 21
367.5088936184131
 31
0.0
100
AcDbText
  0
TEXT
  5
8B
330
33
100
AcDbEntity
 67
1
  8
LAMINA_TEXTO
 62
250
420
0
100
AcDbText
 10
326.2422222222222
 20
363.45194917396867
 30
0.0
 40
2.2859999999999996
  1
D4Y).
  7
ESTANDAR
 11
326.2422222222222
 21
363.45194917396867
 31
0.0
100
AcDbText
  0
TEXT
  5
8C
330
33
100
AcDbEntity
 67
1
  8
LAMINA_TEXTO
 62
250
420
0
100
AcDbText
 10
466.40611111111116
 20
312.5910545371504
 30
0.0
 40
2.6987499999999995
  1
DETALLE 2.3 - C4: PLANTA A LA ALTURA DE LOS A1
  7
NEGRITA
 11
466.40611111111116
 21
312.5910545371504
 31
0.0
100
AcDbText
  0
TEXT
  5
8D
330
33
100
AcDbEntity
 67
1
  8
LAMINA_TEXTO
 62
250
420
0
100
AcDbText
 10
466.40611111111116
 20
308.31362398159484
 30
0.0
 40
2.2859999999999996
  1
Bastones a ±82 del eje, junto a las barras de esquina de la VCM. Tramo recto 1220 desde la cara
  7
ESTANDAR
 11
466.40611111111116
 21
308.31362398159484
 31
0.0
100
AcDbText
  0
TEXT
  5
8E
330
33
100
AcDbEntity
 67
1
  8
LAMINA_TEXTO
 62
250
420
0
100
AcDbText
 10
466.40611111111116
 20
304.2566795371504
 30
0.0
 40
2.2859999999999996
  1
exterior de la pata.
  7
ESTANDAR
 11
466.40611111111116
 21
304.2566795371504
 31
0.0
100
AcDbText
  0
TEXT
  5
8F
330
33
100
AcDbEntity
 67
1
  8
LAMINA_TEXTO
 62
250
420
0
100
AcDbText
 10
324.8311111111111
 20
189.8625823149282
 30
0.0
 40
2.6987499999999995
  1
DETALLE 2.4 - D4: VISTA DESDE EL SUR
  7
NEGRITA
 11
324.8311111111111
 21
189.8625823149282
 31
0.0
100
AcDbText
  0
TEXT
  5
90
330
33
100
AcDbEntity
 67
1
  8
LAMINA_TEXTO
 62
250
420
0
100
AcDbText
 10
324.8311111111111
 20
185.58515175937265
 30
0.0
 40
2.2859999999999996
  1
Dos voladizos.
  7
ESTANDAR
 11
324.8311111111111
 21
185.58515175937265
 31
0.0
100
AcDbText
  0
TEXT
  5
91
330
33
100
AcDbEntity
 67
1
  8
LAMINA_TEXTO
 62
250
420
0
100
AcDbText
 10
346.3576111111111
 20
185.58515175937265
 30
0.0
 40
2.2859999999999996
  1
A1 de D4X a 62 y 173, debajo de los de D4Y; bastones de D4X a 98, hacia el oeste por la VCS del eje 4.
  7
NEGRITA
 11
346.3576111111111
 21
185.58515175937265
 31
0.0
100
AcDbText
  0
TEXT
  5
92
330
33
100
AcDbEntity
 67
1
  8
LAMINA_TEXTO
 62
250
420
0
100
AcDbText
 10
500.0625361111111
 20
185.58515175937265
 30
0.0
 40
2.2859999999999996
  1
 D4Y igual a C4. Correr los estribos del nudo lo necesario.
  7
ESTANDAR
 11
500.0625361111111
 21
185.58515175937265
 31
0.0
100
AcDbText
  0
TEXT
  5
93
330
33
100
AcDbEntity
 67
1
  8
LAMINA_TEXTO
 62
250
420
0
100
AcDbText
 10
324.8311111111111
 20
176.32473509270596
 30
0.0
 40
3.4924999999999993
  1
3. Conexión sándwich (A, B, C, D en 10 y 11; F4, G4)
  7
NEGRITA
 11
324.8311111111111
 21
176.32473509270596
 31
0.0
100
AcDbText
  0
TEXT
  5
94
330
33
100
AcDbEntity
 67
1
  8
LAMINA_TEXTO
 62
250
420
0
100
AcDbText
 10
326.2422222222222
 20
90.83037077646664
 30
0.0
 40
2.6987499999999995
  1
DETALLE 3.1 - SÁNDWICH: VISTA LATERAL DE LA VIGA
  7
NEGRITA
 11
326.2422222222222
 21
90.83037077646664
 31
0.0
100
AcDbText
  0
TEXT
  5
95
330
33
100
AcDbEntity
 67
1
  8
LAMINA_TEXTO
 62
250
420
0
100
AcDbText
 10
326.2422222222222
 20
86.55294022091108
 30
0.0
 40
2.2859999999999996
  1
Placa P3 140x220x12 sobre grout de 25 a cada lado (después).
  7
ESTANDAR
 11
326.2422222222222
 21
86.55294022091108
 31
0.0
100
AcDbText
  0
TEXT
  5
96
330
33
100
AcDbEntity
 67
1
  8
LAMINA_TEXTO
 62
250
420
0
100
AcDbText
 10
416.9583222222222
 20
86.55294022091108
 30
0.0
 40
2.2859999999999996
  1
Un estribo a cada lado de los
  7
NEGRITA
 11
416.9583222222222
 21
86.55294022091108
 31
0.0
100
AcDbText
  0
TEXT
  5
97
330
33
100
AcDbEntity
 67
1
  8
LAMINA_TEXTO
 62
250
420
0
100
AcDbText
 10
326.2422222222222
 20
82.49599577646663
 30
0.0
 40
2.2859999999999996
  1
anclajes
  7
NEGRITA
 11
326.2422222222222
 21
82.49599577646663
 31
0.0
100
AcDbText
  0
TEXT
  5
98
330
33
100
AcDbEntity
 67
1
  8
LAMINA_TEXTO
 62
250
420
0
100
AcDbText
 10
338.77394722222226
 20
82.49599577646663
 30
0.0
 40
2.2859999999999996
  1
, los demás cada 110 desde ellos.
  7
ESTANDAR
 11
338.77394722222226
 21
82.49599577646663
 31
0.0
100
AcDbText
  0
TEXT
  5
99
330
33
100
AcDbEntity
 67
1
  8
LAMINA_TEXTO
 62
250
420
0
100
AcDbText
 10
466.40611111111116
 20
73.0785545371504
 30
0.0
 40
2.6987499999999995
  1
DETALLE 3.2 - SÁNDWICH: PLANTA POR LOS ANCLAJES
  7
NEGRITA
 11
466.40611111111116
 21
73.0785545371504
 31
0.0
100
AcDbText
  0
TEXT
  5
9A
330
33
100
AcDbEntity
 67
1
  8
LAMINA_TEXTO
 62
250
420
0
100
AcDbText
 10
466.40611111111116
 20
68.80112398159484
 30
0.0
 40
2.2859999999999996
  1
Anclajes A2 pasantes, L = 440, entre estribos. Grout 25, placas, tuercas e IPE 200: después.
  7
ESTANDAR
 11
466.40611111111116
 21
68.80112398159484
 31
0.0
100
AcDbText
  0
TEXT
  5
9B
330
33
100
AcDbEntity
 67
1
  8
LAMINA_TEXTO
 62
250
420
0
100
AcDbText
 10
607.9811111111111
 20
570.9743055555556
 30
0.0
 40
3.4924999999999993
  1
4. Piezas, cantidades y notas
  7
NEGRITA
 11
607.9811111111111
 21
570.9743055555556
 31
0.0
100
AcDbText
  0
TEXT
  5
9C
330
33
100
AcDbEntity
 67
1
  8
LAMINA_TEXTO
 62
250
420
0
100
AcDbText
 10
609.3922222222222
 20
502.72812500000003
 30
0.0
 40
2.6987499999999995
  1
DETALLE 4.1 - ESTRIBO Ø14
  7
NEGRITA
 11
609.3922222222222
 21
502.72812500000003
 31
0.0
100
AcDbText
  0
TEXT
  5
9D
330
33
100
AcDbEntity
 67
1
  8
LAMINA_TEXTO
 62
250
420
0
100
AcDbText
 10
609.3922222222222
 20
498.4506944444445
 30
0.0
 40
2.2859999999999996
  1
Cabeza de la columna (105 sobre las vigas): 2
  7
ESTANDAR
 11
609.3922222222222
 21
498.4506944444445
 31
0.0
100
AcDbText
  0
TEXT
  5
9E
330
33
100
AcDbEntity
 67
1
  8
LAMINA_TEXTO
 62
250
420
0
100
AcDbText
 10
609.3922222222222
 20
494.39375
 30
0.0
 40
2.2859999999999996
  1
por columna, juntos, a 63 de la cara superior de
  7
ESTANDAR
 11
609.3922222222222
 21
494.39375
 31
0.0
100
AcDbText
  0
TEXT
  5
9F
330
33
100
AcDbEntity
 67
1
  8
LAMINA_TEXTO
 62
250
420
0
100
AcDbText
 10
609.3922222222222
 20
490.3368055555556
 30
0.0
 40
2.2859999999999996
  1
la columna.
  7
ESTANDAR
 11
609.3922222222222
 21
490.3368055555556
 31
0.0
100
AcDbText
  0
TEXT
  5
A0
330
33
100
AcDbEntity
 67
1
  8
LAMINA_TEXTO
 62
250
420
0
100
AcDbText
 10
681.2614814814815
 20
502.72812500000003
 30
0.0
 40
2.6987499999999995
  1
DETALLE 4.2 - ESTRIBO DEL NUDO
  7
NEGRITA
 11
681.2614814814815
 21
502.72812500000003
 31
0.0
100
AcDbText
  0
TEXT
  5
A1
330
33
100
AcDbEntity
 67
1
  8
LAMINA_TEXTO
 62
250
420
0
100
AcDbText
 10
681.2614814814815
 20
497.8774305555556
 30
0.0
 40
2.6987499999999995
  1
Ø10
  7
NEGRITA
 11
681.2614814814815
 21
497.8774305555556
 31
0.0
100
AcDbText
  0
TEXT
  5
A2
330
33
100
AcDbEntity
 67
1
  8
LAMINA_TEXTO
 62
250
420
0
100
AcDbText
 10
681.2614814814815
 20
493.6
 30
0.0
 40
2.2859999999999996
  1
4 niveles: 110, 155, 230 y 305 bajo la cara
  7
ESTANDAR
 11
681.2614814814815
 21
493.6
 31
0.0
100
AcDbText
  0
TEXT
  5
A3
330
33
100
AcDbEntity
 67
1
  8
LAMINA_TEXTO
 62
250
420
0
100
AcDbText
 10
681.2614814814815
 20
489.54305555555555
 30
0.0
 40
2.2859999999999996
  1
superior de las vigas (cada 75 o menos).
  7
ESTANDAR
 11
681.2614814814815
 21
489.54305555555555
 31
0.0
100
AcDbText
  0
TEXT
  5
A4
330
33
100
AcDbEntity
 67
1
  8
LAMINA_TEXTO
 62
250
420
0
100
AcDbText
 10
753.1307407407407
 20
502.72812500000003
 30
0.0
 40
2.6987499999999995
  1
DETALLE 4.3 - OPCIÓN: Ø10 EN 4
  7
NEGRITA
 11
753.1307407407407
 21
502.72812500000003
 31
0.0
100
AcDbText
  0
TEXT
  5
A5
330
33
100
AcDbEntity
 67
1
  8
LAMINA_TEXTO
 62
250
420
0
100
AcDbText
 10
753.1307407407407
 20
497.8774305555556
 30
0.0
 40
2.6987499999999995
  1
PIEZAS
  7
NEGRITA
 11
753.1307407407407
 21
497.8774305555556
 31
0.0
100
AcDbText
  0
TEXT
  5
A6
330
33
100
AcDbEntity
 67
1
  8
LAMINA_TEXTO
 62
250
420
0
100
AcDbText
 10
753.1307407407407
 20
493.6
 30
0.0
 40
2.2859999999999996
  1
4 piezas rectas con ganchos de 135° a las
  7
ESTANDAR
 11
753.1307407407407
 21
493.6
 31
0.0
100
AcDbText
  0
TEXT
  5
A7
330
33
100
AcDbEntity
 67
1
  8
LAMINA_TEXTO
 62
250
420
0
100
AcDbText
 10
753.1307407407407
 20
489.54305555555555
 30
0.0
 40
2.2859999999999996
  1
barras de esquina, una por cara.
  7
ESTANDAR
 11
753.1307407407407
 21
489.54305555555555
 31
0.0
100
AcDbText
  0
TEXT
  5
A8
330
33
100
AcDbEntity
 67
1
  8
LAMINA_TEXTO
 62
250
420
0
100
AcDbText
 10
609.3922222222222
 20
437.090625
 30
0.0
 40
2.6987499999999995
  1
DETALLE 4.4 - ANCLAJE A1 (COLUMNAS)
  7
NEGRITA
 11
609.3922222222222
 21
437.090625
 31
0.0
100
AcDbText
  0
TEXT
  5
A9
330
33
100
AcDbEntity
 67
1
  8
LAMINA_TEXTO
 62
250
420
0
100
AcDbText
 10
609.3922222222222
 20
432.81319444444443
 30
0.0
 40
2.2859999999999996
  1
Desde la cara de la columna. Placa de cabeza P1, arandela y tuerca:
  7
ESTANDAR
 11
609.3922222222222
 21
432.81319444444443
 31
0.0
100
AcDbText
  0
TEXT
  5
AA
330
33
100
AcDbEntity
 67
1
  8
LAMINA_TEXTO
 62
250
420
0
100
AcDbText
 10
609.3922222222222
 20
428.75624999999997
 30
0.0
 40
2.2859999999999996
  1
antes. Tuercas de nivelación y exterior: después.
  7
ESTANDAR
 11
609.3922222222222
 21
428.75624999999997
 31
0.0
100
AcDbText
  0
TEXT
  5
AB
330
33
100
AcDbEntity
 67
1
  8
LAMINA_TEXTO
 62
250
420
0
100
AcDbText
 10
717.1961111111111
 20
437.1108143939394
 30
0.0
 40
2.6987499999999995
  1
DETALLE 4.5 - ANCLAJE A2 (SÁNDWICH)
  7
NEGRITA
 11
717.1961111111111
 21
437.1108143939394
 31
0.0
100
AcDbText
  0
TEXT
  5
AC
330
33
100
AcDbEntity
 67
1
  8
LAMINA_TEXTO
 62
250
420
0
100
AcDbText
 10
717.1961111111111
 20
432.83338383838384
 30
0.0
 40
2.2859999999999996
  1
Pasante. Grout 25, placas P3, tuercas de nivelación y exteriores: después.
  7
ESTANDAR
 11
717.1961111111111
 21
432.83338383838384
 31
0.0
100
AcDbText
  0
TEXT
  5
AD
330
33
100
AcDbEntity
 67
1
  8
LAMINA_TEXTO
 62
250
420
0
100
AcDbText
 10
609.3922222222222
 20
370.2240972222222
 30
0.0
 40
2.6987499999999995
  1
P1 - PL 50x50x12
  7
NEGRITA
 11
609.3922222222222
 21
370.2240972222222
 31
0.0
100
AcDbText
  0
TEXT
  5
AE
330
33
100
AcDbEntity
 67
1
  8
LAMINA_TEXTO
 62
250
420
0
100
AcDbText
 10
609.3922222222222
 20
365.94666666666666
 30
0.0
 40
2.2859999999999996
  1
Agujero Ø18.
  7
ESTANDAR
 11
609.3922222222222
 21
365.94666666666666
 31
0.0
100
AcDbText
  0
TEXT
  5
AF
330
33
100
AcDbEntity
 67
1
  8
LAMINA_TEXTO
 62
250
420
0
100
AcDbText
 10
663.2941666666667
 20
366.30381944444446
 30
0.0
 40
2.6987499999999995
  1
P2 - PL 140x260x12 A36
  7
NEGRITA
 11
663.2941666666667
 21
366.30381944444446
 31
0.0
100
AcDbText
  0
TEXT
  5
B0
330
33
100
AcDbEntity
 67
1
  8
LAMINA_TEXTO
 62
250
420
0
100
AcDbText
 10
663.2941666666667
 20
362.0263888888889
 30
0.0
 40
2.2859999999999996
  1
Columnas. 4 agujeros Ø18.
  7
ESTANDAR
 11
663.2941666666667
 21
362.0263888888889
 31
0.0
100
AcDbText
  0
TEXT
  5
B1
330
33
100
AcDbEntity
 67
1
  8
LAMINA_TEXTO
 62
250
420
0
100
AcDbText
 10
744.1470833333334
 20
366.30381944444446
 30
0.0
 40
2.6987499999999995
  1
P3 - PL 140x220x12 A36
  7
NEGRITA
 11
744.1470833333334
 21
366.30381944444446
 31
0.0
100
AcDbText
  0
TEXT
  5
B2
330
33
100
AcDbEntity
 67
1
  8
LAMINA_TEXTO
 62
250
420
0
100
AcDbText
 10
744.1470833333334
 20
362.0263888888889
 30
0.0
 40
2.2859999999999996
  1
Sándwich. 4 agujeros Ø18.
  7
ESTANDAR
 11
744.1470833333334
 21
362.0263888888889
 31
0.0
100
AcDbText
  0
TEXT
  5
B3
330
33
100
AcDbEntity
 67
1
  8
LAMINA_TEXTO
 62
250
420
0
100
AcDbText
 10
607.9811111111111
 20
354.92673611111115
 30
0.0
 40
2.6987499999999995
  1
Cantidades (solo lo que se añade)
  7
NEGRITA
 11
607.9811111111111
 21
354.92673611111115
 31
0.0
100
AcDbText
  0
TEXT
  5
B4
330
33
100
AcDbEntity
 67
1
  8
LAMINA_TEXTO
 62
250
420
0
100
AcDbText
 10
609.0394444444445
 20
349.5027777777778
 30
0.0
 40
2.3812499999999996
  1
Marca
  7
NEGRITA
 11
609.0394444444445
 21
349.5027777777778
 31
0.0
100
AcDbText
  0
TEXT
  5
B5
330
33
100
AcDbEntity
 67
1
  8
LAMINA_TEXTO
 62
250
420
0
100
AcDbText
 10
626.2880666666666
 20
349.5027777777778
 30
0.0
 40
2.3812499999999996
  1
Elemento
  7
NEGRITA
 11
626.2880666666666
 21
349.5027777777778
 31
0.0
100
AcDbText
  0
TEXT
  5
B6
330
33
100
AcDbEntity
 67
1
  8
LAMINA_TEXTO
 62
250
420
0
100
AcDbText
 10
662.9413888888889
 20
349.5027777777778
 30
0.0
 40
2.3812499999999996
  1
Descripción
  7
NEGRITA
 11
662.9413888888889
 21
349.5027777777778
 31
0.0
100
AcDbText
  0
TEXT
  5
B7
330
33
100
AcDbEntity
 67
1
  8
LAMINA_TEXTO
 62
250
420
0
100
AcDbText
 10
780.0180850694445
 20
349.5027777777778
 30
0.0
 40
2.3812499999999996
  1
Por conexión
  7
NEGRITA
 11
780.0180850694445
 21
349.5027777777778
 31
0.0
100
AcDbText
  0
TEXT
  5
B8
330
33
100
AcDbEntity
 67
1
  8
LAMINA_TEXTO
 62
250
420
0
100
AcDbText
 10
814.629435763889
 20
349.5027777777778
 30
0.0
 40
2.3812499999999996
  1
Total
  7
NEGRITA
 11
814.629435763889
 21
349.5027777777778
 31
0.0
100
AcDbText
  0
TEXT
  5
B9
330
33
100
AcDbEntity
 67
1
  8
LAMINA_TEXTO
 62
250
420
0
100
AcDbText
 10
609.0394444444445
 20
344.21111111111117
 30
0.0
 40
2.3812499999999996
  1
A1
  7
ESTANDAR
 11
609.0394444444445
 21
344.21111111111117
 31
0.0
100
AcDbText
  0
TEXT
  5
BA
330
33
100
AcDbEntity
 67
1
  8
LAMINA_TEXTO
 62
250
420
0
100
AcDbText
 10
626.2880666666666
 20
344.21111111111117
 30
0.0
 40
2.3812499999999996
  1
Anclaje columna
  7
ESTANDAR
 11
626.2880666666666
 21
344.21111111111117
 31
0.0
100
AcDbText
  0
TEXT
  5
BB
330
33
100
AcDbEntity
 67
1
  8
LAMINA_TEXTO
 62
250
420
0
100
AcDbText
 10
662.9413888888889
 20
344.21111111111117
 30
0.0
 40
2.3812499999999996
  1
varilla roscada Ø16 (5/8"-11 UNC) ASTM A193 B7, L = 440
  7
ESTANDAR
 11
662.9413888888889
 21
344.21111111111117
 31
0.0
100
AcDbText
  0
TEXT
  5
BC
330
33
100
AcDbEntity
 67
1
  8
LAMINA_TEXTO
 62
250
420
0
100
AcDbText
 10
799.1309236111114
 20
344.21111111111117
 30
0.0
 40
2.3812499999999996
  1
4
  7
ESTANDAR
 11
799.1309236111114
 21
344.21111111111117
 31
0.0
100
AcDbText
  0
TEXT
  5
BD
330
33
100
AcDbEntity
 67
1
  8
LAMINA_TEXTO
 62
250
420
0
100
AcDbText
 10
818.8528472222224
 20
344.21111111111117
 30
0.0
 40
2.3812499999999996
  1
20
  7
ESTANDAR
 11
818.8528472222224
 21
344.21111111111117
 31
0.0
100
AcDbText
  0
TEXT
  5
BE
330
33
100
AcDbEntity
 67
1
  8
LAMINA_TEXTO
 62
250
420
0
100
AcDbText
 10
609.0394444444445
 20
338.9194444444445
 30
0.0
 40
2.3812499999999996
  1
A2
  7
ESTANDAR
 11
609.0394444444445
 21
338.9194444444445
 31
0.0
100
AcDbText
  0
TEXT
  5
BF
330
33
100
AcDbEntity
 67
1
  8
LAMINA_TEXTO
 62
250
420
0
100
AcDbText
 10
626.2880666666666
 20
338.9194444444445
 30
0.0
 40
2.3812499999999996
  1
Anclaje sándwich
  7
ESTANDAR
 11
626.2880666666666
 21
338.9194444444445
 31
0.0
100
AcDbText
  0
TEXT
  5
C0
330
33
100
AcDbEntity
 67
1
  8
LAMINA_TEXTO
 62
250
420
0
100
AcDbText
 10
662.9413888888889
 20
338.9194444444445
 30
0.0
 40
2.3812499999999996
  1
varilla roscada Ø16 (5/8"-11 UNC) ASTM A193 B7, L = 440
  7
ESTANDAR
 11
662.9413888888889
 21
338.9194444444445
 31
0.0
100
AcDbText
  0
TEXT
  5
C1
330
33
100
AcDbEntity
 67
1
  8
LAMINA_TEXTO
 62
250
420
0
100
AcDbText
 10
799.1309236111114
 20
338.9194444444445
 30
0.0
 40
2.3812499999999996
  1
4
  7
ESTANDAR
 11
799.1309236111114
 21
338.9194444444445
 31
0.0
100
AcDbText
  0
TEXT
  5
C2
330
33
100
AcDbEntity
 67
1
  8
LAMINA_TEXTO
 62
250
420
0
100
AcDbText
 10
818.8528472222224
 20
338.9194444444445
 30
0.0
 40
2.3812499999999996
  1
40
  7
ESTANDAR
 11
818.8528472222224
 21
338.9194444444445
 31
0.0
100
AcDbText
  0
TEXT
  5
C3
330
33
100
AcDbEntity
 67
1
  8
LAMINA_TEXTO
 62
250
420
0
100
AcDbText
 10
609.0394444444445
 20
333.6277777777778
 30
0.0
 40
2.3812499999999996
  1
P1
  7
ESTANDAR
 11
609.0394444444445
 21
333.6277777777778
 31
0.0
100
AcDbText
  0
TEXT
  5
C4
330
33
100
AcDbEntity
 67
1
  8
LAMINA_TEXTO
 62
250
420
0
100
AcDbText
 10
626.2880666666666
 20
333.6277777777778
 30
0.0
 40
2.3812499999999996
  1
Placa de cabeza
  7
ESTANDAR
 11
626.2880666666666
 21
333.6277777777778
 31
0.0
100
AcDbText
  0
TEXT
  5
C5
330
33
100
AcDbEntity
 67
1
  8
LAMINA_TEXTO
 62
250
420
0
100
AcDbText
 10
662.9413888888889
 20
333.6277777777778
 30
0.0
 40
2.3812499999999996
  1
PL 50x50x12 A36, agujero Ø18 (una por A1)
  7
ESTANDAR
 11
662.9413888888889
 21
333.6277777777778
 31
0.0
100
AcDbText
  0
TEXT
  5
C6
330
33
100
AcDbEntity
 67
1
  8
LAMINA_TEXTO
 62
250
420
0
100
AcDbText
 10
799.1309236111114
 20
333.6277777777778
 30
0.0
 40
2.3812499999999996
  1
4
  7
ESTANDAR
 11
799.1309236111114
 21
333.6277777777778
 31
0.0
100
AcDbText
  0
TEXT
  5
C7
330
33
100
AcDbEntity
 67
1
  8
LAMINA_TEXTO
 62
250
420
0
100
AcDbText
 10
818.8528472222224
 20
333.6277777777778
 30
0.0
 40
2.3812499999999996
  1
20
  7
ESTANDAR
 11
818.8528472222224
 21
333.6277777777778
 31
0.0
100
AcDbText
  0
TEXT
  5
C8
330
33
100
AcDbEntity
 67
1
  8
LAMINA_TEXTO
 62
250
420
0
100
AcDbText
 10
609.0394444444445
 20
328.33611111111117
 30
0.0
 40
2.3812499999999996
  1
P2
  7
ESTANDAR
 11
609.0394444444445
 21
328.33611111111117
 31
0.0
100
AcDbText
  0
TEXT
  5
C9
330
33
100
AcDbEntity
 67
1
  8
LAMINA_TEXTO
 62
250
420
0
100
AcDbText
 10
626.2880666666666
 20
328.33611111111117
 30
0.0
 40
2.3812499999999996
  1
Placa extremo
  7
ESTANDAR
 11
626.2880666666666
 21
328.33611111111117
 31
0.0
100
AcDbText
  0
TEXT
  5
CA
330
33
100
AcDbEntity
 67
1
  8
LAMINA_TEXTO
 62
250
420
0
100
AcDbText
 10
662.9413888888889
 20
328.33611111111117
 30
0.0
 40
2.3812499999999996
  1
PL 140x260x12 A36, 4 agujeros Ø18 (después)
  7
ESTANDAR
 11
662.9413888888889
 21
328.33611111111117
 31
0.0
100
AcDbText
  0
TEXT
  5
CB
330
33
100
AcDbEntity
 67
1
  8
LAMINA_TEXTO
 62
250
420
0
100
AcDbText
 10
799.1309236111114
 20
328.33611111111117
 30
0.0
 40
2.3812499999999996
  1
1
  7
ESTANDAR
 11
799.1309236111114
 21
328.33611111111117
 31
0.0
100
AcDbText
  0
TEXT
  5
CC
330
33
100
AcDbEntity
 67
1
  8
LAMINA_TEXTO
 62
250
420
0
100
AcDbText
 10
820.6917013888889
 20
328.33611111111117
 30
0.0
 40
2.3812499999999996
  1
5
  7
ESTANDAR
 11
820.6917013888889
 21
328.33611111111117
 31
0.0
100
AcDbText
  0
TEXT
  5
CD
330
33
100
AcDbEntity
 67
1
  8
LAMINA_TEXTO
 62
250
420
0
100
AcDbText
 10
609.0394444444445
 20
323.0444444444445
 30
0.0
 40
2.3812499999999996
  1
P3
  7
ESTANDAR
 11
609.0394444444445
 21
323.0444444444445
 31
0.0
100
AcDbText
  0
TEXT
  5
CE
330
33
100
AcDbEntity
 67
1
  8
LAMINA_TEXTO
 62
250
420
0
100
AcDbText
 10
626.2880666666666
 20
323.0444444444445
 30
0.0
 40
2.3812499999999996
  1
Placa sándwich
  7
ESTANDAR
 11
626.2880666666666
 21
323.0444444444445
 31
0.0
100
AcDbText
  0
TEXT
  5
CF
330
33
100
AcDbEntity
 67
1
  8
LAMINA_TEXTO
 62
250
420
0
100
AcDbText
 10
662.9413888888889
 20
323.0444444444445
 30
0.0
 40
2.3812499999999996
  1
PL 140x220x12 A36, 4 agujeros Ø18 (después)
  7
ESTANDAR
 11
662.9413888888889
 21
323.0444444444445
 31
0.0
100
AcDbText
  0
TEXT
  5
D0
330
33
100
AcDbEntity
 67
1
  8
LAMINA_TEXTO
 62
250
420
0
100
AcDbText
 10
799.1309236111114
 20
323.0444444444445
 30
0.0
 40
2.3812499999999996
  1
2
  7
ESTANDAR
 11
799.1309236111114
 21
323.0444444444445
 31
0.0
100
AcDbText
  0
TEXT
  5
D1
330
33
100
AcDbEntity
 67
1
  8
LAMINA_TEXTO
 62
250
420
0
100
AcDbText
 10
818.8528472222224
 20
323.0444444444445
 30
0.0
 40
2.3812499999999996
  1
20
  7
ESTANDAR
 11
818.8528472222224
 21
323.0444444444445
 31
0.0
100
AcDbText
  0
TEXT
  5
D2
330
33
100
AcDbEntity
 67
1
  8
LAMINA_TEXTO
 62
250
420
0
100
AcDbText
 10
609.0394444444445
 20
315.7684027777778
 30
0.0
 40
2.3812499999999996
  1
T
  7
ESTANDAR
 11
609.0394444444445
 21
315.7684027777778
 31
0.0
100
AcDbText
  0
TEXT
  5
D3
330
33
100
AcDbEntity
 67
1
  8
LAMINA_TEXTO
 62
250
420
0
100
AcDbText
 10
626.2880666666666
 20
315.7684027777778
 30
0.0
 40
2.3812499999999996
  1
Tuerca
  7
ESTANDAR
 11
626.2880666666666
 21
315.7684027777778
 31
0.0
100
AcDbText
  0
TEXT
  5
D4
330
33
100
AcDbEntity
 67
1
  8
LAMINA_TEXTO
 62
250
420
0
100
AcDbText
 10
662.9413888888889
 20
317.7527777777778
 30
0.0
 40
2.3812499999999996
  1
5/8"-11 UNC grado 8 o A194 2H: 3 por A1 (cabeza, nivelación, exterior), 4
  7
ESTANDAR
 11
662.9413888888889
 21
317.7527777777778
 31
0.0
100
AcDbText
  0
TEXT
  5
D5
330
33
100
AcDbEntity
 67
1
  8
LAMINA_TEXTO
 62
250
420
0
100
AcDbText
 10
662.9413888888889
 20
313.7840277777778
 30
0.0
 40
2.3812499999999996
  1
por A2 (2 de nivelación, 2 exteriores)
  7
ESTANDAR
 11
662.9413888888889
 21
313.7840277777778
 31
0.0
100
AcDbText
  0
TEXT
  5
D6
330
33
100
AcDbEntity
 67
1
  8
LAMINA_TEXTO
 62
250
420
0
100
AcDbText
 10
799.8684496527779
 20
315.7684027777778
 30
0.0
 40
2.3812499999999996
  1
-
  7
ESTANDAR
 11
799.8684496527779
 21
315.7684027777778
 31
0.0
100
AcDbText
  0
TEXT
  5
D7
330
33
100
AcDbEntity
 67
1
  8
LAMINA_TEXTO
 62
250
420
0
100
AcDbText
 10
817.0139930555557
 20
315.7684027777778
 30
0.0
 40
2.3812499999999996
  1
220
  7
ESTANDAR
 11
817.0139930555557
 21
315.7684027777778
 31
0.0
100
AcDbText
  0
TEXT
  5
D8
330
33
100
AcDbEntity
 67
1
  8
LAMINA_TEXTO
 62
250
420
0
100
AcDbText
 10
609.0394444444445
 20
308.49236111111117
 30
0.0
 40
2.3812499999999996
  1
W
  7
ESTANDAR
 11
609.0394444444445
 21
308.49236111111117
 31
0.0
100
AcDbText
  0
TEXT
  5
D9
330
33
100
AcDbEntity
 67
1
  8
LAMINA_TEXTO
 62
250
420
0
100
AcDbText
 10
626.2880666666666
 20
308.49236111111117
 30
0.0
 40
2.3812499999999996
  1
Arandela
  7
ESTANDAR
 11
626.2880666666666
 21
308.49236111111117
 31
0.0
100
AcDbText
  0
TEXT
  5
DA
330
33
100
AcDbEntity
 67
1
  8
LAMINA_TEXTO
 62
250
420
0
100
AcDbText
 10
662.9413888888889
 20
308.49236111111117
 30
0.0
 40
2.3812499999999996
  1
plana Ø30 x 3: 3 por A1, 4 por A2
  7
ESTANDAR
 11
662.9413888888889
 21
308.49236111111117
 31
0.0
100
AcDbText
  0
TEXT
  5
DB
330
33
100
AcDbEntity
 67
1
  8
LAMINA_TEXTO
 62
250
420
0
100
AcDbText
 10
799.8684496527779
 20
308.49236111111117
 30
0.0
 40
2.3812499999999996
  1
-
  7
ESTANDAR
 11
799.8684496527779
 21
308.49236111111117
 31
0.0
100
AcDbText
  0
TEXT
  5
DC
330
33
100
AcDbEntity
 67
1
  8
LAMINA_TEXTO
 62
250
420
0
100
AcDbText
 10
817.0139930555557
 20
308.49236111111117
 30
0.0
 40
2.3812499999999996
  1
220
  7
ESTANDAR
 11
817.0139930555557
 21
308.49236111111117
 31
0.0
100
AcDbText
  0
TEXT
  5
DD
330
33
100
AcDbEntity
 67
1
  8
LAMINA_TEXTO
 62
250
420
0
100
AcDbText
 10
609.0394444444445
 20
303.2006944444445
 30
0.0
 40
2.3812499999999996
  1
BA
  7
ESTANDAR
 11
609.0394444444445
 21
303.2006944444445
 31
0.0
100
AcDbText
  0
TEXT
  5
DE
330
33
100
AcDbEntity
 67
1
  8
LAMINA_TEXTO
 62
250
420
0
100
AcDbText
 10
626.2880666666666
 20
303.2006944444445
 30
0.0
 40
2.3812499999999996
  1
Bastón
  7
ESTANDAR
 11
626.2880666666666
 21
303.2006944444445
 31
0.0
100
AcDbText
  0
TEXT
  5
DF
330
33
100
AcDbEntity
 67
1
  8
LAMINA_TEXTO
 62
250
420
0
100
AcDbText
 10
662.9413888888889
 20
303.2006944444445
 30
0.0
 40
2.3812499999999996
  1
Ø12 fy 4200, L = 1420 (recto 1220 + pata 200 hacia abajo)
  7
ESTANDAR
 11
662.9413888888889
 21
303.2006944444445
 31
0.0
100
AcDbText
  0
TEXT
  5
E0
330
33
100
AcDbEntity
 67
1
  8
LAMINA_TEXTO
 62
250
420
0
100
AcDbText
 10
799.1309236111114
 20
303.2006944444445
 30
0.0
 40
2.3812499999999996
  1
2
  7
ESTANDAR
 11
799.1309236111114
 21
303.2006944444445
 31
0.0
100
AcDbText
  0
TEXT
  5
E1
330
33
100
AcDbEntity
 67
1
  8
LAMINA_TEXTO
 62
250
420
0
100
AcDbText
 10
818.8528472222224
 20
303.2006944444445
 30
0.0
 40
2.3812499999999996
  1
10
  7
ESTANDAR
 11
818.8528472222224
 21
303.2006944444445
 31
0.0
100
AcDbText
  0
TEXT
  5
E2
330
33
100
AcDbEntity
 67
1
  8
LAMINA_TEXTO
 62
250
420
0
100
AcDbText
 10
609.0394444444445
 20
297.9090277777778
 30
0.0
 40
2.3812499999999996
  1
VE
  7
ESTANDAR
 11
609.0394444444445
 21
297.9090277777778
 31
0.0
100
AcDbText
  0
TEXT
  5
E3
330
33
100
AcDbEntity
 67
1
  8
LAMINA_TEXTO
 62
250
420
0
100
AcDbText
 10
626.2880666666666
 20
297.9090277777778
 30
0.0
 40
2.3812499999999996
  1
Varilla extra VCS
  7
ESTANDAR
 11
626.2880666666666
 21
297.9090277777778
 31
0.0
100
AcDbText
  0
TEXT
  5
E4
330
33
100
AcDbEntity
 67
1
  8
LAMINA_TEXTO
 62
250
420
0
100
AcDbText
 10
662.9413888888889
 20
297.9090277777778
 30
0.0
 40
2.3812499999999996
  1
Ø12 fy 4200, L = 1500, recta, abajo, centrada en F y G (eje 4)
  7
ESTANDAR
 11
662.9413888888889
 21
297.9090277777778
 31
0.0
100
AcDbText
  0
TEXT
  5
E5
330
33
100
AcDbEntity
 67
1
  8
LAMINA_TEXTO
 62
250
420
0
100
AcDbText
 10
799.8684496527779
 20
297.9090277777778
 30
0.0
 40
2.3812499999999996
  1
-
  7
ESTANDAR
 11
799.8684496527779
 21
297.9090277777778
 31
0.0
100
AcDbText
  0
TEXT
  5
E6
330
33
100
AcDbEntity
 67
1
  8
LAMINA_TEXTO
 62
250
420
0
100
AcDbText
 10
820.6917013888889
 20
297.9090277777778
 30
0.0
 40
2.3812499999999996
  1
2
  7
ESTANDAR
 11
820.6917013888889
 21
297.9090277777778
 31
0.0
100
AcDbText
  0
TEXT
  5
E7
330
33
100
AcDbEntity
 67
1
  8
LAMINA_TEXTO
 62
250
420
0
100
AcDbText
 10
609.0394444444445
 20
292.61736111111117
 30
0.0
 40
2.3812499999999996
  1
E14
  7
ESTANDAR
 11
609.0394444444445
 21
292.61736111111117
 31
0.0
100
AcDbText
  0
TEXT
  5
E8
330
33
100
AcDbEntity
 67
1
  8
LAMINA_TEXTO
 62
250
420
0
100
AcDbText
 10
626.2880666666666
 20
292.61736111111117
 30
0.0
 40
2.3812499999999996
  1
Estribo columna
  7
ESTANDAR
 11
626.2880666666666
 21
292.61736111111117
 31
0.0
100
AcDbText
  0
TEXT
  5
E9
330
33
100
AcDbEntity
 67
1
  8
LAMINA_TEXTO
 62
250
420
0
100
AcDbText
 10
662.9413888888889
 20
292.61736111111117
 30
0.0
 40
2.3812499999999996
  1
Ø14 cerrado, ganchos 135°, L ≈ 1450; 2 por columna, las 16 columnas
  7
ESTANDAR
 11
662.9413888888889
 21
292.61736111111117
 31
0.0
100
AcDbText
  0
TEXT
  5
EA
330
33
100
AcDbEntity
 67
1
  8
LAMINA_TEXTO
 62
250
420
0
100
AcDbText
 10
799.1309236111114
 20
292.61736111111117
 30
0.0
 40
2.3812499999999996
  1
2
  7
ESTANDAR
 11
799.1309236111114
 21
292.61736111111117
 31
0.0
100
AcDbText
  0
TEXT
  5
EB
330
33
100
AcDbEntity
 67
1
  8
LAMINA_TEXTO
 62
250
420
0
100
AcDbText
 10
818.8528472222224
 20
292.61736111111117
 30
0.0
 40
2.3812499999999996
  1
32
  7
ESTANDAR
 11
818.8528472222224
 21
292.61736111111117
 31
0.0
100
AcDbText
  0
TEXT
  5
EC
330
33
100
AcDbEntity
 67
1
  8
LAMINA_TEXTO
 62
250
420
0
100
AcDbText
 10
609.0394444444445
 20
287.3256944444445
 30
0.0
 40
2.3812499999999996
  1
E10
  7
ESTANDAR
 11
609.0394444444445
 21
287.3256944444445
 31
0.0
100
AcDbText
  0
TEXT
  5
ED
330
33
100
AcDbEntity
 67
1
  8
LAMINA_TEXTO
 62
250
420
0
100
AcDbText
 10
626.2880666666666
 20
287.3256944444445
 30
0.0
 40
2.3812499999999996
  1
Estribo del nudo
  7
ESTANDAR
 11
626.2880666666666
 21
287.3256944444445
 31
0.0
100
AcDbText
  0
TEXT
  5
EE
330
33
100
AcDbEntity
 67
1
  8
LAMINA_TEXTO
 62
250
420
0
100
AcDbText
 10
662.9413888888889
 20
287.3256944444445
 30
0.0
 40
2.3812499999999996
  1
Ø10 cerrado (o 4 piezas), L ≈ 1400; 4 niveles, las 16 columnas
  7
ESTANDAR
 11
662.9413888888889
 21
287.3256944444445
 31
0.0
100
AcDbText
  0
TEXT
  5
EF
330
33
100
AcDbEntity
 67
1
  8
LAMINA_TEXTO
 62
250
420
0
100
AcDbText
 10
799.1309236111114
 20
287.3256944444445
 30
0.0
 40
2.3812499999999996
  1
4
  7
ESTANDAR
 11
799.1309236111114
 21
287.3256944444445
 31
0.0
100
AcDbText
  0
TEXT
  5
F0
330
33
100
AcDbEntity
 67
1
  8
LAMINA_TEXTO
 62
250
420
0
100
AcDbText
 10
818.8528472222224
 20
287.3256944444445
 30
0.0
 40
2.3812499999999996
  1
64
  7
ESTANDAR
 11
818.8528472222224
 21
287.3256944444445
 31
0.0
100
AcDbText
  0
TEXT
  5
F1
330
33
100
AcDbEntity
 67
1
  8
LAMINA_TEXTO
 62
250
420
0
100
AcDbText
 10
609.0394444444445
 20
280.0496527777778
 30
0.0
 40
2.3812499999999996
  1
G
  7
ESTANDAR
 11
609.0394444444445
 21
280.0496527777778
 31
0.0
100
AcDbText
  0
TEXT
  5
F2
330
33
100
AcDbEntity
 67
1
  8
LAMINA_TEXTO
 62
250
420
0
100
AcDbText
 10
626.2880666666666
 20
280.0496527777778
 30
0.0
 40
2.3812499999999996
  1
Grout
  7
ESTANDAR
 11
626.2880666666666
 21
280.0496527777778
 31
0.0
100
AcDbText
  0
TEXT
  5
F3
330
33
100
AcDbEntity
 67
1
  8
LAMINA_TEXTO
 62
250
420
0
100
AcDbText
 10
662.9413888888889
 20
282.0340277777778
 30
0.0
 40
2.3812499999999996
  1
sin contracción, similar a SikaGrout-212, espesor 25: bajo P2 (5) y bajo P3
  7
ESTANDAR
 11
662.9413888888889
 21
282.0340277777778
 31
0.0
100
AcDbText
  0
TEXT
  5
F4
330
33
100
AcDbEntity
 67
1
  8
LAMINA_TEXTO
 62
250
420
0
100
AcDbText
 10
662.9413888888889
 20
278.0652777777778
 30
0.0
 40
2.3812499999999996
  1
(20). Después de fundir
  7
ESTANDAR
 11
662.9413888888889
 21
278.0652777777778
 31
0.0
100
AcDbText
  0
TEXT
  5
F5
330
33
100
AcDbEntity
 67
1
  8
LAMINA_TEXTO
 62
250
420
0
100
AcDbText
 10
793.6143611111112
 20
280.0496527777778
 30
0.0
 40
2.3812499999999996
  1
1 o 2
  7
ESTANDAR
 11
793.6143611111112
 21
280.0496527777778
 31
0.0
100
AcDbText
  0
TEXT
  5
F6
330
33
100
AcDbEntity
 67
1
  8
LAMINA_TEXTO
 62
250
420
0
100
AcDbText
 10
818.8528472222224
 20
280.0496527777778
 30
0.0
 40
2.3812499999999996
  1
25
  7
ESTANDAR
 11
818.8528472222224
 21
280.0496527777778
 31
0.0
100
AcDbText
  0
TEXT
  5
F7
330
33
100
AcDbEntity
 67
1
  8
LAMINA_TEXTO
 62
250
420
0
100
AcDbText
 10
607.9811111111111
 20
271.58298611111115
 30
0.0
 40
2.6987499999999995
  1
Notas
  7
NEGRITA
 11
607.9811111111111
 21
271.58298611111115
 31
0.0
100
AcDbText
  0
TEXT
  5
F8
330
33
100
AcDbEntity
 67
1
  8
LAMINA_TEXTO
 62
250
420
0
100
AcDbText
 10
607.9811111111111
 20
266.1149305555556
 30
0.0
 40
2.3812499999999996
  1
1. Medidas en mm. Cotas desde la cara superior de las vigas (= cara superior de las IPE).
  7
ESTANDAR
 11
607.9811111111111
 21
266.1149305555556
 31
0.0
100
AcDbText
  0
TEXT
  5
F9
330
33
100
AcDbEntity
 67
1
  8
LAMINA_TEXTO
 62
250
420
0
100
AcDbText
 10
607.9811111111111
 20
261.2201388888889
 30
0.0
 40
2.3812499999999996
  1
2. Hormigón fc = 240 kg/cm2. Acero de refuerzo fy = 4200 kg/cm2.
  7
ESTANDAR
 11
607.9811111111111
 21
261.2201388888889
 31
0.0
100
AcDbText
  0
TEXT
  5
FA
330
33
100
AcDbEntity
 67
1
  8
LAMINA_TEXTO
 62
250
420
0
100
AcDbText
 10
607.9811111111111
 20
256.32534722222226
 30
0.0
 40
2.3812499999999996
  1
3.
  7
ESTANDAR
 11
607.9811111111111
 21
256.32534722222226
 31
0.0
100
AcDbText
  0
TEXT
  5
FB
330
33
100
AcDbEntity
 67
1
  8
LAMINA_TEXTO
 62
250
420
0
100
AcDbText
 10
611.6588194444445
 20
256.32534722222226
 30
0.0
 40
2.3812499999999996
  1
Anclajes A1 y A2: varilla roscada ASTM A193 B7 con certificado del proveedor.
  7
NEGRITA
 11
611.6588194444445
 21
256.32534722222226
 31
0.0
100
AcDbText
  0
TEXT
  5
FC
330
33
100
AcDbEntity
 67
1
  8
LAMINA_TEXTO
 62
250
420
0
100
AcDbText
 10
735.9104600694444
 20
256.32534722222226
 30
0.0
 40
2.3812499999999996
  1
 Tuercas grado 8 o A194 2H. Apretar a mano (sin torque).
  7
ESTANDAR
 11
735.9104600694444
 21
256.32534722222226
 31
0.0
100
AcDbText
  0
TEXT
  5
FD
330
33
100
AcDbEntity
 67
1
  8
LAMINA_TEXTO
 62
250
420
0
100
AcDbText
 10
607.9811111111111
 20
251.4305555555556
 30
0.0
 40
2.3812499999999996
  1
4.
  7
ESTANDAR
 11
607.9811111111111
 21
251.4305555555556
 31
0.0
100
AcDbText
  0
TEXT
  5
FE
330
33
100
AcDbEntity
 67
1
  8
LAMINA_TEXTO
 62
250
420
0
100
AcDbText
 10
611.6588194444445
 20
251.4305555555556
 30
0.0
 40
2.3812499999999996
  1
Colocar A1 y A2 antes de fundir, con una plantilla de acero perforada igual a la placa
  7
NEGRITA
 11
611.6588194444445
 21
251.4305555555556
 31
0.0
100
AcDbText
  0
TEXT
  5
FF
330
33
100
AcDbEntity
 67
1
  8
LAMINA_TEXTO
 62
250
420
0
100
AcDbText
 10
744.7310069444444
 20
251.4305555555556
 30
0.0
 40
2.3812499999999996
  1
 (agujeros Ø18). Proteger las roscas con cinta.
  7
ESTANDAR
 11
744.7310069444444
 21
251.4305555555556
 31
0.0
100
AcDbText
  0
TEXT
  5
100
330
33
100
AcDbEntity
 67
1
  8
LAMINA_TEXTO
 62
250
420
0
100
AcDbText
 10
607.9811111111111
 20
246.53576388888894
 30
0.0
 40
2.3812499999999996
  1
5. A1: placa de cabeza P1 dentro de la jaula de estribos de la columna, punta a 345 de la cara. Si choca con una barra, inclinarla o correrla unos
  7
ESTANDAR
 11
607.9811111111111
 21
246.53576388888894
 31
0.0
100
AcDbText
  0
TEXT
  5
101
330
33
100
AcDbEntity
 67
1
  8
LAMINA_TEXTO
 62
250
420
0
100
AcDbText
 10
607.9811111111111
 20
242.34652777777782
 30
0.0
 40
2.3812499999999996
  1
mm.
  7
ESTANDAR
 11
607.9811111111111
 21
242.34652777777782
 31
0.0
100
AcDbText
  0
TEXT
  5
102
330
33
100
AcDbEntity
 67
1
  8
LAMINA_TEXTO
 62
250
420
0
100
AcDbText
 10
607.9811111111111
 20
237.45173611111116
 30
0.0
 40
2.3812499999999996
  1
6.
  7
ESTANDAR
 11
607.9811111111111
 21
237.45173611111116
 31
0.0
100
AcDbText
  0
TEXT
  5
103
330
33
100
AcDbEntity
 67
1
  8
LAMINA_TEXTO
 62
250
420
0
100
AcDbText
 10
611.6588194444445
 20
237.45173611111116
 30
0.0
 40
2.3812499999999996
  1
Bastones Ø12 (2 por unión):
  7
NEGRITA
 11
611.6588194444445
 21
237.45173611111116
 31
0.0
100
AcDbText
  0
TEXT
  5
104
330
33
100
AcDbEntity
 67
1
  8
LAMINA_TEXTO
 62
250
420
0
100
AcDbText
 10
655.9467621527778
 20
237.45173611111116
 30
0.0
 40
2.3812499999999996
  1
 pata de 200 hacia abajo a 66 de la cara del voladizo, tramo recto de 1220 hacia la viga en línea, junto al par de
  7
ESTANDAR
 11
655.9467621527778
 21
237.45173611111116
 31
0.0
100
AcDbText
  0
TEXT
  5
105
330
33
100
AcDbEntity
 67
1
  8
LAMINA_TEXTO
 62
250
420
0
100
AcDbText
 10
607.9811111111111
 20
233.26250000000005
 30
0.0
 40
2.3812499999999996
  1
esquina.
  7
ESTANDAR
 11
607.9811111111111
 21
233.26250000000005
 31
0.0
100
AcDbText
  0
TEXT
  5
106
330
33
100
AcDbEntity
 67
1
  8
LAMINA_TEXTO
 62
250
420
0
100
AcDbText
 10
607.9811111111111
 20
228.36770833333338
 30
0.0
 40
2.3812499999999996
  1
7.
  7
ESTANDAR
 11
607.9811111111111
 21
228.36770833333338
 31
0.0
100
AcDbText
  0
TEXT
  5
107
330
33
100
AcDbEntity
 67
1
  8
LAMINA_TEXTO
 62
250
420
0
100
AcDbText
 10
611.6588194444445
 20
228.36770833333338
 30
0.0
 40
2.3812499999999996
  1
D4: los A1 de D4X van a 62 y 173 (debajo de los de D4Y) y sus bastones a 98.
  7
NEGRITA
 11
611.6588194444445
 21
228.36770833333338
 31
0.0
100
AcDbText
  0
TEXT
  5
108
330
33
100
AcDbEntity
 67
1
  8
LAMINA_TEXTO
 62
250
420
0
100
AcDbText
 10
732.6097829861111
 20
228.36770833333338
 30
0.0
 40
2.3812499999999996
  1
 Correr los estribos del nudo lo necesario.
  7
ESTANDAR
 11
732.6097829861111
 21
228.36770833333338
 31
0.0
100
AcDbText
  0
TEXT
  5
109
330
33
100
AcDbEntity
 67
1
  8
LAMINA_TEXTO
 62
250
420
0
100
AcDbText
 10
607.9811111111111
 20
223.47291666666672
 30
0.0
 40
2.3812499999999996
  1
8. Estribos del nudo Ø10 en las 16 columnas, a 110, 155, 230 y 305; deben quedar a 13 o más de anclajes y bastones.
  7
ESTANDAR
 11
607.9811111111111
 21
223.47291666666672
 31
0.0
100
AcDbText
  0
TEXT
  5
10A
330
33
100
AcDbEntity
 67
1
  8
LAMINA_TEXTO
 62
250
420
0
100
AcDbText
 10
607.9811111111111
 20
218.57812500000006
 30
0.0
 40
2.3812499999999996
  1
9. 2 estribos Ø14 juntos en los 105 de la columna sobre las vigas, en las 16 columnas. Ganchos Ø16 de la columna hacia el centro.
  7
ESTANDAR
 11
607.9811111111111
 21
218.57812500000006
 31
0.0
100
AcDbText
  0
TEXT
  5
10B
330
33
100
AcDbEntity
 67
1
  8
LAMINA_TEXTO
 62
250
420
0
100
AcDbText
 10
607.9811111111111
 20
213.68333333333337
 30
0.0
 40
2.3812499999999996
  1
10. Sándwich: un estribo Ø10 a cada lado de los anclajes A2; los demás cada 110 desde ellos. A2 entre estribos, paralelos a sus ramas.
  7
ESTANDAR
 11
607.9811111111111
 21
213.68333333333337
 31
0.0
100
AcDbText
  0
TEXT
  5
10C
330
33
100
AcDbEntity
 67
1
  8
LAMINA_TEXTO
 62
250
420
0
100
AcDbText
 10
607.9811111111111
 20
208.7885416666667
 30
0.0
 40
2.3812499999999996
  1
11. Viga D entre 3 y 4: estribos Ø10 cada 110 de 3 a 10 y de 11 a 4; cada 140 entre 10 y 11.
  7
ESTANDAR
 11
607.9811111111111
 21
208.7885416666667
 31
0.0
100
AcDbText
  0
TEXT
  5
10D
330
33
100
AcDbEntity
 67
1
  8
LAMINA_TEXTO
 62
250
420
0
100
AcDbText
 10
607.9811111111111
 20
203.89375000000004
 30
0.0
 40
2.3812499999999996
  1
12.
  7
ESTANDAR
 11
607.9811111111111
 21
203.89375000000004
 31
0.0
100
AcDbText
  0
TEXT
  5
10E
330
33
100
AcDbEntity
 67
1
  8
LAMINA_TEXTO
 62
250
420
0
100
AcDbText
 10
613.4976736111112
 20
203.89375000000004
 30
0.0
 40
2.3812499999999996
  1
Después de fundir:
  7
NEGRITA
 11
613.4976736111112
 21
203.89375000000004
 31
0.0
100
AcDbText
  0
TEXT
  5
10F
330
33
100
AcDbEntity
 67
1
  8
LAMINA_TEXTO
 62
250
420
0
100
AcDbText
 10
643.4518142361111
 20
203.89375000000004
 30
0.0
 40
2.3812499999999996
  1
 placas P2 y P3, IPE, tuercas de nivelación y exteriores, grout sin contracción similar a SikaGrout-212, 25 bajo P2 y P3.
  7
ESTANDAR
 11
643.4518142361111
 21
203.89375000000004
 31
0.0
100
AcDbText
  0
TEXT
  5
110
330
33
100
AcDbEntity
 67
1
  8
LAMINA_TEXTO
 62
250
420
0
100
AcDbText
 10
607.9811111111111
 20
198.99895833333338
 30
0.0
 40
2.3812499999999996
  1
13. Soldadura E70XX: ala superior de penetración completa; ala inferior y alma, filete de 6.
  7
ESTANDAR
 11
607.9811111111111
 21
198.99895833333338
 31
0.0
100
AcDbText
  0
TEXT
  5
111
330
33
100
AcDbEntity
 67
1
  8
LAMINA_TEXTO
 62
250
420
0
100
AcDbText
 10
607.9811111111111
 20
194.1041666666667
 30
0.0
 40
2.3812499999999996
  1
14. La columna se funde hasta el fondo de las vigas; nudo, vigas y cabeza de columna en una sola fundida.
  7
ESTANDAR
 11
607.9811111111111
 21
194.1041666666667
 31
0.0
100
AcDbText
  0
VIEWPORT
  5
30A
330
33
100
AcDbEntity
 67
1
  8
VENTANAS
100
AcDbViewport
 10
169.71
 20
421.915
 30
0.0
 40
304.6
 41
265.49
 68
2
 69
3
 12
11422.5
 22
-9955.875
 13
0.0
 23
0.0
 14
10.0
 24
10.0
 15
10.0
 25
10.0
 16
0.0
 26
0.0
 36
1.0
 17
0.0
 27
0.0
 37
0.0
 42
50.0
 43
0.0
 44
0.0
 45
19911.75
 50
0.0
 51
0.0
 72
100
 90
0
  1

281
0
 71
0
 74
0
110
0.0
120
0.0
130
0.0
111
1.0
121
0.0
131
0.0
112
0.0
122
1.0
132
0.0
 79
0
146
0.0
282
0
  0
VIEWPORT
  5
344
330
33
100
AcDbEntity
 67
1
  8
VENTANAS
100
AcDbViewport
 10
68.177
 20
226.944
 30
0.0
 40
71.96
 41
95.0
 68
2
 69
4
 12
26631.549999999996
 22
-475.0
 13
0.0
 23
0.0
 14
10.0
 24
10.0
 15
10.0
 25
10.0
 16
0.0
 26
0.0
 36
1.0
 17
0.0
 27
0.0
 37
0.0
 42
50.0
 43
0.0
 44
0.0
 45
950.0
 50
0.0
 51
0.0
 72
100
 90
0
  1

281
0
 71
0
 74
0
110
0.0
120
0.0
130
0.0
111
1.0
121
0.0
131
0.0
112
0.0
122
1.0
132
0.0
 79
0
146
0.0
282
0
  0
VIEWPORT
  5
3A2
330
33
100
AcDbEntity
 67
1
  8
VENTANAS
100
AcDbViewport
 10
169.71
 20
226.944
 30
0.0
 40
71.96
 41
95.0
 68
2
 69
5
 12
27459.089999999997
 22
-475.0
 13
0.0
 23
0.0
 14
10.0
 24
10.0
 15
10.0
 25
10.0
 16
0.0
 26
0.0
 36
1.0
 17
0.0
 27
0.0
 37
0.0
 42
50.0
 43
0.0
 44
0.0
 45
950.0
 50
0.0
 51
0.0
 72
100
 90
0
  1

281
0
 71
0
 74
0
110
0.0
120
0.0
130
0.0
111
1.0
121
0.0
131
0.0
112
0.0
122
1.0
132
0.0
 79
0
146
0.0
282
0
  0
VIEWPORT
  5
3F8
330
33
100
AcDbEntity
 67
1
  8
VENTANAS
100
AcDbViewport
 10
271.243
 20
226.944
 30
0.0
 40
71.96
 41
95.0
 68
2
 69
6
 12
28286.629999999997
 22
-475.0
 13
0.0
 23
0.0
 14
10.0
 24
10.0
 15
10.0
 25
10.0
 16
0.0
 26
0.0
 36
1.0
 17
0.0
 27
0.0
 37
0.0
 42
50.0
 43
0.0
 44
0.0
 45
950.0
 50
0.0
 51
0.0
 72
100
 90
0
  1

281
0
 71
0
 74
0
110
0.0
120
0.0
130
0.0
111
1.0
121
0.0
131
0.0
112
0.0
122
1.0
132
0.0
 79
0
146
0.0
282
0
  0
VIEWPORT
  5
4FA
330
33
100
AcDbEntity
 67
1
  8
VENTANAS
100
AcDbViewport
 10
464.995
 20
517.507
 30
0.0
 40
280.33
 41
101.47
 68
2
 69
7
 12
30156.02
 22
-507.35
 13
0.0
 23
0.0
 14
10.0
 24
10.0
 15
10.0
 25
10.0
 16
0.0
 26
0.0
 36
1.0
 17
0.0
 27
0.0
 37
0.0
 42
50.0
 43
0.0
 44
0.0
 45
1014.7
 50
0.0
 51
0.0
 72
100
 90
0
  1

281
0
 71
0
 74
0
110
0.0
120
0.0
130
0.0
111
1.0
121
0.0
131
0.0
112
0.0
122
1.0
132
0.0
 79
0
146
0.0
282
0
  0
VIEWPORT
  5
5CB
330
33
100
AcDbEntity
 67
1
  8
VENTANAS
100
AcDbViewport
 10
394.913
 20
414.143
 30
0.0
 40
137.34
 41
75.8
 68
2
 69
8
 12
33008.215
 22
-568.5
 13
0.0
 23
0.0
 14
10.0
 24
10.0
 15
10.0
 25
10.0
 16
0.0
 26
0.0
 36
1.0
 17
0.0
 27
0.0
 37
0.0
 42
50.0
 43
0.0
 44
0.0
 45
1137.0
 50
0.0
 51
0.0
 72
100
 90
0
  1

281
0
 71
0
 74
0
110
0.0
120
0.0
130
0.0
111
1.0
121
0.0
131
0.0
112
0.0
122
1.0
132
0.0
 79
0
146
0.0
282
0
  0
VIEWPORT
  5
67F
330
33
100
AcDbEntity
 67
1
  8
VENTANAS
100
AcDbViewport
 10
535.077
 20
384.545
 30
0.0
 40
79.72
 41
135.0
 68
2
 69
9
 12
35144.479999999996
 22
-1350.0
 13
0.0
 23
0.0
 14
10.0
 24
10.0
 15
10.0
 25
10.0
 16
0.0
 26
0.0
 36
1.0
 17
0.0
 27
0.0
 37
0.0
 42
50.0
 43
0.0
 44
0.0
 45
2700.0
 50
0.0
 51
0.0
 72
100
 90
0
  1

281
0
 71
0
 74
0
110
0.0
120
0.0
130
0.0
111
1.0
121
0.0
131
0.0
112
0.0
122
1.0
132
0.0
 79
0
146
0.0
282
0
  0
VIEWPORT
  5
767
330
33
100
AcDbEntity
 67
1
  8
VENTANAS
100
AcDbViewport
 10
464.995
 20
248.316
 30
0.0
 40
244.54
 41
108.0
 68
2
 69
10
 12
37403.53999999999
 22
-540.0
 13
0.0
 23
0.0
 14
10.0
 24
10.0
 15
10.0
 25
10.0
 16
0.0
 26
0.0
 36
1.0
 17
0.0
 27
0.0
 37
0.0
 42
50.0
 43
0.0
 44
0.0
 45
1080.0
 50
0.0
 51
0.0
 72
100
 90
0
  1

281
0
 71
0
 74
0
110
0.0
120
0.0
130
0.0
111
1.0
121
0.0
131
0.0
112
0.0
122
1.0
132
0.0
 79
0
146
0.0
282
0
  0
VIEWPORT
  5
825
330
33
100
AcDbEntity
 67
1
  8
VENTANAS
100
AcDbViewport
 10
394.913
 20
133.908
 30
0.0
 40
137.34
 41
77.25
 68
2
 69
11
 12
39679.74999999999
 22
-386.25
 13
0.0
 23
0.0
 14
10.0
 24
10.0
 15
10.0
 25
10.0
 16
0.0
 26
0.0
 36
1.0
 17
0.0
 27
0.0
 37
0.0
 42
50.0
 43
0.0
 44
0.0
 45
772.5
 50
0.0
 51
0.0
 72
100
 90
0
  1

281
0
 71
0
 74
0
110
0.0
120
0.0
130
0.0
111
1.0
121
0.0
131
0.0
112
0.0
122
1.0
132
0.0
 79
0
146
0.0
282
0
  0
VIEWPORT
  5
8A7
330
33
100
AcDbEntity
 67
1
  8
VENTANAS
100
AcDbViewport
 10
535.077
 20
125.032
 30
0.0
 40
114.33
 41
95.0
 68
2
 69
12
 12
41429.935
 22
-712.5
 13
0.0
 23
0.0
 14
10.0
 24
10.0
 15
10.0
 25
10.0
 16
0.0
 26
0.0
 36
1.0
 17
0.0
 27
0.0
 37
0.0
 42
50.0
 43
0.0
 44
0.0
 45
1425.0
 50
0.0
 51
0.0
 72
100
 90
0
  1

281
0
 71
0
 74
0
110
0.0
120
0.0
130
0.0
111
1.0
121
0.0
131
0.0
112
0.0
122
1.0
132
0.0
 79
0
146
0.0
282
0
  0
VIEWPORT
  5
8DD
330
33
100
AcDbEntity
 67
1
  8
VENTANAS
100
AcDbViewport
 10
643.916
 20
537.182
 30
0.0
 40
60.0
 41
60.0
 68
2
 69
13
 12
42844.6525
 22
-300.0
 13
0.0
 23
0.0
 14
10.0
 24
10.0
 15
10.0
 25
10.0
 16
0.0
 26
0.0
 36
1.0
 17
0.0
 27
0.0
 37
0.0
 42
50.0
 43
0.0
 44
0.0
 45
600.0
 50
0.0
 51
0.0
 72
100
 90
0
  1

281
0
 71
0
 74
0
110
0.0
120
0.0
130
0.0
111
1.0
121
0.0
131
0.0
112
0.0
122
1.0
132
0.0
 79
0
146
0.0
282
0
  0
VIEWPORT
  5
913
330
33
100
AcDbEntity
 67
1
  8
VENTANAS
100
AcDbViewport
 10
715.785
 20
537.182
 30
0.0
 40
60.0
 41
60.0
 68
2
 69
14
 12
43534.6525
 22
-300.0
 13
0.0
 23
0.0
 14
10.0
 24
10.0
 15
10.0
 25
10.0
 16
0.0
 26
0.0
 36
1.0
 17
0.0
 27
0.0
 37
0.0
 42
50.0
 43
0.0
 44
0.0
 45
600.0
 50
0.0
 51
0.0
 72
100
 90
0
  1

281
0
 71
0
 74
0
110
0.0
120
0.0
130
0.0
111
1.0
121
0.0
131
0.0
112
0.0
122
1.0
132
0.0
 79
0
146
0.0
282
0
  0
VIEWPORT
  5
942
330
33
100
AcDbEntity
 67
1
  8
VENTANAS
100
AcDbViewport
 10
787.654
 20
537.182
 30
0.0
 40
53.78
 41
60.0
 68
2
 69
15
 12
44193.5525
 22
-300.0
 13
0.0
 23
0.0
 14
10.0
 24
10.0
 15
10.0
 25
10.0
 16
0.0
 26
0.0
 36
1.0
 17
0.0
 27
0.0
 37
0.0
 42
50.0
 43
0.0
 44
0.0
 45
600.0
 50
0.0
 51
0.0
 72
100
 90
0
  1

281
0
 71
0
 74
0
110
0.0
120
0.0
130
0.0
111
1.0
121
0.0
131
0.0
112
0.0
122
1.0
132
0.0
 79
0
146
0.0
282
0
  0
VIEWPORT
  5
989
330
33
100
AcDbEntity
 67
1
  8
VENTANAS
100
AcDbViewport
 10
661.883
 20
464.044
 30
0.0
 40
77.77
 41
45.0
 68
2
 69
16
 12
44931.972499999996
 22
-225.0
 13
0.0
 23
0.0
 14
10.0
 24
10.0
 15
10.0
 25
10.0
 16
0.0
 26
0.0
 36
1.0
 17
0.0
 27
0.0
 37
0.0
 42
50.0
 43
0.0
 44
0.0
 45
450.0
 50
0.0
 51
0.0
 72
100
 90
0
  1

281
0
 71
0
 74
0
110
0.0
120
0.0
130
0.0
111
1.0
121
0.0
131
0.0
112
0.0
122
1.0
132
0.0
 79
0
146
0.0
282
0
  0
VIEWPORT
  5
9BA
330
33
100
AcDbEntity
 67
1
  8
VENTANAS
100
AcDbViewport
 10
769.687
 20
464.055
 30
0.0
 40
104.98
 41
44.98
 68
2
 69
17
 12
45699.9275
 22
-112.44999999999999
 13
0.0
 23
0.0
 14
10.0
 24
10.0
 15
10.0
 25
10.0
 16
0.0
 26
0.0
 36
1.0
 17
0.0
 27
0.0
 37
0.0
 42
50.0
 43
0.0
 44
0.0
 45
224.89999999999998
 50
0.0
 51
0.0
 72
100
 90
0
  1

281
0
 71
0
 74
0
110
0.0
120
0.0
130
0.0
111
1.0
121
0.0
131
0.0
112
0.0
122
1.0
132
0.0
 79
0
146
0.0
282
0
  0
VIEWPORT
  5
9E0
330
33
100
AcDbEntity
 67
1
  8
VENTANAS
100
AcDbViewport
 10
634.932
 20
400.218
 30
0.0
 40
51.08
 41
51.08
 68
2
 69
18
 12
46092.192500000005
 22
-51.08
 13
0.0
 23
0.0
 14
10.0
 24
10.0
 15
10.0
 25
10.0
 16
0.0
 26
0.0
 36
1.0
 17
0.0
 27
0.0
 37
0.0
 42
50.0
 43
0.0
 44
0.0
 45
102.16
 50
0.0
 51
0.0
 72
100
 90
0
  1

281
0
 71
0
 74
0
110
0.0
120
0.0
130
0.0
111
1.0
121
0.0
131
0.0
112
0.0
122
1.0
132
0.0
 79
0
146
0.0
282
0
  0
VIEWPORT
  5
A37
330
33
100
AcDbEntity
 67
1
  8
VENTANAS
100
AcDbViewport
 10
702.31
 20
398.258
 30
0.0
 40
35.01
 41
55.0
 68
2
 69
19
 12
46333.6465
 22
-275.0
 13
0.0
 23
0.0
 14
10.0
 24
10.0
 15
10.0
 25
10.0
 16
0.0
 26
0.0
 36
1.0
 17
0.0
 27
0.0
 37
0.0
 42
50.0
 43
0.0
 44
0.0
 45
550.0
 50
0.0
 51
0.0
 72
100
 90
0
  1

281
0
 71
0
 74
0
110
0.0
120
0.0
130
0.0
111
1.0
121
0.0
131
0.0
112
0.0
122
1.0
132
0.0
 79
0
146
0.0
282
0
  0
VIEWPORT
  5
A8E
330
33
100
AcDbEntity
 67
1
  8
VENTANAS
100
AcDbViewport
 10
783.162
 20
398.258
 30
0.0
 40
38.24
 41
55.0
 68
2
 69
20
 12
46752.411499999995
 22
-275.0
 13
0.0
 23
0.0
 14
10.0
 24
10.0
 15
10.0
 25
10.0
 16
0.0
 26
0.0
 36
1.0
 17
0.0
 27
0.0
 37
0.0
 42
50.0
 43
0.0
 44
0.0
 45
550.0
 50
0.0
 51
0.0
 72
100
 90
0
  1

281
0
 71
0
 74
0
110
0.0
120
0.0
130
0.0
111
1.0
121
0.0
131
0.0
112
0.0
122
1.0
132
0.0
 79
0
146
0.0
282
0
  0
ENDSEC
  0
SECTION
  2
OBJECTS
  0
DICTIONARY
  5
A
330
0
100
AcDbDictionary
281
1
  3
ACAD_COLOR
350
B
  3
ACAD_GROUP
350
C
  3
ACAD_LAYOUT
350
D
  3
ACAD_MATERIAL
350
E
  3
ACAD_MLEADERSTYLE
350
F
  3
ACAD_MLINESTYLE
350
10
  3
ACAD_PLOTSETTINGS
350
11
  3
ACAD_PLOTSTYLENAME
350
12
  3
ACAD_SCALELIST
350
14
  3
ACAD_TABLESTYLE
350
15
  3
ACAD_VISUALSTYLE
350
16
  3
EZDXF_META
350
2D
  0
DICTIONARY
  5
B
330
A
100
AcDbDictionary
281
1
  0
DICTIONARY
  5
C
330
A
100
AcDbDictionary
281
1
  0
DICTIONARY
  5
D
330
A
100
AcDbDictionary
281
1
  3
Model
350
1A
  3
Lamina 1
350
36
  0
DICTIONARY
  5
E
330
A
100
AcDbDictionary
281
1
  3
ByBlock
350
1F
  3
ByLayer
350
20
  3
Global
350
21
  0
DICTIONARY
  5
F
330
A
100
AcDbDictionary
281
1
  3
Standard
350
2C
  0
DICTIONARY
  5
10
330
A
100
AcDbDictionary
281
1
  3
Standard
350
22
  0
DICTIONARY
  5
11
330
A
100
AcDbDictionary
281
1
  0
ACDBDICTIONARYWDFLT
  5
12
330
A
100
AcDbDictionary
281
1
  3
Normal
350
13
100
AcDbDictionaryWithDefault
340
13
  0
ACDBPLACEHOLDER
  5
13
330
12
  0
DICTIONARY
  5
14
330
A
100
AcDbDictionary
281
1
  0
DICTIONARY
  5
15
330
A
100
AcDbDictionary
281
1
  0
DICTIONARY
  5
16
330
A
100
AcDbDictionary
281
1
  0
LAYOUT
  5
1A
330
D
100
AcDbPlotSettings
  1

  4
A3
  6

 40
7.5
 41
20.0
 42
7.5
 43
20.0
 44
420.0
 45
297.0
 46
0.0
 47
0.0
 48
0.0
 49
0.0
140
0.0
141
0.0
142
1.0
143
1.0
 70
1024
 72
1
 73
0
 74
5
  7

 75
16
 76
0
 77
2
 78
300
147
1.0
148
0.0
149
0.0
100
AcDbLayout
  1
Model
 70
1
 71
0
 10
0.0
 20
0.0
 11
420.0
 21
297.0
 12
0.0
 22
0.0
 32
0.0
 14
1e+20
 24
1e+20
 34
1e+20
 15
-1e+20
 25
-1e+20
 35
-1e+20
146
0.0
 13
0.0
 23
0.0
 33
0.0
 16
1.0
 26
0.0
 36
0.0
 17
0.0
 27
1.0
 37
0.0
 76
1
330
17
  0
MATERIAL
  5
1F
102
{ACAD_REACTORS
330
E
102
}
330
E
100
AcDbMaterial
  1
ByBlock
  2

 70
0
 40
1.0
 71
1
 41
1.0
 91
-1023410177
 42
1.0
 72
1
  3

 73
1
 74
1
 75
1
 44
0.5
 73
0
 45
1.0
 46
1.0
 77
1
  4

 78
1
 79
1
170
1
 48
1.0
171
1
  6

172
1
173
1
174
1
140
1.0
141
1.0
175
1
  7

176
1
177
1
178
1
143
1.0
179
1
  8

270
1
271
1
272
1
145
1.0
146
1.0
273
1
  9

274
1
275
1
276
1
 42
1.0
 72
1
  3

 73
1
 74
1
 75
1
 94
63
  0
MATERIAL
  5
20
102
{ACAD_REACTORS
330
E
102
}
330
E
100
AcDbMaterial
  1
ByLayer
  2

 70
0
 40
1.0
 71
1
 41
1.0
 91
-1023410177
 42
1.0
 72
1
  3

 73
1
 74
1
 75
1
 44
0.5
 73
0
 45
1.0
 46
1.0
 77
1
  4

 78
1
 79
1
170
1
 48
1.0
171
1
  6

172
1
173
1
174
1
140
1.0
141
1.0
175
1
  7

176
1
177
1
178
1
143
1.0
179
1
  8

270
1
271
1
272
1
145
1.0
146
1.0
273
1
  9

274
1
275
1
276
1
 42
1.0
 72
1
  3

 73
1
 74
1
 75
1
 94
63
  0
MATERIAL
  5
21
102
{ACAD_REACTORS
330
E
102
}
330
E
100
AcDbMaterial
  1
Global
  2

 70
0
 40
1.0
 71
1
 41
1.0
 91
-1023410177
 42
1.0
 72
1
  3

 73
1
 74
1
 75
1
 44
0.5
 73
0
 45
1.0
 46
1.0
 77
1
  4

 78
1
 79
1
170
1
 48
1.0
171
1
  6

172
1
173
1
174
1
140
1.0
141
1.0
175
1
  7

176
1
177
1
178
1
143
1.0
179
1
  8

270
1
271
1
272
1
145
1.0
146
1.0
273
1
  9

274
1
275
1
276
1
 42
1.0
 72
1
  3

 73
1
 74
1
 75
1
 94
63
  0
MLINESTYLE
  5
22
102
{ACAD_REACTORS
330
10
102
}
330
10
100
AcDbMlineStyle
  2
Standard
 70
0
  3

 62
256
 51
90.0
 52
90.0
 71
2
 49
0.5
 62
256
  6
BYLAYER
 49
-0.5
 62
256
  6
BYLAYER
  0
MLEADERSTYLE
  5
2C
102
{ACAD_REACTORS
330
F
102
}
330
F
100
AcDbMLeaderStyle
179
2
170
2
171
1
172
0
 90
2
 40
0.0
 41
0.0
173
1
 91
-1056964608
 92
-2
290
1
 42
2.0
291
1
 43
8.0
  3
Standard
 44
4.0
300

342
29
174
1
175
1
176
0
178
1
 93
-1056964608
 45
4.0
292
0
297
0
 46
4.0
 94
-1056964608
 47
1.0
 49
1.0
140
1.0
294
1
141
0.0
177
0
142
1.0
295
0
296
0
143
3.75
271
0
272
9
273
9
  0
DICTIONARY
  5
2D
330
A
100
AcDbDictionary
280
1
281
1
  3
CREATED_BY_EZDXF
350
2E
  3
WRITTEN_BY_EZDXF
350
A91
  0
DICTIONARYVAR
  5
2E
330
2D
100
DictionaryVariables
280
0
  1
1.4.4 @ 2026-10-09T22:16:33.456155+00:00
  0
LAYOUT
  5
36
330
D
100
AcDbPlotSettings
  1

  2
DWG to PDF.pc3
  4
ezdxf_(841.00_x_594.00_MM)
  6

 40
0.0
 41
0.0
 42
0.0
 43
0.0
 44
841.0
 45
594.0
 46
0.0
 47
0.0
 48
0.0
 49
0.0
140
0.0
141
0.0
142
1.0
143
1.0
 70
672
 72
1
 73
0
 74
5
  7

 75
16
 76
0
 77
2
 78
300
147
1.0
148
0.0
149
0.0
100
AcDbLayout
  1
Lamina 1
 70
1
 71
3
 10
-0.0
 20
-0.0
 11
841.0
 21
594.0
 12
0.0
 22
0.0
 32
0.0
 14
1e+20
 24
1e+20
 34
1e+20
 15
-1e+20
 25
-1e+20
 35
-1e+20
146
0.0
 13
0.0
 23
0.0
 33
0.0
 16
1.0
 26
0.0
 36
0.0
 17
0.0
 27
1.0
 37
0.0
 76
1
330
33
331
37
  0
DICTIONARYVAR
  5
A91
330
2D
100
DictionaryVariables
280
0
  1
1.4.4 @ 2026-10-09T22:16:33.886790+00:00
  0
ENDSEC
  0
EOF
