  0
SECTION
  2
HEADER
  9
$ACADVER
  1
AC1024
  9
$ACADMAINTVER
 70
6
  9
$DWGCODEPAGE
  3
ANSI_1252
  9
$LASTSAVEDBY
  1
ezdxf
  9
$INSBASE
 10
0.0
 20
0.0
 30
0.0
  9
$EXTMIN
 10
1e+20
 20
1e+20
 30
1e+20
  9
$EXTMAX
 10
-1e+20
 20
-1e+20
 30
-1e+20
  9
$LIMMIN
 10
0.0
 20
0.0
  9
$LIMMAX
 10
420.0
 20
297.0
  9
$ORTHOMODE
 70
0
  9
$REGENMODE
 70
1
  9
$FILLMODE
 70
1
  9
$QTEXTMODE
 70
0
  9
$MIRRTEXT
 70
1
  9
$LTSCALE
 40
1.0
  9
$ATTMODE
 70
1
  9
$TEXTSIZE
 40
2.5
  9
$TRACEWID
 40
1.0
  9
$TEXTSTYLE
  7
Standard
  9
$CLAYER
  8
0
  9
$CELTYPE
  6
ByLayer
  9
$CECOLOR
 62
256
  9
$CELTSCALE
 40
1.0
  9
$DISPSILH
 70
0
  9
$DIMSCALE
 40
1.0
  9
$DIMASZ
 40
2.5
  9
$DIMEXO
 40
0.5291666666666666
  9
$DIMDLI
 40
3.75
  9
$DIMRND
 40
0.0
  9
$DIMDLE
 40
0.0
  9
$DIMEXE
 40
0.8819444444444444
  9
$DIMTP
 40
0.0
  9
$DIMTM
 40
0.0
  9
$DIMTXT
 40
1.8288
  9
$DIMCEN
 40
2.5
  9
$DIMTSZ
 40
1.0943166666666666
  9
$DIMTOL
 70
0
  9
$DIMLIM
 70
0
  9
$DIMTIH
 70
0
  9
$DIMTOH
 70
0
  9
$DIMSE1
 70
0
  9
$DIMSE2
 70
0
  9
$DIMTAD
 70
1
  9
$DIMZIN
 70
8
  9
$DIMBLK
  1

  9
$DIMASO
 70
1
  9
$DIMSHO
 70
1
  9
$DIMPOST
  1

  9
$DIMAPOST
  1

  9
$DIMALT
 70
0
  9
$DIMALTD
 70
3
  9
$DIMALTF
 40
0.03937007874
  9
$DIMLFAC
 40
1.0
  9
$DIMTOFL
 70
1
  9
$DIMTVP
 40
0.0
  9
$DIMTIX
 70
0
  9
$DIMSOXD
 70
0
  9
$DIMSAH
 70
0
  9
$DIMBLK1
  1

  9
$DIMBLK2
  1

  9
$DIMSTYLE
  2
COTAS_PAPEL
  9
$DIMCLRD
 70
0
  9
$DIMCLRE
 70
0
  9
$DIMCLRT
 70
0
  9
$DIMTFAC
 40
1.0
  9
$DIMGAP
 40
0.6
  9
$DIMJUST
 70
0
  9
$DIMSD1
 70
0
  9
$DIMSD2
 70
0
  9
$DIMTOLJ
 70
0
  9
$DIMTZIN
 70
8
  9
$DIMALTZ
 70
0
  9
$DIMALTTZ
 70
0
  9
$DIMUPT
 70
0
  9
$DIMDEC
 70
0
  9
$DIMTDEC
 70
2
  9
$DIMALTU
 70
2
  9
$DIMALTTD
 70
3
  9
$DIMTXSTY
  7
Standard
  9
$DIMAUNIT
 70
0
  9
$DIMADEC
 70
0
  9
$DIMALTRND
 40
0.0
  9
$DIMAZIN
 70
0
  9
$DIMDSEP
 70
44
  9
$DIMATFIT
 70
3
  9
$DIMFRAC
 70
0
  9
$DIMLDRBLK
  1

  9
$DIMLUNIT
 70
2
  9
$DIMLWD
 70
-2
  9
$DIMLWE
 70
-2
  9
$DIMTMOVE
 70
0
  9
$DIMFXL
 40
1.0
  9
$DIMFXLON
 70
0
  9
$DIMJOGANG
 40
0.785398163397
  9
$DIMTFILL
 70
0
  9
$DIMTFILLCLR
 70
0
  9
$DIMARCSYM
 70
0
  9
$DIMLTYPE
  6

  9
$DIMLTEX1
  6

  9
$DIMLTEX2
  6

  9
$DIMTXTDIRECTION
 70
0
  9
$LUNITS
 70
2
  9
$LUPREC
 70
4
  9
$SKETCHINC
 40
1.0
  9
$FILLETRAD
 40
10.0
  9
$AUNITS
 70
0
  9
$AUPREC
 70
2
  9
$MENU
  1
.
  9
$ELEVATION
 40
0.0
  9
$PELEVATION
 40
0.0
  9
$THICKNESS
 40
0.0
  9
$LIMCHECK
 70
0
  9
$CHAMFERA
 40
0.0
  9
$CHAMFERB
 40
0.0
  9
$CHAMFERC
 40
0.0
  9
$CHAMFERD
 40
0.0
  9
$SKPOLY
 70
0
  9
$TDCREATE
 40
2461323.928148148
  9
$TDUCREATE
 40
2458532.153996898
  9
$TDUPDATE
 40
2461323.928159722
  9
$TDUUPDATE
 40
2458532.1544311
  9
$TDINDWG
 40
0.0
  9
$TDUSRTIMER
 40
0.0
  9
$USRTIMER
 70
1
  9
$ANGBASE
 50
0.0
  9
$ANGDIR
 70
0
  9
$PDMODE
 70
0
  9
$PDSIZE
 40
0.0
  9
$PLINEWID
 40
0.0
  9
$SPLFRAME
 70
0
  9
$SPLINETYPE
 70
6
  9
$SPLINESEGS
 70
8
  9
$HANDSEED
  5
AC2
  9
$SURFTAB1
 70
6
  9
$SURFTAB2
 70
6
  9
$SURFTYPE
 70
6
  9
$SURFU
 70
6
  9
$SURFV
 70
6
  9
$UCSBASE
  2

  9
$UCSNAME
  2

  9
$UCSORG
 10
0.0
 20
0.0
 30
0.0
  9
$UCSXDIR
 10
1.0
 20
0.0
 30
0.0
  9
$UCSYDIR
 10
0.0
 20
1.0
 30
0.0
  9
$UCSORTHOREF
  2

  9
$UCSORTHOVIEW
 70
0
  9
$UCSORGTOP
 10
0.0
 20
0.0
 30
0.0
  9
$UCSORGBOTTOM
 10
0.0
 20
0.0
 30
0.0
  9
$UCSORGLEFT
 10
0.0
 20
0.0
 30
0.0
  9
$UCSORGRIGHT
 10
0.0
 20
0.0
 30
0.0
  9
$UCSORGFRONT
 10
0.0
 20
0.0
 30
0.0
  9
$UCSORGBACK
 10
0.0
 20
0.0
 30
0.0
  9
$PUCSBASE
  2

  9
$PUCSNAME
  2

  9
$PUCSORG
 10
0.0
 20
0.0
 30
0.0
  9
$PUCSXDIR
 10
1.0
 20
0.0
 30
0.0
  9
$PUCSYDIR
 10
0.0
 20
1.0
 30
0.0
  9
$PUCSORTHOREF
  2

  9
$PUCSORTHOVIEW
 70
0
  9
$PUCSORGTOP
 10
0.0
 20
0.0
 30
0.0
  9
$PUCSORGBOTTOM
 10
0.0
 20
0.0
 30
0.0
  9
$PUCSORGLEFT
 10
0.0
 20
0.0
 30
0.0
  9
$PUCSORGRIGHT
 10
0.0
 20
0.0
 30
0.0
  9
$PUCSORGFRONT
 10
0.0
 20
0.0
 30
0.0
  9
$PUCSORGBACK
 10
0.0
 20
0.0
 30
0.0
  9
$USERI1
 70
0
  9
$USERI2
 70
0
  9
$USERI3
 70
0
  9
$USERI4
 70
0
  9
$USERI5
 70
0
  9
$USERR1
 40
0.0
  9
$USERR2
 40
0.0
  9
$USERR3
 40
0.0
  9
$USERR4
 40
0.0
  9
$USERR5
 40
0.0
  9
$WORLDVIEW
 70
1
  9
$SHADEDGE
 70
3
  9
$SHADEDIF
 70
70
  9
$TILEMODE
 70
1
  9
$MAXACTVP
 70
64
  9
$PINSBASE
 10
0.0
 20
0.0
 30
0.0
  9
$PLIMCHECK
 70
0
  9
$PEXTMIN
 10
1e+20
 20
1e+20
 30
1e+20
  9
$PEXTMAX
 10
-1e+20
 20
-1e+20
 30
-1e+20
  9
$PLIMMIN
 10
0.0
 20
0.0
  9
$PLIMMAX
 10
420.0
 20
297.0
  9
$UNITMODE
 70
0
  9
$VISRETAIN
 70
1
  9
$PLINEGEN
 70
0
  9
$PSLTSCALE
 70
1
  9
$TREEDEPTH
 70
3020
  9
$CMLSTYLE
  2
Standard
  9
$CMLJUST
 70
0
  9
$CMLSCALE
 40
20.0
  9
$PROXYGRAPHICS
 70
1
  9
$MEASUREMENT
 70
1
  9
$CELWEIGHT
370
-1
  9
$ENDCAPS
280
0
  9
$JOINSTYLE
280
0
  9
$LWDISPLAY
290
1
  9
$INSUNITS
 70
4
  9
$HYPERLINKBASE
  1

  9
$STYLESHEET
  1

  9
$XEDIT
290
1
  9
$CEPSNTYPE
380
0
  9
$PSTYLEMODE
290
1
  9
$FINGERPRINTGUID
  2
{22C32EBC-B56D-4F2F-970D-C40DE01654FC}
  9
$VERSIONGUID
  2
{614E1898-79C1-418A-B4CF-2E49462A8B20}
  9
$EXTNAMES
290
1
  9
$PSVPSCALE
 40
0.0
  9
$OLESTARTUP
290
0
  9
$SORTENTS
280
127
  9
$INDEXCTL
280
0
  9
$HIDETEXT
280
1
  9
$XCLIPFRAME
280
1
  9
$HALOGAP
280
0
  9
$OBSCOLOR
 70
257
  9
$OBSLTYPE
280
0
  9
$INTERSECTIONDISPLAY
280
0
  9
$INTERSECTIONCOLOR
 70
257
  9
$DIMASSOC
280
2
  9
$PROJECTNAME
  1

  9
$CAMERADISPLAY
290
0
  9
$LENSLENGTH
 40
50.0
  9
$CAMERAHEIGHT
 40
0.0
  9
$STEPSPERSEC
 40
24.0
  9
$STEPSIZE
 40
100.0
  9
$3DDWFPREC
 40
2.0
  9
$PSOLWIDTH
 40
0.005
  9
$PSOLHEIGHT
 40
0.08
  9
$LOFTANG1
 40
1.570796326795
  9
$LOFTANG2
 40
1.570796326795
  9
$LOFTMAG1
 40
0.0
  9
$LOFTMAG2
 40
0.0
  9
$LOFTPARAM
 70
7
  9
$LOFTNORMALS
280
1
  9
$LATITUDE
 40
37.795
  9
$LONGITUDE
 40
-122.394
  9
$NORTHDIRECTION
 40
0.0
  9
$TIMEZONE
 70
-8000
  9
$LIGHTGLYPHDISPLAY
280
1
  9
$TILEMODELIGHTSYNCH
280
1
  9
$CMATERIAL
347
20
  9
$SOLIDHIST
280
0
  9
$SHOWHIST
280
1
  9
$DWFFRAME
280
2
  9
$DGNFRAME
280
2
  9
$REALWORLDSCALE
290
1
  9
$INTERFERECOLOR
 62
256
  9
$CSHADOW
280
0
  9
$SHADOWPLANELOCATION
 40
0.0
  0
ENDSEC
  0
SECTION
  2
CLASSES
  0
CLASS
  1
ACDBDICTIONARYWDFLT
  2
AcDbDictionaryWithDefault
  3
ObjectDBX Classes
 90
0
 91
0
280
0
281
0
  0
CLASS
  1
SUN
  2
AcDbSun
  3
SCENEOE
 90
1153
 91
0
280
0
281
0
  0
CLASS
  1
VISUALSTYLE
  2
AcDbVisualStyle
  3
ObjectDBX Classes
 90
4095
 91
0
280
0
281
0
  0
CLASS
  1
MATERIAL
  2
AcDbMaterial
  3
ObjectDBX Classes
 90
1153
 91
0
280
0
281
0
  0
CLASS
  1
SCALE
  2
AcDbScale
  3
ObjectDBX Classes
 90
1153
 91
0
280
0
281
0
  0
CLASS
  1
TABLESTYLE
  2
AcDbTableStyle
  3
ObjectDBX Classes
 90
4095
 91
0
280
0
281
0
  0
CLASS
  1
MLEADERSTYLE
  2
AcDbMLeaderStyle
  3
ACDB_MLEADERSTYLE_CLASS
 90
4095
 91
0
280
0
281
0
  0
CLASS
  1
DICTIONARYVAR
  2
AcDbDictionaryVar
  3
ObjectDBX Classes
 90
0
 91
0
280
0
281
0
  0
CLASS
  1
CELLSTYLEMAP
  2
AcDbCellStyleMap
  3
ObjectDBX Classes
 90
1152
 91
0
280
0
281
0
  0
CLASS
  1
MENTALRAYRENDERSETTINGS
  2
AcDbMentalRayRenderSettings
  3
SCENEOE
 90
1024
 91
0
280
0
281
0
  0
CLASS
  1
ACDBDETAILVIEWSTYLE
  2
AcDbDetailViewStyle
  3
ObjectDBX Classes
 90
1025
 91
0
280
0
281
0
  0
CLASS
  1
ACDBSECTIONVIEWSTYLE
  2
AcDbSectionViewStyle
  3
ObjectDBX Classes
 90
1025
 91
0
280
0
281
0
  0
CLASS
  1
RASTERVARIABLES
  2
AcDbRasterVariables
  3
ISM
 90
0
 91
0
280
0
281
0
  0
CLASS
  1
LAYOUT
  2
AcDbLayout
  3
ObjectDBX Classes
 90
0
 91
0
280
0
281
0
  0
CLASS
  1
ACDBPLACEHOLDER
  2
AcDbPlaceHolder
  3
ObjectDBX Classes
 90
0
 91
0
280
0
281
0
  0
ENDSEC
  0
SECTION
  2
TABLES
  0
TABLE
  2
VPORT
  5
8
330
0
100
AcDbSymbolTable
 70
1
  0
VPORT
  5
23
330
8
100
AcDbSymbolTableRecord
100
AcDbViewportTableRecord
  2
*Active
 70
0
 10
0.0
 20
0.0
 11
1.0
 21
1.0
 12
0.0
 22
0.0
 13
0.0
 23
0.0
 14
0.5
 24
0.5
 15
0.5
 25
0.5
 16
0.0
 26
0.0
 36
1.0
 17
0.0
 27
0.0
 37
0.0
 40
1000.0
 41
1.34
 42
50.0
 43
0.0
 44
0.0
 50
0.0
 51
0.0
 71
0
 72
1000
 73
1
 74
3
 75
0
 76
0
 77
0
 78
0
281
0
 65
0
146
0.0
  0
ENDTAB
  0
TABLE
  2
LTYPE
  5
2
330
0
100
AcDbSymbolTable
 70
8
  0
LTYPE
  5
24
330
2
100
AcDbSymbolTableRecord
100
AcDbLinetypeTableRecord
  2
ByBlock
 70
0
  3

 72
65
 73
0
 40
0.0
  0
LTYPE
  5
25
330
2
100
AcDbSymbolTableRecord
100
AcDbLinetypeTableRecord
  2
ByLayer
 70
0
  3

 72
65
 73
0
 40
0.0
  0
LTYPE
  5
26
330
2
100
AcDbSymbolTableRecord
100
AcDbLinetypeTableRecord
  2
Continuous
 70
0
  3

 72
65
 73
0
 40
0.0
  0
LTYPE
  5
10F
330
2
100
AcDbSymbolTableRecord
100
AcDbLinetypeTableRecord
  2
TRAZO_10-3-2-3
 70
0
  3
trazo 10 3 2 3
 72
65
 73
4
 40
6.35
 49
3.5277777777777777
 74
0
 49
-1.0583333333333331
 74
0
 49
0.7055555555555555
 74
0
 49
-1.0583333333333331
 74
0
  0
LTYPE
  5
110
330
2
100
AcDbSymbolTableRecord
100
AcDbLinetypeTableRecord
  2
TRAZO_8-3
 70
0
  3
trazo 8 3
 72
65
 73
2
 40
3.880555555555555
 49
2.822222222222222
 74
0
 49
-1.0583333333333331
 74
0
  0
LTYPE
  5
402
330
2
100
AcDbSymbolTableRecord
100
AcDbLinetypeTableRecord
  2
TRAZO_3-2
 70
0
  3
trazo 3 2
 72
65
 73
2
 40
1.7638888888888886
 49
1.0583333333333331
 74
0
 49
-0.7055555555555555
 74
0
  0
LTYPE
  5
692
330
2
100
AcDbSymbolTableRecord
100
AcDbLinetypeTableRecord
  2
TRAZO_2-2
 70
0
  3
trazo 2 2
 72
65
 73
2
 40
1.411111111111111
 49
0.7055555555555555
 74
0
 49
-0.7055555555555555
 74
0
  0
LTYPE
  5
967
330
2
100
AcDbSymbolTableRecord
100
AcDbLinetypeTableRecord
  2
TRAZO_6-3
 70
0
  3
trazo 6 3
 72
65
 73
2
 40
3.1749999999999994
 49
2.1166666666666663
 74
0
 49
-1.0583333333333331
 74
0
  0
ENDTAB
  0
TABLE
  2
LAYER
  5
1
330
0
100
AcDbSymbolTable
 70
56
  0
LAYER
  5
27
330
1
100
AcDbSymbolTableRecord
100
AcDbLayerTableRecord
  2
0
 70
0
 62
7
  6
Continuous
370
-3
390
13
347
21
  0
LAYER
  5
28
330
1
100
AcDbSymbolTableRecord
100
AcDbLayerTableRecord
  2
Defpoints
 70
0
 62
7
  6
Continuous
290
0
370
-3
390
13
347
21
  0
LAYER
  5
32
330
1
100
AcDbSymbolTableRecord
100
AcDbLayerTableRecord
  2
DETALLES
 70
0
 62
49
420
2236962
  6
Continuous
370
9
390
13
347
21
  0
LAYER
  5
33
330
1
100
AcDbSymbolTableRecord
100
AcDbLayerTableRecord
  2
LAMINA_FONDO
 70
0
 62
7
420
15132390
  6
Continuous
370
5
390
13
347
21
  0
LAYER
  5
34
330
1
100
AcDbSymbolTableRecord
100
AcDbLayerTableRecord
  2
LAMINA_MARCO
 70
0
 62
49
420
2236962
  6
Continuous
370
40
390
13
347
21
  0
LAYER
  5
35
330
1
100
AcDbSymbolTableRecord
100
AcDbLayerTableRecord
  2
LAMINA_TABLAS
 70
0
 62
49
420
2236962
  6
Continuous
370
15
390
13
347
21
  0
LAYER
  5
36
330
1
100
AcDbSymbolTableRecord
100
AcDbLayerTableRecord
  2
LAMINA_TEXTO
 70
0
 62
19
420
1118481
  6
Continuous
370
9
390
13
347
21
  0
LAYER
  5
111
330
1
100
AcDbSymbolTableRecord
100
AcDbLayerTableRecord
  2
G-axis
 70
0
 62
253
420
10132122
  6
TRAZO_10-3-2-3
370
18
390
13
347
21
  0
LAYER
  5
112
330
1
100
AcDbSymbolTableRecord
100
AcDbLayerTableRecord
  2
G-bubble
 70
0
 62
27
420
3355443
  6
Continuous
370
30
390
13
347
21
  0
LAYER
  5
113
330
1
100
AcDbSymbolTableRecord
100
AcDbLayerTableRecord
  2
T-grid
 70
0
 62
27
420
3355443
  6
Continuous
370
18
390
13
347
21
  0
LAYER
  5
114
330
1
100
AcDbSymbolTableRecord
100
AcDbLayerTableRecord
  2
G-beam
 70
0
 62
35
420
8018479
  6
Continuous
370
30
390
13
347
21
  0
LAYER
  5
115
330
1
100
AcDbSymbolTableRecord
100
AcDbLayerTableRecord
  2
G-r_tieS
 70
0
 62
217
420
4858714
  6
Continuous
370
18
390
13
347
21
  0
LAYER
  5
116
330
1
100
AcDbSymbolTableRecord
100
AcDbLayerTableRecord
  2
G-tab
 70
0
 62
42
420
11562752
  6
Continuous
370
30
390
13
347
21
  0
LAYER
  5
117
330
1
100
AcDbSymbolTableRecord
100
AcDbLayerTableRecord
  2
G-column
 70
0
 62
27
420
3355443
  6
Continuous
370
35
390
13
347
21
  0
LAYER
  5
118
330
1
100
AcDbSymbolTableRecord
100
AcDbLayerTableRecord
  2
G-plate
 70
0
 62
147
420
2054806
  6
Continuous
370
50
390
13
347
21
  0
LAYER
  5
119
330
1
100
AcDbSymbolTableRecord
100
AcDbLayerTableRecord
  2
G-edge
 70
0
 62
251
420
5592405
  6
TRAZO_8-3
370
30
390
13
347
21
  0
LAYER
  5
11A
330
1
100
AcDbSymbolTableRecord
100
AcDbLayerTableRecord
  2
G-r_bm2
 70
0
 62
147
420
1789810
  6
Continuous
370
18
390
13
347
21
  0
LAYER
  5
11B
330
1
100
AcDbSymbolTableRecord
100
AcDbLayerTableRecord
  2
T-bsm
 70
0
 62
156
420
929604
  6
Continuous
370
18
390
13
347
21
  0
LAYER
  5
11C
330
1
100
AcDbSymbolTableRecord
100
AcDbLayerTableRecord
  2
G-r_bas
 70
0
 62
34
420
8272390
  6
Continuous
370
18
390
13
347
21
  0
LAYER
  5
11D
330
1
100
AcDbSymbolTableRecord
100
AcDbLayerTableRecord
  2
G-r_oval_l
 70
0
 62
23
420
15228988
  6
Continuous
370
20
390
13
347
21
  0
LAYER
  5
11E
330
1
100
AcDbSymbolTableRecord
100
AcDbLayerTableRecord
  2
G-r_anc
 70
0
 62
24
420
8070172
  6
Continuous
370
18
390
13
347
21
  0
LAYER
  5
11F
330
1
100
AcDbSymbolTableRecord
100
AcDbLayerTableRecord
  2
T-label
 70
0
 62
49
420
2236962
  6
Continuous
370
18
390
13
347
21
  0
LAYER
  5
120
330
1
100
AcDbSymbolTableRecord
100
AcDbLayerTableRecord
  2
T-code
 70
0
 62
19
420
1118481
  6
Continuous
370
18
390
13
347
21
  0
LAYER
  5
121
330
1
100
AcDbSymbolTableRecord
100
AcDbLayerTableRecord
  2
T-small
 70
0
 62
47
420
4473924
  6
Continuous
370
18
390
13
347
21
  0
LAYER
  5
122
330
1
100
AcDbSymbolTableRecord
100
AcDbLayerTableRecord
  2
T-red
 70
0
 62
242
420
13632027
  6
Continuous
370
18
390
13
347
21
  0
LAYER
  5
123
330
1
100
AcDbSymbolTableRecord
100
AcDbLayerTableRecord
  2
T-tie
 70
0
 62
195
420
5975151
  6
Continuous
370
18
390
13
347
21
  0
LAYER
  5
124
330
1
100
AcDbSymbolTableRecord
100
AcDbLayerTableRecord
  2
G-lead
 70
0
 62
49
420
2236962
  6
Continuous
370
35
390
13
347
21
  0
LAYER
  5
125
330
1
100
AcDbSymbolTableRecord
100
AcDbLayerTableRecord
  2
COTAS
 70
0
 62
27
420
3355443
  6
Continuous
370
15
390
13
347
21
  0
LAYER
  5
30B
330
1
100
AcDbSymbolTableRecord
100
AcDbLayerTableRecord
  2
G-r_conc
 70
0
 62
252
420
7039851
  6
Continuous
370
30
390
13
347
21
  0
LAYER
  5
30C
330
1
100
AcDbSymbolTableRecord
100
AcDbLayerTableRecord
  2
G-r_bm1
 70
0
 62
156
420
929604
  6
Continuous
370
18
390
13
347
21
  0
LAYER
  5
403
330
1
100
AcDbSymbolTableRecord
100
AcDbLayerTableRecord
  2
G-r_old
 70
0
 62
252
420
7039851
  6
Continuous
370
30
390
13
347
21
  0
LAYER
  5
404
330
1
100
AcDbSymbolTableRecord
100
AcDbLayerTableRecord
  2
G-r_colS
 70
0
 62
34
420
7031296
  6
Continuous
370
18
390
13
347
21
  0
LAYER
  5
405
330
1
100
AcDbSymbolTableRecord
100
AcDbLayerTableRecord
  2
G-r_rodS
 70
0
 62
136
420
742213
  6
Continuous
370
18
390
13
347
21
  0
LAYER
  5
406
330
1
100
AcDbSymbolTableRecord
100
AcDbLayerTableRecord
  2
G-r_new
 70
0
 62
119
420
1333810
  6
Continuous
370
18
390
13
347
21
  0
LAYER
  5
407
330
1
100
AcDbSymbolTableRecord
100
AcDbLayerTableRecord
  2
G-r_bm3
 70
0
 62
138
420
1845299
  6
Continuous
370
18
390
13
347
21
  0
LAYER
  5
408
330
1
100
AcDbSymbolTableRecord
100
AcDbLayerTableRecord
  2
G-r_grout
 70
0
 62
9
420
11908533
  6
Continuous
370
18
390
13
347
21
  0
LAYER
  5
409
330
1
100
AcDbSymbolTableRecord
100
AcDbLayerTableRecord
  2
G-r_eplate
 70
0
 62
253
420
8687514
  6
Continuous
370
20
390
13
347
21
  0
LAYER
  5
40A
330
1
100
AcDbSymbolTableRecord
100
AcDbLayerTableRecord
  2
G-r_ipe
 70
0
 62
127
420
2044743
  6
Continuous
370
18
390
13
347
21
  0
LAYER
  5
40B
330
1
100
AcDbSymbolTableRecord
100
AcDbLayerTableRecord
  2
G-r_ipef
 70
0
 62
127
420
2044743
  6
Continuous
370
20
390
13
347
21
  0
LAYER
  5
40C
330
1
100
AcDbSymbolTableRecord
100
AcDbLayerTableRecord
  2
G-r_bp
 70
0
 62
138
420
1319987
  6
Continuous
370
20
390
13
347
21
  0
LAYER
  5
40D
330
1
100
AcDbSymbolTableRecord
100
AcDbLayerTableRecord
  2
G-r_nut
 70
0
 62
26
420
4001547
  6
Continuous
370
18
390
13
347
21
  0
LAYER
  5
40E
330
1
100
AcDbSymbolTableRecord
100
AcDbLayerTableRecord
  2
G-r_ancg
 70
0
 62
11
420
13857899
  6
TRAZO_3-2
370
20
390
13
347
21
  0
LAYER
  5
40F
330
1
100
AcDbSymbolTableRecord
100
AcDbLayerTableRecord
  2
G-grid
 70
0
 62
253
420
10395294
  6
Continuous
370
20
390
13
347
21
  0
LAYER
  5
410
330
1
100
AcDbSymbolTableRecord
100
AcDbLayerTableRecord
  2
T-new
 70
0
 62
119
420
1333810
  6
Continuous
370
18
390
13
347
21
  0
LAYER
  5
411
330
1
100
AcDbSymbolTableRecord
100
AcDbLayerTableRecord
  2
T-hk
 70
0
 62
44
420
8017152
  6
Continuous
370
18
390
13
347
21
  0
LAYER
  5
412
330
1
100
AcDbSymbolTableRecord
100
AcDbLayerTableRecord
  2
T-anc
 70
0
 62
22
420
11088422
  6
Continuous
370
18
390
13
347
21
  0
LAYER
  5
507
330
1
100
AcDbSymbolTableRecord
100
AcDbLayerTableRecord
  2
G-r_col
 70
0
 62
31
420
13810828
  6
Continuous
370
15
390
13
347
21
  0
LAYER
  5
5DB
330
1
100
AcDbSymbolTableRecord
100
AcDbLayerTableRecord
  2
G-r_rod
 70
0
 62
253
420
8961202
  6
Continuous
370
15
390
13
347
21
  0
LAYER
  5
5DC
330
1
100
AcDbSymbolTableRecord
100
AcDbLayerTableRecord
  2
G-r_tie
 70
0
 62
9
420
12492492
  6
Continuous
370
15
390
13
347
21
  0
LAYER
  5
693
330
1
100
AcDbSymbolTableRecord
100
AcDbLayerTableRecord
  2
G-cut
 70
0
 62
251
420
5592405
  6
TRAZO_2-2
370
20
390
13
347
21
  0
LAYER
  5
935
330
1
100
AcDbSymbolTableRecord
100
AcDbLayerTableRecord
  2
G-r_t1
 70
0
 62
217
420
4858714
  6
Continuous
370
18
390
13
347
21
  0
LAYER
  5
936
330
1
100
AcDbSymbolTableRecord
100
AcDbLayerTableRecord
  2
G-r_t2
 70
0
 62
147
420
1789810
  6
Continuous
370
18
390
13
347
21
  0
LAYER
  5
937
330
1
100
AcDbSymbolTableRecord
100
AcDbLayerTableRecord
  2
G-r_t3
 70
0
 62
44
420
8278281
  6
Continuous
370
18
390
13
347
21
  0
LAYER
  5
938
330
1
100
AcDbSymbolTableRecord
100
AcDbLayerTableRecord
  2
G-r_t4
 70
0
 62
136
420
742213
  6
Continuous
370
18
390
13
347
21
  0
LAYER
  5
968
330
1
100
AcDbSymbolTableRecord
100
AcDbLayerTableRecord
  2
G-r_concb
 70
0
 62
253
420
10592673
  6
TRAZO_6-3
370
20
390
13
347
21
  0
LAYER
  5
9E5
330
1
100
AcDbSymbolTableRecord
100
AcDbLayerTableRecord
  2
G-void
 70
0
 62
27
420
3355443
  6
Continuous
370
20
390
13
347
21
  0
ENDTAB
  0
TABLE
  2
STYLE
  5
5
330
0
100
AcDbSymbolTable
 70
3
  0
STYLE
  5
29
330
5
100
AcDbSymbolTableRecord
100
AcDbTextStyleTableRecord
  2
Standard
 70
0
 40
0.0
 41
1.0
 50
0.0
 71
0
 42
2.5
  3
txt
  4

  0
STYLE
  5
2F
330
5
100
AcDbSymbolTableRecord
100
AcDbTextStyleTableRecord
  2
ESTANDAR
 70
0
 40
0.0
 41
1.0
 50
0.0
 71
0
 42
2.5
  3
arial.ttf
  4

  0
STYLE
  5
30
330
5
100
AcDbSymbolTableRecord
100
AcDbTextStyleTableRecord
  2
NEGRITA
 70
0
 40
0.0
 41
1.0
 50
0.0
 71
0
 42
2.5
  3
arialbd.ttf
  4

  0
ENDTAB
  0
TABLE
  2
VIEW
  5
7
330
0
100
AcDbSymbolTable
 70
0
  0
ENDTAB
  0
TABLE
  2
UCS
  5
6
330
0
100
AcDbSymbolTable
 70
0
  0
ENDTAB
  0
TABLE
  2
APPID
  5
3
330
0
100
AcDbSymbolTable
 70
3
  0
APPID
  5
2A
330
3
100
AcDbSymbolTableRecord
100
AcDbRegAppTableRecord
  2
ACAD
 70
0
  0
APPID
  5
ABF
330
3
100
AcDbSymbolTableRecord
100
AcDbRegAppTableRecord
  2
HATCHBACKGROUNDCOLOR
 70
0
  0
APPID
  5
AC0
330
3
100
AcDbSymbolTableRecord
100
AcDbRegAppTableRecord
  2
EZDXF
 70
0
  0
ENDTAB
  0
TABLE
  2
DIMSTYLE
  5
4
330
0
100
AcDbSymbolTable
 70
8
100
AcDbDimStyleTable
  0
DIMSTYLE
105
2B
330
4
100
AcDbSymbolTableRecord
100
AcDbDimStyleTableRecord
  2
Standard
 70
0
 40
1.0
 41
2.5
 42
0.625
 43
3.75
 44
1.25
 45
0.0
 46
0.0
 47
0.0
 48
0.0
 49
2.5
140
2.5
141
2.5
142
0.0
143
0.03937007874
144
1.0
145
0.0
146
1.0
147
0.625
148
0.0
 69
0
 70
0
 71
0
 72
0
 73
0
 74
0
 75
0
 76
0
 77
1
 78
8
 79
3
170
0
171
3
172
1
173
0
174
0
175
0
176
0
177
0
178
0
179
2
271
2
272
2
273
2
274
3
275
0
276
0
277
2
278
44
279
0
280
0
281
0
282
0
283
0
284
8
285
0
286
0
288
0
289
3
290
0
371
-2
372
-2
  0
DIMSTYLE
105
31
330
4
100
AcDbSymbolTableRecord
100
AcDbDimStyleTableRecord
  2
COTAS_PAPEL
 70
0
 40
1.0
 41
2.0
 42
0.5291666666666666
 43
3.75
 44
0.8819444444444444
 45
0.0
 46
0.0
 47
0.0
 48
0.0
 49
2.5
140
1.8288
141
2.5
142
1.0943166666666666
143
0.03937007874
144
1.0
145
0.0
146
1.0
147
0.6
148
0.0
 69
0
 70
0
 71
0
 72
0
 73
0
 74
0
 75
0
 76
0
 77
1
 78
8
 79
3
170
0
171
3
172
1
173
0
174
0
175
0
176
8
177
8
178
250
179
2
271
0
272
2
273
2
274
3
275
0
276
0
277
2
278
44
279
0
280
0
281
0
282
0
283
0
284
8
285
0
286
0
288
0
289
3
290
0
340
2F
371
15
372
13
  0
DIMSTYLE
105
126
330
4
100
AcDbSymbolTableRecord
100
AcDbDimStyleTableRecord
  2
COTAS_1-75
 70
0
 40
75.0
 41
2.0
 42
0.5291666666666666
 43
3.75
 44
0.8819444444444444
 45
0.0
 46
0.0
 47
0.0
 48
0.0
 49
2.5
140
1.8288
141
2.5
142
1.0943166666666666
143
0.03937007874
144
1.0
145
0.0
146
1.0
147
0.6
148
0.0
 69
0
 70
0
 71
0
 72
0
 73
0
 74
0
 75
0
 76
0
 77
1
 78
8
 79
3
170
0
171
3
172
1
173
0
174
0
175
0
176
8
177
8
178
250
179
2
271
0
272
2
273
2
274
3
275
0
276
0
277
2
278
44
279
0
280
0
281
0
282
0
283
0
284
8
285
0
286
0
288
0
289
3
290
0
340
2F
371
15
372
13
  0
DIMSTYLE
105
30D
330
4
100
AcDbSymbolTableRecord
100
AcDbDimStyleTableRecord
  2
COTAS_1-10
 70
0
 40
10.0
 41
2.0
 42
0.5291666666666666
 43
3.75
 44
0.8819444444444444
 45
0.0
 46
0.0
 47
0.0
 48
0.0
 49
2.5
140
1.8288
141
2.5
142
1.0943166666666666
143
0.03937007874
144
1.0
145
0.0
146
1.0
147
0.6
148
0.0
 69
0
 70
0
 71
0
 72
0
 73
0
 74
0
 75
0
 76
0
 77
1
 78
8
 79
3
170
0
171
3
172
1
173
0
174
0
175
0
176
8
177
8
178
250
179
2
271
0
272
2
273
2
274
3
275
0
276
0
277
2
278
44
279
0
280
0
281
0
282
0
283
0
284
8
285
0
286
0
288
0
289
3
290
0
340
2F
371
15
372
13
  0
DIMSTYLE
105
508
330
4
100
AcDbSymbolTableRecord
100
AcDbDimStyleTableRecord
  2
COTAS_1-15
 70
0
 40
15.0
 41
2.0
 42
0.5291666666666666
 43
3.75
 44
0.8819444444444444
 45
0.0
 46
0.0
 47
0.0
 48
0.0
 49
2.5
140
1.8288
141
2.5
142
1.0943166666666666
143
0.03937007874
144
1.0
145
0.0
146
1.0
147
0.6
148
0.0
 69
0
 70
0
 71
0
 72
0
 73
0
 74
0
 75
0
 76
0
 77
1
 78
8
 79
3
170
0
171
3
172
1
173
0
174
0
175
0
176
8
177
8
178
250
179
2
271
0
272
2
273
2
274
3
275
0
276
0
277
2
278
44
279
0
280
0
281
0
282
0
283
0
284
8
285
0
286
0
288
0
289
3
290
0
340
2F
371
15
372
13
  0
DIMSTYLE
105
5DD
330
4
100
AcDbSymbolTableRecord
100
AcDbDimStyleTableRecord
  2
COTAS_1-20
 70
0
 40
20.0
 41
2.0
 42
0.5291666666666666
 43
3.75
 44
0.8819444444444444
 45
0.0
 46
0.0
 47
0.0
 48
0.0
 49
2.5
140
1.8288
141
2.5
142
1.0943166666666666
143
0.03937007874
144
1.0
145
0.0
146
1.0
147
0.6
148
0.0
 69
0
 70
0
 71
0
 72
0
 73
0
 74
0
 75
0
 76
0
 77
1
 78
8
 79
3
170
0
171
3
172
1
173
0
174
0
175
0
176
8
177
8
178
250
179
2
271
0
272
2
273
2
274
3
275
0
276
0
277
2
278
44
279
0
280
0
281
0
282
0
283
0
284
8
285
0
286
0
288
0
289
3
290
0
340
2F
371
15
372
13
  0
DIMSTYLE
105
9B1
330
4
100
AcDbSymbolTableRecord
100
AcDbDimStyleTableRecord
  2
COTAS_1-5
 70
0
 40
5.0
 41
2.0
 42
0.5291666666666666
 43
3.75
 44
0.8819444444444444
 45
0.0
 46
0.0
 47
0.0
 48
0.0
 49
2.5
140
1.8288
141
2.5
142
1.0943166666666666
143
0.03937007874
144
1.0
145
0.0
146
1.0
147
0.6
148
0.0
 69
0
 70
0
 71
0
 72
0
 73
0
 74
0
 75
0
 76
0
 77
1
 78
8
 79
3
170
0
171
3
172
1
173
0
174
0
175
0
176
8
177
8
178
250
179
2
271
0
272
2
273
2
274
3
275
0
276
0
277
2
278
44
279
0
280
0
281
0
282
0
283
0
284
8
285
0
286
0
288
0
289
3
290
0
340
2F
371
15
372
13
  0
DIMSTYLE
105
9E6
330
4
100
AcDbSymbolTableRecord
100
AcDbDimStyleTableRecord
  2
COTAS_1-2
 70
0
 40
2.0
 41
2.0
 42
0.5291666666666666
 43
3.75
 44
0.8819444444444444
 45
0.0
 46
0.0
 47
0.0
 48
0.0
 49
2.5
140
1.8288
141
2.5
142
1.0943166666666666
143
0.03937007874
144
1.0
145
0.0
146
1.0
147
0.6
148
0.0
 69
0
 70
0
 71
0
 72
0
 73
0
 74
0
 75
0
 76
0
 77
1
 78
8
 79
3
170
0
171
3
172
1
173
0
174
0
175
0
176
8
177
8
178
250
179
2
271
0
272
2
273
2
274
3
275
0
276
0
277
2
278
44
279
0
280
0
281
0
282
0
283
0
284
8
285
0
286
0
288
0
289
3
290
0
340
2F
371
15
372
13
  0
ENDTAB
  0
TABLE
  2
BLOCK_RECORD
  5
9
330
0
100
AcDbSymbolTable
 70
106
  0
BLOCK_RECORD
  5
17
330
9
100
AcDbSymbolTableRecord
100
AcDbBlockTableRecord
  2
*Model_Space
340
1A
 70
0
280
1
281
0
  0
BLOCK_RECORD
  5
1B
330
9
100
AcDbSymbolTableRecord
100
AcDbBlockTableRecord
  2
*Paper_Space
340
1E
 70
0
280
1
281
0
  0
BLOCK_RECORD
  5
10C
330
9
100
AcDbSymbolTableRecord
100
AcDbBlockTableRecord
  2
DET_01_planta-de-ubicacion
340
0
 70
0
280
1
281
0
  0
BLOCK_RECORD
  5
24F
330
9
100
AcDbSymbolTableRecord
100
AcDbBlockTableRecord
  2
_OBLIQUE
340
0
 70
0
280
1
281
0
  0
BLOCK_RECORD
  5
25E
330
9
100
AcDbSymbolTableRecord
100
AcDbBlockTableRecord
  2
*D1
340
0
 70
0
280
1
281
0
  0
BLOCK_RECORD
  5
26C
330
9
100
AcDbSymbolTableRecord
100
AcDbBlockTableRecord
  2
*D2
340
0
 70
0
280
1
281
0
  0
BLOCK_RECORD
  5
27A
330
9
100
AcDbSymbolTableRecord
100
AcDbBlockTableRecord
  2
*D3
340
0
 70
0
280
1
281
0
  0
BLOCK_RECORD
  5
288
330
9
100
AcDbSymbolTableRecord
100
AcDbBlockTableRecord
  2
*D4
340
0
 70
0
280
1
281
0
  0
BLOCK_RECORD
  5
296
330
9
100
AcDbSymbolTableRecord
100
AcDbBlockTableRecord
  2
*D5
340
0
 70
0
280
1
281
0
  0
BLOCK_RECORD
  5
2A4
330
9
100
AcDbSymbolTableRecord
100
AcDbBlockTableRecord
  2
*D6
340
0
 70
0
280
1
281
0
  0
BLOCK_RECORD
  5
2B2
330
9
100
AcDbSymbolTableRecord
100
AcDbBlockTableRecord
  2
*D7
340
0
 70
0
280
1
281
0
  0
BLOCK_RECORD
  5
2C0
330
9
100
AcDbSymbolTableRecord
100
AcDbBlockTableRecord
  2
*D8
340
0
 70
0
280
1
281
0
  0
BLOCK_RECORD
  5
2CE
330
9
100
AcDbSymbolTableRecord
100
AcDbBlockTableRecord
  2
*D9
340
0
 70
0
280
1
281
0
  0
BLOCK_RECORD
  5
2DC
330
9
100
AcDbSymbolTableRecord
100
AcDbBlockTableRecord
  2
*D10
340
0
 70
0
280
1
281
0
  0
BLOCK_RECORD
  5
2EA
330
9
100
AcDbSymbolTableRecord
100
AcDbBlockTableRecord
  2
*D11
340
0
 70
0
280
1
281
0
  0
BLOCK_RECORD
  5
2F8
330
9
100
AcDbSymbolTableRecord
100
AcDbBlockTableRecord
  2
*D12
340
0
 70
0
280
1
281
0
  0
BLOCK_RECORD
  5
308
330
9
100
AcDbSymbolTableRecord
100
AcDbBlockTableRecord
  2
DET_02_corte-a-a-vcs-112-eje-4
340
0
 70
0
280
1
281
0
  0
BLOCK_RECORD
  5
327
330
9
100
AcDbSymbolTableRecord
100
AcDbBlockTableRecord
  2
*D13
340
0
 70
0
280
1
281
0
  0
BLOCK_RECORD
  5
335
330
9
100
AcDbSymbolTableRecord
100
AcDbBlockTableRecord
  2
*D14
340
0
 70
0
280
1
281
0
  0
BLOCK_RECORD
  5
345
330
9
100
AcDbSymbolTableRecord
100
AcDbBlockTableRecord
  2
DET_03_corte-b-b-vcm-con-bastones
340
0
 70
0
280
1
281
0
  0
BLOCK_RECORD
  5
36C
330
9
100
AcDbSymbolTableRecord
100
AcDbBlockTableRecord
  2
*D15
340
0
 70
0
280
1
281
0
  0
BLOCK_RECORD
  5
37A
330
9
100
AcDbSymbolTableRecord
100
AcDbBlockTableRecord
  2
*D16
340
0
 70
0
280
1
281
0
  0
BLOCK_RECORD
  5
388
330
9
100
AcDbSymbolTableRecord
100
AcDbBlockTableRecord
  2
*D17
340
0
 70
0
280
1
281
0
  0
BLOCK_RECORD
  5
396
330
9
100
AcDbSymbolTableRecord
100
AcDbBlockTableRecord
  2
*D18
340
0
 70
0
280
1
281
0
  0
BLOCK_RECORD
  5
3A6
330
9
100
AcDbSymbolTableRecord
100
AcDbBlockTableRecord
  2
DET_04_corte-c-c-vcs-con-bastones
340
0
 70
0
280
1
281
0
  0
BLOCK_RECORD
  5
3C5
330
9
100
AcDbSymbolTableRecord
100
AcDbBlockTableRecord
  2
*D19
340
0
 70
0
280
1
281
0
  0
BLOCK_RECORD
  5
3D3
330
9
100
AcDbSymbolTableRecord
100
AcDbBlockTableRecord
  2
*D20
340
0
 70
0
280
1
281
0
  0
BLOCK_RECORD
  5
3E1
330
9
100
AcDbSymbolTableRecord
100
AcDbBlockTableRecord
  2
*D21
340
0
 70
0
280
1
281
0
  0
BLOCK_RECORD
  5
3EF
330
9
100
AcDbSymbolTableRecord
100
AcDbBlockTableRecord
  2
*D22
340
0
 70
0
280
1
281
0
  0
BLOCK_RECORD
  5
3FF
330
9
100
AcDbSymbolTableRecord
100
AcDbBlockTableRecord
  2
DET_05_detalle-2-1-c4-corte-por-el-eje-del-voladizo
340
0
 70
0
280
1
281
0
  0
BLOCK_RECORD
  5
492
330
9
100
AcDbSymbolTableRecord
100
AcDbBlockTableRecord
  2
*D23
340
0
 70
0
280
1
281
0
  0
BLOCK_RECORD
  5
4A0
330
9
100
AcDbSymbolTableRecord
100
AcDbBlockTableRecord
  2
*D24
340
0
 70
0
280
1
281
0
  0
BLOCK_RECORD
  5
4AE
330
9
100
AcDbSymbolTableRecord
100
AcDbBlockTableRecord
  2
*D25
340
0
 70
0
280
1
281
0
  0
BLOCK_RECORD
  5
4BC
330
9
100
AcDbSymbolTableRecord
100
AcDbBlockTableRecord
  2
*D26
340
0
 70
0
280
1
281
0
  0
BLOCK_RECORD
  5
4CA
330
9
100
AcDbSymbolTableRecord
100
AcDbBlockTableRecord
  2
*D27
340
0
 70
0
280
1
281
0
  0
BLOCK_RECORD
  5
4D8
330
9
100
AcDbSymbolTableRecord
100
AcDbBlockTableRecord
  2
*D28
340
0
 70
0
280
1
281
0
  0
BLOCK_RECORD
  5
4E6
330
9
100
AcDbSymbolTableRecord
100
AcDbBlockTableRecord
  2
*D29
340
0
 70
0
280
1
281
0
  0
BLOCK_RECORD
  5
4F4
330
9
100
AcDbSymbolTableRecord
100
AcDbBlockTableRecord
  2
*D30
340
0
 70
0
280
1
281
0
  0
BLOCK_RECORD
  5
504
330
9
100
AcDbSymbolTableRecord
100
AcDbBlockTableRecord
  2
DET_06_detalle-2-2-c4-vista-desde-el-voladizo
340
0
 70
0
280
1
281
0
  0
BLOCK_RECORD
  5
582
330
9
100
AcDbSymbolTableRecord
100
AcDbBlockTableRecord
  2
*D31
340
0
 70
0
280
1
281
0
  0
BLOCK_RECORD
  5
590
330
9
100
AcDbSymbolTableRecord
100
AcDbBlockTableRecord
  2
*D32
340
0
 70
0
280
1
281
0
  0
BLOCK_RECORD
  5
59E
330
9
100
AcDbSymbolTableRecord
100
AcDbBlockTableRecord
  2
*D33
340
0
 70
0
280
1
281
0
  0
BLOCK_RECORD
  5
5AC
330
9
100
AcDbSymbolTableRecord
100
AcDbBlockTableRecord
  2
*D34
340
0
 70
0
280
1
281
0
  0
BLOCK_RECORD
  5
5BA
330
9
100
AcDbSymbolTableRecord
100
AcDbBlockTableRecord
  2
*D35
340
0
 70
0
280
1
281
0
  0
BLOCK_RECORD
  5
5C8
330
9
100
AcDbSymbolTableRecord
100
AcDbBlockTableRecord
  2
*D36
340
0
 70
0
280
1
281
0
  0
BLOCK_RECORD
  5
5D8
330
9
100
AcDbSymbolTableRecord
100
AcDbBlockTableRecord
  2
DET_07_detalle-2-3-c4-planta-a-la-altura-de-los-a1
340
0
 70
0
280
1
281
0
  0
BLOCK_RECORD
  5
639
330
9
100
AcDbSymbolTableRecord
100
AcDbBlockTableRecord
  2
*D37
340
0
 70
0
280
1
281
0
  0
BLOCK_RECORD
  5
647
330
9
100
AcDbSymbolTableRecord
100
AcDbBlockTableRecord
  2
*D38
340
0
 70
0
280
1
281
0
  0
BLOCK_RECORD
  5
655
330
9
100
AcDbSymbolTableRecord
100
AcDbBlockTableRecord
  2
*D39
340
0
 70
0
280
1
281
0
  0
BLOCK_RECORD
  5
663
330
9
100
AcDbSymbolTableRecord
100
AcDbBlockTableRecord
  2
*D40
340
0
 70
0
280
1
281
0
  0
BLOCK_RECORD
  5
671
330
9
100
AcDbSymbolTableRecord
100
AcDbBlockTableRecord
  2
*D41
340
0
 70
0
280
1
281
0
  0
BLOCK_RECORD
  5
67F
330
9
100
AcDbSymbolTableRecord
100
AcDbBlockTableRecord
  2
*D42
340
0
 70
0
280
1
281
0
  0
BLOCK_RECORD
  5
68F
330
9
100
AcDbSymbolTableRecord
100
AcDbBlockTableRecord
  2
DET_08_detalle-2-4-d4-vista-desde-el-sur
340
0
 70
0
280
1
281
0
  0
BLOCK_RECORD
  5
716
330
9
100
AcDbSymbolTableRecord
100
AcDbBlockTableRecord
  2
*D43
340
0
 70
0
280
1
281
0
  0
BLOCK_RECORD
  5
724
330
9
100
AcDbSymbolTableRecord
100
AcDbBlockTableRecord
  2
*D44
340
0
 70
0
280
1
281
0
  0
BLOCK_RECORD
  5
732
330
9
100
AcDbSymbolTableRecord
100
AcDbBlockTableRecord
  2
*D45
340
0
 70
0
280
1
281
0
  0
BLOCK_RECORD
  5
740
330
9
100
AcDbSymbolTableRecord
100
AcDbBlockTableRecord
  2
*D46
340
0
 70
0
280
1
281
0
  0
BLOCK_RECORD
  5
74E
330
9
100
AcDbSymbolTableRecord
100
AcDbBlockTableRecord
  2
*D47
340
0
 70
0
280
1
281
0
  0
BLOCK_RECORD
  5
75C
330
9
100
AcDbSymbolTableRecord
100
AcDbBlockTableRecord
  2
*D48
340
0
 70
0
280
1
281
0
  0
BLOCK_RECORD
  5
76A
330
9
100
AcDbSymbolTableRecord
100
AcDbBlockTableRecord
  2
*D49
340
0
 70
0
280
1
281
0
  0
BLOCK_RECORD
  5
77A
330
9
100
AcDbSymbolTableRecord
100
AcDbBlockTableRecord
  2
DET_09_detalle-3-1-sandwich-vista-lateral-de-la-viga
340
0
 70
0
280
1
281
0
  0
BLOCK_RECORD
  5
7AD
330
9
100
AcDbSymbolTableRecord
100
AcDbBlockTableRecord
  2
*D50
340
0
 70
0
280
1
281
0
  0
BLOCK_RECORD
  5
7BB
330
9
100
AcDbSymbolTableRecord
100
AcDbBlockTableRecord
  2
*D51
340
0
 70
0
280
1
281
0
  0
BLOCK_RECORD
  5
7C9
330
9
100
AcDbSymbolTableRecord
100
AcDbBlockTableRecord
  2
*D52
340
0
 70
0
280
1
281
0
  0
BLOCK_RECORD
  5
7D7
330
9
100
AcDbSymbolTableRecord
100
AcDbBlockTableRecord
  2
*D53
340
0
 70
0
280
1
281
0
  0
BLOCK_RECORD
  5
7E5
330
9
100
AcDbSymbolTableRecord
100
AcDbBlockTableRecord
  2
*D54
340
0
 70
0
280
1
281
0
  0
BLOCK_RECORD
  5
7F3
330
9
100
AcDbSymbolTableRecord
100
AcDbBlockTableRecord
  2
*D55
340
0
 70
0
280
1
281
0
  0
BLOCK_RECORD
  5
801
330
9
100
AcDbSymbolTableRecord
100
AcDbBlockTableRecord
  2
*D56
340
0
 70
0
280
1
281
0
  0
BLOCK_RECORD
  5
80F
330
9
100
AcDbSymbolTableRecord
100
AcDbBlockTableRecord
  2
*D57
340
0
 70
0
280
1
281
0
  0
BLOCK_RECORD
  5
81D
330
9
100
AcDbSymbolTableRecord
100
AcDbBlockTableRecord
  2
*D58
340
0
 70
0
280
1
281
0
  0
BLOCK_RECORD
  5
82B
330
9
100
AcDbSymbolTableRecord
100
AcDbBlockTableRecord
  2
*D59
340
0
 70
0
280
1
281
0
  0
BLOCK_RECORD
  5
83B
330
9
100
AcDbSymbolTableRecord
100
AcDbBlockTableRecord
  2
DET_10_detalle-3-2-sandwich-planta-por-los-anclajes
340
0
 70
0
280
1
281
0
  0
BLOCK_RECORD
  5
886
330
9
100
AcDbSymbolTableRecord
100
AcDbBlockTableRecord
  2
*D60
340
0
 70
0
280
1
281
0
  0
BLOCK_RECORD
  5
894
330
9
100
AcDbSymbolTableRecord
100
AcDbBlockTableRecord
  2
*D61
340
0
 70
0
280
1
281
0
  0
BLOCK_RECORD
  5
8A2
330
9
100
AcDbSymbolTableRecord
100
AcDbBlockTableRecord
  2
*D62
340
0
 70
0
280
1
281
0
  0
BLOCK_RECORD
  5
8B0
330
9
100
AcDbSymbolTableRecord
100
AcDbBlockTableRecord
  2
*D63
340
0
 70
0
280
1
281
0
  0
BLOCK_RECORD
  5
8C0
330
9
100
AcDbSymbolTableRecord
100
AcDbBlockTableRecord
  2
DET_11_detalle-4-1-estribo-14
340
0
 70
0
280
1
281
0
  0
BLOCK_RECORD
  5
8DB
330
9
100
AcDbSymbolTableRecord
100
AcDbBlockTableRecord
  2
*D64
340
0
 70
0
280
1
281
0
  0
BLOCK_RECORD
  5
8E9
330
9
100
AcDbSymbolTableRecord
100
AcDbBlockTableRecord
  2
*D65
340
0
 70
0
280
1
281
0
  0
BLOCK_RECORD
  5
8F9
330
9
100
AcDbSymbolTableRecord
100
AcDbBlockTableRecord
  2
DET_12_detalle-4-2-estribo-del-nudo-10
340
0
 70
0
280
1
281
0
  0
BLOCK_RECORD
  5
914
330
9
100
AcDbSymbolTableRecord
100
AcDbBlockTableRecord
  2
*D66
340
0
 70
0
280
1
281
0
  0
BLOCK_RECORD
  5
922
330
9
100
AcDbSymbolTableRecord
100
AcDbBlockTableRecord
  2
*D67
340
0
 70
0
280
1
281
0
  0
BLOCK_RECORD
  5
932
330
9
100
AcDbSymbolTableRecord
100
AcDbBlockTableRecord
  2
DET_13_detalle-4-3-opcion-10-en-4-piezas
340
0
 70
0
280
1
281
0
  0
BLOCK_RECORD
  5
954
330
9
100
AcDbSymbolTableRecord
100
AcDbBlockTableRecord
  2
*D68
340
0
 70
0
280
1
281
0
  0
BLOCK_RECORD
  5
964
330
9
100
AcDbSymbolTableRecord
100
AcDbBlockTableRecord
  2
DET_14_detalle-4-4-anclaje-a1-columnas
340
0
 70
0
280
1
281
0
  0
BLOCK_RECORD
  5
982
330
9
100
AcDbSymbolTableRecord
100
AcDbBlockTableRecord
  2
*D69
340
0
 70
0
280
1
281
0
  0
BLOCK_RECORD
  5
990
330
9
100
AcDbSymbolTableRecord
100
AcDbBlockTableRecord
  2
*D70
340
0
 70
0
280
1
281
0
  0
BLOCK_RECORD
  5
99E
330
9
100
AcDbSymbolTableRecord
100
AcDbBlockTableRecord
  2
*D71
340
0
 70
0
280
1
281
0
  0
BLOCK_RECORD
  5
9AE
330
9
100
AcDbSymbolTableRecord
100
AcDbBlockTableRecord
  2
DET_15_detalle-4-5-anclaje-a2-sandwich
340
0
 70
0
280
1
281
0
  0
BLOCK_RECORD
  5
9C4
330
9
100
AcDbSymbolTableRecord
100
AcDbBlockTableRecord
  2
*D72
340
0
 70
0
280
1
281
0
  0
BLOCK_RECORD
  5
9D2
330
9
100
AcDbSymbolTableRecord
100
AcDbBlockTableRecord
  2
*D73
340
0
 70
0
280
1
281
0
  0
BLOCK_RECORD
  5
9E2
330
9
100
AcDbSymbolTableRecord
100
AcDbBlockTableRecord
  2
DET_16_p1-pl-50x50x12
340
0
 70
0
280
1
281
0
  0
BLOCK_RECORD
  5
9ED
330
9
100
AcDbSymbolTableRecord
100
AcDbBlockTableRecord
  2
*D74
340
0
 70
0
280
1
281
0
  0
BLOCK_RECORD
  5
9FB
330
9
100
AcDbSymbolTableRecord
100
AcDbBlockTableRecord
  2
*D75
340
0
 70
0
280
1
281
0
  0
BLOCK_RECORD
  5
A0B
330
9
100
AcDbSymbolTableRecord
100
AcDbBlockTableRecord
  2
DET_17_p2-pl-140x260x12-a36
340
0
 70
0
280
1
281
0
  0
BLOCK_RECORD
  5
A1D
330
9
100
AcDbSymbolTableRecord
100
AcDbBlockTableRecord
  2
*D76
340
0
 70
0
280
1
281
0
  0
BLOCK_RECORD
  5
A2B
330
9
100
AcDbSymbolTableRecord
100
AcDbBlockTableRecord
  2
*D77
340
0
 70
0
280
1
281
0
  0
BLOCK_RECORD
  5
A39
330
9
100
AcDbSymbolTableRecord
100
AcDbBlockTableRecord
  2
*D78
340
0
 70
0
280
1
281
0
  0
BLOCK_RECORD
  5
A47
330
9
100
AcDbSymbolTableRecord
100
AcDbBlockTableRecord
  2
*D79
340
0
 70
0
280
1
281
0
  0
BLOCK_RECORD
  5
A55
330
9
100
AcDbSymbolTableRecord
100
AcDbBlockTableRecord
  2
*D80
340
0
 70
0
280
1
281
0
  0
BLOCK_RECORD
  5
A65
330
9
100
AcDbSymbolTableRecord
100
AcDbBlockTableRecord
  2
DET_18_p3-pl-140x220x12-a36
340
0
 70
0
280
1
281
0
  0
BLOCK_RECORD
  5
A77
330
9
100
AcDbSymbolTableRecord
100
AcDbBlockTableRecord
  2
*D81
340
0
 70
0
280
1
281
0
  0
BLOCK_RECORD
  5
A85
330
9
100
AcDbSymbolTableRecord
100
AcDbBlockTableRecord
  2
*D82
340
0
 70
0
280
1
281
0
  0
BLOCK_RECORD
  5
A93
330
9
100
AcDbSymbolTableRecord
100
AcDbBlockTableRecord
  2
*D83
340
0
 70
0
280
1
281
0
  0
BLOCK_RECORD
  5
AA1
330
9
100
AcDbSymbolTableRecord
100
AcDbBlockTableRecord
  2
*D84
340
0
 70
0
280
1
281
0
  0
BLOCK_RECORD
  5
AAF
330
9
100
AcDbSymbolTableRecord
100
AcDbBlockTableRecord
  2
*D85
340
0
 70
0
280
1
281
0
  0
ENDTAB
  0
ENDSEC
  0
SECTION
  2
BLOCKS
  0
BLOCK
  5
18
330
17
100
AcDbEntity
  8
0
100
AcDbBlockBegin
  2
*Model_Space
 70
0
 10
0.0
 20
0.0
 30
0.0
  3
*Model_Space
  1

  0
ENDBLK
  5
19
330
17
100
AcDbEntity
  8
0
100
AcDbBlockEnd
  0
BLOCK
  5
1C
330
1B
100
AcDbEntity
  8
0
100
AcDbBlockBegin
  2
*Paper_Space
 70
0
 10
0.0
 20
0.0
 30
0.0
  3
*Paper_Space
  1

  0
ENDBLK
  5
1D
330
1B
100
AcDbEntity
  8
0
100
AcDbBlockEnd
  0
BLOCK
  5
10D
330
10C
100
AcDbEntity
  8
0
100
AcDbBlockBegin
  2
DET_01_planta-de-ubicacion
 70
0
 10
0.0
 20
0.0
 30
0.0
  3
DET_01_planta-de-ubicacion
  1

  0
LINE
  5
127
330
10C
100
AcDbEntity
  8
G-axis
100
AcDbLine
 10
-85.4934700854701
 20
-77.73333333333333
 30
0.0
 11
-96.36307692307693
 21
93.19999999999999
 31
0.0
  0
HATCH
  5
128
330
10C
100
AcDbEntity
  8
G-bubble
 62
7
420
16777215
100
AcDbHatch
 10
0.0
 20
0.0
 30
0.0
210
0.0
220
0.0
230
1.0
  2
SOLID
 70
1
 71
0
 91
1
 92
1
 93
1
 72
2
 10
-85.4934700854701
 20
-82.13333333333334
 40
4.4
 50
0.0
 51
360.0
 73
1
 97
0
 75
0
 76
1
 98
0
  0
CIRCLE
  5
129
330
10C
100
AcDbEntity
  8
G-bubble
100
AcDbCircle
 10
-85.4934700854701
 20
-82.13333333333334
 30
0.0
 40
4.4
  0
TEXT
  5
12A
330
10C
100
AcDbEntity
  8
T-grid
 62
27
420
3355443
100
AcDbText
 10
-85.4934700854701
 20
-83.33333333333334
 30
0.0
 40
2.5399999999999996
  1
A
  7
NEGRITA
 41
0.885
 72
1
 11
-85.4934700854701
 21
-83.33333333333334
 31
0.0
100
AcDbText
  0
LINE
  5
12B
330
10C
100
AcDbEntity
  8
G-axis
100
AcDbLine
 10
-63.6
 20
-77.73333333333333
 30
0.0
 11
-63.6
 21
93.19999999999999
 31
0.0
  0
HATCH
  5
12C
330
10C
100
AcDbEntity
  8
G-bubble
 62
7
420
16777215
100
AcDbHatch
 10
0.0
 20
0.0
 30
0.0
210
0.0
220
0.0
230
1.0
  2
SOLID
 70
1
 71
0
 91
1
 92
1
 93
1
 72
2
 10
-63.6
 20
-82.13333333333334
 40
4.4
 50
0.0
 51
360.0
 73
1
 97
0
 75
0
 76
1
 98
0
  0
CIRCLE
  5
12D
330
10C
100
AcDbEntity
  8
G-bubble
100
AcDbCircle
 10
-63.6
 20
-82.13333333333334
 30
0.0
 40
4.4
  0
TEXT
  5
12E
330
10C
100
AcDbEntity
  8
T-grid
 62
27
420
3355443
100
AcDbText
 10
-63.6
 20
-83.33333333333334
 30
0.0
 40
2.5399999999999996
  1
B
  7
NEGRITA
 41
0.885
 72
1
 11
-63.6
 21
-83.33333333333334
 31
0.0
100
AcDbText
  0
LINE
  5
12F
330
10C
100
AcDbEntity
  8
G-axis
100
AcDbLine
 10
-31.733333333333334
 20
-77.73333333333333
 30
0.0
 11
-31.733333333333334
 21
93.19999999999999
 31
0.0
  0
HATCH
  5
130
330
10C
100
AcDbEntity
  8
G-bubble
 62
7
420
16777215
100
AcDbHatch
 10
0.0
 20
0.0
 30
0.0
210
0.0
220
0.0
230
1.0
  2
SOLID
 70
1
 71
0
 91
1
 92
1
 93
1
 72
2
 10
-31.733333333333334
 20
-82.13333333333334
 40
4.4
 50
0.0
 51
360.0
 73
1
 97
0
 75
0
 76
1
 98
0
  0
CIRCLE
  5
131
330
10C
100
AcDbEntity
  8
G-bubble
100
AcDbCircle
 10
-31.733333333333334
 20
-82.13333333333334
 30
0.0
 40
4.4
  0
TEXT
  5
132
330
10C
100
AcDbEntity
  8
T-grid
 62
27
420
3355443
100
AcDbText
 10
-31.733333333333334
 20
-83.33333333333334
 30
0.0
 40
2.5399999999999996
  1
F
  7
NEGRITA
 41
0.885
 72
1
 11
-31.733333333333334
 21
-83.33333333333334
 31
0.0
100
AcDbText
  0
LINE
  5
133
330
10C
100
AcDbEntity
  8
G-axis
100
AcDbLine
 10
0.13333333333333286
 20
-77.73333333333333
 30
0.0
 11
0.13333333333333286
 21
93.19999999999999
 31
0.0
  0
HATCH
  5
134
330
10C
100
AcDbEntity
  8
G-bubble
 62
7
420
16777215
100
AcDbHatch
 10
0.0
 20
0.0
 30
0.0
210
0.0
220
0.0
230
1.0
  2
SOLID
 70
1
 71
0
 91
1
 92
1
 93
1
 72
2
 10
0.13333333333333286
 20
-82.13333333333334
 40
4.4
 50
0.0
 51
360.0
 73
1
 97
0
 75
0
 76
1
 98
0
  0
CIRCLE
  5
135
330
10C
100
AcDbEntity
  8
G-bubble
100
AcDbCircle
 10
0.13333333333333286
 20
-82.13333333333334
 30
0.0
 40
4.4
  0
TEXT
  5
136
330
10C
100
AcDbEntity
  8
T-grid
 62
27
420
3355443
100
AcDbText
 10
0.13333333333333286
 20
-83.33333333333334
 30
0.0
 40
2.5399999999999996
  1
C
  7
NEGRITA
 41
0.885
 72
1
 11
0.13333333333333286
 21
-83.33333333333334
 31
0.0
100
AcDbText
  0
LINE
  5
137
330
10C
100
AcDbEntity
  8
G-axis
100
AcDbLine
 10
32.00000000000001
 20
-77.73333333333333
 30
0.0
 11
32.00000000000001
 21
93.19999999999999
 31
0.0
  0
HATCH
  5
138
330
10C
100
AcDbEntity
  8
G-bubble
 62
7
420
16777215
100
AcDbHatch
 10
0.0
 20
0.0
 30
0.0
210
0.0
220
0.0
230
1.0
  2
SOLID
 70
1
 71
0
 91
1
 92
1
 93
1
 72
2
 10
32.00000000000001
 20
-82.13333333333334
 40
4.4
 50
0.0
 51
360.0
 73
1
 97
0
 75
0
 76
1
 98
0
  0
CIRCLE
  5
139
330
10C
100
AcDbEntity
  8
G-bubble
100
AcDbCircle
 10
32.00000000000001
 20
-82.13333333333334
 30
0.0
 40
4.4
  0
TEXT
  5
13A
330
10C
100
AcDbEntity
  8
T-grid
 62
27
420
3355443
100
AcDbText
 10
32.00000000000001
 20
-83.33333333333334
 30
0.0
 40
2.5399999999999996
  1
G
  7
NEGRITA
 41
0.885
 72
1
 11
32.00000000000001
 21
-83.33333333333334
 31
0.0
100
AcDbText
  0
LINE
  5
13B
330
10C
100
AcDbEntity
  8
G-axis
100
AcDbLine
 10
63.86666666666667
 20
-77.73333333333333
 30
0.0
 11
63.86666666666667
 21
93.19999999999999
 31
0.0
  0
HATCH
  5
13C
330
10C
100
AcDbEntity
  8
G-bubble
 62
7
420
16777215
100
AcDbHatch
 10
0.0
 20
0.0
 30
0.0
210
0.0
220
0.0
230
1.0
  2
SOLID
 70
1
 71
0
 91
1
 92
1
 93
1
 72
2
 10
63.86666666666667
 20
-82.13333333333334
 40
4.4
 50
0.0
 51
360.0
 73
1
 97
0
 75
0
 76
1
 98
0
  0
CIRCLE
  5
13D
330
10C
100
AcDbEntity
  8
G-bubble
100
AcDbCircle
 10
63.86666666666667
 20
-82.13333333333334
 30
0.0
 40
4.4
  0
TEXT
  5
13E
330
10C
100
AcDbEntity
  8
T-grid
 62
27
420
3355443
100
AcDbText
 10
63.86666666666667
 20
-83.33333333333334
 30
0.0
 40
2.5399999999999996
  1
D
  7
NEGRITA
 41
0.885
 72
1
 11
63.86666666666667
 21
-83.33333333333334
 31
0.0
100
AcDbText
  0
LINE
  5
13F
330
10C
100
AcDbEntity
  8
G-axis
100
AcDbLine
 10
80.80000000000001
 20
-77.73333333333333
 30
0.0
 11
80.80000000000001
 21
93.19999999999999
 31
0.0
  0
HATCH
  5
140
330
10C
100
AcDbEntity
  8
G-bubble
 62
7
420
16777215
100
AcDbHatch
 10
0.0
 20
0.0
 30
0.0
210
0.0
220
0.0
230
1.0
  2
SOLID
 70
1
 71
0
 91
1
 92
1
 93
1
 72
2
 10
80.80000000000001
 20
-82.13333333333334
 40
4.4
 50
0.0
 51
360.0
 73
1
 97
0
 75
0
 76
1
 98
0
  0
CIRCLE
  5
141
330
10C
100
AcDbEntity
  8
G-bubble
100
AcDbCircle
 10
80.80000000000001
 20
-82.13333333333334
 30
0.0
 40
4.4
  0
TEXT
  5
142
330
10C
100
AcDbEntity
  8
T-grid
 62
27
420
3355443
100
AcDbText
 10
80.80000000000001
 20
-83.33333333333334
 30
0.0
 40
2.5399999999999996
  1
E
  7
NEGRITA
 41
0.885
 72
1
 11
80.80000000000001
 21
-83.33333333333334
 31
0.0
100
AcDbText
  0
LINE
  5
143
330
10C
100
AcDbEntity
  8
G-axis
100
AcDbLine
 10
-107.6
 20
-65.73333333333333
 30
0.0
 11
92.80000000000001
 21
-65.73333333333333
 31
0.0
  0
HATCH
  5
144
330
10C
100
AcDbEntity
  8
G-bubble
 62
7
420
16777215
100
AcDbHatch
 10
0.0
 20
0.0
 30
0.0
210
0.0
220
0.0
230
1.0
  2
SOLID
 70
1
 71
0
 91
1
 92
1
 93
1
 72
2
 10
97.20000000000002
 20
-65.73333333333333
 40
4.4
 50
0.0
 51
360.0
 73
1
 97
0
 75
0
 76
1
 98
0
  0
CIRCLE
  5
145
330
10C
100
AcDbEntity
  8
G-bubble
100
AcDbCircle
 10
97.20000000000002
 20
-65.73333333333333
 30
0.0
 40
4.4
  0
TEXT
  5
146
330
10C
100
AcDbEntity
  8
T-grid
 62
27
420
3355443
100
AcDbText
 10
97.20000000000002
 20
-66.93333333333334
 30
0.0
 40
2.5399999999999996
  1
9
  7
NEGRITA
 41
0.885
 72
1
 11
97.20000000000002
 21
-66.93333333333334
 31
0.0
100
AcDbText
  0
LINE
  5
147
330
10C
100
AcDbEntity
  8
G-axis
100
AcDbLine
 10
-107.6
 20
-48.800000000000004
 30
0.0
 11
92.80000000000001
 21
-48.800000000000004
 31
0.0
  0
HATCH
  5
148
330
10C
100
AcDbEntity
  8
G-bubble
 62
7
420
16777215
100
AcDbHatch
 10
0.0
 20
0.0
 30
0.0
210
0.0
220
0.0
230
1.0
  2
SOLID
 70
1
 71
0
 91
1
 92
1
 93
1
 72
2
 10
97.20000000000002
 20
-48.800000000000004
 40
4.4
 50
0.0
 51
360.0
 73
1
 97
0
 75
0
 76
1
 98
0
  0
CIRCLE
  5
149
330
10C
100
AcDbEntity
  8
G-bubble
100
AcDbCircle
 10
97.20000000000002
 20
-48.800000000000004
 30
0.0
 40
4.4
  0
TEXT
  5
14A
330
10C
100
AcDbEntity
  8
T-grid
 62
27
420
3355443
100
AcDbText
 10
97.20000000000002
 20
-50.00000000000001
 30
0.0
 40
2.5399999999999996
  1
4
  7
NEGRITA
 41
0.885
 72
1
 11
97.20000000000002
 21
-50.00000000000001
 31
0.0
100
AcDbText
  0
LINE
  5
14B
330
10C
100
AcDbEntity
  8
G-axis
100
AcDbLine
 10
-107.6
 20
-29.560000000000002
 30
0.0
 11
92.80000000000001
 21
-29.560000000000002
 31
0.0
  0
HATCH
  5
14C
330
10C
100
AcDbEntity
  8
G-bubble
 62
7
420
16777215
100
AcDbHatch
 10
0.0
 20
0.0
 30
0.0
210
0.0
220
0.0
230
1.0
  2
SOLID
 70
1
 71
0
 91
1
 92
1
 93
1
 72
2
 10
97.20000000000002
 20
-29.560000000000002
 40
4.4
 50
0.0
 51
360.0
 73
1
 97
0
 75
0
 76
1
 98
0
  0
CIRCLE
  5
14D
330
10C
100
AcDbEntity
  8
G-bubble
100
AcDbCircle
 10
97.20000000000002
 20
-29.560000000000002
 30
0.0
 40
4.4
  0
TEXT
  5
14E
330
10C
100
AcDbEntity
  8
T-grid
 62
27
420
3355443
100
AcDbText
 10
97.20000000000002
 20
-30.76
 30
0.0
 40
2.5399999999999996
  1
11
  7
NEGRITA
 41
0.885
 72
1
 11
97.20000000000002
 21
-30.76
 31
0.0
100
AcDbText
  0
LINE
  5
14F
330
10C
100
AcDbEntity
  8
G-axis
100
AcDbLine
 10
-107.6
 20
-10.306666666666672
 30
0.0
 11
92.80000000000001
 21
-10.306666666666672
 31
0.0
  0
HATCH
  5
150
330
10C
100
AcDbEntity
  8
G-bubble
 62
7
420
16777215
100
AcDbHatch
 10
0.0
 20
0.0
 30
0.0
210
0.0
220
0.0
230
1.0
  2
SOLID
 70
1
 71
0
 91
1
 92
1
 93
1
 72
2
 10
97.20000000000002
 20
-10.306666666666672
 40
4.4
 50
0.0
 51
360.0
 73
1
 97
0
 75
0
 76
1
 98
0
  0
CIRCLE
  5
151
330
10C
100
AcDbEntity
  8
G-bubble
100
AcDbCircle
 10
97.20000000000002
 20
-10.306666666666672
 30
0.0
 40
4.4
  0
TEXT
  5
152
330
10C
100
AcDbEntity
  8
T-grid
 62
27
420
3355443
100
AcDbText
 10
97.20000000000002
 20
-11.506666666666668
 30
0.0
 40
2.5399999999999996
  1
10
  7
NEGRITA
 41
0.885
 72
1
 11
97.20000000000002
 21
-11.506666666666668
 31
0.0
100
AcDbText
  0
LINE
  5
153
330
10C
100
AcDbEntity
  8
G-axis
100
AcDbLine
 10
-107.6
 20
8.93333333333333
 30
0.0
 11
92.80000000000001
 21
8.93333333333333
 31
0.0
  0
HATCH
  5
154
330
10C
100
AcDbEntity
  8
G-bubble
 62
7
420
16777215
100
AcDbHatch
 10
0.0
 20
0.0
 30
0.0
210
0.0
220
0.0
230
1.0
  2
SOLID
 70
1
 71
0
 91
1
 92
1
 93
1
 72
2
 10
97.20000000000002
 20
8.93333333333333
 40
4.4
 50
0.0
 51
360.0
 73
1
 97
0
 75
0
 76
1
 98
0
  0
CIRCLE
  5
155
330
10C
100
AcDbEntity
  8
G-bubble
100
AcDbCircle
 10
97.20000000000002
 20
8.93333333333333
 30
0.0
 40
4.4
  0
TEXT
  5
156
330
10C
100
AcDbEntity
  8
T-grid
 62
27
420
3355443
100
AcDbText
 10
97.20000000000002
 20
7.733333333333334
 30
0.0
 40
2.5399999999999996
  1
3
  7
NEGRITA
 41
0.885
 72
1
 11
97.20000000000002
 21
7.733333333333334
 31
0.0
100
AcDbText
  0
LINE
  5
157
330
10C
100
AcDbEntity
  8
G-axis
100
AcDbLine
 10
-107.6
 20
27.6
 30
0.0
 11
92.80000000000001
 21
27.6
 31
0.0
  0
HATCH
  5
158
330
10C
100
AcDbEntity
  8
G-bubble
 62
7
420
16777215
100
AcDbHatch
 10
0.0
 20
0.0
 30
0.0
210
0.0
220
0.0
230
1.0
  2
SOLID
 70
1
 71
0
 91
1
 92
1
 93
1
 72
2
 10
97.20000000000002
 20
27.6
 40
4.4
 50
0.0
 51
360.0
 73
1
 97
0
 75
0
 76
1
 98
0
  0
CIRCLE
  5
159
330
10C
100
AcDbEntity
  8
G-bubble
100
AcDbCircle
 10
97.20000000000002
 20
27.6
 30
0.0
 40
4.4
  0
TEXT
  5
15A
330
10C
100
AcDbEntity
  8
T-grid
 62
27
420
3355443
100
AcDbText
 10
97.20000000000002
 20
26.4
 30
0.0
 40
2.5399999999999996
  1
2
  7
NEGRITA
 41
0.885
 72
1
 11
97.20000000000002
 21
26.4
 31
0.0
100
AcDbText
  0
LINE
  5
15B
330
10C
100
AcDbEntity
  8
G-axis
100
AcDbLine
 10
-107.6
 20
81.19999999999999
 30
0.0
 11
92.80000000000001
 21
81.19999999999999
 31
0.0
  0
HATCH
  5
15C
330
10C
100
AcDbEntity
  8
G-bubble
 62
7
420
16777215
100
AcDbHatch
 10
0.0
 20
0.0
 30
0.0
210
0.0
220
0.0
230
1.0
  2
SOLID
 70
1
 71
0
 91
1
 92
1
 93
1
 72
2
 10
97.20000000000002
 20
81.19999999999999
 40
4.4
 50
0.0
 51
360.0
 73
1
 97
0
 75
0
 76
1
 98
0
  0
CIRCLE
  5
15D
330
10C
100
AcDbEntity
  8
G-bubble
100
AcDbCircle
 10
97.20000000000002
 20
81.19999999999999
 30
0.0
 40
4.4
  0
TEXT
  5
15E
330
10C
100
AcDbEntity
  8
T-grid
 62
27
420
3355443
100
AcDbText
 10
97.20000000000002
 20
80.0
 30
0.0
 40
2.5399999999999996
  1
1
  7
NEGRITA
 41
0.885
 72
1
 11
97.20000000000002
 21
80.0
 31
0.0
100
AcDbText
  0
HATCH
  5
15F
330
10C
100
AcDbEntity
  8
G-beam
 62
7
420
15984595
100
AcDbHatch
 10
0.0
 20
0.0
 30
0.0
210
0.0
220
0.0
230
1.0
  2
SOLID
 70
1
 71
0
 91
1
 92
3
 72
0
 73
1
 93
4
 10
-87.33333333333334
 20
-50.800000000000004
 10
63.86666666666667
 20
-50.800000000000004
 10
63.86666666666667
 20
-46.800000000000004
 10
-87.33333333333334
 20
-46.800000000000004
 97
0
 75
0
 76
1
 98
0
  0
LWPOLYLINE
  5
160
330
10C
100
AcDbEntity
  8
G-beam
100
AcDbPolyline
 90
4
 70
1
 10
-87.33333333333334
 20
-50.800000000000004
 10
63.86666666666667
 20
-50.800000000000004
 10
63.86666666666667
 20
-46.800000000000004
 10
-87.33333333333334
 20
-46.800000000000004
  0
HATCH
  5
161
330
10C
100
AcDbEntity
  8
G-beam
 62
7
420
15984595
100
AcDbHatch
 10
0.0
 20
0.0
 30
0.0
210
0.0
220
0.0
230
1.0
  2
SOLID
 70
1
 71
0
 91
1
 92
3
 72
0
 73
1
 93
4
 10
-91.0045811965812
 20
6.93333333333333
 10
63.86666666666667
 20
6.93333333333333
 10
63.86666666666667
 20
10.93333333333333
 10
-91.0045811965812
 20
10.93333333333333
 97
0
 75
0
 76
1
 98
0
  0
LWPOLYLINE
  5
162
330
10C
100
AcDbEntity
  8
G-beam
100
AcDbPolyline
 90
4
 70
1
 10
-91.0045811965812
 20
6.93333333333333
 10
63.86666666666667
 20
6.93333333333333
 10
63.86666666666667
 20
10.93333333333333
 10
-91.0045811965812
 20
10.93333333333333
  0
HATCH
  5
163
330
10C
100
AcDbEntity
  8
G-beam
 62
7
420
15984595
100
AcDbHatch
 10
0.0
 20
0.0
 30
0.0
210
0.0
220
0.0
230
1.0
  2
SOLID
 70
1
 71
0
 91
1
 92
3
 72
0
 73
1
 93
4
 10
-92.19158974358974
 20
25.6
 10
63.86666666666667
 20
25.6
 10
63.86666666666667
 20
29.6
 10
-92.19158974358974
 20
29.6
 97
0
 75
0
 76
1
 98
0
  0
LWPOLYLINE
  5
164
330
10C
100
AcDbEntity
  8
G-beam
100
AcDbPolyline
 90
4
 70
1
 10
-92.19158974358974
 20
25.6
 10
63.86666666666667
 20
25.6
 10
63.86666666666667
 20
29.6
 10
-92.19158974358974
 20
29.6
  0
HATCH
  5
165
330
10C
100
AcDbEntity
  8
G-beam
 62
7
420
15984595
100
AcDbHatch
 10
0.0
 20
0.0
 30
0.0
210
0.0
220
0.0
230
1.0
  2
SOLID
 70
1
 71
0
 91
1
 92
3
 72
0
 73
1
 93
4
 10
-95.6
 20
79.19999999999999
 10
63.86666666666667
 20
79.19999999999999
 10
63.86666666666667
 20
83.19999999999999
 10
-95.6
 20
83.19999999999999
 97
0
 75
0
 76
1
 98
0
  0
LWPOLYLINE
  5
166
330
10C
100
AcDbEntity
  8
G-beam
100
AcDbPolyline
 90
4
 70
1
 10
-95.6
 20
79.19999999999999
 10
63.86666666666667
 20
79.19999999999999
 10
63.86666666666667
 20
83.19999999999999
 10
-95.6
 20
83.19999999999999
  0
HATCH
  5
167
330
10C
100
AcDbEntity
  8
G-beam
 62
7
420
15984595
100
AcDbHatch
 10
0.0
 20
0.0
 30
0.0
210
0.0
220
0.0
230
1.0
  2
SOLID
 70
1
 71
0
 91
1
 92
3
 72
0
 73
1
 93
4
 10
-89.33333333333334
 20
-48.800000000000004
 10
-97.6
 20
81.19999999999999
 10
-93.60000000000001
 20
81.19999999999999
 10
-85.33333333333334
 20
-48.800000000000004
 97
0
 75
0
 76
1
 98
0
  0
LWPOLYLINE
  5
168
330
10C
100
AcDbEntity
  8
G-beam
100
AcDbPolyline
 90
4
 70
1
 10
-89.33333333333334
 20
-48.800000000000004
 10
-97.6
 20
81.19999999999999
 10
-93.60000000000001
 20
81.19999999999999
 10
-85.33333333333334
 20
-48.800000000000004
  0
HATCH
  5
169
330
10C
100
AcDbEntity
  8
G-beam
 62
7
420
15984595
100
AcDbHatch
 10
0.0
 20
0.0
 30
0.0
210
0.0
220
0.0
230
1.0
  2
SOLID
 70
1
 71
0
 91
1
 92
3
 72
0
 73
1
 93
4
 10
-65.6
 20
-48.800000000000004
 10
-61.6
 20
-48.800000000000004
 10
-61.6
 20
81.19999999999999
 10
-65.6
 20
81.19999999999999
 97
0
 75
0
 76
1
 98
0
  0
LWPOLYLINE
  5
16A
330
10C
100
AcDbEntity
  8
G-beam
100
AcDbPolyline
 90
4
 70
1
 10
-65.6
 20
-48.800000000000004
 10
-61.6
 20
-48.800000000000004
 10
-61.6
 20
81.19999999999999
 10
-65.6
 20
81.19999999999999
  0
HATCH
  5
16B
330
10C
100
AcDbEntity
  8
G-beam
 62
7
420
15984595
100
AcDbHatch
 10
0.0
 20
0.0
 30
0.0
210
0.0
220
0.0
230
1.0
  2
SOLID
 70
1
 71
0
 91
1
 92
3
 72
0
 73
1
 93
4
 10
-1.8666666666666671
 20
-48.800000000000004
 10
2.133333333333333
 20
-48.800000000000004
 10
2.133333333333333
 20
81.19999999999999
 10
-1.8666666666666671
 20
81.19999999999999
 97
0
 75
0
 76
1
 98
0
  0
LWPOLYLINE
  5
16C
330
10C
100
AcDbEntity
  8
G-beam
100
AcDbPolyline
 90
4
 70
1
 10
-1.8666666666666671
 20
-48.800000000000004
 10
2.133333333333333
 20
-48.800000000000004
 10
2.133333333333333
 20
81.19999999999999
 10
-1.8666666666666671
 20
81.19999999999999
  0
HATCH
  5
16D
330
10C
100
AcDbEntity
  8
G-beam
 62
7
420
15984595
100
AcDbHatch
 10
0.0
 20
0.0
 30
0.0
210
0.0
220
0.0
230
1.0
  2
SOLID
 70
1
 71
0
 91
1
 92
3
 72
0
 73
1
 93
4
 10
61.86666666666667
 20
-48.800000000000004
 10
65.86666666666667
 20
-48.800000000000004
 10
65.86666666666667
 20
81.19999999999999
 10
61.86666666666667
 20
81.19999999999999
 97
0
 75
0
 76
1
 98
0
  0
LWPOLYLINE
  5
16E
330
10C
100
AcDbEntity
  8
G-beam
100
AcDbPolyline
 90
4
 70
1
 10
61.86666666666667
 20
-48.800000000000004
 10
65.86666666666667
 20
-48.800000000000004
 10
65.86666666666667
 20
81.19999999999999
 10
61.86666666666667
 20
81.19999999999999
  0
LINE
  5
16F
330
10C
100
AcDbEntity
  8
G-r_tieS
100
AcDbLine
 10
62.26666666666667
 20
-44.226666666666674
 30
0.0
 11
65.46666666666667
 21
-44.226666666666674
 31
0.0
  0
LINE
  5
170
330
10C
100
AcDbEntity
  8
G-r_tieS
100
AcDbLine
 10
62.26666666666667
 20
-42.760000000000005
 30
0.0
 11
65.46666666666667
 21
-42.760000000000005
 31
0.0
  0
LINE
  5
171
330
10C
100
AcDbEntity
  8
G-r_tieS
100
AcDbLine
 10
62.26666666666667
 20
-41.29333333333334
 30
0.0
 11
65.46666666666667
 21
-41.29333333333334
 31
0.0
  0
LINE
  5
172
330
10C
100
AcDbEntity
  8
G-r_tieS
100
AcDbLine
 10
62.26666666666667
 20
-39.82666666666667
 30
0.0
 11
65.46666666666667
 21
-39.82666666666667
 31
0.0
  0
LINE
  5
173
330
10C
100
AcDbEntity
  8
G-r_tieS
100
AcDbLine
 10
62.26666666666667
 20
-38.36
 30
0.0
 11
65.46666666666667
 21
-38.36
 31
0.0
  0
LINE
  5
174
330
10C
100
AcDbEntity
  8
G-r_tieS
100
AcDbLine
 10
62.26666666666667
 20
-36.89333333333334
 30
0.0
 11
65.46666666666667
 21
-36.89333333333334
 31
0.0
  0
LINE
  5
175
330
10C
100
AcDbEntity
  8
G-r_tieS
100
AcDbLine
 10
62.26666666666667
 20
-35.42666666666667
 30
0.0
 11
65.46666666666667
 21
-35.42666666666667
 31
0.0
  0
LINE
  5
176
330
10C
100
AcDbEntity
  8
G-r_tieS
100
AcDbLine
 10
62.26666666666667
 20
-33.96
 30
0.0
 11
65.46666666666667
 21
-33.96
 31
0.0
  0
LINE
  5
177
330
10C
100
AcDbEntity
  8
G-r_tieS
100
AcDbLine
 10
62.26666666666667
 20
-32.49333333333334
 30
0.0
 11
65.46666666666667
 21
-32.49333333333334
 31
0.0
  0
LINE
  5
178
330
10C
100
AcDbEntity
  8
G-r_tieS
100
AcDbLine
 10
62.26666666666667
 20
-31.02666666666667
 30
0.0
 11
65.46666666666667
 21
-31.02666666666667
 31
0.0
  0
LINE
  5
179
330
10C
100
AcDbEntity
  8
G-r_tieS
100
AcDbLine
 10
62.26666666666667
 20
-29.560000000000002
 30
0.0
 11
65.46666666666667
 21
-29.560000000000002
 31
0.0
  0
LINE
  5
17A
330
10C
100
AcDbEntity
  8
G-r_tieS
100
AcDbLine
 10
62.26666666666667
 20
-28.973333333333336
 30
0.0
 11
65.46666666666667
 21
-28.973333333333336
 31
0.0
  0
LINE
  5
17B
330
10C
100
AcDbEntity
  8
G-r_tieS
100
AcDbLine
 10
62.26666666666667
 20
-27.10666666666667
 30
0.0
 11
65.46666666666667
 21
-27.10666666666667
 31
0.0
  0
LINE
  5
17C
330
10C
100
AcDbEntity
  8
G-r_tieS
100
AcDbLine
 10
62.26666666666667
 20
-25.240000000000002
 30
0.0
 11
65.46666666666667
 21
-25.240000000000002
 31
0.0
  0
LINE
  5
17D
330
10C
100
AcDbEntity
  8
G-r_tieS
100
AcDbLine
 10
62.26666666666667
 20
-23.373333333333335
 30
0.0
 11
65.46666666666667
 21
-23.373333333333335
 31
0.0
  0
LINE
  5
17E
330
10C
100
AcDbEntity
  8
G-r_tieS
100
AcDbLine
 10
62.26666666666667
 20
-21.506666666666668
 30
0.0
 11
65.46666666666667
 21
-21.506666666666668
 31
0.0
  0
LINE
  5
17F
330
10C
100
AcDbEntity
  8
G-r_tieS
100
AcDbLine
 10
62.26666666666667
 20
-19.640000000000004
 30
0.0
 11
65.46666666666667
 21
-19.640000000000004
 31
0.0
  0
LINE
  5
180
330
10C
100
AcDbEntity
  8
G-r_tieS
100
AcDbLine
 10
62.26666666666667
 20
-17.773333333333337
 30
0.0
 11
65.46666666666667
 21
-17.773333333333337
 31
0.0
  0
LINE
  5
181
330
10C
100
AcDbEntity
  8
G-r_tieS
100
AcDbLine
 10
62.26666666666667
 20
-15.906666666666666
 30
0.0
 11
65.46666666666667
 21
-15.906666666666666
 31
0.0
  0
LINE
  5
182
330
10C
100
AcDbEntity
  8
G-r_tieS
100
AcDbLine
 10
62.26666666666667
 20
-14.04
 30
0.0
 11
65.46666666666667
 21
-14.04
 31
0.0
  0
LINE
  5
183
330
10C
100
AcDbEntity
  8
G-r_tieS
100
AcDbLine
 10
62.26666666666667
 20
-12.173333333333332
 30
0.0
 11
65.46666666666667
 21
-12.173333333333332
 31
0.0
  0
LINE
  5
184
330
10C
100
AcDbEntity
  8
G-r_tieS
100
AcDbLine
 10
62.26666666666667
 20
-10.306666666666672
 30
0.0
 11
65.46666666666667
 21
-10.306666666666672
 31
0.0
  0
LINE
  5
185
330
10C
100
AcDbEntity
  8
G-r_tieS
100
AcDbLine
 10
62.26666666666667
 20
-9.06666666666667
 30
0.0
 11
65.46666666666667
 21
-9.06666666666667
 31
0.0
  0
LINE
  5
186
330
10C
100
AcDbEntity
  8
G-r_tieS
100
AcDbLine
 10
62.26666666666667
 20
-7.600000000000001
 30
0.0
 11
65.46666666666667
 21
-7.600000000000001
 31
0.0
  0
LINE
  5
187
330
10C
100
AcDbEntity
  8
G-r_tieS
100
AcDbLine
 10
62.26666666666667
 20
-6.133333333333333
 30
0.0
 11
65.46666666666667
 21
-6.133333333333333
 31
0.0
  0
LINE
  5
188
330
10C
100
AcDbEntity
  8
G-r_tieS
100
AcDbLine
 10
62.26666666666667
 20
-4.666666666666671
 30
0.0
 11
65.46666666666667
 21
-4.666666666666671
 31
0.0
  0
LINE
  5
189
330
10C
100
AcDbEntity
  8
G-r_tieS
100
AcDbLine
 10
62.26666666666667
 20
-3.200000000000003
 30
0.0
 11
65.46666666666667
 21
-3.200000000000003
 31
0.0
  0
LINE
  5
18A
330
10C
100
AcDbEntity
  8
G-r_tieS
100
AcDbLine
 10
62.26666666666667
 20
-1.7333333333333343
 30
0.0
 11
65.46666666666667
 21
-1.7333333333333343
 31
0.0
  0
LINE
  5
18B
330
10C
100
AcDbEntity
  8
G-r_tieS
100
AcDbLine
 10
62.26666666666667
 20
-0.2666666666666657
 30
0.0
 11
65.46666666666667
 21
-0.2666666666666657
 31
0.0
  0
LINE
  5
18C
330
10C
100
AcDbEntity
  8
G-r_tieS
100
AcDbLine
 10
62.26666666666667
 20
1.1999999999999957
 30
0.0
 11
65.46666666666667
 21
1.1999999999999957
 31
0.0
  0
LINE
  5
18D
330
10C
100
AcDbEntity
  8
G-r_tieS
100
AcDbLine
 10
62.26666666666667
 20
2.6666666666666643
 30
0.0
 11
65.46666666666667
 21
2.6666666666666643
 31
0.0
  0
LINE
  5
18E
330
10C
100
AcDbEntity
  8
G-r_tieS
100
AcDbLine
 10
62.26666666666667
 20
4.133333333333333
 30
0.0
 11
65.46666666666667
 21
4.133333333333333
 31
0.0
  0
LINE
  5
18F
330
10C
100
AcDbEntity
  8
G-r_tieS
100
AcDbLine
 10
62.26666666666667
 20
5.600000000000001
 30
0.0
 11
65.46666666666667
 21
5.600000000000001
 31
0.0
  0
HATCH
  5
190
330
10C
100
AcDbEntity
  8
G-tab
 62
7
420
16107115
100
AcDbHatch
 10
0.0
 20
0.0
 30
0.0
210
0.0
220
0.0
230
1.0
  2
SOLID
 70
1
 71
0
 91
1
 92
3
 72
0
 73
1
 93
4
 10
-88.55680000000001
 20
-30.22666666666667
 10
80.80000000000001
 20
-30.22666666666667
 10
80.80000000000001
 20
-28.893333333333338
 10
-88.55680000000001
 20
-28.893333333333338
 97
0
 75
0
 76
1
 98
0
  0
LWPOLYLINE
  5
191
330
10C
100
AcDbEntity
  8
G-tab
100
AcDbPolyline
 90
4
 70
1
 10
-88.55680000000001
 20
-30.22666666666667
 10
80.80000000000001
 20
-30.22666666666667
 10
80.80000000000001
 20
-28.893333333333338
 10
-88.55680000000001
 20
-28.893333333333338
  0
HATCH
  5
192
330
10C
100
AcDbEntity
  8
G-tab
 62
7
420
16107115
100
AcDbHatch
 10
0.0
 20
0.0
 30
0.0
210
0.0
220
0.0
230
1.0
  2
SOLID
 70
1
 71
0
 91
1
 92
3
 72
0
 73
1
 93
4
 10
-89.78111452991453
 20
-10.973333333333336
 10
80.80000000000001
 20
-10.973333333333336
 10
80.80000000000001
 20
-9.64
 10
-89.78111452991453
 20
-9.64
 97
0
 75
0
 76
1
 98
0
  0
LWPOLYLINE
  5
193
330
10C
100
AcDbEntity
  8
G-tab
100
AcDbPolyline
 90
4
 70
1
 10
-89.78111452991453
 20
-10.973333333333336
 10
80.80000000000001
 20
-10.973333333333336
 10
80.80000000000001
 20
-9.64
 10
-89.78111452991453
 20
-9.64
  0
HATCH
  5
194
330
10C
100
AcDbEntity
  8
G-tab
 62
7
420
16107115
100
AcDbHatch
 10
0.0
 20
0.0
 30
0.0
210
0.0
220
0.0
230
1.0
  2
SOLID
 70
1
 71
0
 91
1
 92
3
 72
0
 73
1
 93
4
 10
-32.4
 20
-65.73333333333333
 10
-31.066666666666663
 20
-65.73333333333333
 10
-31.066666666666663
 20
-29.560000000000002
 10
-32.4
 20
-29.560000000000002
 97
0
 75
0
 76
1
 98
0
  0
LWPOLYLINE
  5
195
330
10C
100
AcDbEntity
  8
G-tab
100
AcDbPolyline
 90
4
 70
1
 10
-32.4
 20
-65.73333333333333
 10
-31.066666666666663
 20
-65.73333333333333
 10
-31.066666666666663
 20
-29.560000000000002
 10
-32.4
 20
-29.560000000000002
  0
HATCH
  5
196
330
10C
100
AcDbEntity
  8
G-tab
 62
7
420
16107115
100
AcDbHatch
 10
0.0
 20
0.0
 30
0.0
210
0.0
220
0.0
230
1.0
  2
SOLID
 70
1
 71
0
 91
1
 92
3
 72
0
 73
1
 93
4
 10
31.333333333333336
 20
-65.73333333333333
 10
32.66666666666668
 20
-65.73333333333333
 10
32.66666666666668
 20
-29.560000000000002
 10
31.333333333333336
 20
-29.560000000000002
 97
0
 75
0
 76
1
 98
0
  0
LWPOLYLINE
  5
197
330
10C
100
AcDbEntity
  8
G-tab
100
AcDbPolyline
 90
4
 70
1
 10
31.333333333333336
 20
-65.73333333333333
 10
32.66666666666668
 20
-65.73333333333333
 10
32.66666666666668
 20
-29.560000000000002
 10
31.333333333333336
 20
-29.560000000000002
  0
HATCH
  5
198
330
10C
100
AcDbEntity
  8
G-column
 62
7
420
12434877
100
AcDbHatch
 10
0.0
 20
0.0
 30
0.0
210
0.0
220
0.0
230
1.0
  2
SOLID
 70
1
 71
0
 91
1
 92
3
 72
0
 73
1
 93
4
 10
-90.0
 20
-51.46666666666667
 10
-84.66666666666667
 20
-51.46666666666667
 10
-84.66666666666667
 20
-46.13333333333334
 10
-90.0
 20
-46.13333333333334
 97
0
 75
0
 76
1
 98
0
  0
LWPOLYLINE
  5
199
330
10C
100
AcDbEntity
  8
G-column
100
AcDbPolyline
 90
4
 70
1
 10
-90.0
 20
-51.46666666666667
 10
-84.66666666666667
 20
-51.46666666666667
 10
-84.66666666666667
 20
-46.13333333333334
 10
-90.0
 20
-46.13333333333334
  0
HATCH
  5
19A
330
10C
100
AcDbEntity
  8
G-column
 62
7
420
12434877
100
AcDbHatch
 10
0.0
 20
0.0
 30
0.0
210
0.0
220
0.0
230
1.0
  2
SOLID
 70
1
 71
0
 91
1
 92
3
 72
0
 73
1
 93
4
 10
-66.26666666666667
 20
-51.46666666666667
 10
-60.93333333333334
 20
-51.46666666666667
 10
-60.93333333333334
 20
-46.13333333333334
 10
-66.26666666666667
 20
-46.13333333333334
 97
0
 75
0
 76
1
 98
0
  0
LWPOLYLINE
  5
19B
330
10C
100
AcDbEntity
  8
G-column
100
AcDbPolyline
 90
4
 70
1
 10
-66.26666666666667
 20
-51.46666666666667
 10
-60.93333333333334
 20
-51.46666666666667
 10
-60.93333333333334
 20
-46.13333333333334
 10
-66.26666666666667
 20
-46.13333333333334
  0
HATCH
  5
19C
330
10C
100
AcDbEntity
  8
G-column
 62
7
420
12434877
100
AcDbHatch
 10
0.0
 20
0.0
 30
0.0
210
0.0
220
0.0
230
1.0
  2
SOLID
 70
1
 71
0
 91
1
 92
3
 72
0
 73
1
 93
4
 10
-2.5333333333333314
 20
-51.46666666666667
 10
2.8000000000000043
 20
-51.46666666666667
 10
2.8000000000000043
 20
-46.13333333333334
 10
-2.5333333333333314
 20
-46.13333333333334
 97
0
 75
0
 76
1
 98
0
  0
LWPOLYLINE
  5
19D
330
10C
100
AcDbEntity
  8
G-column
100
AcDbPolyline
 90
4
 70
1
 10
-2.5333333333333314
 20
-51.46666666666667
 10
2.8000000000000043
 20
-51.46666666666667
 10
2.8000000000000043
 20
-46.13333333333334
 10
-2.5333333333333314
 20
-46.13333333333334
  0
HATCH
  5
19E
330
10C
100
AcDbEntity
  8
G-column
 62
7
420
12434877
100
AcDbHatch
 10
0.0
 20
0.0
 30
0.0
210
0.0
220
0.0
230
1.0
  2
SOLID
 70
1
 71
0
 91
1
 92
3
 72
0
 73
1
 93
4
 10
61.20000000000001
 20
-51.46666666666667
 10
66.53333333333336
 20
-51.46666666666667
 10
66.53333333333336
 20
-46.13333333333334
 10
61.20000000000001
 20
-46.13333333333334
 97
0
 75
0
 76
1
 98
0
  0
LWPOLYLINE
  5
19F
330
10C
100
AcDbEntity
  8
G-column
100
AcDbPolyline
 90
4
 70
1
 10
61.20000000000001
 20
-51.46666666666667
 10
66.53333333333336
 20
-51.46666666666667
 10
66.53333333333336
 20
-46.13333333333334
 10
61.20000000000001
 20
-46.13333333333334
  0
HATCH
  5
1A0
330
10C
100
AcDbEntity
  8
G-column
 62
7
420
12434877
100
AcDbHatch
 10
0.0
 20
0.0
 30
0.0
210
0.0
220
0.0
230
1.0
  2
SOLID
 70
1
 71
0
 91
1
 92
3
 72
0
 73
1
 93
4
 10
-93.67124786324787
 20
6.266666666666666
 10
-88.33791452991453
 20
6.266666666666666
 10
-88.33791452991453
 20
11.600000000000001
 10
-93.67124786324787
 20
11.600000000000001
 97
0
 75
0
 76
1
 98
0
  0
LWPOLYLINE
  5
1A1
330
10C
100
AcDbEntity
  8
G-column
100
AcDbPolyline
 90
4
 70
1
 10
-93.67124786324787
 20
6.266666666666666
 10
-88.33791452991453
 20
6.266666666666666
 10
-88.33791452991453
 20
11.600000000000001
 10
-93.67124786324787
 20
11.600000000000001
  0
HATCH
  5
1A2
330
10C
100
AcDbEntity
  8
G-column
 62
7
420
12434877
100
AcDbHatch
 10
0.0
 20
0.0
 30
0.0
210
0.0
220
0.0
230
1.0
  2
SOLID
 70
1
 71
0
 91
1
 92
3
 72
0
 73
1
 93
4
 10
-66.26666666666667
 20
6.266666666666666
 10
-60.93333333333334
 20
6.266666666666666
 10
-60.93333333333334
 20
11.600000000000001
 10
-66.26666666666667
 20
11.600000000000001
 97
0
 75
0
 76
1
 98
0
  0
LWPOLYLINE
  5
1A3
330
10C
100
AcDbEntity
  8
G-column
100
AcDbPolyline
 90
4
 70
1
 10
-66.26666666666667
 20
6.266666666666666
 10
-60.93333333333334
 20
6.266666666666666
 10
-60.93333333333334
 20
11.600000000000001
 10
-66.26666666666667
 20
11.600000000000001
  0
HATCH
  5
1A4
330
10C
100
AcDbEntity
  8
G-column
 62
7
420
12434877
100
AcDbHatch
 10
0.0
 20
0.0
 30
0.0
210
0.0
220
0.0
230
1.0
  2
SOLID
 70
1
 71
0
 91
1
 92
3
 72
0
 73
1
 93
4
 10
-2.5333333333333314
 20
6.266666666666666
 10
2.8000000000000043
 20
6.266666666666666
 10
2.8000000000000043
 20
11.600000000000001
 10
-2.5333333333333314
 20
11.600000000000001
 97
0
 75
0
 76
1
 98
0
  0
LWPOLYLINE
  5
1A5
330
10C
100
AcDbEntity
  8
G-column
100
AcDbPolyline
 90
4
 70
1
 10
-2.5333333333333314
 20
6.266666666666666
 10
2.8000000000000043
 20
6.266666666666666
 10
2.8000000000000043
 20
11.600000000000001
 10
-2.5333333333333314
 20
11.600000000000001
  0
HATCH
  5
1A6
330
10C
100
AcDbEntity
  8
G-column
 62
7
420
12434877
100
AcDbHatch
 10
0.0
 20
0.0
 30
0.0
210
0.0
220
0.0
230
1.0
  2
SOLID
 70
1
 71
0
 91
1
 92
3
 72
0
 73
1
 93
4
 10
61.20000000000001
 20
6.266666666666666
 10
66.53333333333336
 20
6.266666666666666
 10
66.53333333333336
 20
11.600000000000001
 10
61.20000000000001
 20
11.600000000000001
 97
0
 75
0
 76
1
 98
0
  0
LWPOLYLINE
  5
1A7
330
10C
100
AcDbEntity
  8
G-column
100
AcDbPolyline
 90
4
 70
1
 10
61.20000000000001
 20
6.266666666666666
 10
66.53333333333336
 20
6.266666666666666
 10
66.53333333333336
 20
11.600000000000001
 10
61.20000000000001
 20
11.600000000000001
  0
HATCH
  5
1A8
330
10C
100
AcDbEntity
  8
G-column
 62
7
420
12434877
100
AcDbHatch
 10
0.0
 20
0.0
 30
0.0
210
0.0
220
0.0
230
1.0
  2
SOLID
 70
1
 71
0
 91
1
 92
3
 72
0
 73
1
 93
4
 10
-94.85825641025642
 20
24.93333333333333
 10
-89.52492307692307
 20
24.93333333333333
 10
-89.52492307692307
 20
30.266666666666673
 10
-94.85825641025642
 20
30.266666666666673
 97
0
 75
0
 76
1
 98
0
  0
LWPOLYLINE
  5
1A9
330
10C
100
AcDbEntity
  8
G-column
100
AcDbPolyline
 90
4
 70
1
 10
-94.85825641025642
 20
24.93333333333333
 10
-89.52492307692307
 20
24.93333333333333
 10
-89.52492307692307
 20
30.266666666666673
 10
-94.85825641025642
 20
30.266666666666673
  0
HATCH
  5
1AA
330
10C
100
AcDbEntity
  8
G-column
 62
7
420
12434877
100
AcDbHatch
 10
0.0
 20
0.0
 30
0.0
210
0.0
220
0.0
230
1.0
  2
SOLID
 70
1
 71
0
 91
1
 92
3
 72
0
 73
1
 93
4
 10
-66.26666666666667
 20
24.93333333333333
 10
-60.93333333333334
 20
24.93333333333333
 10
-60.93333333333334
 20
30.266666666666673
 10
-66.26666666666667
 20
30.266666666666673
 97
0
 75
0
 76
1
 98
0
  0
LWPOLYLINE
  5
1AB
330
10C
100
AcDbEntity
  8
G-column
100
AcDbPolyline
 90
4
 70
1
 10
-66.26666666666667
 20
24.93333333333333
 10
-60.93333333333334
 20
24.93333333333333
 10
-60.93333333333334
 20
30.266666666666673
 10
-66.26666666666667
 20
30.266666666666673
  0
HATCH
  5
1AC
330
10C
100
AcDbEntity
  8
G-column
 62
7
420
12434877
100
AcDbHatch
 10
0.0
 20
0.0
 30
0.0
210
0.0
220
0.0
230
1.0
  2
SOLID
 70
1
 71
0
 91
1
 92
3
 72
0
 73
1
 93
4
 10
-2.5333333333333314
 20
24.93333333333333
 10
2.8000000000000043
 20
24.93333333333333
 10
2.8000000000000043
 20
30.266666666666673
 10
-2.5333333333333314
 20
30.266666666666673
 97
0
 75
0
 76
1
 98
0
  0
LWPOLYLINE
  5
1AD
330
10C
100
AcDbEntity
  8
G-column
100
AcDbPolyline
 90
4
 70
1
 10
-2.5333333333333314
 20
24.93333333333333
 10
2.8000000000000043
 20
24.93333333333333
 10
2.8000000000000043
 20
30.266666666666673
 10
-2.5333333333333314
 20
30.266666666666673
  0
HATCH
  5
1AE
330
10C
100
AcDbEntity
  8
G-column
 62
7
420
12434877
100
AcDbHatch
 10
0.0
 20
0.0
 30
0.0
210
0.0
220
0.0
230
1.0
  2
SOLID
 70
1
 71
0
 91
1
 92
3
 72
0
 73
1
 93
4
 10
61.20000000000001
 20
24.93333333333333
 10
66.53333333333336
 20
24.93333333333333
 10
66.53333333333336
 20
30.266666666666673
 10
61.20000000000001
 20
30.266666666666673
 97
0
 75
0
 76
1
 98
0
  0
LWPOLYLINE
  5
1AF
330
10C
100
AcDbEntity
  8
G-column
100
AcDbPolyline
 90
4
 70
1
 10
61.20000000000001
 20
24.93333333333333
 10
66.53333333333336
 20
24.93333333333333
 10
66.53333333333336
 20
30.266666666666673
 10
61.20000000000001
 20
30.266666666666673
  0
HATCH
  5
1B0
330
10C
100
AcDbEntity
  8
G-column
 62
7
420
12434877
100
AcDbHatch
 10
0.0
 20
0.0
 30
0.0
210
0.0
220
0.0
230
1.0
  2
SOLID
 70
1
 71
0
 91
1
 92
3
 72
0
 73
1
 93
4
 10
-98.26666666666668
 20
78.53333333333333
 10
-92.93333333333334
 20
78.53333333333333
 10
-92.93333333333334
 20
83.86666666666667
 10
-98.26666666666668
 20
83.86666666666667
 97
0
 75
0
 76
1
 98
0
  0
LWPOLYLINE
  5
1B1
330
10C
100
AcDbEntity
  8
G-column
100
AcDbPolyline
 90
4
 70
1
 10
-98.26666666666668
 20
78.53333333333333
 10
-92.93333333333334
 20
78.53333333333333
 10
-92.93333333333334
 20
83.86666666666667
 10
-98.26666666666668
 20
83.86666666666667
  0
HATCH
  5
1B2
330
10C
100
AcDbEntity
  8
G-column
 62
7
420
12434877
100
AcDbHatch
 10
0.0
 20
0.0
 30
0.0
210
0.0
220
0.0
230
1.0
  2
SOLID
 70
1
 71
0
 91
1
 92
3
 72
0
 73
1
 93
4
 10
-66.26666666666667
 20
78.53333333333333
 10
-60.93333333333334
 20
78.53333333333333
 10
-60.93333333333334
 20
83.86666666666667
 10
-66.26666666666667
 20
83.86666666666667
 97
0
 75
0
 76
1
 98
0
  0
LWPOLYLINE
  5
1B3
330
10C
100
AcDbEntity
  8
G-column
100
AcDbPolyline
 90
4
 70
1
 10
-66.26666666666667
 20
78.53333333333333
 10
-60.93333333333334
 20
78.53333333333333
 10
-60.93333333333334
 20
83.86666666666667
 10
-66.26666666666667
 20
83.86666666666667
  0
HATCH
  5
1B4
330
10C
100
AcDbEntity
  8
G-column
 62
7
420
12434877
100
AcDbHatch
 10
0.0
 20
0.0
 30
0.0
210
0.0
220
0.0
230
1.0
  2
SOLID
 70
1
 71
0
 91
1
 92
3
 72
0
 73
1
 93
4
 10
-2.5333333333333314
 20
78.53333333333333
 10
2.8000000000000043
 20
78.53333333333333
 10
2.8000000000000043
 20
83.86666666666667
 10
-2.5333333333333314
 20
83.86666666666667
 97
0
 75
0
 76
1
 98
0
  0
LWPOLYLINE
  5
1B5
330
10C
100
AcDbEntity
  8
G-column
100
AcDbPolyline
 90
4
 70
1
 10
-2.5333333333333314
 20
78.53333333333333
 10
2.8000000000000043
 20
78.53333333333333
 10
2.8000000000000043
 20
83.86666666666667
 10
-2.5333333333333314
 20
83.86666666666667
  0
HATCH
  5
1B6
330
10C
100
AcDbEntity
  8
G-column
 62
7
420
12434877
100
AcDbHatch
 10
0.0
 20
0.0
 30
0.0
210
0.0
220
0.0
230
1.0
  2
SOLID
 70
1
 71
0
 91
1
 92
3
 72
0
 73
1
 93
4
 10
61.20000000000001
 20
78.53333333333333
 10
66.53333333333336
 20
78.53333333333333
 10
66.53333333333336
 20
83.86666666666667
 10
61.20000000000001
 20
83.86666666666667
 97
0
 75
0
 76
1
 98
0
  0
LWPOLYLINE
  5
1B7
330
10C
100
AcDbEntity
  8
G-column
100
AcDbPolyline
 90
4
 70
1
 10
61.20000000000001
 20
78.53333333333333
 10
66.53333333333336
 20
78.53333333333333
 10
66.53333333333336
 20
83.86666666666667
 10
61.20000000000001
 20
83.86666666666667
  0
HATCH
  5
1B8
330
10C
100
AcDbEntity
  8
G-plate
 62
7
420
13229554
100
AcDbHatch
 10
0.0
 20
0.0
 30
0.0
210
0.0
220
0.0
230
1.0
  2
SOLID
 70
1
 71
0
 91
1
 92
3
 72
0
 73
1
 93
4
 10
-64.4
 20
-65.73333333333333
 10
-62.800000000000004
 20
-65.73333333333333
 10
-62.800000000000004
 20
-51.46666666666667
 10
-64.4
 20
-51.46666666666667
 97
0
 75
0
 76
1
 98
0
  0
LWPOLYLINE
  5
1B9
330
10C
100
AcDbEntity
  8
G-plate
100
AcDbPolyline
 90
4
 70
1
 10
-64.4
 20
-65.73333333333333
 10
-62.800000000000004
 20
-65.73333333333333
 10
-62.800000000000004
 20
-51.46666666666667
 10
-64.4
 20
-51.46666666666667
  0
HATCH
  5
1BA
330
10C
100
AcDbEntity
  8
G-plate
 62
7
420
13229554
100
AcDbHatch
 10
0.0
 20
0.0
 30
0.0
210
0.0
220
0.0
230
1.0
  2
SOLID
 70
1
 71
0
 91
1
 92
3
 72
0
 73
1
 93
4
 10
-0.6666666666666643
 20
-65.73333333333333
 10
0.93333333333333
 20
-65.73333333333333
 10
0.93333333333333
 20
-51.46666666666667
 10
-0.6666666666666643
 20
-51.46666666666667
 97
0
 75
0
 76
1
 98
0
  0
LWPOLYLINE
  5
1BB
330
10C
100
AcDbEntity
  8
G-plate
100
AcDbPolyline
 90
4
 70
1
 10
-0.6666666666666643
 20
-65.73333333333333
 10
0.93333333333333
 20
-65.73333333333333
 10
0.93333333333333
 20
-51.46666666666667
 10
-0.6666666666666643
 20
-51.46666666666667
  0
HATCH
  5
1BC
330
10C
100
AcDbEntity
  8
G-plate
 62
7
420
13229554
100
AcDbHatch
 10
0.0
 20
0.0
 30
0.0
210
0.0
220
0.0
230
1.0
  2
SOLID
 70
1
 71
0
 91
1
 92
3
 72
0
 73
1
 93
4
 10
63.06666666666667
 20
-65.73333333333333
 10
64.66666666666669
 20
-65.73333333333333
 10
64.66666666666669
 20
-51.46666666666667
 10
63.06666666666667
 20
-51.46666666666667
 97
0
 75
0
 76
1
 98
0
  0
LWPOLYLINE
  5
1BD
330
10C
100
AcDbEntity
  8
G-plate
100
AcDbPolyline
 90
4
 70
1
 10
63.06666666666667
 20
-65.73333333333333
 10
64.66666666666669
 20
-65.73333333333333
 10
64.66666666666669
 20
-51.46666666666667
 10
63.06666666666667
 20
-51.46666666666667
  0
HATCH
  5
1BE
330
10C
100
AcDbEntity
  8
G-plate
 62
7
420
13229554
100
AcDbHatch
 10
0.0
 20
0.0
 30
0.0
210
0.0
220
0.0
230
1.0
  2
SOLID
 70
1
 71
0
 91
1
 92
3
 72
0
 73
1
 93
4
 10
66.53333333333336
 20
-49.6
 10
80.80000000000001
 20
-49.6
 10
80.80000000000001
 20
-48.00000000000001
 10
66.53333333333336
 20
-48.00000000000001
 97
0
 75
0
 76
1
 98
0
  0
LWPOLYLINE
  5
1BF
330
10C
100
AcDbEntity
  8
G-plate
100
AcDbPolyline
 90
4
 70
1
 10
66.53333333333336
 20
-49.6
 10
80.80000000000001
 20
-49.6
 10
80.80000000000001
 20
-48.00000000000001
 10
66.53333333333336
 20
-48.00000000000001
  0
HATCH
  5
1C0
330
10C
100
AcDbEntity
  8
G-plate
 62
7
420
13229554
100
AcDbHatch
 10
0.0
 20
0.0
 30
0.0
210
0.0
220
0.0
230
1.0
  2
SOLID
 70
1
 71
0
 91
1
 92
3
 72
0
 73
1
 93
4
 10
66.53333333333336
 20
8.133333333333333
 10
80.80000000000001
 20
8.133333333333333
 10
80.80000000000001
 20
9.733333333333334
 10
66.53333333333336
 20
9.733333333333334
 97
0
 75
0
 76
1
 98
0
  0
LWPOLYLINE
  5
1C1
330
10C
100
AcDbEntity
  8
G-plate
100
AcDbPolyline
 90
4
 70
1
 10
66.53333333333336
 20
8.133333333333333
 10
80.80000000000001
 20
8.133333333333333
 10
80.80000000000001
 20
9.733333333333334
 10
66.53333333333336
 20
9.733333333333334
  0
LINE
  5
1C2
330
10C
100
AcDbEntity
  8
G-edge
100
AcDbLine
 10
-65.6
 20
-65.73333333333333
 30
0.0
 11
80.80000000000001
 21
-65.73333333333333
 31
0.0
  0
LINE
  5
1C3
330
10C
100
AcDbEntity
  8
G-edge
100
AcDbLine
 10
80.80000000000001
 20
-65.73333333333333
 30
0.0
 11
80.80000000000001
 21
9.733333333333334
 31
0.0
  0
HATCH
  5
1C4
330
10C
100
AcDbEntity
  8
G-r_bm2
 62
7
420
6139362
100
AcDbHatch
 10
0.0
 20
0.0
 30
0.0
210
0.0
220
0.0
230
1.0
  2
SOLID
 70
1
 71
0
 91
1
 92
3
 72
0
 73
1
 93
4
 10
-41.733333333333334
 20
-51.7
 10
-21.733333333333334
 20
-51.7
 10
-21.733333333333334
 20
-52.300000000000004
 10
-41.733333333333334
 20
-52.300000000000004
 97
0
 75
0
 76
1
 98
0
  0
LWPOLYLINE
  5
1C5
330
10C
100
AcDbEntity
  8
G-r_bm2
100
AcDbPolyline
 90
4
 70
1
 10
-41.733333333333334
 20
-51.7
 10
-21.733333333333334
 20
-51.7
 10
-21.733333333333334
 20
-52.300000000000004
 10
-41.733333333333334
 20
-52.300000000000004
  0
TEXT
  5
1C6
330
10C
100
AcDbEntity
  8
T-bsm
 62
156
420
929604
100
AcDbText
 10
-31.733333333333334
 20
-55.2
 30
0.0
 40
2.286
  1
+1Ø12, L = 1500 (abajo)
  7
NEGRITA
 41
0.885
 72
1
 11
-31.733333333333334
 21
-55.2
 31
0.0
100
AcDbText
  0
HATCH
  5
1C7
330
10C
100
AcDbEntity
  8
G-r_bm2
 62
7
420
6139362
100
AcDbHatch
 10
0.0
 20
0.0
 30
0.0
210
0.0
220
0.0
230
1.0
  2
SOLID
 70
1
 71
0
 91
1
 92
3
 72
0
 73
1
 93
4
 10
22.000000000000007
 20
-51.7
 10
42.00000000000001
 20
-51.7
 10
42.00000000000001
 20
-52.300000000000004
 10
22.000000000000007
 20
-52.300000000000004
 97
0
 75
0
 76
1
 98
0
  0
LWPOLYLINE
  5
1C8
330
10C
100
AcDbEntity
  8
G-r_bm2
100
AcDbPolyline
 90
4
 70
1
 10
22.000000000000007
 20
-51.7
 10
42.00000000000001
 20
-51.7
 10
42.00000000000001
 20
-52.300000000000004
 10
22.000000000000007
 20
-52.300000000000004
  0
TEXT
  5
1C9
330
10C
100
AcDbEntity
  8
T-bsm
 62
156
420
929604
100
AcDbText
 10
32.00000000000001
 20
-55.2
 30
0.0
 40
2.286
  1
+1Ø12, L = 1500 (abajo)
  7
NEGRITA
 41
0.885
 72
1
 11
32.00000000000001
 21
-55.2
 31
0.0
100
AcDbText
  0
HATCH
  5
1CA
330
10C
100
AcDbEntity
  8
G-r_bas
 62
7
420
15105570
100
AcDbHatch
 10
0.0
 20
0.0
 30
0.0
210
0.0
220
0.0
230
1.0
  2
SOLID
 70
1
 71
0
 91
1
 92
3
 72
0
 73
1
 93
4
 10
-62.77333333333333
 20
-50.58666666666667
 10
-62.77333333333333
 20
-34.32000000000001
 10
-62.24
 20
-34.32000000000001
 10
-62.24
 20
-50.58666666666667
 97
0
 75
0
 76
1
 98
0
  0
LWPOLYLINE
  5
1CB
330
10C
100
AcDbEntity
  8
G-r_bas
100
AcDbPolyline
 90
4
 70
1
 10
-62.77333333333333
 20
-50.58666666666667
 10
-62.77333333333333
 20
-34.32000000000001
 10
-62.24
 20
-34.32000000000001
 10
-62.24
 20
-50.58666666666667
  0
HATCH
  5
1CC
330
10C
100
AcDbEntity
  8
G-r_bas
 62
7
420
15105570
100
AcDbHatch
 10
0.0
 20
0.0
 30
0.0
210
0.0
220
0.0
230
1.0
  2
SOLID
 70
1
 71
0
 91
1
 92
1
 93
1
 72
2
 10
-62.50666666666667
 20
-50.58666666666667
 40
0.6000000000000001
 50
0.0
 51
360.0
 73
1
 97
0
 75
0
 76
1
 98
0
  0
CIRCLE
  5
1CD
330
10C
100
AcDbEntity
  8
G-r_bas
100
AcDbCircle
 10
-62.50666666666667
 20
-50.58666666666667
 30
0.0
 40
0.6000000000000001
  0
HATCH
  5
1CE
330
10C
100
AcDbEntity
  8
G-r_bas
 62
7
420
15105570
100
AcDbHatch
 10
0.0
 20
0.0
 30
0.0
210
0.0
220
0.0
230
1.0
  2
SOLID
 70
1
 71
0
 91
1
 92
3
 72
0
 73
1
 93
4
 10
-64.96000000000001
 20
-50.58666666666667
 10
-64.96000000000001
 20
-34.32000000000001
 10
-64.42666666666666
 20
-34.32000000000001
 10
-64.42666666666666
 20
-50.58666666666667
 97
0
 75
0
 76
1
 98
0
  0
LWPOLYLINE
  5
1CF
330
10C
100
AcDbEntity
  8
G-r_bas
100
AcDbPolyline
 90
4
 70
1
 10
-64.96000000000001
 20
-50.58666666666667
 10
-64.96000000000001
 20
-34.32000000000001
 10
-64.42666666666666
 20
-34.32000000000001
 10
-64.42666666666666
 20
-50.58666666666667
  0
HATCH
  5
1D0
330
10C
100
AcDbEntity
  8
G-r_bas
 62
7
420
15105570
100
AcDbHatch
 10
0.0
 20
0.0
 30
0.0
210
0.0
220
0.0
230
1.0
  2
SOLID
 70
1
 71
0
 91
1
 92
1
 93
1
 72
2
 10
-64.69333333333333
 20
-50.58666666666667
 40
0.6000000000000001
 50
0.0
 51
360.0
 73
1
 97
0
 75
0
 76
1
 98
0
  0
CIRCLE
  5
1D1
330
10C
100
AcDbEntity
  8
G-r_bas
100
AcDbCircle
 10
-64.69333333333333
 20
-50.58666666666667
 30
0.0
 40
0.6000000000000001
  0
HATCH
  5
1D2
330
10C
100
AcDbEntity
  8
G-r_bas
 62
7
420
15105570
100
AcDbHatch
 10
0.0
 20
0.0
 30
0.0
210
0.0
220
0.0
230
1.0
  2
SOLID
 70
1
 71
0
 91
1
 92
3
 72
0
 73
1
 93
4
 10
0.9600000000000009
 20
-50.58666666666667
 10
0.9600000000000009
 20
-34.32000000000001
 10
1.4933333333333323
 20
-34.32000000000001
 10
1.4933333333333323
 20
-50.58666666666667
 97
0
 75
0
 76
1
 98
0
  0
LWPOLYLINE
  5
1D3
330
10C
100
AcDbEntity
  8
G-r_bas
100
AcDbPolyline
 90
4
 70
1
 10
0.9600000000000009
 20
-50.58666666666667
 10
0.9600000000000009
 20
-34.32000000000001
 10
1.4933333333333323
 20
-34.32000000000001
 10
1.4933333333333323
 20
-50.58666666666667
  0
HATCH
  5
1D4
330
10C
100
AcDbEntity
  8
G-r_bas
 62
7
420
15105570
100
AcDbHatch
 10
0.0
 20
0.0
 30
0.0
210
0.0
220
0.0
230
1.0
  2
SOLID
 70
1
 71
0
 91
1
 92
1
 93
1
 72
2
 10
1.2266666666666666
 20
-50.58666666666667
 40
0.6000000000000001
 50
0.0
 51
360.0
 73
1
 97
0
 75
0
 76
1
 98
0
  0
CIRCLE
  5
1D5
330
10C
100
AcDbEntity
  8
G-r_bas
100
AcDbCircle
 10
1.2266666666666666
 20
-50.58666666666667
 30
0.0
 40
0.6000000000000001
  0
HATCH
  5
1D6
330
10C
100
AcDbEntity
  8
G-r_bas
 62
7
420
15105570
100
AcDbHatch
 10
0.0
 20
0.0
 30
0.0
210
0.0
220
0.0
230
1.0
  2
SOLID
 70
1
 71
0
 91
1
 92
3
 72
0
 73
1
 93
4
 10
-1.2266666666666666
 20
-50.58666666666667
 10
-1.2266666666666666
 20
-34.32000000000001
 10
-0.693333333333328
 20
-34.32000000000001
 10
-0.693333333333328
 20
-50.58666666666667
 97
0
 75
0
 76
1
 98
0
  0
LWPOLYLINE
  5
1D7
330
10C
100
AcDbEntity
  8
G-r_bas
100
AcDbPolyline
 90
4
 70
1
 10
-1.2266666666666666
 20
-50.58666666666667
 10
-1.2266666666666666
 20
-34.32000000000001
 10
-0.693333333333328
 20
-34.32000000000001
 10
-0.693333333333328
 20
-50.58666666666667
  0
HATCH
  5
1D8
330
10C
100
AcDbEntity
  8
G-r_bas
 62
7
420
15105570
100
AcDbHatch
 10
0.0
 20
0.0
 30
0.0
210
0.0
220
0.0
230
1.0
  2
SOLID
 70
1
 71
0
 91
1
 92
1
 93
1
 72
2
 10
-0.9600000000000009
 20
-50.58666666666667
 40
0.6000000000000001
 50
0.0
 51
360.0
 73
1
 97
0
 75
0
 76
1
 98
0
  0
CIRCLE
  5
1D9
330
10C
100
AcDbEntity
  8
G-r_bas
100
AcDbCircle
 10
-0.9600000000000009
 20
-50.58666666666667
 30
0.0
 40
0.6000000000000001
  0
HATCH
  5
1DA
330
10C
100
AcDbEntity
  8
G-r_bas
 62
7
420
15105570
100
AcDbHatch
 10
0.0
 20
0.0
 30
0.0
210
0.0
220
0.0
230
1.0
  2
SOLID
 70
1
 71
0
 91
1
 92
3
 72
0
 73
1
 93
4
 10
64.69333333333336
 20
-50.58666666666667
 10
64.69333333333336
 20
-34.32000000000001
 10
65.22666666666669
 20
-34.32000000000001
 10
65.22666666666669
 20
-50.58666666666667
 97
0
 75
0
 76
1
 98
0
  0
LWPOLYLINE
  5
1DB
330
10C
100
AcDbEntity
  8
G-r_bas
100
AcDbPolyline
 90
4
 70
1
 10
64.69333333333336
 20
-50.58666666666667
 10
64.69333333333336
 20
-34.32000000000001
 10
65.22666666666669
 20
-34.32000000000001
 10
65.22666666666669
 20
-50.58666666666667
  0
HATCH
  5
1DC
330
10C
100
AcDbEntity
  8
G-r_bas
 62
7
420
15105570
100
AcDbHatch
 10
0.0
 20
0.0
 30
0.0
210
0.0
220
0.0
230
1.0
  2
SOLID
 70
1
 71
0
 91
1
 92
1
 93
1
 72
2
 10
64.96000000000001
 20
-50.58666666666667
 40
0.6000000000000001
 50
0.0
 51
360.0
 73
1
 97
0
 75
0
 76
1
 98
0
  0
CIRCLE
  5
1DD
330
10C
100
AcDbEntity
  8
G-r_bas
100
AcDbCircle
 10
64.96000000000001
 20
-50.58666666666667
 30
0.0
 40
0.6000000000000001
  0
HATCH
  5
1DE
330
10C
100
AcDbEntity
  8
G-r_bas
 62
7
420
15105570
100
AcDbHatch
 10
0.0
 20
0.0
 30
0.0
210
0.0
220
0.0
230
1.0
  2
SOLID
 70
1
 71
0
 91
1
 92
3
 72
0
 73
1
 93
4
 10
62.50666666666667
 20
-50.58666666666667
 10
62.50666666666667
 20
-34.32000000000001
 10
63.04000000000001
 20
-34.32000000000001
 10
63.04000000000001
 20
-50.58666666666667
 97
0
 75
0
 76
1
 98
0
  0
LWPOLYLINE
  5
1DF
330
10C
100
AcDbEntity
  8
G-r_bas
100
AcDbPolyline
 90
4
 70
1
 10
62.50666666666667
 20
-50.58666666666667
 10
62.50666666666667
 20
-34.32000000000001
 10
63.04000000000001
 20
-34.32000000000001
 10
63.04000000000001
 20
-50.58666666666667
  0
HATCH
  5
1E0
330
10C
100
AcDbEntity
  8
G-r_bas
 62
7
420
15105570
100
AcDbHatch
 10
0.0
 20
0.0
 30
0.0
210
0.0
220
0.0
230
1.0
  2
SOLID
 70
1
 71
0
 91
1
 92
1
 93
1
 72
2
 10
62.77333333333333
 20
-50.58666666666667
 40
0.6000000000000001
 50
0.0
 51
360.0
 73
1
 97
0
 75
0
 76
1
 98
0
  0
CIRCLE
  5
1E1
330
10C
100
AcDbEntity
  8
G-r_bas
100
AcDbCircle
 10
62.77333333333333
 20
-50.58666666666667
 30
0.0
 40
0.6000000000000001
  0
HATCH
  5
1E2
330
10C
100
AcDbEntity
  8
G-r_bas
 62
7
420
15105570
100
AcDbHatch
 10
0.0
 20
0.0
 30
0.0
210
0.0
220
0.0
230
1.0
  2
SOLID
 70
1
 71
0
 91
1
 92
3
 72
0
 73
1
 93
4
 10
65.65333333333334
 20
-47.973333333333336
 10
49.38666666666668
 20
-47.973333333333336
 10
49.38666666666668
 20
-47.440000000000005
 10
65.65333333333334
 20
-47.440000000000005
 97
0
 75
0
 76
1
 98
0
  0
LWPOLYLINE
  5
1E3
330
10C
100
AcDbEntity
  8
G-r_bas
100
AcDbPolyline
 90
4
 70
1
 10
65.65333333333334
 20
-47.973333333333336
 10
49.38666666666668
 20
-47.973333333333336
 10
49.38666666666668
 20
-47.440000000000005
 10
65.65333333333334
 20
-47.440000000000005
  0
HATCH
  5
1E4
330
10C
100
AcDbEntity
  8
G-r_bas
 62
7
420
15105570
100
AcDbHatch
 10
0.0
 20
0.0
 30
0.0
210
0.0
220
0.0
230
1.0
  2
SOLID
 70
1
 71
0
 91
1
 92
1
 93
1
 72
2
 10
65.65333333333334
 20
-47.70666666666667
 40
0.6000000000000001
 50
0.0
 51
360.0
 73
1
 97
0
 75
0
 76
1
 98
0
  0
CIRCLE
  5
1E5
330
10C
100
AcDbEntity
  8
G-r_bas
100
AcDbCircle
 10
65.65333333333334
 20
-47.70666666666667
 30
0.0
 40
0.6000000000000001
  0
HATCH
  5
1E6
330
10C
100
AcDbEntity
  8
G-r_bas
 62
7
420
15105570
100
AcDbHatch
 10
0.0
 20
0.0
 30
0.0
210
0.0
220
0.0
230
1.0
  2
SOLID
 70
1
 71
0
 91
1
 92
3
 72
0
 73
1
 93
4
 10
65.65333333333334
 20
-50.160000000000004
 10
49.38666666666668
 20
-50.160000000000004
 10
49.38666666666668
 20
-49.62666666666667
 10
65.65333333333334
 20
-49.62666666666667
 97
0
 75
0
 76
1
 98
0
  0
LWPOLYLINE
  5
1E7
330
10C
100
AcDbEntity
  8
G-r_bas
100
AcDbPolyline
 90
4
 70
1
 10
65.65333333333334
 20
-50.160000000000004
 10
49.38666666666668
 20
-50.160000000000004
 10
49.38666666666668
 20
-49.62666666666667
 10
65.65333333333334
 20
-49.62666666666667
  0
HATCH
  5
1E8
330
10C
100
AcDbEntity
  8
G-r_bas
 62
7
420
15105570
100
AcDbHatch
 10
0.0
 20
0.0
 30
0.0
210
0.0
220
0.0
230
1.0
  2
SOLID
 70
1
 71
0
 91
1
 92
1
 93
1
 72
2
 10
65.65333333333334
 20
-49.89333333333334
 40
0.6000000000000001
 50
0.0
 51
360.0
 73
1
 97
0
 75
0
 76
1
 98
0
  0
CIRCLE
  5
1E9
330
10C
100
AcDbEntity
  8
G-r_bas
100
AcDbCircle
 10
65.65333333333334
 20
-49.89333333333334
 30
0.0
 40
0.6000000000000001
  0
HATCH
  5
1EA
330
10C
100
AcDbEntity
  8
G-r_bas
 62
7
420
15105570
100
AcDbHatch
 10
0.0
 20
0.0
 30
0.0
210
0.0
220
0.0
230
1.0
  2
SOLID
 70
1
 71
0
 91
1
 92
3
 72
0
 73
1
 93
4
 10
65.65333333333334
 20
9.759999999999998
 10
49.38666666666668
 20
9.759999999999998
 10
49.38666666666668
 20
10.29333333333333
 10
65.65333333333334
 20
10.29333333333333
 97
0
 75
0
 76
1
 98
0
  0
LWPOLYLINE
  5
1EB
330
10C
100
AcDbEntity
  8
G-r_bas
100
AcDbPolyline
 90
4
 70
1
 10
65.65333333333334
 20
9.759999999999998
 10
49.38666666666668
 20
9.759999999999998
 10
49.38666666666668
 20
10.29333333333333
 10
65.65333333333334
 20
10.29333333333333
  0
HATCH
  5
1EC
330
10C
100
AcDbEntity
  8
G-r_bas
 62
7
420
15105570
100
AcDbHatch
 10
0.0
 20
0.0
 30
0.0
210
0.0
220
0.0
230
1.0
  2
SOLID
 70
1
 71
0
 91
1
 92
1
 93
1
 72
2
 10
65.65333333333334
 20
10.026666666666664
 40
0.6000000000000001
 50
0.0
 51
360.0
 73
1
 97
0
 75
0
 76
1
 98
0
  0
CIRCLE
  5
1ED
330
10C
100
AcDbEntity
  8
G-r_bas
100
AcDbCircle
 10
65.65333333333334
 20
10.026666666666664
 30
0.0
 40
0.6000000000000001
  0
HATCH
  5
1EE
330
10C
100
AcDbEntity
  8
G-r_bas
 62
7
420
15105570
100
AcDbHatch
 10
0.0
 20
0.0
 30
0.0
210
0.0
220
0.0
230
1.0
  2
SOLID
 70
1
 71
0
 91
1
 92
3
 72
0
 73
1
 93
4
 10
65.65333333333334
 20
7.573333333333331
 10
49.38666666666668
 20
7.573333333333331
 10
49.38666666666668
 20
8.10666666666667
 10
65.65333333333334
 20
8.10666666666667
 97
0
 75
0
 76
1
 98
0
  0
LWPOLYLINE
  5
1EF
330
10C
100
AcDbEntity
  8
G-r_bas
100
AcDbPolyline
 90
4
 70
1
 10
65.65333333333334
 20
7.573333333333331
 10
49.38666666666668
 20
7.573333333333331
 10
49.38666666666668
 20
8.10666666666667
 10
65.65333333333334
 20
8.10666666666667
  0
HATCH
  5
1F0
330
10C
100
AcDbEntity
  8
G-r_bas
 62
7
420
15105570
100
AcDbHatch
 10
0.0
 20
0.0
 30
0.0
210
0.0
220
0.0
230
1.0
  2
SOLID
 70
1
 71
0
 91
1
 92
1
 93
1
 72
2
 10
65.65333333333334
 20
7.839999999999996
 40
0.6000000000000001
 50
0.0
 51
360.0
 73
1
 97
0
 75
0
 76
1
 98
0
  0
CIRCLE
  5
1F1
330
10C
100
AcDbEntity
  8
G-r_bas
100
AcDbCircle
 10
65.65333333333334
 20
7.839999999999996
 30
0.0
 40
0.6000000000000001
  0
CIRCLE
  5
1F2
330
10C
100
AcDbEntity
  8
G-r_oval_l
100
AcDbCircle
 10
-88.55680000000001
 20
-29.560000000000002
 30
0.0
 40
5.066666666666667
  0
HATCH
  5
1F3
330
10C
100
AcDbEntity
  8
G-r_anc
 62
7
420
12597547
100
AcDbHatch
 10
0.0
 20
0.0
 30
0.0
210
0.0
220
0.0
230
1.0
  2
SOLID
 70
1
 71
0
 91
1
 92
3
 72
0
 73
1
 93
4
 10
-91.22346666666667
 20
-30.093333333333337
 10
-85.89013333333334
 20
-30.093333333333337
 10
-85.89013333333334
 20
-30.62666666666667
 10
-91.22346666666667
 20
-30.62666666666667
 97
0
 75
0
 76
1
 98
0
  0
LWPOLYLINE
  5
1F4
330
10C
100
AcDbEntity
  8
G-r_anc
100
AcDbPolyline
 90
4
 70
1
 10
-91.22346666666667
 20
-30.093333333333337
 10
-85.89013333333334
 20
-30.093333333333337
 10
-85.89013333333334
 20
-30.62666666666667
 10
-91.22346666666667
 20
-30.62666666666667
  0
HATCH
  5
1F5
330
10C
100
AcDbEntity
  8
G-r_anc
 62
7
420
12597547
100
AcDbHatch
 10
0.0
 20
0.0
 30
0.0
210
0.0
220
0.0
230
1.0
  2
SOLID
 70
1
 71
0
 91
1
 92
3
 72
0
 73
1
 93
4
 10
-91.22346666666667
 20
-28.493333333333336
 10
-85.89013333333334
 20
-28.493333333333336
 10
-85.89013333333334
 20
-29.02666666666667
 10
-91.22346666666667
 20
-29.02666666666667
 97
0
 75
0
 76
1
 98
0
  0
LWPOLYLINE
  5
1F6
330
10C
100
AcDbEntity
  8
G-r_anc
100
AcDbPolyline
 90
4
 70
1
 10
-91.22346666666667
 20
-28.493333333333336
 10
-85.89013333333334
 20
-28.493333333333336
 10
-85.89013333333334
 20
-29.02666666666667
 10
-91.22346666666667
 20
-29.02666666666667
  0
CIRCLE
  5
1F7
330
10C
100
AcDbEntity
  8
G-r_oval_l
100
AcDbCircle
 10
-63.6
 20
-29.560000000000002
 30
0.0
 40
5.066666666666667
  0
HATCH
  5
1F8
330
10C
100
AcDbEntity
  8
G-r_anc
 62
7
420
12597547
100
AcDbHatch
 10
0.0
 20
0.0
 30
0.0
210
0.0
220
0.0
230
1.0
  2
SOLID
 70
1
 71
0
 91
1
 92
3
 72
0
 73
1
 93
4
 10
-66.26666666666667
 20
-30.093333333333337
 10
-60.93333333333334
 20
-30.093333333333337
 10
-60.93333333333334
 20
-30.62666666666667
 10
-66.26666666666667
 20
-30.62666666666667
 97
0
 75
0
 76
1
 98
0
  0
LWPOLYLINE
  5
1F9
330
10C
100
AcDbEntity
  8
G-r_anc
100
AcDbPolyline
 90
4
 70
1
 10
-66.26666666666667
 20
-30.093333333333337
 10
-60.93333333333334
 20
-30.093333333333337
 10
-60.93333333333334
 20
-30.62666666666667
 10
-66.26666666666667
 20
-30.62666666666667
  0
HATCH
  5
1FA
330
10C
100
AcDbEntity
  8
G-r_anc
 62
7
420
12597547
100
AcDbHatch
 10
0.0
 20
0.0
 30
0.0
210
0.0
220
0.0
230
1.0
  2
SOLID
 70
1
 71
0
 91
1
 92
3
 72
0
 73
1
 93
4
 10
-66.26666666666667
 20
-28.493333333333336
 10
-60.93333333333334
 20
-28.493333333333336
 10
-60.93333333333334
 20
-29.02666666666667
 10
-66.26666666666667
 20
-29.02666666666667
 97
0
 75
0
 76
1
 98
0
  0
LWPOLYLINE
  5
1FB
330
10C
100
AcDbEntity
  8
G-r_anc
100
AcDbPolyline
 90
4
 70
1
 10
-66.26666666666667
 20
-28.493333333333336
 10
-60.93333333333334
 20
-28.493333333333336
 10
-60.93333333333334
 20
-29.02666666666667
 10
-66.26666666666667
 20
-29.02666666666667
  0
CIRCLE
  5
1FC
330
10C
100
AcDbEntity
  8
G-r_oval_l
100
AcDbCircle
 10
0.13333333333333286
 20
-29.560000000000002
 30
0.0
 40
5.066666666666667
  0
HATCH
  5
1FD
330
10C
100
AcDbEntity
  8
G-r_anc
 62
7
420
12597547
100
AcDbHatch
 10
0.0
 20
0.0
 30
0.0
210
0.0
220
0.0
230
1.0
  2
SOLID
 70
1
 71
0
 91
1
 92
3
 72
0
 73
1
 93
4
 10
-2.5333333333333314
 20
-30.093333333333337
 10
2.8000000000000043
 20
-30.093333333333337
 10
2.8000000000000043
 20
-30.62666666666667
 10
-2.5333333333333314
 20
-30.62666666666667
 97
0
 75
0
 76
1
 98
0
  0
LWPOLYLINE
  5
1FE
330
10C
100
AcDbEntity
  8
G-r_anc
100
AcDbPolyline
 90
4
 70
1
 10
-2.5333333333333314
 20
-30.093333333333337
 10
2.8000000000000043
 20
-30.093333333333337
 10
2.8000000000000043
 20
-30.62666666666667
 10
-2.5333333333333314
 20
-30.62666666666667
  0
HATCH
  5
1FF
330
10C
100
AcDbEntity
  8
G-r_anc
 62
7
420
12597547
100
AcDbHatch
 10
0.0
 20
0.0
 30
0.0
210
0.0
220
0.0
230
1.0
  2
SOLID
 70
1
 71
0
 91
1
 92
3
 72
0
 73
1
 93
4
 10
-2.5333333333333314
 20
-28.493333333333336
 10
2.8000000000000043
 20
-28.493333333333336
 10
2.8000000000000043
 20
-29.02666666666667
 10
-2.5333333333333314
 20
-29.02666666666667
 97
0
 75
0
 76
1
 98
0
  0
LWPOLYLINE
  5
200
330
10C
100
AcDbEntity
  8
G-r_anc
100
AcDbPolyline
 90
4
 70
1
 10
-2.5333333333333314
 20
-28.493333333333336
 10
2.8000000000000043
 20
-28.493333333333336
 10
2.8000000000000043
 20
-29.02666666666667
 10
-2.5333333333333314
 20
-29.02666666666667
  0
CIRCLE
  5
201
330
10C
100
AcDbEntity
  8
G-r_oval_l
100
AcDbCircle
 10
63.86666666666667
 20
-29.560000000000002
 30
0.0
 40
5.066666666666667
  0
HATCH
  5
202
330
10C
100
AcDbEntity
  8
G-r_anc
 62
7
420
12597547
100
AcDbHatch
 10
0.0
 20
0.0
 30
0.0
210
0.0
220
0.0
230
1.0
  2
SOLID
 70
1
 71
0
 91
1
 92
3
 72
0
 73
1
 93
4
 10
61.20000000000001
 20
-30.093333333333337
 10
66.53333333333336
 20
-30.093333333333337
 10
66.53333333333336
 20
-30.62666666666667
 10
61.20000000000001
 20
-30.62666666666667
 97
0
 75
0
 76
1
 98
0
  0
LWPOLYLINE
  5
203
330
10C
100
AcDbEntity
  8
G-r_anc
100
AcDbPolyline
 90
4
 70
1
 10
61.20000000000001
 20
-30.093333333333337
 10
66.53333333333336
 20
-30.093333333333337
 10
66.53333333333336
 20
-30.62666666666667
 10
61.20000000000001
 20
-30.62666666666667
  0
HATCH
  5
204
330
10C
100
AcDbEntity
  8
G-r_anc
 62
7
420
12597547
100
AcDbHatch
 10
0.0
 20
0.0
 30
0.0
210
0.0
220
0.0
230
1.0
  2
SOLID
 70
1
 71
0
 91
1
 92
3
 72
0
 73
1
 93
4
 10
61.20000000000001
 20
-28.493333333333336
 10
66.53333333333336
 20
-28.493333333333336
 10
66.53333333333336
 20
-29.02666666666667
 10
61.20000000000001
 20
-29.02666666666667
 97
0
 75
0
 76
1
 98
0
  0
LWPOLYLINE
  5
205
330
10C
100
AcDbEntity
  8
G-r_anc
100
AcDbPolyline
 90
4
 70
1
 10
61.20000000000001
 20
-28.493333333333336
 10
66.53333333333336
 20
-28.493333333333336
 10
66.53333333333336
 20
-29.02666666666667
 10
61.20000000000001
 20
-29.02666666666667
  0
CIRCLE
  5
206
330
10C
100
AcDbEntity
  8
G-r_oval_l
100
AcDbCircle
 10
-89.78111452991453
 20
-10.306666666666672
 30
0.0
 40
5.066666666666667
  0
HATCH
  5
207
330
10C
100
AcDbEntity
  8
G-r_anc
 62
7
420
12597547
100
AcDbHatch
 10
0.0
 20
0.0
 30
0.0
210
0.0
220
0.0
230
1.0
  2
SOLID
 70
1
 71
0
 91
1
 92
3
 72
0
 73
1
 93
4
 10
-92.4477811965812
 20
-10.840000000000003
 10
-87.11444786324788
 20
-10.840000000000003
 10
-87.11444786324788
 20
-11.373333333333335
 10
-92.4477811965812
 20
-11.373333333333335
 97
0
 75
0
 76
1
 98
0
  0
LWPOLYLINE
  5
208
330
10C
100
AcDbEntity
  8
G-r_anc
100
AcDbPolyline
 90
4
 70
1
 10
-92.4477811965812
 20
-10.840000000000003
 10
-87.11444786324788
 20
-10.840000000000003
 10
-87.11444786324788
 20
-11.373333333333335
 10
-92.4477811965812
 20
-11.373333333333335
  0
HATCH
  5
209
330
10C
100
AcDbEntity
  8
G-r_anc
 62
7
420
12597547
100
AcDbHatch
 10
0.0
 20
0.0
 30
0.0
210
0.0
220
0.0
230
1.0
  2
SOLID
 70
1
 71
0
 91
1
 92
3
 72
0
 73
1
 93
4
 10
-92.4477811965812
 20
-9.240000000000002
 10
-87.11444786324788
 20
-9.240000000000002
 10
-87.11444786324788
 20
-9.773333333333333
 10
-92.4477811965812
 20
-9.773333333333333
 97
0
 75
0
 76
1
 98
0
  0
LWPOLYLINE
  5
20A
330
10C
100
AcDbEntity
  8
G-r_anc
100
AcDbPolyline
 90
4
 70
1
 10
-92.4477811965812
 20
-9.240000000000002
 10
-87.11444786324788
 20
-9.240000000000002
 10
-87.11444786324788
 20
-9.773333333333333
 10
-92.4477811965812
 20
-9.773333333333333
  0
CIRCLE
  5
20B
330
10C
100
AcDbEntity
  8
G-r_oval_l
100
AcDbCircle
 10
-63.6
 20
-10.306666666666672
 30
0.0
 40
5.066666666666667
  0
HATCH
  5
20C
330
10C
100
AcDbEntity
  8
G-r_anc
 62
7
420
12597547
100
AcDbHatch
 10
0.0
 20
0.0
 30
0.0
210
0.0
220
0.0
230
1.0
  2
SOLID
 70
1
 71
0
 91
1
 92
3
 72
0
 73
1
 93
4
 10
-66.26666666666667
 20
-10.840000000000003
 10
-60.93333333333334
 20
-10.840000000000003
 10
-60.93333333333334
 20
-11.373333333333335
 10
-66.26666666666667
 20
-11.373333333333335
 97
0
 75
0
 76
1
 98
0
  0
LWPOLYLINE
  5
20D
330
10C
100
AcDbEntity
  8
G-r_anc
100
AcDbPolyline
 90
4
 70
1
 10
-66.26666666666667
 20
-10.840000000000003
 10
-60.93333333333334
 20
-10.840000000000003
 10
-60.93333333333334
 20
-11.373333333333335
 10
-66.26666666666667
 20
-11.373333333333335
  0
HATCH
  5
20E
330
10C
100
AcDbEntity
  8
G-r_anc
 62
7
420
12597547
100
AcDbHatch
 10
0.0
 20
0.0
 30
0.0
210
0.0
220
0.0
230
1.0
  2
SOLID
 70
1
 71
0
 91
1
 92
3
 72
0
 73
1
 93
4
 10
-66.26666666666667
 20
-9.240000000000002
 10
-60.93333333333334
 20
-9.240000000000002
 10
-60.93333333333334
 20
-9.773333333333333
 10
-66.26666666666667
 20
-9.773333333333333
 97
0
 75
0
 76
1
 98
0
  0
LWPOLYLINE
  5
20F
330
10C
100
AcDbEntity
  8
G-r_anc
100
AcDbPolyline
 90
4
 70
1
 10
-66.26666666666667
 20
-9.240000000000002
 10
-60.93333333333334
 20
-9.240000000000002
 10
-60.93333333333334
 20
-9.773333333333333
 10
-66.26666666666667
 20
-9.773333333333333
  0
CIRCLE
  5
210
330
10C
100
AcDbEntity
  8
G-r_oval_l
100
AcDbCircle
 10
0.13333333333333286
 20
-10.306666666666672
 30
0.0
 40
5.066666666666667
  0
HATCH
  5
211
330
10C
100
AcDbEntity
  8
G-r_anc
 62
7
420
12597547
100
AcDbHatch
 10
0.0
 20
0.0
 30
0.0
210
0.0
220
0.0
230
1.0
  2
SOLID
 70
1
 71
0
 91
1
 92
3
 72
0
 73
1
 93
4
 10
-2.5333333333333314
 20
-10.840000000000003
 10
2.8000000000000043
 20
-10.840000000000003
 10
2.8000000000000043
 20
-11.373333333333335
 10
-2.5333333333333314
 20
-11.373333333333335
 97
0
 75
0
 76
1
 98
0
  0
LWPOLYLINE
  5
212
330
10C
100
AcDbEntity
  8
G-r_anc
100
AcDbPolyline
 90
4
 70
1
 10
-2.5333333333333314
 20
-10.840000000000003
 10
2.8000000000000043
 20
-10.840000000000003
 10
2.8000000000000043
 20
-11.373333333333335
 10
-2.5333333333333314
 20
-11.373333333333335
  0
HATCH
  5
213
330
10C
100
AcDbEntity
  8
G-r_anc
 62
7
420
12597547
100
AcDbHatch
 10
0.0
 20
0.0
 30
0.0
210
0.0
220
0.0
230
1.0
  2
SOLID
 70
1
 71
0
 91
1
 92
3
 72
0
 73
1
 93
4
 10
-2.5333333333333314
 20
-9.240000000000002
 10
2.8000000000000043
 20
-9.240000000000002
 10
2.8000000000000043
 20
-9.773333333333333
 10
-2.5333333333333314
 20
-9.773333333333333
 97
0
 75
0
 76
1
 98
0
  0
LWPOLYLINE
  5
214
330
10C
100
AcDbEntity
  8
G-r_anc
100
AcDbPolyline
 90
4
 70
1
 10
-2.5333333333333314
 20
-9.240000000000002
 10
2.8000000000000043
 20
-9.240000000000002
 10
2.8000000000000043
 20
-9.773333333333333
 10
-2.5333333333333314
 20
-9.773333333333333
  0
CIRCLE
  5
215
330
10C
100
AcDbEntity
  8
G-r_oval_l
100
AcDbCircle
 10
63.86666666666667
 20
-10.306666666666672
 30
0.0
 40
5.066666666666667
  0
HATCH
  5
216
330
10C
100
AcDbEntity
  8
G-r_anc
 62
7
420
12597547
100
AcDbHatch
 10
0.0
 20
0.0
 30
0.0
210
0.0
220
0.0
230
1.0
  2
SOLID
 70
1
 71
0
 91
1
 92
3
 72
0
 73
1
 93
4
 10
61.20000000000001
 20
-10.840000000000003
 10
66.53333333333336
 20
-10.840000000000003
 10
66.53333333333336
 20
-11.373333333333335
 10
61.20000000000001
 20
-11.373333333333335
 97
0
 75
0
 76
1
 98
0
  0
LWPOLYLINE
  5
217
330
10C
100
AcDbEntity
  8
G-r_anc
100
AcDbPolyline
 90
4
 70
1
 10
61.20000000000001
 20
-10.840000000000003
 10
66.53333333333336
 20
-10.840000000000003
 10
66.53333333333336
 20
-11.373333333333335
 10
61.20000000000001
 20
-11.373333333333335
  0
HATCH
  5
218
330
10C
100
AcDbEntity
  8
G-r_anc
 62
7
420
12597547
100
AcDbHatch
 10
0.0
 20
0.0
 30
0.0
210
0.0
220
0.0
230
1.0
  2
SOLID
 70
1
 71
0
 91
1
 92
3
 72
0
 73
1
 93
4
 10
61.20000000000001
 20
-9.240000000000002
 10
66.53333333333336
 20
-9.240000000000002
 10
66.53333333333336
 20
-9.773333333333333
 10
61.20000000000001
 20
-9.773333333333333
 97
0
 75
0
 76
1
 98
0
  0
LWPOLYLINE
  5
219
330
10C
100
AcDbEntity
  8
G-r_anc
100
AcDbPolyline
 90
4
 70
1
 10
61.20000000000001
 20
-9.240000000000002
 10
66.53333333333336
 20
-9.240000000000002
 10
66.53333333333336
 20
-9.773333333333333
 10
61.20000000000001
 20
-9.773333333333333
  0
CIRCLE
  5
21A
330
10C
100
AcDbEntity
  8
G-r_oval_l
100
AcDbCircle
 10
-31.733333333333334
 20
-48.800000000000004
 30
0.0
 40
5.066666666666667
  0
HATCH
  5
21B
330
10C
100
AcDbEntity
  8
G-r_anc
 62
7
420
12597547
100
AcDbHatch
 10
0.0
 20
0.0
 30
0.0
210
0.0
220
0.0
230
1.0
  2
SOLID
 70
1
 71
0
 91
1
 92
3
 72
0
 73
1
 93
4
 10
-32.8
 20
-51.46666666666667
 10
-32.8
 20
-46.13333333333334
 10
-32.266666666666666
 20
-46.13333333333334
 10
-32.266666666666666
 20
-51.46666666666667
 97
0
 75
0
 76
1
 98
0
  0
LWPOLYLINE
  5
21C
330
10C
100
AcDbEntity
  8
G-r_anc
100
AcDbPolyline
 90
4
 70
1
 10
-32.8
 20
-51.46666666666667
 10
-32.8
 20
-46.13333333333334
 10
-32.266666666666666
 20
-46.13333333333334
 10
-32.266666666666666
 20
-51.46666666666667
  0
HATCH
  5
21D
330
10C
100
AcDbEntity
  8
G-r_anc
 62
7
420
12597547
100
AcDbHatch
 10
0.0
 20
0.0
 30
0.0
210
0.0
220
0.0
230
1.0
  2
SOLID
 70
1
 71
0
 91
1
 92
3
 72
0
 73
1
 93
4
 10
-31.200000000000003
 20
-51.46666666666667
 10
-31.200000000000003
 20
-46.13333333333334
 10
-30.666666666666664
 20
-46.13333333333334
 10
-30.666666666666664
 20
-51.46666666666667
 97
0
 75
0
 76
1
 98
0
  0
LWPOLYLINE
  5
21E
330
10C
100
AcDbEntity
  8
G-r_anc
100
AcDbPolyline
 90
4
 70
1
 10
-31.200000000000003
 20
-51.46666666666667
 10
-31.200000000000003
 20
-46.13333333333334
 10
-30.666666666666664
 20
-46.13333333333334
 10
-30.666666666666664
 20
-51.46666666666667
  0
CIRCLE
  5
21F
330
10C
100
AcDbEntity
  8
G-r_oval_l
100
AcDbCircle
 10
32.00000000000001
 20
-48.800000000000004
 30
0.0
 40
5.066666666666667
  0
HATCH
  5
220
330
10C
100
AcDbEntity
  8
G-r_anc
 62
7
420
12597547
100
AcDbHatch
 10
0.0
 20
0.0
 30
0.0
210
0.0
220
0.0
230
1.0
  2
SOLID
 70
1
 71
0
 91
1
 92
3
 72
0
 73
1
 93
4
 10
30.933333333333344
 20
-51.46666666666667
 10
30.933333333333344
 20
-46.13333333333334
 10
31.466666666666676
 20
-46.13333333333334
 10
31.466666666666676
 20
-51.46666666666667
 97
0
 75
0
 76
1
 98
0
  0
LWPOLYLINE
  5
221
330
10C
100
AcDbEntity
  8
G-r_anc
100
AcDbPolyline
 90
4
 70
1
 10
30.933333333333344
 20
-51.46666666666667
 10
30.933333333333344
 20
-46.13333333333334
 10
31.466666666666676
 20
-46.13333333333334
 10
31.466666666666676
 20
-51.46666666666667
  0
HATCH
  5
222
330
10C
100
AcDbEntity
  8
G-r_anc
 62
7
420
12597547
100
AcDbHatch
 10
0.0
 20
0.0
 30
0.0
210
0.0
220
0.0
230
1.0
  2
SOLID
 70
1
 71
0
 91
1
 92
3
 72
0
 73
1
 93
4
 10
32.53333333333334
 20
-51.46666666666667
 10
32.53333333333334
 20
-46.13333333333334
 10
33.06666666666667
 20
-46.13333333333334
 10
33.06666666666667
 20
-51.46666666666667
 97
0
 75
0
 76
1
 98
0
  0
LWPOLYLINE
  5
223
330
10C
100
AcDbEntity
  8
G-r_anc
100
AcDbPolyline
 90
4
 70
1
 10
32.53333333333334
 20
-51.46666666666667
 10
32.53333333333334
 20
-46.13333333333334
 10
33.06666666666667
 20
-46.13333333333334
 10
33.06666666666667
 20
-51.46666666666667
  0
TEXT
  5
224
330
10C
100
AcDbEntity
  8
T-label
 62
49
420
2236962
100
AcDbText
 10
-19.733333333333334
 20
12.0
 30
0.0
 40
2.286
  1
VCS 30x35
  7
ESTANDAR
 41
0.885
 72
1
 11
-19.733333333333334
 21
12.0
 31
0.0
100
AcDbText
  0
TEXT
  5
225
330
10C
100
AcDbEntity
  8
T-label
 62
49
420
2236962
100
AcDbText
 10
-19.733333333333334
 20
30.666666666666664
 30
0.0
 40
2.286
  1
VCS 30x35
  7
ESTANDAR
 41
0.885
 72
1
 11
-19.733333333333334
 21
30.666666666666664
 31
0.0
100
AcDbText
  0
TEXT
  5
226
330
10C
100
AcDbEntity
  8
T-label
 62
49
420
2236962
100
AcDbText
 10
-19.733333333333334
 20
84.26666666666665
 30
0.0
 40
2.286
  1
VCS 30x35
  7
ESTANDAR
 41
0.885
 72
1
 11
-19.733333333333334
 21
84.26666666666665
 31
0.0
100
AcDbText
  0
TEXT
  5
227
330
10C
100
AcDbEntity
  8
T-code
 62
19
420
1118481
100
AcDbText
 10
-16.4
 20
-45.733333333333334
 30
0.0
 40
2.286
  1
VCS+1Ø12
  7
NEGRITA
 41
0.885
 72
1
 11
-16.4
 21
-45.733333333333334
 31
0.0
100
AcDbText
  0
TEXT
  5
228
330
10C
100
AcDbEntity
  8
T-label
 62
49
420
2236962
100
AcDbText
 10
44.00000000000001
 20
12.0
 30
0.0
 40
2.286
  1
VCS 30x35
  7
ESTANDAR
 41
0.885
 72
1
 11
44.00000000000001
 21
12.0
 31
0.0
100
AcDbText
  0
TEXT
  5
229
330
10C
100
AcDbEntity
  8
T-label
 62
49
420
2236962
100
AcDbText
 10
44.00000000000001
 20
30.666666666666664
 30
0.0
 40
2.286
  1
VCS 30x35
  7
ESTANDAR
 41
0.885
 72
1
 11
44.00000000000001
 21
30.666666666666664
 31
0.0
100
AcDbText
  0
TEXT
  5
22A
330
10C
100
AcDbEntity
  8
T-label
 62
49
420
2236962
100
AcDbText
 10
44.00000000000001
 20
84.26666666666665
 30
0.0
 40
2.286
  1
VCS 30x35
  7
ESTANDAR
 41
0.885
 72
1
 11
44.00000000000001
 21
84.26666666666665
 31
0.0
100
AcDbText
  0
TEXT
  5
22B
330
10C
100
AcDbEntity
  8
T-code
 62
19
420
1118481
100
AcDbText
 10
47.333333333333336
 20
-45.733333333333334
 30
0.0
 40
2.286
  1
VCS+1Ø12
  7
NEGRITA
 41
0.885
 72
1
 11
47.333333333333336
 21
-45.733333333333334
 31
0.0
100
AcDbText
  0
TEXT
  5
22C
330
10C
100
AcDbEntity
  8
T-label
 62
49
420
2236962
100
AcDbText
 10
-67.06666666666666
 20
-0.6866666666666674
 30
0.0
 40
2.286
  1
VCM 30x35
 50
90.0
  7
ESTANDAR
 41
0.885
 72
1
 11
-67.06666666666666
 21
-0.6866666666666674
 31
0.0
100
AcDbText
  0
TEXT
  5
22D
330
10C
100
AcDbEntity
  8
T-label
 62
49
420
2236962
100
AcDbText
 10
-67.06666666666666
 20
54.4
 30
0.0
 40
2.286
  1
VCS 30x35
 50
90.0
  7
ESTANDAR
 41
0.885
 72
1
 11
-67.06666666666666
 21
54.4
 31
0.0
100
AcDbText
  0
TEXT
  5
22E
330
10C
100
AcDbEntity
  8
T-label
 62
49
420
2236962
100
AcDbText
 10
-3.3333333333333286
 20
-0.6866666666666674
 30
0.0
 40
2.286
  1
VCM 30x35
 50
90.0
  7
ESTANDAR
 41
0.885
 72
1
 11
-3.3333333333333286
 21
-0.6866666666666674
 31
0.0
100
AcDbText
  0
TEXT
  5
22F
330
10C
100
AcDbEntity
  8
T-label
 62
49
420
2236962
100
AcDbText
 10
-3.3333333333333286
 20
54.4
 30
0.0
 40
2.286
  1
VCS 30x35
 50
90.0
  7
ESTANDAR
 41
0.885
 72
1
 11
-3.3333333333333286
 21
54.4
 31
0.0
100
AcDbText
  0
TEXT
  5
230
330
10C
100
AcDbEntity
  8
T-label
 62
49
420
2236962
100
AcDbText
 10
60.40000000000001
 20
-0.6866666666666674
 30
0.0
 40
2.286
  1
VCM 30x35
 50
90.0
  7
ESTANDAR
 41
0.885
 72
1
 11
60.40000000000001
 21
-0.6866666666666674
 31
0.0
100
AcDbText
  0
TEXT
  5
231
330
10C
100
AcDbEntity
  8
T-label
 62
49
420
2236962
100
AcDbText
 10
60.40000000000001
 20
54.4
 30
0.0
 40
2.286
  1
VCS 30x35
 50
90.0
  7
ESTANDAR
 41
0.885
 72
1
 11
60.40000000000001
 21
54.4
 31
0.0
100
AcDbText
  0
TEXT
  5
232
330
10C
100
AcDbEntity
  8
T-small
 62
47
420
4473924
100
AcDbText
 10
16.06666666666667
 20
-27.960000000000004
 30
0.0
 40
2.286
  1
IPE 200
  7
ESTANDAR
 41
0.885
 72
1
 11
16.06666666666667
 21
-27.960000000000004
 31
0.0
100
AcDbText
  0
TEXT
  5
233
330
10C
100
AcDbEntity
  8
T-small
 62
47
420
4473924
100
AcDbText
 10
16.06666666666667
 20
-8.70666666666667
 30
0.0
 40
2.286
  1
IPE 200
  7
ESTANDAR
 41
0.885
 72
1
 11
16.06666666666667
 21
-8.70666666666667
 31
0.0
100
AcDbText
  0
TEXT
  5
234
330
10C
100
AcDbEntity
  8
T-small
 62
47
420
4473924
100
AcDbText
 10
-29.46666666666667
 20
-39.18000000000001
 30
0.0
 40
2.286
  1
IPE 200
 50
90.0
  7
ESTANDAR
 41
0.885
 72
1
 11
-29.46666666666667
 21
-39.18000000000001
 31
0.0
100
AcDbText
  0
TEXT
  5
235
330
10C
100
AcDbEntity
  8
T-small
 62
47
420
4473924
100
AcDbText
 10
34.26666666666667
 20
-39.18000000000001
 30
0.0
 40
2.286
  1
IPE 200
 50
90.0
  7
ESTANDAR
 41
0.885
 72
1
 11
34.26666666666667
 21
-39.18000000000001
 31
0.0
100
AcDbText
  0
TEXT
  5
236
330
10C
100
AcDbEntity
  8
T-code
 62
19
420
1118481
100
AcDbText
 10
-60.93333333333334
 20
-59.26666666666667
 30
0.0
 40
2.286
  1
IPE 240
 50
90.0
  7
NEGRITA
 41
0.885
 72
1
 11
-60.93333333333334
 21
-59.26666666666667
 31
0.0
100
AcDbText
  0
TEXT
  5
237
330
10C
100
AcDbEntity
  8
T-code
 62
19
420
1118481
100
AcDbText
 10
2.8000000000000043
 20
-59.26666666666667
 30
0.0
 40
2.286
  1
IPE 240
 50
90.0
  7
NEGRITA
 41
0.885
 72
1
 11
2.8000000000000043
 21
-59.26666666666667
 31
0.0
100
AcDbText
  0
TEXT
  5
238
330
10C
100
AcDbEntity
  8
T-code
 62
19
420
1118481
100
AcDbText
 10
73.66666666666669
 20
4.93333333333333
 30
0.0
 40
2.286
  1
IPE 240
  7
NEGRITA
 41
0.885
 72
1
 11
73.66666666666669
 21
4.93333333333333
 31
0.0
100
AcDbText
  0
TEXT
  5
239
330
10C
100
AcDbEntity
  8
T-small
 62
47
420
4473924
100
AcDbText
 10
-31.733333333333334
 20
-69.46666666666667
 30
0.0
 40
2.286
  1
borde de losa
  7
ESTANDAR
 41
0.885
 72
1
 11
-31.733333333333334
 21
-69.46666666666667
 31
0.0
100
AcDbText
  0
TEXT
  5
23A
330
10C
100
AcDbEntity
  8
T-red
 62
242
420
13632027
100
AcDbText
 10
-67.06666666666666
 20
-58.13333333333334
 30
0.0
 40
2.286
  1
B4
  7
NEGRITA
 41
0.885
 72
2
 11
-67.06666666666666
 21
-58.13333333333334
 31
0.0
100
AcDbText
  0
TEXT
  5
23B
330
10C
100
AcDbEntity
  8
T-red
 62
242
420
13632027
100
AcDbText
 10
-3.3333333333333286
 20
-58.13333333333334
 30
0.0
 40
2.286
  1
C4
  7
NEGRITA
 41
0.885
 72
2
 11
-3.3333333333333286
 21
-58.13333333333334
 31
0.0
100
AcDbText
  0
TEXT
  5
23C
330
10C
100
AcDbEntity
  8
T-red
 62
242
420
13632027
100
AcDbText
 10
60.40000000000001
 20
-58.13333333333334
 30
0.0
 40
2.286
  1
D4Y
  7
NEGRITA
 41
0.885
 72
2
 11
60.40000000000001
 21
-58.13333333333334
 31
0.0
100
AcDbText
  0
TEXT
  5
23D
330
10C
100
AcDbEntity
  8
T-red
 62
242
420
13632027
100
AcDbText
 10
68.13333333333335
 20
-53.06666666666667
 30
0.0
 40
2.286
  1
D4X
  7
NEGRITA
 41
0.885
 11
68.13333333333335
 21
-53.06666666666667
 31
0.0
100
AcDbText
  0
TEXT
  5
23E
330
10C
100
AcDbEntity
  8
T-red
 62
242
420
13632027
100
AcDbText
 10
68.13333333333335
 20
11.600000000000001
 30
0.0
 40
2.286
  1
D3
  7
NEGRITA
 41
0.885
 11
68.13333333333335
 21
11.600000000000001
 31
0.0
100
AcDbText
  0
TEXT
  5
23F
330
10C
100
AcDbEntity
  8
T-tie
 62
195
420
5975151
100
AcDbText
 10
69.86666666666667
 20
-39.18000000000001
 30
0.0
 40
2.286
  1
Ø10 c/110
  7
NEGRITA
 41
0.885
 11
69.86666666666667
 21
-39.18000000000001
 31
0.0
100
AcDbText
  0
TEXT
  5
240
330
10C
100
AcDbEntity
  8
T-tie
 62
195
420
5975151
100
AcDbText
 10
69.86666666666667
 20
-19.933333333333337
 30
0.0
 40
2.286
  1
Ø10 c/140
  7
NEGRITA
 41
0.885
 11
69.86666666666667
 21
-19.933333333333337
 31
0.0
100
AcDbText
  0
TEXT
  5
241
330
10C
100
AcDbEntity
  8
T-tie
 62
195
420
5975151
100
AcDbText
 10
69.86666666666667
 20
-0.6866666666666674
 30
0.0
 40
2.286
  1
Ø10 c/110
  7
NEGRITA
 41
0.885
 11
69.86666666666667
 21
-0.6866666666666674
 31
0.0
100
AcDbText
  0
LINE
  5
242
330
10C
100
AcDbEntity
  8
G-lead
100
AcDbLine
 10
-17.066666666666663
 20
-52.26666666666667
 30
0.0
 11
-17.066666666666663
 21
-55.2
 31
0.0
  0
TEXT
  5
243
330
10C
100
AcDbEntity
  8
T-code
 62
19
420
1118481
100
AcDbText
 10
-16.266666666666666
 20
-57.60000000000001
 30
0.0
 40
2.286
  1
A
  7
NEGRITA
 41
0.885
 72
1
 11
-16.266666666666666
 21
-57.60000000000001
 31
0.0
100
AcDbText
  0
LINE
  5
244
330
10C
100
AcDbEntity
  8
G-lead
100
AcDbLine
 10
-17.066666666666663
 20
-45.333333333333336
 30
0.0
 11
-17.066666666666663
 21
-42.400000000000006
 31
0.0
  0
TEXT
  5
245
330
10C
100
AcDbEntity
  8
T-code
 62
19
420
1118481
100
AcDbText
 10
-16.266666666666666
 20
-41.6
 30
0.0
 40
2.286
  1
A
  7
NEGRITA
 41
0.885
 72
1
 11
-16.266666666666666
 21
-41.6
 31
0.0
100
AcDbText
  0
LINE
  5
246
330
10C
100
AcDbEntity
  8
G-lead
100
AcDbLine
 10
3.6000000000000014
 20
-39.46666666666667
 30
0.0
 11
6.5333333333333385
 21
-39.46666666666667
 31
0.0
  0
TEXT
  5
247
330
10C
100
AcDbEntity
  8
T-code
 62
19
420
1118481
100
AcDbText
 10
8.133333333333333
 20
-40.26666666666667
 30
0.0
 40
2.286
  1
B
  7
NEGRITA
 41
0.885
 72
1
 11
8.133333333333333
 21
-40.26666666666667
 31
0.0
100
AcDbText
  0
LINE
  5
248
330
10C
100
AcDbEntity
  8
G-lead
100
AcDbLine
 10
-3.3333333333333286
 20
-39.46666666666667
 30
0.0
 11
-6.266666666666666
 21
-39.46666666666667
 31
0.0
  0
TEXT
  5
249
330
10C
100
AcDbEntity
  8
T-code
 62
19
420
1118481
100
AcDbText
 10
-7.866666666666667
 20
-40.26666666666667
 30
0.0
 40
2.286
  1
B
  7
NEGRITA
 41
0.885
 72
1
 11
-7.866666666666667
 21
-40.26666666666667
 31
0.0
100
AcDbText
  0
LINE
  5
24A
330
10C
100
AcDbEntity
  8
G-lead
100
AcDbLine
 10
55.20000000000001
 20
5.466666666666669
 30
0.0
 11
55.20000000000001
 21
2.5333333333333314
 31
0.0
  0
TEXT
  5
24B
330
10C
100
AcDbEntity
  8
T-code
 62
19
420
1118481
100
AcDbText
 10
56.00000000000001
 20
0.13333333333333286
 30
0.0
 40
2.286
  1
C
  7
NEGRITA
 41
0.885
 72
1
 11
56.00000000000001
 21
0.13333333333333286
 31
0.0
100
AcDbText
  0
LINE
  5
24C
330
10C
100
AcDbEntity
  8
G-lead
100
AcDbLine
 10
55.20000000000001
 20
12.399999999999999
 30
0.0
 11
55.20000000000001
 21
15.333333333333336
 31
0.0
  0
TEXT
  5
24D
330
10C
100
AcDbEntity
  8
T-code
 62
19
420
1118481
100
AcDbText
 10
56.00000000000001
 20
16.133333333333333
 30
0.0
 40
2.286
  1
C
  7
NEGRITA
 41
0.885
 72
1
 11
56.00000000000001
 21
16.133333333333333
 31
0.0
100
AcDbText
  0
DIMENSION
  5
24E
330
10C
100
AcDbEntity
  8
COTAS
100
AcDbDimension
280
0
  2
*D1
  3
COTAS_PAPEL
 10
-87.33333333333334
 20
-93.20000000000002
 30
0.0
 11
-75.46666666666667
 21
-91.68560000000002
 31
0.0
 70
32
 71
5
  1
1780
100
AcDbAlignedDimension
 13
-87.33333333333334
 23
-48.800000000000004
 33
0.0
 14
-63.6
 24
-48.800000000000004
 34
0.0
 50
0.0
100
AcDbRotatedDimension
  0
DIMENSION
  5
253
330
10C
100
AcDbEntity
  8
COTAS
100
AcDbDimension
280
0
  2
*D2
  3
COTAS_PAPEL
 10
-63.6
 20
-93.20000000000002
 30
0.0
 11
-47.66666666666667
 21
-91.68560000000002
 31
0.0
 70
32
 71
5
  1
2390
100
AcDbAlignedDimension
 13
-63.6
 23
-93.20000000000002
 33
0.0
 14
-31.733333333333334
 24
-93.20000000000002
 34
0.0
 50
0.0
100
AcDbRotatedDimension
  0
DIMENSION
  5
254
330
10C
100
AcDbEntity
  8
COTAS
100
AcDbDimension
280
0
  2
*D3
  3
COTAS_PAPEL
 10
-31.733333333333334
 20
-93.20000000000002
 30
0.0
 11
-15.8
 21
-91.68560000000002
 31
0.0
 70
32
 71
5
  1
2390
100
AcDbAlignedDimension
 13
-31.733333333333334
 23
-93.20000000000002
 33
0.0
 14
0.13333333333333286
 24
-93.20000000000002
 34
0.0
 50
0.0
100
AcDbRotatedDimension
  0
DIMENSION
  5
255
330
10C
100
AcDbEntity
  8
COTAS
100
AcDbDimension
280
0
  2
*D4
  3
COTAS_PAPEL
 10
0.13333333333333286
 20
-93.20000000000002
 30
0.0
 11
16.06666666666667
 21
-91.68560000000002
 31
0.0
 70
32
 71
5
  1
2390
100
AcDbAlignedDimension
 13
0.13333333333333286
 23
-93.20000000000002
 33
0.0
 14
32.00000000000001
 24
-93.20000000000002
 34
0.0
 50
0.0
100
AcDbRotatedDimension
  0
DIMENSION
  5
256
330
10C
100
AcDbEntity
  8
COTAS
100
AcDbDimension
280
0
  2
*D5
  3
COTAS_PAPEL
 10
32.00000000000001
 20
-93.20000000000002
 30
0.0
 11
47.93333333333334
 21
-91.68560000000002
 31
0.0
 70
32
 71
5
  1
2390
100
AcDbAlignedDimension
 13
32.00000000000001
 23
-93.20000000000002
 33
0.0
 14
63.86666666666667
 24
-93.20000000000002
 34
0.0
 50
0.0
100
AcDbRotatedDimension
  0
DIMENSION
  5
257
330
10C
100
AcDbEntity
  8
COTAS
100
AcDbDimension
280
0
  2
*D6
  3
COTAS_PAPEL
 10
63.86666666666667
 20
-93.20000000000002
 30
0.0
 11
72.33333333333334
 21
-91.68560000000002
 31
0.0
 70
32
 71
5
  1
1270
100
AcDbAlignedDimension
 13
63.86666666666667
 23
-93.20000000000002
 33
0.0
 14
80.80000000000001
 24
-93.20000000000002
 34
0.0
 50
0.0
100
AcDbRotatedDimension
  0
DIMENSION
  5
258
330
10C
100
AcDbEntity
  8
COTAS
100
AcDbDimension
280
0
  2
*D7
  3
COTAS_PAPEL
 10
107.60000000000002
 20
-65.73333333333333
 30
0.0
 11
106.08560000000003
 21
-57.266666666666666
 31
0.0
 70
32
 71
5
  1
1270
100
AcDbAlignedDimension
 13
107.60000000000002
 23
-65.73333333333333
 33
0.0
 14
107.60000000000002
 24
-48.800000000000004
 34
0.0
 50
90.0
100
AcDbRotatedDimension
  0
DIMENSION
  5
259
330
10C
100
AcDbEntity
  8
COTAS
100
AcDbDimension
280
0
  2
*D8
  3
COTAS_PAPEL
 10
107.60000000000002
 20
-48.800000000000004
 30
0.0
 11
106.08560000000003
 21
-39.18000000000001
 31
0.0
 70
32
 71
5
  1
1443
100
AcDbAlignedDimension
 13
107.60000000000002
 23
-48.800000000000004
 33
0.0
 14
107.60000000000002
 24
-29.560000000000002
 34
0.0
 50
90.0
100
AcDbRotatedDimension
  0
DIMENSION
  5
25A
330
10C
100
AcDbEntity
  8
COTAS
100
AcDbDimension
280
0
  2
*D9
  3
COTAS_PAPEL
 10
107.60000000000002
 20
-29.560000000000002
 30
0.0
 11
106.08560000000003
 21
-19.933333333333337
 31
0.0
 70
32
 71
5
  1
1444
100
AcDbAlignedDimension
 13
107.60000000000002
 23
-29.560000000000002
 33
0.0
 14
107.60000000000002
 24
-10.306666666666672
 34
0.0
 50
90.0
100
AcDbRotatedDimension
  0
DIMENSION
  5
25B
330
10C
100
AcDbEntity
  8
COTAS
100
AcDbDimension
280
0
  2
*D10
  3
COTAS_PAPEL
 10
107.60000000000002
 20
-10.306666666666672
 30
0.0
 11
106.08560000000003
 21
-0.686666666666671
 31
0.0
 70
32
 71
5
  1
1443
100
AcDbAlignedDimension
 13
107.60000000000002
 23
-10.306666666666672
 33
0.0
 14
107.60000000000002
 24
8.93333333333333
 34
0.0
 50
90.0
100
AcDbRotatedDimension
  0
DIMENSION
  5
25C
330
10C
100
AcDbEntity
  8
COTAS
100
AcDbDimension
280
0
  2
*D11
  3
COTAS_PAPEL
 10
107.60000000000002
 20
8.93333333333333
 30
0.0
 11
106.08560000000003
 21
18.266666666666666
 31
0.0
 70
32
 71
5
  1
1400
100
AcDbAlignedDimension
 13
107.60000000000002
 23
8.93333333333333
 33
0.0
 14
107.60000000000002
 24
27.6
 34
0.0
 50
90.0
100
AcDbRotatedDimension
  0
DIMENSION
  5
25D
330
10C
100
AcDbEntity
  8
COTAS
100
AcDbDimension
280
0
  2
*D12
  3
COTAS_PAPEL
 10
107.60000000000002
 20
27.6
 30
0.0
 11
106.08560000000003
 21
54.39999999999999
 31
0.0
 70
32
 71
5
  1
4020
100
AcDbAlignedDimension
 13
107.60000000000002
 23
27.6
 33
0.0
 14
107.60000000000002
 24
81.19999999999999
 34
0.0
 50
90.0
100
AcDbRotatedDimension
  0
ENDBLK
  5
10E
330
10C
100
AcDbEntity
  8
0
100
AcDbBlockEnd
  0
BLOCK
  5
250
330
24F
100
AcDbEntity
  8
0
100
AcDbBlockBegin
  2
_OBLIQUE
 70
0
 10
0.0
 20
0.0
 30
0.0
  3
_OBLIQUE
  1

  0
LINE
  5
252
330
24F
100
AcDbEntity
  8
0
  6
BYBLOCK
 62
0
100
AcDbLine
 10
-0.5
 20
-0.5
 30
0.0
 11
0.5
 21
0.5
 31
0.0
  0
ENDBLK
  5
251
330
24F
100
AcDbEntity
  8
0
100
AcDbBlockEnd
  0
BLOCK
  5
25F
330
25E
100
AcDbEntity
  8
0
100
AcDbBlockBegin
  2
*D1
 70
1
 10
0.0
 20
0.0
 30
0.0
  3
*D1
  1

  0
LINE
  5
261
330
25E
100
AcDbEntity
  8
0
 62
8
370
13
100
AcDbLine
 10
-87.33333333333334
 20
-49.32916666666667
 30
0.0
 11
-87.33333333333334
 21
-94.08194444444446
 31
0.0
  0
LINE
  5
262
330
25E
100
AcDbEntity
  8
0
 62
8
370
13
100
AcDbLine
 10
-63.6
 20
-49.32916666666667
 30
0.0
 11
-63.6
 21
-94.08194444444446
 31
0.0
  0
INSERT
  5
263
330
25E
100
AcDbEntity
  8
COTAS
 62
8
100
AcDbBlockReference
  2
_OBLIQUE
 10
-87.33333333333334
 20
-93.20000000000002
 30
0.0
 41
2.188633333333333
 42
2.188633333333333
  0
INSERT
  5
265
330
25E
100
AcDbEntity
  8
COTAS
 62
8
100
AcDbBlockReference
  2
_OBLIQUE
 10
-63.6
 20
-93.20000000000002
 30
0.0
 41
2.188633333333333
 42
2.188633333333333
  0
LINE
  5
267
330
25E
100
AcDbEntity
  8
0
 62
8
370
15
100
AcDbLine
 10
-87.33333333333334
 20
-93.20000000000002
 30
0.0
 11
-63.6
 21
-93.20000000000002
 31
0.0
  0
MTEXT
  5
268
330
25E
100
AcDbEntity
  8
COTAS
 62
250
100
AcDbMText
 10
-75.46666666666667
 20
-91.68560000000002
 30
0.0
 40
1.8288
 71
5
  1
1780
  7
ESTANDAR
  0
POINT
  5
269
330
25E
100
AcDbEntity
  8
Defpoints
100
AcDbPoint
 10
-87.33333333333334
 20
-93.20000000000002
 30
0.0
  0
POINT
  5
26A
330
25E
100
AcDbEntity
  8
Defpoints
100
AcDbPoint
 10
-87.33333333333334
 20
-48.800000000000004
 30
0.0
  0
POINT
  5
26B
330
25E
100
AcDbEntity
  8
Defpoints
100
AcDbPoint
 10
-63.6
 20
-48.800000000000004
 30
0.0
  0
ENDBLK
  5
260
330
25E
100
AcDbEntity
  8
0
100
AcDbBlockEnd
  0
BLOCK
  5
26D
330
26C
100
AcDbEntity
  8
0
100
AcDbBlockBegin
  2
*D2
 70
1
 10
0.0
 20
0.0
 30
0.0
  3
*D2
  1

  0
LINE
  5
26F
330
26C
100
AcDbEntity
  8
0
 62
8
370
13
100
AcDbLine
 10
-63.6
 20
-92.67083333333335
 30
0.0
 11
-63.6
 21
-92.31805555555557
 31
0.0
  0
LINE
  5
270
330
26C
100
AcDbEntity
  8
0
 62
8
370
13
100
AcDbLine
 10
-31.733333333333334
 20
-92.67083333333335
 30
0.0
 11
-31.733333333333334
 21
-92.31805555555557
 31
0.0
  0
INSERT
  5
271
330
26C
100
AcDbEntity
  8
COTAS
 62
8
100
AcDbBlockReference
  2
_OBLIQUE
 10
-63.6
 20
-93.20000000000002
 30
0.0
 41
2.188633333333333
 42
2.188633333333333
  0
INSERT
  5
273
330
26C
100
AcDbEntity
  8
COTAS
 62
8
100
AcDbBlockReference
  2
_OBLIQUE
 10
-31.733333333333334
 20
-93.20000000000002
 30
0.0
 41
2.188633333333333
 42
2.188633333333333
  0
LINE
  5
275
330
26C
100
AcDbEntity
  8
0
 62
8
370
15
100
AcDbLine
 10
-63.6
 20
-93.20000000000002
 30
0.0
 11
-31.733333333333334
 21
-93.20000000000002
 31
0.0
  0
MTEXT
  5
276
330
26C
100
AcDbEntity
  8
COTAS
 62
250
100
AcDbMText
 10
-47.66666666666667
 20
-91.68560000000002
 30
0.0
 40
1.8288
 71
5
  1
2390
  7
ESTANDAR
  0
POINT
  5
277
330
26C
100
AcDbEntity
  8
Defpoints
100
AcDbPoint
 10
-63.6
 20
-93.20000000000002
 30
0.0
  0
POINT
  5
278
330
26C
100
AcDbEntity
  8
Defpoints
100
AcDbPoint
 10
-63.6
 20
-93.20000000000002
 30
0.0
  0
POINT
  5
279
330
26C
100
AcDbEntity
  8
Defpoints
100
AcDbPoint
 10
-31.733333333333334
 20
-93.20000000000002
 30
0.0
  0
ENDBLK
  5
26E
330
26C
100
AcDbEntity
  8
0
100
AcDbBlockEnd
  0
BLOCK
  5
27B
330
27A
100
AcDbEntity
  8
0
100
AcDbBlockBegin
  2
*D3
 70
1
 10
0.0
 20
0.0
 30
0.0
  3
*D3
  1

  0
LINE
  5
27D
330
27A
100
AcDbEntity
  8
0
 62
8
370
13
100
AcDbLine
 10
-31.733333333333334
 20
-92.67083333333335
 30
0.0
 11
-31.733333333333334
 21
-92.31805555555557
 31
0.0
  0
LINE
  5
27E
330
27A
100
AcDbEntity
  8
0
 62
8
370
13
100
AcDbLine
 10
0.1333333333333329
 20
-92.67083333333335
 30
0.0
 11
0.13333333333333292
 21
-92.31805555555557
 31
0.0
  0
INSERT
  5
27F
330
27A
100
AcDbEntity
  8
COTAS
 62
8
100
AcDbBlockReference
  2
_OBLIQUE
 10
-31.733333333333334
 20
-93.20000000000002
 30
0.0
 41
2.188633333333333
 42
2.188633333333333
  0
INSERT
  5
281
330
27A
100
AcDbEntity
  8
COTAS
 62
8
100
AcDbBlockReference
  2
_OBLIQUE
 10
0.13333333333333286
 20
-93.20000000000002
 30
0.0
 41
2.188633333333333
 42
2.188633333333333
  0
LINE
  5
283
330
27A
100
AcDbEntity
  8
0
 62
8
370
15
100
AcDbLine
 10
-31.733333333333334
 20
-93.20000000000002
 30
0.0
 11
0.13333333333333286
 21
-93.20000000000002
 31
0.0
  0
MTEXT
  5
284
330
27A
100
AcDbEntity
  8
COTAS
 62
250
100
AcDbMText
 10
-15.8
 20
-91.68560000000002
 30
0.0
 40
1.8288
 71
5
  1
2390
  7
ESTANDAR
  0
POINT
  5
285
330
27A
100
AcDbEntity
  8
Defpoints
100
AcDbPoint
 10
-31.733333333333334
 20
-93.20000000000002
 30
0.0
  0
POINT
  5
286
330
27A
100
AcDbEntity
  8
Defpoints
100
AcDbPoint
 10
-31.733333333333334
 20
-93.20000000000002
 30
0.0
  0
POINT
  5
287
330
27A
100
AcDbEntity
  8
Defpoints
100
AcDbPoint
 10
0.13333333333333286
 20
-93.20000000000002
 30
0.0
  0
ENDBLK
  5
27C
330
27A
100
AcDbEntity
  8
0
100
AcDbBlockEnd
  0
BLOCK
  5
289
330
288
100
AcDbEntity
  8
0
100
AcDbBlockBegin
  2
*D4
 70
1
 10
0.0
 20
0.0
 30
0.0
  3
*D4
  1

  0
LINE
  5
28B
330
288
100
AcDbEntity
  8
0
 62
8
370
13
100
AcDbLine
 10
0.1333333333333329
 20
-92.67083333333335
 30
0.0
 11
0.13333333333333292
 21
-92.31805555555557
 31
0.0
  0
LINE
  5
28C
330
288
100
AcDbEntity
  8
0
 62
8
370
13
100
AcDbLine
 10
32.00000000000001
 20
-92.67083333333335
 30
0.0
 11
32.00000000000001
 21
-92.31805555555557
 31
0.0
  0
INSERT
  5
28D
330
288
100
AcDbEntity
  8
COTAS
 62
8
100
AcDbBlockReference
  2
_OBLIQUE
 10
0.13333333333333286
 20
-93.20000000000002
 30
0.0
 41
2.188633333333333
 42
2.188633333333333
  0
INSERT
  5
28F
330
288
100
AcDbEntity
  8
COTAS
 62
8
100
AcDbBlockReference
  2
_OBLIQUE
 10
32.00000000000001
 20
-93.20000000000002
 30
0.0
 41
2.188633333333333
 42
2.188633333333333
  0
LINE
  5
291
330
288
100
AcDbEntity
  8
0
 62
8
370
15
100
AcDbLine
 10
0.13333333333333286
 20
-93.20000000000002
 30
0.0
 11
32.00000000000001
 21
-93.20000000000002
 31
0.0
  0
MTEXT
  5
292
330
288
100
AcDbEntity
  8
COTAS
 62
250
100
AcDbMText
 10
16.06666666666667
 20
-91.68560000000002
 30
0.0
 40
1.8288
 71
5
  1
2390
  7
ESTANDAR
  0
POINT
  5
293
330
288
100
AcDbEntity
  8
Defpoints
100
AcDbPoint
 10
0.13333333333333286
 20
-93.20000000000002
 30
0.0
  0
POINT
  5
294
330
288
100
AcDbEntity
  8
Defpoints
100
AcDbPoint
 10
0.13333333333333286
 20
-93.20000000000002
 30
0.0
  0
POINT
  5
295
330
288
100
AcDbEntity
  8
Defpoints
100
AcDbPoint
 10
32.00000000000001
 20
-93.20000000000002
 30
0.0
  0
ENDBLK
  5
28A
330
288
100
AcDbEntity
  8
0
100
AcDbBlockEnd
  0
BLOCK
  5
297
330
296
100
AcDbEntity
  8
0
100
AcDbBlockBegin
  2
*D5
 70
1
 10
0.0
 20
0.0
 30
0.0
  3
*D5
  1

  0
LINE
  5
299
330
296
100
AcDbEntity
  8
0
 62
8
370
13
100
AcDbLine
 10
32.00000000000001
 20
-92.67083333333335
 30
0.0
 11
32.00000000000001
 21
-92.31805555555557
 31
0.0
  0
LINE
  5
29A
330
296
100
AcDbEntity
  8
0
 62
8
370
13
100
AcDbLine
 10
63.86666666666667
 20
-92.67083333333335
 30
0.0
 11
63.86666666666667
 21
-92.31805555555557
 31
0.0
  0
INSERT
  5
29B
330
296
100
AcDbEntity
  8
COTAS
 62
8
100
AcDbBlockReference
  2
_OBLIQUE
 10
32.00000000000001
 20
-93.20000000000002
 30
0.0
 41
2.188633333333333
 42
2.188633333333333
  0
INSERT
  5
29D
330
296
100
AcDbEntity
  8
COTAS
 62
8
100
AcDbBlockReference
  2
_OBLIQUE
 10
63.86666666666667
 20
-93.20000000000002
 30
0.0
 41
2.188633333333333
 42
2.188633333333333
  0
LINE
  5
29F
330
296
100
AcDbEntity
  8
0
 62
8
370
15
100
AcDbLine
 10
32.00000000000001
 20
-93.20000000000002
 30
0.0
 11
63.86666666666667
 21
-93.20000000000002
 31
0.0
  0
MTEXT
  5
2A0
330
296
100
AcDbEntity
  8
COTAS
 62
250
100
AcDbMText
 10
47.93333333333334
 20
-91.68560000000002
 30
0.0
 40
1.8288
 71
5
  1
2390
  7
ESTANDAR
  0
POINT
  5
2A1
330
296
100
AcDbEntity
  8
Defpoints
100
AcDbPoint
 10
32.00000000000001
 20
-93.20000000000002
 30
0.0
  0
POINT
  5
2A2
330
296
100
AcDbEntity
  8
Defpoints
100
AcDbPoint
 10
32.00000000000001
 20
-93.20000000000002
 30
0.0
  0
POINT
  5
2A3
330
296
100
AcDbEntity
  8
Defpoints
100
AcDbPoint
 10
63.86666666666667
 20
-93.20000000000002
 30
0.0
  0
ENDBLK
  5
298
330
296
100
AcDbEntity
  8
0
100
AcDbBlockEnd
  0
BLOCK
  5
2A5
330
2A4
100
AcDbEntity
  8
0
100
AcDbBlockBegin
  2
*D6
 70
1
 10
0.0
 20
0.0
 30
0.0
  3
*D6
  1

  0
LINE
  5
2A7
330
2A4
100
AcDbEntity
  8
0
 62
8
370
13
100
AcDbLine
 10
63.86666666666667
 20
-92.67083333333335
 30
0.0
 11
63.86666666666667
 21
-92.31805555555557
 31
0.0
  0
LINE
  5
2A8
330
2A4
100
AcDbEntity
  8
0
 62
8
370
13
100
AcDbLine
 10
80.80000000000001
 20
-92.67083333333335
 30
0.0
 11
80.80000000000001
 21
-92.31805555555557
 31
0.0
  0
INSERT
  5
2A9
330
2A4
100
AcDbEntity
  8
COTAS
 62
8
100
AcDbBlockReference
  2
_OBLIQUE
 10
63.86666666666667
 20
-93.20000000000002
 30
0.0
 41
2.188633333333333
 42
2.188633333333333
  0
INSERT
  5
2AB
330
2A4
100
AcDbEntity
  8
COTAS
 62
8
100
AcDbBlockReference
  2
_OBLIQUE
 10
80.80000000000001
 20
-93.20000000000002
 30
0.0
 41
2.188633333333333
 42
2.188633333333333
  0
LINE
  5
2AD
330
2A4
100
AcDbEntity
  8
0
 62
8
370
15
100
AcDbLine
 10
63.86666666666667
 20
-93.20000000000002
 30
0.0
 11
80.80000000000001
 21
-93.20000000000002
 31
0.0
  0
MTEXT
  5
2AE
330
2A4
100
AcDbEntity
  8
COTAS
 62
250
100
AcDbMText
 10
72.33333333333334
 20
-91.68560000000002
 30
0.0
 40
1.8288
 71
5
  1
1270
  7
ESTANDAR
  0
POINT
  5
2AF
330
2A4
100
AcDbEntity
  8
Defpoints
100
AcDbPoint
 10
63.86666666666667
 20
-93.20000000000002
 30
0.0
  0
POINT
  5
2B0
330
2A4
100
AcDbEntity
  8
Defpoints
100
AcDbPoint
 10
63.86666666666667
 20
-93.20000000000002
 30
0.0
  0
POINT
  5
2B1
330
2A4
100
AcDbEntity
  8
Defpoints
100
AcDbPoint
 10
80.80000000000001
 20
-93.20000000000002
 30
0.0
  0
ENDBLK
  5
2A6
330
2A4
100
AcDbEntity
  8
0
100
AcDbBlockEnd
  0
BLOCK
  5
2B3
330
2B2
100
AcDbEntity
  8
0
100
AcDbBlockBegin
  2
*D7
 70
1
 10
0.0
 20
0.0
 30
0.0
  3
*D7
  1

  0
LINE
  5
2B5
330
2B2
100
AcDbEntity
  8
0
 62
8
370
13
100
AcDbLine
 10
107.07083333333335
 20
-65.73333333333333
 30
0.0
 11
106.71805555555558
 21
-65.73333333333333
 31
0.0
  0
LINE
  5
2B6
330
2B2
100
AcDbEntity
  8
0
 62
8
370
13
100
AcDbLine
 10
107.07083333333335
 20
-48.800000000000004
 30
0.0
 11
106.71805555555558
 21
-48.800000000000004
 31
0.0
  0
INSERT
  5
2B7
330
2B2
100
AcDbEntity
  8
COTAS
 62
8
100
AcDbBlockReference
  2
_OBLIQUE
 10
107.60000000000002
 20
-65.73333333333333
 30
0.0
 41
2.188633333333333
 42
2.188633333333333
 50
90.0
  0
INSERT
  5
2B9
330
2B2
100
AcDbEntity
  8
COTAS
 62
8
100
AcDbBlockReference
  2
_OBLIQUE
 10
107.60000000000002
 20
-48.800000000000004
 30
0.0
 41
2.188633333333333
 42
2.188633333333333
 50
90.0
  0
LINE
  5
2BB
330
2B2
100
AcDbEntity
  8
0
 62
8
370
15
100
AcDbLine
 10
107.60000000000002
 20
-65.73333333333333
 30
0.0
 11
107.60000000000002
 21
-48.800000000000004
 31
0.0
  0
MTEXT
  5
2BC
330
2B2
100
AcDbEntity
  8
COTAS
 62
250
100
AcDbMText
 10
106.08560000000003
 20
-57.266666666666666
 30
0.0
 40
1.8288
 71
5
  1
1270
  7
ESTANDAR
 50
90.0
  0
POINT
  5
2BD
330
2B2
100
AcDbEntity
  8
Defpoints
100
AcDbPoint
 10
107.60000000000002
 20
-65.73333333333333
 30
0.0
  0
POINT
  5
2BE
330
2B2
100
AcDbEntity
  8
Defpoints
100
AcDbPoint
 10
107.60000000000002
 20
-65.73333333333333
 30
0.0
  0
POINT
  5
2BF
330
2B2
100
AcDbEntity
  8
Defpoints
100
AcDbPoint
 10
107.60000000000002
 20
-48.800000000000004
 30
0.0
  0
ENDBLK
  5
2B4
330
2B2
100
AcDbEntity
  8
0
100
AcDbBlockEnd
  0
BLOCK
  5
2C1
330
2C0
100
AcDbEntity
  8
0
100
AcDbBlockBegin
  2
*D8
 70
1
 10
0.0
 20
0.0
 30
0.0
  3
*D8
  1

  0
LINE
  5
2C3
330
2C0
100
AcDbEntity
  8
0
 62
8
370
13
100
AcDbLine
 10
107.07083333333335
 20
-48.800000000000004
 30
0.0
 11
106.71805555555558
 21
-48.800000000000004
 31
0.0
  0
LINE
  5
2C4
330
2C0
100
AcDbEntity
  8
0
 62
8
370
13
100
AcDbLine
 10
107.07083333333335
 20
-29.560000000000002
 30
0.0
 11
106.71805555555558
 21
-29.560000000000002
 31
0.0
  0
INSERT
  5
2C5
330
2C0
100
AcDbEntity
  8
COTAS
 62
8
100
AcDbBlockReference
  2
_OBLIQUE
 10
107.60000000000002
 20
-48.800000000000004
 30
0.0
 41
2.188633333333333
 42
2.188633333333333
 50
90.0
  0
INSERT
  5
2C7
330
2C0
100
AcDbEntity
  8
COTAS
 62
8
100
AcDbBlockReference
  2
_OBLIQUE
 10
107.60000000000002
 20
-29.560000000000002
 30
0.0
 41
2.188633333333333
 42
2.188633333333333
 50
90.0
  0
LINE
  5
2C9
330
2C0
100
AcDbEntity
  8
0
 62
8
370
15
100
AcDbLine
 10
107.60000000000002
 20
-48.800000000000004
 30
0.0
 11
107.60000000000002
 21
-29.560000000000002
 31
0.0
  0
MTEXT
  5
2CA
330
2C0
100
AcDbEntity
  8
COTAS
 62
250
100
AcDbMText
 10
106.08560000000003
 20
-39.18000000000001
 30
0.0
 40
1.8288
 71
5
  1
1443
  7
ESTANDAR
 50
90.0
  0
POINT
  5
2CB
330
2C0
100
AcDbEntity
  8
Defpoints
100
AcDbPoint
 10
107.60000000000002
 20
-48.800000000000004
 30
0.0
  0
POINT
  5
2CC
330
2C0
100
AcDbEntity
  8
Defpoints
100
AcDbPoint
 10
107.60000000000002
 20
-48.800000000000004
 30
0.0
  0
POINT
  5
2CD
330
2C0
100
AcDbEntity
  8
Defpoints
100
AcDbPoint
 10
107.60000000000002
 20
-29.560000000000002
 30
0.0
  0
ENDBLK
  5
2C2
330
2C0
100
AcDbEntity
  8
0
100
AcDbBlockEnd
  0
BLOCK
  5
2CF
330
2CE
100
AcDbEntity
  8
0
100
AcDbBlockBegin
  2
*D9
 70
1
 10
0.0
 20
0.0
 30
0.0
  3
*D9
  1

  0
LINE
  5
2D1
330
2CE
100
AcDbEntity
  8
0
 62
8
370
13
100
AcDbLine
 10
107.07083333333335
 20
-29.560000000000002
 30
0.0
 11
106.71805555555558
 21
-29.560000000000002
 31
0.0
  0
LINE
  5
2D2
330
2CE
100
AcDbEntity
  8
0
 62
8
370
13
100
AcDbLine
 10
107.07083333333335
 20
-10.306666666666672
 30
0.0
 11
106.71805555555558
 21
-10.306666666666672
 31
0.0
  0
INSERT
  5
2D3
330
2CE
100
AcDbEntity
  8
COTAS
 62
8
100
AcDbBlockReference
  2
_OBLIQUE
 10
107.60000000000002
 20
-29.560000000000002
 30
0.0
 41
2.188633333333333
 42
2.188633333333333
 50
90.0
  0
INSERT
  5
2D5
330
2CE
100
AcDbEntity
  8
COTAS
 62
8
100
AcDbBlockReference
  2
_OBLIQUE
 10
107.60000000000002
 20
-10.306666666666672
 30
0.0
 41
2.188633333333333
 42
2.188633333333333
 50
90.0
  0
LINE
  5
2D7
330
2CE
100
AcDbEntity
  8
0
 62
8
370
15
100
AcDbLine
 10
107.60000000000002
 20
-29.560000000000002
 30
0.0
 11
107.60000000000002
 21
-10.306666666666672
 31
0.0
  0
MTEXT
  5
2D8
330
2CE
100
AcDbEntity
  8
COTAS
 62
250
100
AcDbMText
 10
106.08560000000003
 20
-19.933333333333337
 30
0.0
 40
1.8288
 71
5
  1
1444
  7
ESTANDAR
 50
90.0
  0
POINT
  5
2D9
330
2CE
100
AcDbEntity
  8
Defpoints
100
AcDbPoint
 10
107.60000000000002
 20
-29.560000000000002
 30
0.0
  0
POINT
  5
2DA
330
2CE
100
AcDbEntity
  8
Defpoints
100
AcDbPoint
 10
107.60000000000002
 20
-29.560000000000002
 30
0.0
  0
POINT
  5
2DB
330
2CE
100
AcDbEntity
  8
Defpoints
100
AcDbPoint
 10
107.60000000000002
 20
-10.306666666666672
 30
0.0
  0
ENDBLK
  5
2D0
330
2CE
100
AcDbEntity
  8
0
100
AcDbBlockEnd
  0
BLOCK
  5
2DD
330
2DC
100
AcDbEntity
  8
0
100
AcDbBlockBegin
  2
*D10
 70
1
 10
0.0
 20
0.0
 30
0.0
  3
*D10
  1

  0
LINE
  5
2DF
330
2DC
100
AcDbEntity
  8
0
 62
8
370
13
100
AcDbLine
 10
107.07083333333335
 20
-10.306666666666672
 30
0.0
 11
106.71805555555558
 21
-10.306666666666672
 31
0.0
  0
LINE
  5
2E0
330
2DC
100
AcDbEntity
  8
0
 62
8
370
13
100
AcDbLine
 10
107.07083333333335
 20
8.93333333333333
 30
0.0
 11
106.71805555555558
 21
8.93333333333333
 31
0.0
  0
INSERT
  5
2E1
330
2DC
100
AcDbEntity
  8
COTAS
 62
8
100
AcDbBlockReference
  2
_OBLIQUE
 10
107.60000000000002
 20
-10.306666666666672
 30
0.0
 41
2.188633333333333
 42
2.188633333333333
 50
90.0
  0
INSERT
  5
2E3
330
2DC
100
AcDbEntity
  8
COTAS
 62
8
100
AcDbBlockReference
  2
_OBLIQUE
 10
107.60000000000002
 20
8.93333333333333
 30
0.0
 41
2.188633333333333
 42
2.188633333333333
 50
90.0
  0
LINE
  5
2E5
330
2DC
100
AcDbEntity
  8
0
 62
8
370
15
100
AcDbLine
 10
107.60000000000002
 20
-10.306666666666672
 30
0.0
 11
107.60000000000002
 21
8.93333333333333
 31
0.0
  0
MTEXT
  5
2E6
330
2DC
100
AcDbEntity
  8
COTAS
 62
250
100
AcDbMText
 10
106.08560000000003
 20
-0.686666666666671
 30
0.0
 40
1.8288
 71
5
  1
1443
  7
ESTANDAR
 50
90.0
  0
POINT
  5
2E7
330
2DC
100
AcDbEntity
  8
Defpoints
100
AcDbPoint
 10
107.60000000000002
 20
-10.306666666666672
 30
0.0
  0
POINT
  5
2E8
330
2DC
100
AcDbEntity
  8
Defpoints
100
AcDbPoint
 10
107.60000000000002
 20
-10.306666666666672
 30
0.0
  0
POINT
  5
2E9
330
2DC
100
AcDbEntity
  8
Defpoints
100
AcDbPoint
 10
107.60000000000002
 20
8.93333333333333
 30
0.0
  0
ENDBLK
  5
2DE
330
2DC
100
AcDbEntity
  8
0
100
AcDbBlockEnd
  0
BLOCK
  5
2EB
330
2EA
100
AcDbEntity
  8
0
100
AcDbBlockBegin
  2
*D11
 70
1
 10
0.0
 20
0.0
 30
0.0
  3
*D11
  1

  0
LINE
  5
2ED
330
2EA
100
AcDbEntity
  8
0
 62
8
370
13
100
AcDbLine
 10
107.07083333333335
 20
8.93333333333333
 30
0.0
 11
106.71805555555558
 21
8.93333333333333
 31
0.0
  0
LINE
  5
2EE
330
2EA
100
AcDbEntity
  8
0
 62
8
370
13
100
AcDbLine
 10
107.07083333333335
 20
27.6
 30
0.0
 11
106.71805555555558
 21
27.6
 31
0.0
  0
INSERT
  5
2EF
330
2EA
100
AcDbEntity
  8
COTAS
 62
8
100
AcDbBlockReference
  2
_OBLIQUE
 10
107.60000000000002
 20
8.93333333333333
 30
0.0
 41
2.188633333333333
 42
2.188633333333333
 50
90.0
  0
INSERT
  5
2F1
330
2EA
100
AcDbEntity
  8
COTAS
 62
8
100
AcDbBlockReference
  2
_OBLIQUE
 10
107.60000000000002
 20
27.6
 30
0.0
 41
2.188633333333333
 42
2.188633333333333
 50
90.0
  0
LINE
  5
2F3
330
2EA
100
AcDbEntity
  8
0
 62
8
370
15
100
AcDbLine
 10
107.60000000000002
 20
8.93333333333333
 30
0.0
 11
107.60000000000002
 21
27.6
 31
0.0
  0
MTEXT
  5
2F4
330
2EA
100
AcDbEntity
  8
COTAS
 62
250
100
AcDbMText
 10
106.08560000000003
 20
18.266666666666666
 30
0.0
 40
1.8288
 71
5
  1
1400
  7
ESTANDAR
 50
90.0
  0
POINT
  5
2F5
330
2EA
100
AcDbEntity
  8
Defpoints
100
AcDbPoint
 10
107.60000000000002
 20
8.93333333333333
 30
0.0
  0
POINT
  5
2F6
330
2EA
100
AcDbEntity
  8
Defpoints
100
AcDbPoint
 10
107.60000000000002
 20
8.93333333333333
 30
0.0
  0
POINT
  5
2F7
330
2EA
100
AcDbEntity
  8
Defpoints
100
AcDbPoint
 10
107.60000000000002
 20
27.6
 30
0.0
  0
ENDBLK
  5
2EC
330
2EA
100
AcDbEntity
  8
0
100
AcDbBlockEnd
  0
BLOCK
  5
2F9
330
2F8
100
AcDbEntity
  8
0
100
AcDbBlockBegin
  2
*D12
 70
1
 10
0.0
 20
0.0
 30
0.0
  3
*D12
  1

  0
LINE
  5
2FB
330
2F8
100
AcDbEntity
  8
0
 62
8
370
13
100
AcDbLine
 10
107.07083333333335
 20
27.6
 30
0.0
 11
106.71805555555558
 21
27.6
 31
0.0
  0
LINE
  5
2FC
330
2F8
100
AcDbEntity
  8
0
 62
8
370
13
100
AcDbLine
 10
107.07083333333335
 20
81.19999999999999
 30
0.0
 11
106.71805555555558
 21
81.19999999999999
 31
0.0
  0
INSERT
  5
2FD
330
2F8
100
AcDbEntity
  8
COTAS
 62
8
100
AcDbBlockReference
  2
_OBLIQUE
 10
107.60000000000002
 20
27.6
 30
0.0
 41
2.188633333333333
 42
2.188633333333333
 50
90.0
  0
INSERT
  5
2FF
330
2F8
100
AcDbEntity
  8
COTAS
 62
8
100
AcDbBlockReference
  2
_OBLIQUE
 10
107.60000000000002
 20
81.19999999999999
 30
0.0
 41
2.188633333333333
 42
2.188633333333333
 50
90.0
  0
LINE
  5
301
330
2F8
100
AcDbEntity
  8
0
 62
8
370
15
100
AcDbLine
 10
107.60000000000002
 20
27.6
 30
0.0
 11
107.60000000000002
 21
81.19999999999999
 31
0.0
  0
MTEXT
  5
302
330
2F8
100
AcDbEntity
  8
COTAS
 62
250
100
AcDbMText
 10
106.08560000000003
 20
54.39999999999999
 30
0.0
 40
1.8288
 71
5
  1
4020
  7
ESTANDAR
 50
90.0
  0
POINT
  5
303
330
2F8
100
AcDbEntity
  8
Defpoints
100
AcDbPoint
 10
107.60000000000002
 20
27.6
 30
0.0
  0
POINT
  5
304
330
2F8
100
AcDbEntity
  8
Defpoints
100
AcDbPoint
 10
107.60000000000002
 20
27.6
 30
0.0
  0
POINT
  5
305
330
2F8
100
AcDbEntity
  8
Defpoints
100
AcDbPoint
 10
107.60000000000002
 20
81.19999999999999
 30
0.0
  0
ENDBLK
  5
2FA
330
2F8
100
AcDbEntity
  8
0
100
AcDbBlockEnd
  0
BLOCK
  5
309
330
308
100
AcDbEntity
  8
0
100
AcDbBlockBegin
  2
DET_02_corte-a-a-vcs-112-eje-4
 70
0
 10
0.0
 20
0.0
 30
0.0
  3
DET_02_corte-a-a-vcs-112-eje-4
  1

  0
HATCH
  5
30E
330
308
100
AcDbEntity
  8
G-r_conc
 62
7
420
16118767
100
AcDbHatch
 10
0.0
 20
0.0
 30
0.0
210
0.0
220
0.0
230
1.0
  2
SOLID
 70
1
 71
0
 91
1
 92
3
 72
0
 73
1
 93
4
 10
-12.0
 20
-14.9588
 10
18.0
 20
-14.9588
 10
18.0
 20
20.0412
 10
-12.0
 20
20.0412
 97
0
 75
0
 76
1
 98
0
  0
LWPOLYLINE
  5
30F
330
308
100
AcDbEntity
  8
G-r_conc
100
AcDbPolyline
 90
4
 70
1
 10
-12.0
 20
-14.9588
 10
18.0
 20
-14.9588
 10
18.0
 20
20.0412
 10
-12.0
 20
20.0412
  0
HATCH
  5
310
330
308
100
AcDbEntity
  8
G-r_tieS
 62
7
420
9460135
100
AcDbHatch
 10
0.0
 20
0.0
 30
0.0
210
0.0
220
0.0
230
1.0
  2
SOLID
 70
1
 71
0
 91
1
 92
3
 72
0
 73
1
 93
114
 10
-1.410912703473989
 20
10.94500592228744
 10
-5.419086686877234
 20
14.953179905690686
 10
-5.436786979013872
 20
14.96902844079775
 10
-5.455262029594801
 20
14.9835929963015
 10
-5.4748228496150215
 20
14.996663118379193
 10
-5.495348840114486
 20
15.00815822538198
 10
-5.516713451536178
 20
15.018007446152662
 10
-5.538784963946231
 20
15.026150056970003
 10
-5.561427299131102
 20
15.032535855930615
 10
-5.584500859565074
 20
15.03712547246041
 10
-5.607863389075279
 20
15.039890610047284
 10
-5.632461459861942
 20
15.040857070880673
 10
-6.695874719559665
 20
15.0412
 10
-6.746688476304341
 20
15.035979437984391
 10
-6.792227327371904
 20
15.025046527130158
 10
-6.835495235554612
 20
15.007124372745373
 10
-6.875426801355056
 20
14.982654277751195
 10
-6.9110387770979695
 20
14.952238777097982
 10
-6.941454277751191
 20
14.916626801355054
 10
-6.965924372745372
 20
14.876695235554603
 10
-6.9838465271301615
 20
14.8334273273719
 10
-6.994779437984397
 20
14.787888476304339
 10
-6.9984697524727295
 20
14.74099858487471
 10
-7.0
 20
-9.658599199423879
 10
-6.994779437984397
 20
-9.705488476304339
 10
-6.9838465271301615
 20
-9.751027327371897
 10
-6.96592437274537
 20
-9.794295235554609
 10
-6.941454277751191
 20
-9.834226801355058
 10
-6.911038777097977
 20
-9.869838777097973
 10
-6.8754268013550615
 20
-9.900254277751191
 10
-6.835495235554609
 20
-9.92472437274537
 10
-6.792227327371899
 20
-9.942646527130162
 10
-6.746688476304342
 20
-9.953579437984395
 10
-6.699747008534869
 20
-9.957273811618705
 10
12.699747778410188
 20
-9.9588
 10
12.74668847630434
 20
-9.953579437984395
 10
12.792227327371897
 20
-9.942646527130162
 10
12.83549523555461
 20
-9.924724372745368
 10
12.875426801355061
 20
-9.900254277751191
 10
12.911038777097975
 20
-9.869838777097975
 10
12.941454277751191
 20
-9.834226801355058
 10
12.96592437274537
 20
-9.794295235554607
 10
12.983846527130162
 20
-9.751027327371897
 10
12.994779437984397
 20
-9.705488476304339
 10
12.99846975247273
 20
-9.658598584874706
 10
13.0
 20
14.740999199423879
 10
12.994779437984397
 20
14.787888476304339
 10
12.983846527130162
 20
14.8334273273719
 10
12.965924372745372
 20
14.876695235554603
 10
12.941454277751191
 20
14.916626801355054
 10
12.91103877709797
 20
14.952238777097982
 10
12.875426801355056
 20
14.982654277751195
 10
12.835495235554612
 20
15.007124372745373
 10
12.792227327371904
 20
15.025046527130158
 10
12.74668847630434
 20
15.035979437984391
 10
12.699497259246279
 20
15.039693467313995
 10
3.0
 20
15.0412
 10
3.0
 20
16.0412
 10
12.700502740753723
 20
16.042706532686008
 10
12.90360666776003
 20
16.026721906967826
 10
13.10219986362801
 20
15.979043898942091
 10
13.290889564028664
 20
15.900886065956023
 10
13.465029602312903
 20
15.794172913248726
 10
13.620332072800508
 20
15.661532072800494
 10
13.752972913248724
 20
15.5062296023129
 10
13.85968606595602
 20
15.332089564028674
 10
13.937843898942084
 20
15.143399863628023
 10
13.985521906967826
 20
14.94480666776003
 10
14.0
 20
14.741400800576127
 10
14.001530247527272
 20
-9.659001415125292
 10
13.985521906967826
 20
-9.86240666776003
 10
13.937843898942084
 20
-10.06099986362802
 10
13.85968606595602
 20
-10.249689564028667
 10
13.752972913248726
 20
-10.423829602312898
 10
13.620332072800503
 20
-10.579132072800501
 10
13.465029602312898
 20
-10.711772913248724
 10
13.290889564028667
 20
-10.81848606595602
 10
13.102199863628018
 20
-10.896643898942084
 10
12.90360666776003
 20
-10.944321906967826
 10
12.700252221589814
 20
-10.9588
 10
-6.700252991465133
 20
-10.960326188381295
 10
-6.90360666776003
 20
-10.944321906967826
 10
-7.1021998636280195
 20
-10.896643898942084
 10
-7.290889564028667
 20
-10.81848606595602
 10
-7.465029602312898
 20
-10.711772913248724
 10
-7.620332072800501
 20
-10.579132072800503
 10
-7.752972913248726
 20
-10.423829602312898
 10
-7.859686065956021
 20
-10.249689564028666
 10
-7.937843898942084
 20
-10.06099986362802
 10
-7.985521906967826
 20
-9.86240666776003
 10
-8.0
 20
-9.659000800576122
 10
-8.001530247527272
 20
14.741401415125292
 10
-7.985521906967826
 20
14.94480666776003
 10
-7.937843898942086
 20
15.143399863628023
 10
-7.859686065956019
 20
15.332089564028674
 10
-7.752972913248724
 20
15.5062296023129
 10
-7.620332072800508
 20
15.661532072800494
 10
-7.465029602312903
 20
15.794172913248726
 10
-7.290889564028664
 20
15.900886065956023
 10
-7.102199863628011
 20
15.979043898942091
 10
-6.90360666776003
 20
16.026721906967826
 10
-6.704125280440337
 20
16.0412
 10
-5.630280239935011
 20
16.04154292911933
 10
-5.529343757557122
 20
16.037577123925725
 10
-5.4279456961675105
 20
16.02557587249181
 10
-5.327801818496402
 20
16.005656016705668
 10
-5.229529544850806
 20
15.977940369102246
 10
-5.133734756476633
 20
15.942599805865395
 10
-5.041008060099193
 20
15.899852213319416
 10
-4.951921146636415
 20
15.849961144587358
 10
-4.867023266534196
 20
15.793234194698424
 10
-4.786837843454787
 20
15.7300211041623
 10
-4.712284163021244
 20
15.66059094420779
 10
-0.703805922287442
 20
11.652112703473993
 97
0
 75
0
 76
1
 98
0
  0
LWPOLYLINE
  5
311
330
308
100
AcDbEntity
  8
G-r_tieS
100
AcDbPolyline
 90
114
 70
1
 10
-1.410912703473989
 20
10.94500592228744
 10
-5.419086686877234
 20
14.953179905690686
 10
-5.436786979013872
 20
14.96902844079775
 10
-5.455262029594801
 20
14.9835929963015
 10
-5.4748228496150215
 20
14.996663118379193
 10
-5.495348840114486
 20
15.00815822538198
 10
-5.516713451536178
 20
15.018007446152662
 10
-5.538784963946231
 20
15.026150056970003
 10
-5.561427299131102
 20
15.032535855930615
 10
-5.584500859565074
 20
15.03712547246041
 10
-5.607863389075279
 20
15.039890610047284
 10
-5.632461459861942
 20
15.040857070880673
 10
-6.695874719559665
 20
15.0412
 10
-6.746688476304341
 20
15.035979437984391
 10
-6.792227327371904
 20
15.025046527130158
 10
-6.835495235554612
 20
15.007124372745373
 10
-6.875426801355056
 20
14.982654277751195
 10
-6.9110387770979695
 20
14.952238777097982
 10
-6.941454277751191
 20
14.916626801355054
 10
-6.965924372745372
 20
14.876695235554603
 10
-6.9838465271301615
 20
14.8334273273719
 10
-6.994779437984397
 20
14.787888476304339
 10
-6.9984697524727295
 20
14.74099858487471
 10
-7.0
 20
-9.658599199423879
 10
-6.994779437984397
 20
-9.705488476304339
 10
-6.9838465271301615
 20
-9.751027327371897
 10
-6.96592437274537
 20
-9.794295235554609
 10
-6.941454277751191
 20
-9.834226801355058
 10
-6.911038777097977
 20
-9.869838777097973
 10
-6.8754268013550615
 20
-9.900254277751191
 10
-6.835495235554609
 20
-9.92472437274537
 10
-6.792227327371899
 20
-9.942646527130162
 10
-6.746688476304342
 20
-9.953579437984395
 10
-6.699747008534869
 20
-9.957273811618705
 10
12.699747778410188
 20
-9.9588
 10
12.74668847630434
 20
-9.953579437984395
 10
12.792227327371897
 20
-9.942646527130162
 10
12.83549523555461
 20
-9.924724372745368
 10
12.875426801355061
 20
-9.900254277751191
 10
12.911038777097975
 20
-9.869838777097975
 10
12.941454277751191
 20
-9.834226801355058
 10
12.96592437274537
 20
-9.794295235554607
 10
12.983846527130162
 20
-9.751027327371897
 10
12.994779437984397
 20
-9.705488476304339
 10
12.99846975247273
 20
-9.658598584874706
 10
13.0
 20
14.740999199423879
 10
12.994779437984397
 20
14.787888476304339
 10
12.983846527130162
 20
14.8334273273719
 10
12.965924372745372
 20
14.876695235554603
 10
12.941454277751191
 20
14.916626801355054
 10
12.91103877709797
 20
14.952238777097982
 10
12.875426801355056
 20
14.982654277751195
 10
12.835495235554612
 20
15.007124372745373
 10
12.792227327371904
 20
15.025046527130158
 10
12.74668847630434
 20
15.035979437984391
 10
12.699497259246279
 20
15.039693467313995
 10
3.0
 20
15.0412
 10
3.0
 20
16.0412
 10
12.700502740753723
 20
16.042706532686008
 10
12.90360666776003
 20
16.026721906967826
 10
13.10219986362801
 20
15.979043898942091
 10
13.290889564028664
 20
15.900886065956023
 10
13.465029602312903
 20
15.794172913248726
 10
13.620332072800508
 20
15.661532072800494
 10
13.752972913248724
 20
15.5062296023129
 10
13.85968606595602
 20
15.332089564028674
 10
13.937843898942084
 20
15.143399863628023
 10
13.985521906967826
 20
14.94480666776003
 10
14.0
 20
14.741400800576127
 10
14.001530247527272
 20
-9.659001415125292
 10
13.985521906967826
 20
-9.86240666776003
 10
13.937843898942084
 20
-10.06099986362802
 10
13.85968606595602
 20
-10.249689564028667
 10
13.752972913248726
 20
-10.423829602312898
 10
13.620332072800503
 20
-10.579132072800501
 10
13.465029602312898
 20
-10.711772913248724
 10
13.290889564028667
 20
-10.81848606595602
 10
13.102199863628018
 20
-10.896643898942084
 10
12.90360666776003
 20
-10.944321906967826
 10
12.700252221589814
 20
-10.9588
 10
-6.700252991465133
 20
-10.960326188381295
 10
-6.90360666776003
 20
-10.944321906967826
 10
-7.1021998636280195
 20
-10.896643898942084
 10
-7.290889564028667
 20
-10.81848606595602
 10
-7.465029602312898
 20
-10.711772913248724
 10
-7.620332072800501
 20
-10.579132072800503
 10
-7.752972913248726
 20
-10.423829602312898
 10
-7.859686065956021
 20
-10.249689564028666
 10
-7.937843898942084
 20
-10.06099986362802
 10
-7.985521906967826
 20
-9.86240666776003
 10
-8.0
 20
-9.659000800576122
 10
-8.001530247527272
 20
14.741401415125292
 10
-7.985521906967826
 20
14.94480666776003
 10
-7.937843898942086
 20
15.143399863628023
 10
-7.859686065956019
 20
15.332089564028674
 10
-7.752972913248724
 20
15.5062296023129
 10
-7.620332072800508
 20
15.661532072800494
 10
-7.465029602312903
 20
15.794172913248726
 10
-7.290889564028664
 20
15.900886065956023
 10
-7.102199863628011
 20
15.979043898942091
 10
-6.90360666776003
 20
16.026721906967826
 10
-6.704125280440337
 20
16.0412
 10
-5.630280239935011
 20
16.04154292911933
 10
-5.529343757557122
 20
16.037577123925725
 10
-5.4279456961675105
 20
16.02557587249181
 10
-5.327801818496402
 20
16.005656016705668
 10
-5.229529544850806
 20
15.977940369102246
 10
-5.133734756476633
 20
15.942599805865395
 10
-5.041008060099193
 20
15.899852213319416
 10
-4.951921146636415
 20
15.849961144587358
 10
-4.867023266534196
 20
15.793234194698424
 10
-4.786837843454787
 20
15.7300211041623
 10
-4.712284163021244
 20
15.66059094420779
 10
-0.703805922287442
 20
11.652112703473993
  0
HATCH
  5
312
330
308
100
AcDbEntity
  8
G-r_tieS
 62
7
420
9460135
100
AcDbHatch
 10
0.0
 20
0.0
 30
0.0
210
0.0
220
0.0
230
1.0
  2
SOLID
 70
1
 71
0
 91
1
 92
3
 72
0
 73
1
 93
48
 10
3.0
 20
15.0412
 10
-6.699498769486581
 20
15.0412
 10
-6.746688476304341
 20
15.035979437984391
 10
-6.792227327371904
 20
15.025046527130158
 10
-6.835495235554612
 20
15.007124372745373
 10
-6.875426801355056
 20
14.982654277751195
 10
-6.9110387770979695
 20
14.952238777097982
 10
-6.941454277751191
 20
14.916626801355054
 10
-6.965924372745372
 20
14.876695235554603
 10
-6.9838465271301615
 20
14.8334273273719
 10
-6.994779437984397
 20
14.787888476304339
 10
-6.998779359972495
 20
14.737064648594806
 10
-7.0
 20
13.673660712370786
 10
-6.998690610047278
 20
13.649063389075266
 10
-6.995925472460408
 20
13.625700859565061
 10
-6.991335855930613
 20
13.602627299131107
 10
-6.984950056970005
 20
13.579984963946234
 10
-6.976807446152666
 20
13.55791345153618
 10
-6.96695822538198
 20
13.536548840114492
 10
-6.955463118379196
 20
13.516022849615027
 10
-6.942392996301487
 20
13.496462029594788
 10
-6.927828440797745
 20
13.477986979013863
 10
-6.911712985390329
 20
13.460553377572868
 10
-2.903805922287442
 20
9.45211270347399
 10
-3.610912703473989
 20
8.745005922287444
 10
-7.619657864508149
 20
12.753217472325609
 10
-7.688821104162308
 20
12.82803784345479
 10
-7.752034194698432
 20
12.908223266534211
 10
-7.808761144587352
 20
12.993121146636408
 10
-7.858652213319409
 20
13.082208060099184
 10
-7.901399805865394
 20
13.174934756476624
 10
-7.9367403691022425
 20
13.270729544850795
 10
-7.964456016705672
 20
13.369001818496393
 10
-7.984375872491814
 20
13.469145696167526
 10
-7.996377123925727
 20
13.570543757557132
 10
-8.0
 20
13.671480987426165
 10
-8.001220640027505
 20
14.745335351405195
 10
-7.985521906967826
 20
14.94480666776003
 10
-7.937843898942086
 20
15.143399863628023
 10
-7.859686065956019
 20
15.332089564028674
 10
-7.752972913248724
 20
15.5062296023129
 10
-7.620332072800508
 20
15.661532072800494
 10
-7.465029602312903
 20
15.794172913248726
 10
-7.290889564028664
 20
15.900886065956023
 10
-7.102199863628011
 20
15.979043898942091
 10
-6.90360666776003
 20
16.026721906967826
 10
-6.700501230513419
 20
16.0412
 10
3.0
 20
16.0412
 97
0
 75
0
 76
1
 98
0
  0
LWPOLYLINE
  5
313
330
308
100
AcDbEntity
  8
G-r_tieS
100
AcDbPolyline
 90
48
 70
1
 10
3.0
 20
15.0412
 10
-6.699498769486581
 20
15.0412
 10
-6.746688476304341
 20
15.035979437984391
 10
-6.792227327371904
 20
15.025046527130158
 10
-6.835495235554612
 20
15.007124372745373
 10
-6.875426801355056
 20
14.982654277751195
 10
-6.9110387770979695
 20
14.952238777097982
 10
-6.941454277751191
 20
14.916626801355054
 10
-6.965924372745372
 20
14.876695235554603
 10
-6.9838465271301615
 20
14.8334273273719
 10
-6.994779437984397
 20
14.787888476304339
 10
-6.998779359972495
 20
14.737064648594806
 10
-7.0
 20
13.673660712370786
 10
-6.998690610047278
 20
13.649063389075266
 10
-6.995925472460408
 20
13.625700859565061
 10
-6.991335855930613
 20
13.602627299131107
 10
-6.984950056970005
 20
13.579984963946234
 10
-6.976807446152666
 20
13.55791345153618
 10
-6.96695822538198
 20
13.536548840114492
 10
-6.955463118379196
 20
13.516022849615027
 10
-6.942392996301487
 20
13.496462029594788
 10
-6.927828440797745
 20
13.477986979013863
 10
-6.911712985390329
 20
13.460553377572868
 10
-2.903805922287442
 20
9.45211270347399
 10
-3.610912703473989
 20
8.745005922287444
 10
-7.619657864508149
 20
12.753217472325609
 10
-7.688821104162308
 20
12.82803784345479
 10
-7.752034194698432
 20
12.908223266534211
 10
-7.808761144587352
 20
12.993121146636408
 10
-7.858652213319409
 20
13.082208060099184
 10
-7.901399805865394
 20
13.174934756476624
 10
-7.9367403691022425
 20
13.270729544850795
 10
-7.964456016705672
 20
13.369001818496393
 10
-7.984375872491814
 20
13.469145696167526
 10
-7.996377123925727
 20
13.570543757557132
 10
-8.0
 20
13.671480987426165
 10
-8.001220640027505
 20
14.745335351405195
 10
-7.985521906967826
 20
14.94480666776003
 10
-7.937843898942086
 20
15.143399863628023
 10
-7.859686065956019
 20
15.332089564028674
 10
-7.752972913248724
 20
15.5062296023129
 10
-7.620332072800508
 20
15.661532072800494
 10
-7.465029602312903
 20
15.794172913248726
 10
-7.290889564028664
 20
15.900886065956023
 10
-7.102199863628011
 20
15.979043898942091
 10
-6.90360666776003
 20
16.026721906967826
 10
-6.700501230513419
 20
16.0412
 10
3.0
 20
16.0412
  0
HATCH
  5
314
330
308
100
AcDbEntity
  8
G-r_bm1
 62
7
420
1725046
100
AcDbHatch
 10
0.0
 20
0.0
 30
0.0
210
0.0
220
0.0
230
1.0
  2
SOLID
 70
1
 71
0
 91
1
 92
1
 93
1
 72
2
 10
-6.4
 20
14.441200000000002
 40
0.6000000000000001
 50
0.0
 51
360.0
 73
1
 97
0
 75
0
 76
1
 98
0
  0
CIRCLE
  5
315
330
308
100
AcDbEntity
  8
G-r_bm1
100
AcDbCircle
 10
-6.4
 20
14.441200000000002
 30
0.0
 40
0.6000000000000001
  0
HATCH
  5
316
330
308
100
AcDbEntity
  8
G-r_bm1
 62
7
420
1725046
100
AcDbHatch
 10
0.0
 20
0.0
 30
0.0
210
0.0
220
0.0
230
1.0
  2
SOLID
 70
1
 71
0
 91
1
 92
1
 93
1
 72
2
 10
3.0
 20
14.441200000000002
 40
0.6000000000000001
 50
0.0
 51
360.0
 73
1
 97
0
 75
0
 76
1
 98
0
  0
CIRCLE
  5
317
330
308
100
AcDbEntity
  8
G-r_bm1
100
AcDbCircle
 10
3.0
 20
14.441200000000002
 30
0.0
 40
0.6000000000000001
  0
HATCH
  5
318
330
308
100
AcDbEntity
  8
G-r_bm1
 62
7
420
1725046
100
AcDbHatch
 10
0.0
 20
0.0
 30
0.0
210
0.0
220
0.0
230
1.0
  2
SOLID
 70
1
 71
0
 91
1
 92
1
 93
1
 72
2
 10
12.4
 20
14.441200000000002
 40
0.6000000000000001
 50
0.0
 51
360.0
 73
1
 97
0
 75
0
 76
1
 98
0
  0
CIRCLE
  5
319
330
308
100
AcDbEntity
  8
G-r_bm1
100
AcDbCircle
 10
12.4
 20
14.441200000000002
 30
0.0
 40
0.6000000000000001
  0
HATCH
  5
31A
330
308
100
AcDbEntity
  8
G-r_bm1
 62
7
420
1725046
100
AcDbHatch
 10
0.0
 20
0.0
 30
0.0
210
0.0
220
0.0
230
1.0
  2
SOLID
 70
1
 71
0
 91
1
 92
1
 93
1
 72
2
 10
-6.4
 20
-9.358799999999999
 40
0.6000000000000001
 50
0.0
 51
360.0
 73
1
 97
0
 75
0
 76
1
 98
0
  0
CIRCLE
  5
31B
330
308
100
AcDbEntity
  8
G-r_bm1
100
AcDbCircle
 10
-6.4
 20
-9.358799999999999
 30
0.0
 40
0.6000000000000001
  0
HATCH
  5
31C
330
308
100
AcDbEntity
  8
G-r_bm1
 62
7
420
1725046
100
AcDbHatch
 10
0.0
 20
0.0
 30
0.0
210
0.0
220
0.0
230
1.0
  2
SOLID
 70
1
 71
0
 91
1
 92
1
 93
1
 72
2
 10
2.4
 20
-9.358799999999999
 40
0.6000000000000001
 50
0.0
 51
360.0
 73
1
 97
0
 75
0
 76
1
 98
0
  0
CIRCLE
  5
31D
330
308
100
AcDbEntity
  8
G-r_bm1
100
AcDbCircle
 10
2.4
 20
-9.358799999999999
 30
0.0
 40
0.6000000000000001
  0
HATCH
  5
31E
330
308
100
AcDbEntity
  8
G-r_bm2
 62
7
420
6139362
100
AcDbHatch
 10
0.0
 20
0.0
 30
0.0
210
0.0
220
0.0
230
1.0
  2
SOLID
 70
1
 71
0
 91
1
 92
1
 93
1
 72
2
 10
3.6
 20
-9.358799999999999
 40
0.6000000000000001
 50
0.0
 51
360.0
 73
1
 97
0
 75
0
 76
1
 98
0
  0
CIRCLE
  5
31F
330
308
100
AcDbEntity
  8
G-r_bm2
100
AcDbCircle
 10
3.6
 20
-9.358799999999999
 30
0.0
 40
0.6000000000000001
  0
HATCH
  5
320
330
308
100
AcDbEntity
  8
G-r_bm1
 62
7
420
1725046
100
AcDbHatch
 10
0.0
 20
0.0
 30
0.0
210
0.0
220
0.0
230
1.0
  2
SOLID
 70
1
 71
0
 91
1
 92
1
 93
1
 72
2
 10
12.4
 20
-9.358799999999999
 40
0.6000000000000001
 50
0.0
 51
360.0
 73
1
 97
0
 75
0
 76
1
 98
0
  0
CIRCLE
  5
321
330
308
100
AcDbEntity
  8
G-r_bm1
100
AcDbCircle
 10
12.4
 20
-9.358799999999999
 30
0.0
 40
0.6000000000000001
  0
TEXT
  5
322
330
308
100
AcDbEntity
  8
T-bsm
 62
156
420
929604
100
AcDbText
 10
5.1
 20
-6.8588000000000005
 30
0.0
 40
2.286
  1
+1Ø12
  7
NEGRITA
 41
0.885
 11
5.1
 21
-6.8588000000000005
 31
0.0
100
AcDbText
  0
TEXT
  5
323
330
308
100
AcDbEntity
  8
T-bsm
 62
156
420
929604
100
AcDbText
 10
3.0
 20
23.0412
 30
0.0
 40
2.286
  1
3Ø12
  7
NEGRITA
 41
0.885
 72
1
 11
3.0
 21
23.0412
 31
0.0
100
AcDbText
  0
TEXT
  5
324
330
308
100
AcDbEntity
  8
T-bsm
 62
156
420
929604
100
AcDbText
 10
3.0
 20
-20.9588
 30
0.0
 40
2.286
  1
4Ø12 (1-2-1)
  7
NEGRITA
 41
0.885
 72
1
 11
3.0
 21
-20.9588
 31
0.0
100
AcDbText
  0
DIMENSION
  5
325
330
308
100
AcDbEntity
  8
COTAS
100
AcDbDimension
280
0
  2
*D13
  3
COTAS_PAPEL
 10
-12.0
 20
-24.9588
 30
0.0
 11
3.0
 21
-23.4444
 31
0.0
 70
32
 71
5
  1
300
100
AcDbAlignedDimension
 13
-12.0
 23
-14.9588
 33
0.0
 14
18.0
 24
-14.9588
 34
0.0
 50
0.0
100
AcDbRotatedDimension
  0
DIMENSION
  5
326
330
308
100
AcDbEntity
  8
COTAS
100
AcDbDimension
280
0
  2
*D14
  3
COTAS_PAPEL
 10
-18.0
 20
-14.9588
 30
0.0
 11
-19.5144
 21
2.5412
 31
0.0
 70
32
 71
5
  1
350
100
AcDbAlignedDimension
 13
-12.0
 23
-14.9588
 33
0.0
 14
-12.0
 24
20.0412
 34
0.0
 50
90.0
100
AcDbRotatedDimension
  0
ENDBLK
  5
30A
330
308
100
AcDbEntity
  8
0
100
AcDbBlockEnd
  0
BLOCK
  5
328
330
327
100
AcDbEntity
  8
0
100
AcDbBlockBegin
  2
*D13
 70
1
 10
0.0
 20
0.0
 30
0.0
  3
*D13
  1

  0
LINE
  5
32A
330
327
100
AcDbEntity
  8
0
 62
8
370
13
100
AcDbLine
 10
-12.0
 20
-15.487966666666667
 30
0.0
 11
-12.0
 21
-25.840744444444443
 31
0.0
  0
LINE
  5
32B
330
327
100
AcDbEntity
  8
0
 62
8
370
13
100
AcDbLine
 10
18.0
 20
-15.487966666666667
 30
0.0
 11
18.0
 21
-25.840744444444443
 31
0.0
  0
INSERT
  5
32C
330
327
100
AcDbEntity
  8
COTAS
 62
8
100
AcDbBlockReference
  2
_OBLIQUE
 10
-12.0
 20
-24.9588
 30
0.0
 41
2.188633333333333
 42
2.188633333333333
  0
INSERT
  5
32E
330
327
100
AcDbEntity
  8
COTAS
 62
8
100
AcDbBlockReference
  2
_OBLIQUE
 10
18.0
 20
-24.9588
 30
0.0
 41
2.188633333333333
 42
2.188633333333333
  0
LINE
  5
330
330
327
100
AcDbEntity
  8
0
 62
8
370
15
100
AcDbLine
 10
-12.0
 20
-24.9588
 30
0.0
 11
18.0
 21
-24.9588
 31
0.0
  0
MTEXT
  5
331
330
327
100
AcDbEntity
  8
COTAS
 62
250
100
AcDbMText
 10
3.0
 20
-23.4444
 30
0.0
 40
1.8288
 71
5
  1
300
  7
ESTANDAR
  0
POINT
  5
332
330
327
100
AcDbEntity
  8
Defpoints
100
AcDbPoint
 10
-12.0
 20
-24.9588
 30
0.0
  0
POINT
  5
333
330
327
100
AcDbEntity
  8
Defpoints
100
AcDbPoint
 10
-12.0
 20
-14.9588
 30
0.0
  0
POINT
  5
334
330
327
100
AcDbEntity
  8
Defpoints
100
AcDbPoint
 10
18.0
 20
-14.9588
 30
0.0
  0
ENDBLK
  5
329
330
327
100
AcDbEntity
  8
0
100
AcDbBlockEnd
  0
BLOCK
  5
336
330
335
100
AcDbEntity
  8
0
100
AcDbBlockBegin
  2
*D14
 70
1
 10
0.0
 20
0.0
 30
0.0
  3
*D14
  1

  0
LINE
  5
338
330
335
100
AcDbEntity
  8
0
 62
8
370
13
100
AcDbLine
 10
-12.529166666666667
 20
-14.9588
 30
0.0
 11
-18.881944444444443
 21
-14.9588
 31
0.0
  0
LINE
  5
339
330
335
100
AcDbEntity
  8
0
 62
8
370
13
100
AcDbLine
 10
-12.529166666666667
 20
20.0412
 30
0.0
 11
-18.881944444444443
 21
20.0412
 31
0.0
  0
INSERT
  5
33A
330
335
100
AcDbEntity
  8
COTAS
 62
8
100
AcDbBlockReference
  2
_OBLIQUE
 10
-18.0
 20
-14.9588
 30
0.0
 41
2.188633333333333
 42
2.188633333333333
 50
90.0
  0
INSERT
  5
33C
330
335
100
AcDbEntity
  8
COTAS
 62
8
100
AcDbBlockReference
  2
_OBLIQUE
 10
-18.0
 20
20.0412
 30
0.0
 41
2.188633333333333
 42
2.188633333333333
 50
90.0
  0
LINE
  5
33E
330
335
100
AcDbEntity
  8
0
 62
8
370
15
100
AcDbLine
 10
-18.0
 20
-14.9588
 30
0.0
 11
-18.0
 21
20.0412
 31
0.0
  0
MTEXT
  5
33F
330
335
100
AcDbEntity
  8
COTAS
 62
250
100
AcDbMText
 10
-19.5144
 20
2.5412
 30
0.0
 40
1.8288
 71
5
  1
350
  7
ESTANDAR
 50
90.0
  0
POINT
  5
340
330
335
100
AcDbEntity
  8
Defpoints
100
AcDbPoint
 10
-18.0
 20
-14.9588
 30
0.0
  0
POINT
  5
341
330
335
100
AcDbEntity
  8
Defpoints
100
AcDbPoint
 10
-12.0
 20
-14.9588
 30
0.0
  0
POINT
  5
342
330
335
100
AcDbEntity
  8
Defpoints
100
AcDbPoint
 10
-12.0
 20
20.0412
 30
0.0
  0
ENDBLK
  5
337
330
335
100
AcDbEntity
  8
0
100
AcDbBlockEnd
  0
BLOCK
  5
346
330
345
100
AcDbEntity
  8
0
100
AcDbBlockBegin
  2
DET_03_corte-b-b-vcm-con-bastones
 70
0
 10
0.0
 20
0.0
 30
0.0
  3
DET_03_corte-b-b-vcm-con-bastones
  1

  0
HATCH
  5
348
330
345
100
AcDbEntity
  8
G-r_conc
 62
7
420
16118767
100
AcDbHatch
 10
0.0
 20
0.0
 30
0.0
210
0.0
220
0.0
230
1.0
  2
SOLID
 70
1
 71
0
 91
1
 92
3
 72
0
 73
1
 93
4
 10
-12.0
 20
-14.9588
 10
18.0
 20
-14.9588
 10
18.0
 20
20.0412
 10
-12.0
 20
20.0412
 97
0
 75
0
 76
1
 98
0
  0
LWPOLYLINE
  5
349
330
345
100
AcDbEntity
  8
G-r_conc
100
AcDbPolyline
 90
4
 70
1
 10
-12.0
 20
-14.9588
 10
18.0
 20
-14.9588
 10
18.0
 20
20.0412
 10
-12.0
 20
20.0412
  0
HATCH
  5
34A
330
345
100
AcDbEntity
  8
G-r_tieS
 62
7
420
9460135
100
AcDbHatch
 10
0.0
 20
0.0
 30
0.0
210
0.0
220
0.0
230
1.0
  2
SOLID
 70
1
 71
0
 91
1
 92
3
 72
0
 73
1
 93
114
 10
-1.410912703473989
 20
10.94500592228744
 10
-5.419086686877234
 20
14.953179905690686
 10
-5.436786979013872
 20
14.96902844079775
 10
-5.455262029594801
 20
14.9835929963015
 10
-5.4748228496150215
 20
14.996663118379193
 10
-5.495348840114486
 20
15.00815822538198
 10
-5.516713451536178
 20
15.018007446152662
 10
-5.538784963946231
 20
15.026150056970003
 10
-5.561427299131102
 20
15.032535855930615
 10
-5.584500859565074
 20
15.03712547246041
 10
-5.607863389075279
 20
15.039890610047284
 10
-5.632461459861942
 20
15.040857070880673
 10
-6.695874719559665
 20
15.0412
 10
-6.746688476304341
 20
15.035979437984391
 10
-6.792227327371904
 20
15.025046527130158
 10
-6.835495235554612
 20
15.007124372745373
 10
-6.875426801355056
 20
14.982654277751195
 10
-6.9110387770979695
 20
14.952238777097982
 10
-6.941454277751191
 20
14.916626801355054
 10
-6.965924372745372
 20
14.876695235554603
 10
-6.9838465271301615
 20
14.8334273273719
 10
-6.994779437984397
 20
14.787888476304339
 10
-6.9984697524727295
 20
14.74099858487471
 10
-7.0
 20
-9.658599199423879
 10
-6.994779437984397
 20
-9.705488476304339
 10
-6.9838465271301615
 20
-9.751027327371897
 10
-6.96592437274537
 20
-9.794295235554609
 10
-6.941454277751191
 20
-9.834226801355058
 10
-6.911038777097977
 20
-9.869838777097973
 10
-6.8754268013550615
 20
-9.900254277751191
 10
-6.835495235554609
 20
-9.92472437274537
 10
-6.792227327371899
 20
-9.942646527130162
 10
-6.746688476304342
 20
-9.953579437984395
 10
-6.699747008534869
 20
-9.957273811618705
 10
12.699747778410188
 20
-9.9588
 10
12.74668847630434
 20
-9.953579437984395
 10
12.792227327371897
 20
-9.942646527130162
 10
12.83549523555461
 20
-9.924724372745368
 10
12.875426801355061
 20
-9.900254277751191
 10
12.911038777097975
 20
-9.869838777097975
 10
12.941454277751191
 20
-9.834226801355058
 10
12.96592437274537
 20
-9.794295235554607
 10
12.983846527130162
 20
-9.751027327371897
 10
12.994779437984397
 20
-9.705488476304339
 10
12.99846975247273
 20
-9.658598584874706
 10
13.0
 20
14.740999199423879
 10
12.994779437984397
 20
14.787888476304339
 10
12.983846527130162
 20
14.8334273273719
 10
12.965924372745372
 20
14.876695235554603
 10
12.941454277751191
 20
14.916626801355054
 10
12.91103877709797
 20
14.952238777097982
 10
12.875426801355056
 20
14.982654277751195
 10
12.835495235554612
 20
15.007124372745373
 10
12.792227327371904
 20
15.025046527130158
 10
12.74668847630434
 20
15.035979437984391
 10
12.699497259246279
 20
15.039693467313995
 10
3.0
 20
15.0412
 10
3.0
 20
16.0412
 10
12.700502740753723
 20
16.042706532686008
 10
12.90360666776003
 20
16.026721906967826
 10
13.10219986362801
 20
15.979043898942091
 10
13.290889564028664
 20
15.900886065956023
 10
13.465029602312903
 20
15.794172913248726
 10
13.620332072800508
 20
15.661532072800494
 10
13.752972913248724
 20
15.5062296023129
 10
13.85968606595602
 20
15.332089564028674
 10
13.937843898942084
 20
15.143399863628023
 10
13.985521906967826
 20
14.94480666776003
 10
14.0
 20
14.741400800576127
 10
14.001530247527272
 20
-9.659001415125292
 10
13.985521906967826
 20
-9.86240666776003
 10
13.937843898942084
 20
-10.06099986362802
 10
13.85968606595602
 20
-10.249689564028667
 10
13.752972913248726
 20
-10.423829602312898
 10
13.620332072800503
 20
-10.579132072800501
 10
13.465029602312898
 20
-10.711772913248724
 10
13.290889564028667
 20
-10.81848606595602
 10
13.102199863628018
 20
-10.896643898942084
 10
12.90360666776003
 20
-10.944321906967826
 10
12.700252221589814
 20
-10.9588
 10
-6.700252991465133
 20
-10.960326188381295
 10
-6.90360666776003
 20
-10.944321906967826
 10
-7.1021998636280195
 20
-10.896643898942084
 10
-7.290889564028667
 20
-10.81848606595602
 10
-7.465029602312898
 20
-10.711772913248724
 10
-7.620332072800501
 20
-10.579132072800503
 10
-7.752972913248726
 20
-10.423829602312898
 10
-7.859686065956021
 20
-10.249689564028666
 10
-7.937843898942084
 20
-10.06099986362802
 10
-7.985521906967826
 20
-9.86240666776003
 10
-8.0
 20
-9.659000800576122
 10
-8.001530247527272
 20
14.741401415125292
 10
-7.985521906967826
 20
14.94480666776003
 10
-7.937843898942086
 20
15.143399863628023
 10
-7.859686065956019
 20
15.332089564028674
 10
-7.752972913248724
 20
15.5062296023129
 10
-7.620332072800508
 20
15.661532072800494
 10
-7.465029602312903
 20
15.794172913248726
 10
-7.290889564028664
 20
15.900886065956023
 10
-7.102199863628011
 20
15.979043898942091
 10
-6.90360666776003
 20
16.026721906967826
 10
-6.704125280440337
 20
16.0412
 10
-5.630280239935011
 20
16.04154292911933
 10
-5.529343757557122
 20
16.037577123925725
 10
-5.4279456961675105
 20
16.02557587249181
 10
-5.327801818496402
 20
16.005656016705668
 10
-5.229529544850806
 20
15.977940369102246
 10
-5.133734756476633
 20
15.942599805865395
 10
-5.041008060099193
 20
15.899852213319416
 10
-4.951921146636415
 20
15.849961144587358
 10
-4.867023266534196
 20
15.793234194698424
 10
-4.786837843454787
 20
15.7300211041623
 10
-4.712284163021244
 20
15.66059094420779
 10
-0.703805922287442
 20
11.652112703473993
 97
0
 75
0
 76
1
 98
0
  0
LWPOLYLINE
  5
34B
330
345
100
AcDbEntity
  8
G-r_tieS
100
AcDbPolyline
 90
114
 70
1
 10
-1.410912703473989
 20
10.94500592228744
 10
-5.419086686877234
 20
14.953179905690686
 10
-5.436786979013872
 20
14.96902844079775
 10
-5.455262029594801
 20
14.9835929963015
 10
-5.4748228496150215
 20
14.996663118379193
 10
-5.495348840114486
 20
15.00815822538198
 10
-5.516713451536178
 20
15.018007446152662
 10
-5.538784963946231
 20
15.026150056970003
 10
-5.561427299131102
 20
15.032535855930615
 10
-5.584500859565074
 20
15.03712547246041
 10
-5.607863389075279
 20
15.039890610047284
 10
-5.632461459861942
 20
15.040857070880673
 10
-6.695874719559665
 20
15.0412
 10
-6.746688476304341
 20
15.035979437984391
 10
-6.792227327371904
 20
15.025046527130158
 10
-6.835495235554612
 20
15.007124372745373
 10
-6.875426801355056
 20
14.982654277751195
 10
-6.9110387770979695
 20
14.952238777097982
 10
-6.941454277751191
 20
14.916626801355054
 10
-6.965924372745372
 20
14.876695235554603
 10
-6.9838465271301615
 20
14.8334273273719
 10
-6.994779437984397
 20
14.787888476304339
 10
-6.9984697524727295
 20
14.74099858487471
 10
-7.0
 20
-9.658599199423879
 10
-6.994779437984397
 20
-9.705488476304339
 10
-6.9838465271301615
 20
-9.751027327371897
 10
-6.96592437274537
 20
-9.794295235554609
 10
-6.941454277751191
 20
-9.834226801355058
 10
-6.911038777097977
 20
-9.869838777097973
 10
-6.8754268013550615
 20
-9.900254277751191
 10
-6.835495235554609
 20
-9.92472437274537
 10
-6.792227327371899
 20
-9.942646527130162
 10
-6.746688476304342
 20
-9.953579437984395
 10
-6.699747008534869
 20
-9.957273811618705
 10
12.699747778410188
 20
-9.9588
 10
12.74668847630434
 20
-9.953579437984395
 10
12.792227327371897
 20
-9.942646527130162
 10
12.83549523555461
 20
-9.924724372745368
 10
12.875426801355061
 20
-9.900254277751191
 10
12.911038777097975
 20
-9.869838777097975
 10
12.941454277751191
 20
-9.834226801355058
 10
12.96592437274537
 20
-9.794295235554607
 10
12.983846527130162
 20
-9.751027327371897
 10
12.994779437984397
 20
-9.705488476304339
 10
12.99846975247273
 20
-9.658598584874706
 10
13.0
 20
14.740999199423879
 10
12.994779437984397
 20
14.787888476304339
 10
12.983846527130162
 20
14.8334273273719
 10
12.965924372745372
 20
14.876695235554603
 10
12.941454277751191
 20
14.916626801355054
 10
12.91103877709797
 20
14.952238777097982
 10
12.875426801355056
 20
14.982654277751195
 10
12.835495235554612
 20
15.007124372745373
 10
12.792227327371904
 20
15.025046527130158
 10
12.74668847630434
 20
15.035979437984391
 10
12.699497259246279
 20
15.039693467313995
 10
3.0
 20
15.0412
 10
3.0
 20
16.0412
 10
12.700502740753723
 20
16.042706532686008
 10
12.90360666776003
 20
16.026721906967826
 10
13.10219986362801
 20
15.979043898942091
 10
13.290889564028664
 20
15.900886065956023
 10
13.465029602312903
 20
15.794172913248726
 10
13.620332072800508
 20
15.661532072800494
 10
13.752972913248724
 20
15.5062296023129
 10
13.85968606595602
 20
15.332089564028674
 10
13.937843898942084
 20
15.143399863628023
 10
13.985521906967826
 20
14.94480666776003
 10
14.0
 20
14.741400800576127
 10
14.001530247527272
 20
-9.659001415125292
 10
13.985521906967826
 20
-9.86240666776003
 10
13.937843898942084
 20
-10.06099986362802
 10
13.85968606595602
 20
-10.249689564028667
 10
13.752972913248726
 20
-10.423829602312898
 10
13.620332072800503
 20
-10.579132072800501
 10
13.465029602312898
 20
-10.711772913248724
 10
13.290889564028667
 20
-10.81848606595602
 10
13.102199863628018
 20
-10.896643898942084
 10
12.90360666776003
 20
-10.944321906967826
 10
12.700252221589814
 20
-10.9588
 10
-6.700252991465133
 20
-10.960326188381295
 10
-6.90360666776003
 20
-10.944321906967826
 10
-7.1021998636280195
 20
-10.896643898942084
 10
-7.290889564028667
 20
-10.81848606595602
 10
-7.465029602312898
 20
-10.711772913248724
 10
-7.620332072800501
 20
-10.579132072800503
 10
-7.752972913248726
 20
-10.423829602312898
 10
-7.859686065956021
 20
-10.249689564028666
 10
-7.937843898942084
 20
-10.06099986362802
 10
-7.985521906967826
 20
-9.86240666776003
 10
-8.0
 20
-9.659000800576122
 10
-8.001530247527272
 20
14.741401415125292
 10
-7.985521906967826
 20
14.94480666776003
 10
-7.937843898942086
 20
15.143399863628023
 10
-7.859686065956019
 20
15.332089564028674
 10
-7.752972913248724
 20
15.5062296023129
 10
-7.620332072800508
 20
15.661532072800494
 10
-7.465029602312903
 20
15.794172913248726
 10
-7.290889564028664
 20
15.900886065956023
 10
-7.102199863628011
 20
15.979043898942091
 10
-6.90360666776003
 20
16.026721906967826
 10
-6.704125280440337
 20
16.0412
 10
-5.630280239935011
 20
16.04154292911933
 10
-5.529343757557122
 20
16.037577123925725
 10
-5.4279456961675105
 20
16.02557587249181
 10
-5.327801818496402
 20
16.005656016705668
 10
-5.229529544850806
 20
15.977940369102246
 10
-5.133734756476633
 20
15.942599805865395
 10
-5.041008060099193
 20
15.899852213319416
 10
-4.951921146636415
 20
15.849961144587358
 10
-4.867023266534196
 20
15.793234194698424
 10
-4.786837843454787
 20
15.7300211041623
 10
-4.712284163021244
 20
15.66059094420779
 10
-0.703805922287442
 20
11.652112703473993
  0
HATCH
  5
34C
330
345
100
AcDbEntity
  8
G-r_tieS
 62
7
420
9460135
100
AcDbHatch
 10
0.0
 20
0.0
 30
0.0
210
0.0
220
0.0
230
1.0
  2
SOLID
 70
1
 71
0
 91
1
 92
3
 72
0
 73
1
 93
48
 10
3.0
 20
15.0412
 10
-6.699498769486581
 20
15.0412
 10
-6.746688476304341
 20
15.035979437984391
 10
-6.792227327371904
 20
15.025046527130158
 10
-6.835495235554612
 20
15.007124372745373
 10
-6.875426801355056
 20
14.982654277751195
 10
-6.9110387770979695
 20
14.952238777097982
 10
-6.941454277751191
 20
14.916626801355054
 10
-6.965924372745372
 20
14.876695235554603
 10
-6.9838465271301615
 20
14.8334273273719
 10
-6.994779437984397
 20
14.787888476304339
 10
-6.998779359972495
 20
14.737064648594806
 10
-7.0
 20
13.673660712370786
 10
-6.998690610047278
 20
13.649063389075266
 10
-6.995925472460408
 20
13.625700859565061
 10
-6.991335855930613
 20
13.602627299131107
 10
-6.984950056970005
 20
13.579984963946234
 10
-6.976807446152666
 20
13.55791345153618
 10
-6.96695822538198
 20
13.536548840114492
 10
-6.955463118379196
 20
13.516022849615027
 10
-6.942392996301487
 20
13.496462029594788
 10
-6.927828440797745
 20
13.477986979013863
 10
-6.911712985390329
 20
13.460553377572868
 10
-2.903805922287442
 20
9.45211270347399
 10
-3.610912703473989
 20
8.745005922287444
 10
-7.619657864508149
 20
12.753217472325609
 10
-7.688821104162308
 20
12.82803784345479
 10
-7.752034194698432
 20
12.908223266534211
 10
-7.808761144587352
 20
12.993121146636408
 10
-7.858652213319409
 20
13.082208060099184
 10
-7.901399805865394
 20
13.174934756476624
 10
-7.9367403691022425
 20
13.270729544850795
 10
-7.964456016705672
 20
13.369001818496393
 10
-7.984375872491814
 20
13.469145696167526
 10
-7.996377123925727
 20
13.570543757557132
 10
-8.0
 20
13.671480987426165
 10
-8.001220640027505
 20
14.745335351405195
 10
-7.985521906967826
 20
14.94480666776003
 10
-7.937843898942086
 20
15.143399863628023
 10
-7.859686065956019
 20
15.332089564028674
 10
-7.752972913248724
 20
15.5062296023129
 10
-7.620332072800508
 20
15.661532072800494
 10
-7.465029602312903
 20
15.794172913248726
 10
-7.290889564028664
 20
15.900886065956023
 10
-7.102199863628011
 20
15.979043898942091
 10
-6.90360666776003
 20
16.026721906967826
 10
-6.700501230513419
 20
16.0412
 10
3.0
 20
16.0412
 97
0
 75
0
 76
1
 98
0
  0
LWPOLYLINE
  5
34D
330
345
100
AcDbEntity
  8
G-r_tieS
100
AcDbPolyline
 90
48
 70
1
 10
3.0
 20
15.0412
 10
-6.699498769486581
 20
15.0412
 10
-6.746688476304341
 20
15.035979437984391
 10
-6.792227327371904
 20
15.025046527130158
 10
-6.835495235554612
 20
15.007124372745373
 10
-6.875426801355056
 20
14.982654277751195
 10
-6.9110387770979695
 20
14.952238777097982
 10
-6.941454277751191
 20
14.916626801355054
 10
-6.965924372745372
 20
14.876695235554603
 10
-6.9838465271301615
 20
14.8334273273719
 10
-6.994779437984397
 20
14.787888476304339
 10
-6.998779359972495
 20
14.737064648594806
 10
-7.0
 20
13.673660712370786
 10
-6.998690610047278
 20
13.649063389075266
 10
-6.995925472460408
 20
13.625700859565061
 10
-6.991335855930613
 20
13.602627299131107
 10
-6.984950056970005
 20
13.579984963946234
 10
-6.976807446152666
 20
13.55791345153618
 10
-6.96695822538198
 20
13.536548840114492
 10
-6.955463118379196
 20
13.516022849615027
 10
-6.942392996301487
 20
13.496462029594788
 10
-6.927828440797745
 20
13.477986979013863
 10
-6.911712985390329
 20
13.460553377572868
 10
-2.903805922287442
 20
9.45211270347399
 10
-3.610912703473989
 20
8.745005922287444
 10
-7.619657864508149
 20
12.753217472325609
 10
-7.688821104162308
 20
12.82803784345479
 10
-7.752034194698432
 20
12.908223266534211
 10
-7.808761144587352
 20
12.993121146636408
 10
-7.858652213319409
 20
13.082208060099184
 10
-7.901399805865394
 20
13.174934756476624
 10
-7.9367403691022425
 20
13.270729544850795
 10
-7.964456016705672
 20
13.369001818496393
 10
-7.984375872491814
 20
13.469145696167526
 10
-7.996377123925727
 20
13.570543757557132
 10
-8.0
 20
13.671480987426165
 10
-8.001220640027505
 20
14.745335351405195
 10
-7.985521906967826
 20
14.94480666776003
 10
-7.937843898942086
 20
15.143399863628023
 10
-7.859686065956019
 20
15.332089564028674
 10
-7.752972913248724
 20
15.5062296023129
 10
-7.620332072800508
 20
15.661532072800494
 10
-7.465029602312903
 20
15.794172913248726
 10
-7.290889564028664
 20
15.900886065956023
 10
-7.102199863628011
 20
15.979043898942091
 10
-6.90360666776003
 20
16.026721906967826
 10
-6.700501230513419
 20
16.0412
 10
3.0
 20
16.0412
  0
HATCH
  5
34E
330
345
100
AcDbEntity
  8
G-r_bm1
 62
7
420
1725046
100
AcDbHatch
 10
0.0
 20
0.0
 30
0.0
210
0.0
220
0.0
230
1.0
  2
SOLID
 70
1
 71
0
 91
1
 92
1
 93
1
 72
2
 10
-6.4
 20
14.441200000000002
 40
0.6000000000000001
 50
0.0
 51
360.0
 73
1
 97
0
 75
0
 76
1
 98
0
  0
CIRCLE
  5
34F
330
345
100
AcDbEntity
  8
G-r_bm1
100
AcDbCircle
 10
-6.4
 20
14.441200000000002
 30
0.0
 40
0.6000000000000001
  0
HATCH
  5
350
330
345
100
AcDbEntity
  8
G-r_bm1
 62
7
420
1725046
100
AcDbHatch
 10
0.0
 20
0.0
 30
0.0
210
0.0
220
0.0
230
1.0
  2
SOLID
 70
1
 71
0
 91
1
 92
1
 93
1
 72
2
 10
-6.4
 20
-9.358799999999999
 40
0.6000000000000001
 50
0.0
 51
360.0
 73
1
 97
0
 75
0
 76
1
 98
0
  0
CIRCLE
  5
351
330
345
100
AcDbEntity
  8
G-r_bm1
100
AcDbCircle
 10
-6.4
 20
-9.358799999999999
 30
0.0
 40
0.6000000000000001
  0
HATCH
  5
352
330
345
100
AcDbEntity
  8
G-r_bm1
 62
7
420
1725046
100
AcDbHatch
 10
0.0
 20
0.0
 30
0.0
210
0.0
220
0.0
230
1.0
  2
SOLID
 70
1
 71
0
 91
1
 92
1
 93
1
 72
2
 10
3.0
 20
14.441200000000002
 40
0.6000000000000001
 50
0.0
 51
360.0
 73
1
 97
0
 75
0
 76
1
 98
0
  0
CIRCLE
  5
353
330
345
100
AcDbEntity
  8
G-r_bm1
100
AcDbCircle
 10
3.0
 20
14.441200000000002
 30
0.0
 40
0.6000000000000001
  0
HATCH
  5
354
330
345
100
AcDbEntity
  8
G-r_bm1
 62
7
420
1725046
100
AcDbHatch
 10
0.0
 20
0.0
 30
0.0
210
0.0
220
0.0
230
1.0
  2
SOLID
 70
1
 71
0
 91
1
 92
1
 93
1
 72
2
 10
3.0
 20
-9.358799999999999
 40
0.6000000000000001
 50
0.0
 51
360.0
 73
1
 97
0
 75
0
 76
1
 98
0
  0
CIRCLE
  5
355
330
345
100
AcDbEntity
  8
G-r_bm1
100
AcDbCircle
 10
3.0
 20
-9.358799999999999
 30
0.0
 40
0.6000000000000001
  0
HATCH
  5
356
330
345
100
AcDbEntity
  8
G-r_bm1
 62
7
420
1725046
100
AcDbHatch
 10
0.0
 20
0.0
 30
0.0
210
0.0
220
0.0
230
1.0
  2
SOLID
 70
1
 71
0
 91
1
 92
1
 93
1
 72
2
 10
12.4
 20
14.441200000000002
 40
0.6000000000000001
 50
0.0
 51
360.0
 73
1
 97
0
 75
0
 76
1
 98
0
  0
CIRCLE
  5
357
330
345
100
AcDbEntity
  8
G-r_bm1
100
AcDbCircle
 10
12.4
 20
14.441200000000002
 30
0.0
 40
0.6000000000000001
  0
HATCH
  5
358
330
345
100
AcDbEntity
  8
G-r_bm1
 62
7
420
1725046
100
AcDbHatch
 10
0.0
 20
0.0
 30
0.0
210
0.0
220
0.0
230
1.0
  2
SOLID
 70
1
 71
0
 91
1
 92
1
 93
1
 72
2
 10
12.4
 20
-9.358799999999999
 40
0.6000000000000001
 50
0.0
 51
360.0
 73
1
 97
0
 75
0
 76
1
 98
0
  0
CIRCLE
  5
359
330
345
100
AcDbEntity
  8
G-r_bm1
100
AcDbCircle
 10
12.4
 20
-9.358799999999999
 30
0.0
 40
0.6000000000000001
  0
HATCH
  5
35A
330
345
100
AcDbEntity
  8
G-r_bm1
 62
7
420
1725046
100
AcDbHatch
 10
0.0
 20
0.0
 30
0.0
210
0.0
220
0.0
230
1.0
  2
SOLID
 70
1
 71
0
 91
1
 92
1
 93
1
 72
2
 10
-6.4
 20
12.0412
 40
0.6000000000000001
 50
0.0
 51
360.0
 73
1
 97
0
 75
0
 76
1
 98
0
  0
CIRCLE
  5
35B
330
345
100
AcDbEntity
  8
G-r_bm1
100
AcDbCircle
 10
-6.4
 20
12.0412
 30
0.0
 40
0.6000000000000001
  0
HATCH
  5
35C
330
345
100
AcDbEntity
  8
G-r_bm1
 62
7
420
1725046
100
AcDbHatch
 10
0.0
 20
0.0
 30
0.0
210
0.0
220
0.0
230
1.0
  2
SOLID
 70
1
 71
0
 91
1
 92
1
 93
1
 72
2
 10
-6.4
 20
-6.9588
 40
0.6000000000000001
 50
0.0
 51
360.0
 73
1
 97
0
 75
0
 76
1
 98
0
  0
CIRCLE
  5
35D
330
345
100
AcDbEntity
  8
G-r_bm1
100
AcDbCircle
 10
-6.4
 20
-6.9588
 30
0.0
 40
0.6000000000000001
  0
HATCH
  5
35E
330
345
100
AcDbEntity
  8
G-r_bm1
 62
7
420
1725046
100
AcDbHatch
 10
0.0
 20
0.0
 30
0.0
210
0.0
220
0.0
230
1.0
  2
SOLID
 70
1
 71
0
 91
1
 92
1
 93
1
 72
2
 10
12.4
 20
12.0412
 40
0.6000000000000001
 50
0.0
 51
360.0
 73
1
 97
0
 75
0
 76
1
 98
0
  0
CIRCLE
  5
35F
330
345
100
AcDbEntity
  8
G-r_bm1
100
AcDbCircle
 10
12.4
 20
12.0412
 30
0.0
 40
0.6000000000000001
  0
HATCH
  5
360
330
345
100
AcDbEntity
  8
G-r_bm1
 62
7
420
1725046
100
AcDbHatch
 10
0.0
 20
0.0
 30
0.0
210
0.0
220
0.0
230
1.0
  2
SOLID
 70
1
 71
0
 91
1
 92
1
 93
1
 72
2
 10
12.4
 20
-6.9588
 40
0.6000000000000001
 50
0.0
 51
360.0
 73
1
 97
0
 75
0
 76
1
 98
0
  0
CIRCLE
  5
361
330
345
100
AcDbEntity
  8
G-r_bm1
100
AcDbCircle
 10
12.4
 20
-6.9588
 30
0.0
 40
0.6000000000000001
  0
HATCH
  5
362
330
345
100
AcDbEntity
  8
G-r_bas
 62
7
420
15105570
100
AcDbHatch
 10
0.0
 20
0.0
 30
0.0
210
0.0
220
0.0
230
1.0
  2
SOLID
 70
1
 71
0
 91
1
 92
1
 93
1
 72
2
 10
-5.200000000000001
 20
12.0412
 40
0.6000000000000001
 50
0.0
 51
360.0
 73
1
 97
0
 75
0
 76
1
 98
0
  0
CIRCLE
  5
363
330
345
100
AcDbEntity
  8
G-r_bas
100
AcDbCircle
 10
-5.200000000000001
 20
12.0412
 30
0.0
 40
0.6000000000000001
  0
HATCH
  5
364
330
345
100
AcDbEntity
  8
G-r_bas
 62
7
420
15105570
100
AcDbHatch
 10
0.0
 20
0.0
 30
0.0
210
0.0
220
0.0
230
1.0
  2
SOLID
 70
1
 71
0
 91
1
 92
1
 93
1
 72
2
 10
11.200000000000001
 20
12.0412
 40
0.6000000000000001
 50
0.0
 51
360.0
 73
1
 97
0
 75
0
 76
1
 98
0
  0
CIRCLE
  5
365
330
345
100
AcDbEntity
  8
G-r_bas
100
AcDbCircle
 10
11.200000000000001
 20
12.0412
 30
0.0
 40
0.6000000000000001
  0
TEXT
  5
366
330
345
100
AcDbEntity
  8
T-bsm
 62
156
420
929604
100
AcDbText
 10
3.0
 20
23.0412
 30
0.0
 40
2.286
  1
5Ø12 + 2 bastones Ø12
  7
NEGRITA
 41
0.885
 72
1
 11
3.0
 21
23.0412
 31
0.0
100
AcDbText
  0
TEXT
  5
367
330
345
100
AcDbEntity
  8
T-bsm
 62
156
420
929604
100
AcDbText
 10
3.0
 20
-20.9588
 30
0.0
 40
2.286
  1
5Ø12
  7
NEGRITA
 41
0.885
 72
1
 11
3.0
 21
-20.9588
 31
0.0
100
AcDbText
  0
DIMENSION
  5
368
330
345
100
AcDbEntity
  8
COTAS
100
AcDbDimension
280
0
  2
*D15
  3
COTAS_PAPEL
 10
-5.200000000000001
 20
6.0412
 30
0.0
 11
3.0
 21
7.5556
 31
0.0
 70
32
 71
5
  1
164
100
AcDbAlignedDimension
 13
-5.200000000000001
 23
12.0412
 33
0.0
 14
11.200000000000001
 24
12.0412
 34
0.0
 50
0.0
100
AcDbRotatedDimension
  0
DIMENSION
  5
369
330
345
100
AcDbEntity
  8
COTAS
100
AcDbDimension
280
0
  2
*D16
  3
COTAS_PAPEL
 10
14.0
 20
20.0412
 30
0.0
 11
15.5144
 21
16.0412
 31
0.0
 70
32
 71
5
  1
80
100
AcDbAlignedDimension
 13
18.0
 23
20.0412
 33
0.0
 14
18.0
 24
12.0412
 34
0.0
 50
-90.0
100
AcDbRotatedDimension
  0
DIMENSION
  5
36A
330
345
100
AcDbEntity
  8
COTAS
100
AcDbDimension
280
0
  2
*D17
  3
COTAS_PAPEL
 10
-12.0
 20
-24.9588
 30
0.0
 11
3.0
 21
-23.4444
 31
0.0
 70
32
 71
5
  1
300
100
AcDbAlignedDimension
 13
-12.0
 23
-14.9588
 33
0.0
 14
18.0
 24
-14.9588
 34
0.0
 50
0.0
100
AcDbRotatedDimension
  0
DIMENSION
  5
36B
330
345
100
AcDbEntity
  8
COTAS
100
AcDbDimension
280
0
  2
*D18
  3
COTAS_PAPEL
 10
-18.0
 20
-14.9588
 30
0.0
 11
-19.5144
 21
2.5412
 31
0.0
 70
32
 71
5
  1
350
100
AcDbAlignedDimension
 13
-12.0
 23
-14.9588
 33
0.0
 14
-12.0
 24
20.0412
 34
0.0
 50
90.0
100
AcDbRotatedDimension
  0
ENDBLK
  5
347
330
345
100
AcDbEntity
  8
0
100
AcDbBlockEnd
  0
BLOCK
  5
36D
330
36C
100
AcDbEntity
  8
0
100
AcDbBlockBegin
  2
*D15
 70
1
 10
0.0
 20
0.0
 30
0.0
  3
*D15
  1

  0
LINE
  5
36F
330
36C
100
AcDbEntity
  8
0
 62
8
370
13
100
AcDbLine
 10
-5.200000000000001
 20
11.512033333333333
 30
0.0
 11
-5.200000000000001
 21
5.159255555555555
 31
0.0
  0
LINE
  5
370
330
36C
100
AcDbEntity
  8
0
 62
8
370
13
100
AcDbLine
 10
11.200000000000001
 20
11.512033333333333
 30
0.0
 11
11.200000000000001
 21
5.159255555555555
 31
0.0
  0
INSERT
  5
371
330
36C
100
AcDbEntity
  8
COTAS
 62
8
100
AcDbBlockReference
  2
_OBLIQUE
 10
-5.200000000000001
 20
6.0412
 30
0.0
 41
2.188633333333333
 42
2.188633333333333
  0
INSERT
  5
373
330
36C
100
AcDbEntity
  8
COTAS
 62
8
100
AcDbBlockReference
  2
_OBLIQUE
 10
11.200000000000001
 20
6.0412
 30
0.0
 41
2.188633333333333
 42
2.188633333333333
  0
LINE
  5
375
330
36C
100
AcDbEntity
  8
0
 62
8
370
15
100
AcDbLine
 10
-5.200000000000001
 20
6.0412
 30
0.0
 11
11.200000000000001
 21
6.0412
 31
0.0
  0
MTEXT
  5
376
330
36C
100
AcDbEntity
  8
COTAS
 62
250
100
AcDbMText
 10
3.0
 20
7.5556
 30
0.0
 40
1.8288
 71
5
  1
164
  7
ESTANDAR
  0
POINT
  5
377
330
36C
100
AcDbEntity
  8
Defpoints
100
AcDbPoint
 10
-5.200000000000001
 20
6.0412
 30
0.0
  0
POINT
  5
378
330
36C
100
AcDbEntity
  8
Defpoints
100
AcDbPoint
 10
-5.200000000000001
 20
12.0412
 30
0.0
  0
POINT
  5
379
330
36C
100
AcDbEntity
  8
Defpoints
100
AcDbPoint
 10
11.200000000000001
 20
12.0412
 30
0.0
  0
ENDBLK
  5
36E
330
36C
100
AcDbEntity
  8
0
100
AcDbBlockEnd
  0
BLOCK
  5
37B
330
37A
100
AcDbEntity
  8
0
100
AcDbBlockBegin
  2
*D16
 70
1
 10
0.0
 20
0.0
 30
0.0
  3
*D16
  1

  0
LINE
  5
37D
330
37A
100
AcDbEntity
  8
0
 62
8
370
13
100
AcDbLine
 10
17.470833333333335
 20
20.0412
 30
0.0
 11
13.118055555555555
 21
20.0412
 31
0.0
  0
LINE
  5
37E
330
37A
100
AcDbEntity
  8
0
 62
8
370
13
100
AcDbLine
 10
17.470833333333335
 20
12.0412
 30
0.0
 11
13.118055555555555
 21
12.0412
 31
0.0
  0
INSERT
  5
37F
330
37A
100
AcDbEntity
  8
COTAS
 62
8
100
AcDbBlockReference
  2
_OBLIQUE
 10
14.0
 20
20.0412
 30
0.0
 41
2.188633333333333
 42
2.188633333333333
 50
-90.0
  0
INSERT
  5
381
330
37A
100
AcDbEntity
  8
COTAS
 62
8
100
AcDbBlockReference
  2
_OBLIQUE
 10
14.0
 20
12.0412
 30
0.0
 41
2.188633333333333
 42
2.188633333333333
 50
-90.0
  0
LINE
  5
383
330
37A
100
AcDbEntity
  8
0
 62
8
370
15
100
AcDbLine
 10
14.0
 20
20.0412
 30
0.0
 11
14.0
 21
12.0412
 31
0.0
  0
MTEXT
  5
384
330
37A
100
AcDbEntity
  8
COTAS
 62
250
100
AcDbMText
 10
15.5144
 20
16.0412
 30
0.0
 40
1.8288
 71
5
  1
80
  7
ESTANDAR
 50
-90.0
  0
POINT
  5
385
330
37A
100
AcDbEntity
  8
Defpoints
100
AcDbPoint
 10
14.0
 20
20.0412
 30
0.0
  0
POINT
  5
386
330
37A
100
AcDbEntity
  8
Defpoints
100
AcDbPoint
 10
18.0
 20
20.0412
 30
0.0
  0
POINT
  5
387
330
37A
100
AcDbEntity
  8
Defpoints
100
AcDbPoint
 10
18.0
 20
12.0412
 30
0.0
  0
ENDBLK
  5
37C
330
37A
100
AcDbEntity
  8
0
100
AcDbBlockEnd
  0
BLOCK
  5
389
330
388
100
AcDbEntity
  8
0
100
AcDbBlockBegin
  2
*D17
 70
1
 10
0.0
 20
0.0
 30
0.0
  3
*D17
  1

  0
LINE
  5
38B
330
388
100
AcDbEntity
  8
0
 62
8
370
13
100
AcDbLine
 10
-12.0
 20
-15.487966666666667
 30
0.0
 11
-12.0
 21
-25.840744444444443
 31
0.0
  0
LINE
  5
38C
330
388
100
AcDbEntity
  8
0
 62
8
370
13
100
AcDbLine
 10
18.0
 20
-15.487966666666667
 30
0.0
 11
18.0
 21
-25.840744444444443
 31
0.0
  0
INSERT
  5
38D
330
388
100
AcDbEntity
  8
COTAS
 62
8
100
AcDbBlockReference
  2
_OBLIQUE
 10
-12.0
 20
-24.9588
 30
0.0
 41
2.188633333333333
 42
2.188633333333333
  0
INSERT
  5
38F
330
388
100
AcDbEntity
  8
COTAS
 62
8
100
AcDbBlockReference
  2
_OBLIQUE
 10
18.0
 20
-24.9588
 30
0.0
 41
2.188633333333333
 42
2.188633333333333
  0
LINE
  5
391
330
388
100
AcDbEntity
  8
0
 62
8
370
15
100
AcDbLine
 10
-12.0
 20
-24.9588
 30
0.0
 11
18.0
 21
-24.9588
 31
0.0
  0
MTEXT
  5
392
330
388
100
AcDbEntity
  8
COTAS
 62
250
100
AcDbMText
 10
3.0
 20
-23.4444
 30
0.0
 40
1.8288
 71
5
  1
300
  7
ESTANDAR
  0
POINT
  5
393
330
388
100
AcDbEntity
  8
Defpoints
100
AcDbPoint
 10
-12.0
 20
-24.9588
 30
0.0
  0
POINT
  5
394
330
388
100
AcDbEntity
  8
Defpoints
100
AcDbPoint
 10
-12.0
 20
-14.9588
 30
0.0
  0
POINT
  5
395
330
388
100
AcDbEntity
  8
Defpoints
100
AcDbPoint
 10
18.0
 20
-14.9588
 30
0.0
  0
ENDBLK
  5
38A
330
388
100
AcDbEntity
  8
0
100
AcDbBlockEnd
  0
BLOCK
  5
397
330
396
100
AcDbEntity
  8
0
100
AcDbBlockBegin
  2
*D18
 70
1
 10
0.0
 20
0.0
 30
0.0
  3
*D18
  1

  0
LINE
  5
399
330
396
100
AcDbEntity
  8
0
 62
8
370
13
100
AcDbLine
 10
-12.529166666666667
 20
-14.9588
 30
0.0
 11
-18.881944444444443
 21
-14.9588
 31
0.0
  0
LINE
  5
39A
330
396
100
AcDbEntity
  8
0
 62
8
370
13
100
AcDbLine
 10
-12.529166666666667
 20
20.0412
 30
0.0
 11
-18.881944444444443
 21
20.0412
 31
0.0
  0
INSERT
  5
39B
330
396
100
AcDbEntity
  8
COTAS
 62
8
100
AcDbBlockReference
  2
_OBLIQUE
 10
-18.0
 20
-14.9588
 30
0.0
 41
2.188633333333333
 42
2.188633333333333
 50
90.0
  0
INSERT
  5
39D
330
396
100
AcDbEntity
  8
COTAS
 62
8
100
AcDbBlockReference
  2
_OBLIQUE
 10
-18.0
 20
20.0412
 30
0.0
 41
2.188633333333333
 42
2.188633333333333
 50
90.0
  0
LINE
  5
39F
330
396
100
AcDbEntity
  8
0
 62
8
370
15
100
AcDbLine
 10
-18.0
 20
-14.9588
 30
0.0
 11
-18.0
 21
20.0412
 31
0.0
  0
MTEXT
  5
3A0
330
396
100
AcDbEntity
  8
COTAS
 62
250
100
AcDbMText
 10
-19.5144
 20
2.5412
 30
0.0
 40
1.8288
 71
5
  1
350
  7
ESTANDAR
 50
90.0
  0
POINT
  5
3A1
330
396
100
AcDbEntity
  8
Defpoints
100
AcDbPoint
 10
-18.0
 20
-14.9588
 30
0.0
  0
POINT
  5
3A2
330
396
100
AcDbEntity
  8
Defpoints
100
AcDbPoint
 10
-12.0
 20
-14.9588
 30
0.0
  0
POINT
  5
3A3
330
396
100
AcDbEntity
  8
Defpoints
100
AcDbPoint
 10
-12.0
 20
20.0412
 30
0.0
  0
ENDBLK
  5
398
330
396
100
AcDbEntity
  8
0
100
AcDbBlockEnd
  0
BLOCK
  5
3A7
330
3A6
100
AcDbEntity
  8
0
100
AcDbBlockBegin
  2
DET_04_corte-c-c-vcs-con-bastones
 70
0
 10
0.0
 20
0.0
 30
0.0
  3
DET_04_corte-c-c-vcs-con-bastones
  1

  0
HATCH
  5
3A9
330
3A6
100
AcDbEntity
  8
G-r_conc
 62
7
420
16118767
100
AcDbHatch
 10
0.0
 20
0.0
 30
0.0
210
0.0
220
0.0
230
1.0
  2
SOLID
 70
1
 71
0
 91
1
 92
3
 72
0
 73
1
 93
4
 10
-12.0
 20
-14.9588
 10
18.0
 20
-14.9588
 10
18.0
 20
20.0412
 10
-12.0
 20
20.0412
 97
0
 75
0
 76
1
 98
0
  0
LWPOLYLINE
  5
3AA
330
3A6
100
AcDbEntity
  8
G-r_conc
100
AcDbPolyline
 90
4
 70
1
 10
-12.0
 20
-14.9588
 10
18.0
 20
-14.9588
 10
18.0
 20
20.0412
 10
-12.0
 20
20.0412
  0
HATCH
  5
3AB
330
3A6
100
AcDbEntity
  8
G-r_tieS
 62
7
420
9460135
100
AcDbHatch
 10
0.0
 20
0.0
 30
0.0
210
0.0
220
0.0
230
1.0
  2
SOLID
 70
1
 71
0
 91
1
 92
3
 72
0
 73
1
 93
114
 10
-1.410912703473989
 20
10.94500592228744
 10
-5.419086686877234
 20
14.953179905690686
 10
-5.436786979013872
 20
14.96902844079775
 10
-5.455262029594801
 20
14.9835929963015
 10
-5.4748228496150215
 20
14.996663118379193
 10
-5.495348840114486
 20
15.00815822538198
 10
-5.516713451536178
 20
15.018007446152662
 10
-5.538784963946231
 20
15.026150056970003
 10
-5.561427299131102
 20
15.032535855930615
 10
-5.584500859565074
 20
15.03712547246041
 10
-5.607863389075279
 20
15.039890610047284
 10
-5.632461459861942
 20
15.040857070880673
 10
-6.695874719559665
 20
15.0412
 10
-6.746688476304341
 20
15.035979437984391
 10
-6.792227327371904
 20
15.025046527130158
 10
-6.835495235554612
 20
15.007124372745373
 10
-6.875426801355056
 20
14.982654277751195
 10
-6.9110387770979695
 20
14.952238777097982
 10
-6.941454277751191
 20
14.916626801355054
 10
-6.965924372745372
 20
14.876695235554603
 10
-6.9838465271301615
 20
14.8334273273719
 10
-6.994779437984397
 20
14.787888476304339
 10
-6.9984697524727295
 20
14.74099858487471
 10
-7.0
 20
-9.658599199423879
 10
-6.994779437984397
 20
-9.705488476304339
 10
-6.9838465271301615
 20
-9.751027327371897
 10
-6.96592437274537
 20
-9.794295235554609
 10
-6.941454277751191
 20
-9.834226801355058
 10
-6.911038777097977
 20
-9.869838777097973
 10
-6.8754268013550615
 20
-9.900254277751191
 10
-6.835495235554609
 20
-9.92472437274537
 10
-6.792227327371899
 20
-9.942646527130162
 10
-6.746688476304342
 20
-9.953579437984395
 10
-6.699747008534869
 20
-9.957273811618705
 10
12.699747778410188
 20
-9.9588
 10
12.74668847630434
 20
-9.953579437984395
 10
12.792227327371897
 20
-9.942646527130162
 10
12.83549523555461
 20
-9.924724372745368
 10
12.875426801355061
 20
-9.900254277751191
 10
12.911038777097975
 20
-9.869838777097975
 10
12.941454277751191
 20
-9.834226801355058
 10
12.96592437274537
 20
-9.794295235554607
 10
12.983846527130162
 20
-9.751027327371897
 10
12.994779437984397
 20
-9.705488476304339
 10
12.99846975247273
 20
-9.658598584874706
 10
13.0
 20
14.740999199423879
 10
12.994779437984397
 20
14.787888476304339
 10
12.983846527130162
 20
14.8334273273719
 10
12.965924372745372
 20
14.876695235554603
 10
12.941454277751191
 20
14.916626801355054
 10
12.91103877709797
 20
14.952238777097982
 10
12.875426801355056
 20
14.982654277751195
 10
12.835495235554612
 20
15.007124372745373
 10
12.792227327371904
 20
15.025046527130158
 10
12.74668847630434
 20
15.035979437984391
 10
12.699497259246279
 20
15.039693467313995
 10
3.0
 20
15.0412
 10
3.0
 20
16.0412
 10
12.700502740753723
 20
16.042706532686008
 10
12.90360666776003
 20
16.026721906967826
 10
13.10219986362801
 20
15.979043898942091
 10
13.290889564028664
 20
15.900886065956023
 10
13.465029602312903
 20
15.794172913248726
 10
13.620332072800508
 20
15.661532072800494
 10
13.752972913248724
 20
15.5062296023129
 10
13.85968606595602
 20
15.332089564028674
 10
13.937843898942084
 20
15.143399863628023
 10
13.985521906967826
 20
14.94480666776003
 10
14.0
 20
14.741400800576127
 10
14.001530247527272
 20
-9.659001415125292
 10
13.985521906967826
 20
-9.86240666776003
 10
13.937843898942084
 20
-10.06099986362802
 10
13.85968606595602
 20
-10.249689564028667
 10
13.752972913248726
 20
-10.423829602312898
 10
13.620332072800503
 20
-10.579132072800501
 10
13.465029602312898
 20
-10.711772913248724
 10
13.290889564028667
 20
-10.81848606595602
 10
13.102199863628018
 20
-10.896643898942084
 10
12.90360666776003
 20
-10.944321906967826
 10
12.700252221589814
 20
-10.9588
 10
-6.700252991465133
 20
-10.960326188381295
 10
-6.90360666776003
 20
-10.944321906967826
 10
-7.1021998636280195
 20
-10.896643898942084
 10
-7.290889564028667
 20
-10.81848606595602
 10
-7.465029602312898
 20
-10.711772913248724
 10
-7.620332072800501
 20
-10.579132072800503
 10
-7.752972913248726
 20
-10.423829602312898
 10
-7.859686065956021
 20
-10.249689564028666
 10
-7.937843898942084
 20
-10.06099986362802
 10
-7.985521906967826
 20
-9.86240666776003
 10
-8.0
 20
-9.659000800576122
 10
-8.001530247527272
 20
14.741401415125292
 10
-7.985521906967826
 20
14.94480666776003
 10
-7.937843898942086
 20
15.143399863628023
 10
-7.859686065956019
 20
15.332089564028674
 10
-7.752972913248724
 20
15.5062296023129
 10
-7.620332072800508
 20
15.661532072800494
 10
-7.465029602312903
 20
15.794172913248726
 10
-7.290889564028664
 20
15.900886065956023
 10
-7.102199863628011
 20
15.979043898942091
 10
-6.90360666776003
 20
16.026721906967826
 10
-6.704125280440337
 20
16.0412
 10
-5.630280239935011
 20
16.04154292911933
 10
-5.529343757557122
 20
16.037577123925725
 10
-5.4279456961675105
 20
16.02557587249181
 10
-5.327801818496402
 20
16.005656016705668
 10
-5.229529544850806
 20
15.977940369102246
 10
-5.133734756476633
 20
15.942599805865395
 10
-5.041008060099193
 20
15.899852213319416
 10
-4.951921146636415
 20
15.849961144587358
 10
-4.867023266534196
 20
15.793234194698424
 10
-4.786837843454787
 20
15.7300211041623
 10
-4.712284163021244
 20
15.66059094420779
 10
-0.703805922287442
 20
11.652112703473993
 97
0
 75
0
 76
1
 98
0
  0
LWPOLYLINE
  5
3AC
330
3A6
100
AcDbEntity
  8
G-r_tieS
100
AcDbPolyline
 90
114
 70
1
 10
-1.410912703473989
 20
10.94500592228744
 10
-5.419086686877234
 20
14.953179905690686
 10
-5.436786979013872
 20
14.96902844079775
 10
-5.455262029594801
 20
14.9835929963015
 10
-5.4748228496150215
 20
14.996663118379193
 10
-5.495348840114486
 20
15.00815822538198
 10
-5.516713451536178
 20
15.018007446152662
 10
-5.538784963946231
 20
15.026150056970003
 10
-5.561427299131102
 20
15.032535855930615
 10
-5.584500859565074
 20
15.03712547246041
 10
-5.607863389075279
 20
15.039890610047284
 10
-5.632461459861942
 20
15.040857070880673
 10
-6.695874719559665
 20
15.0412
 10
-6.746688476304341
 20
15.035979437984391
 10
-6.792227327371904
 20
15.025046527130158
 10
-6.835495235554612
 20
15.007124372745373
 10
-6.875426801355056
 20
14.982654277751195
 10
-6.9110387770979695
 20
14.952238777097982
 10
-6.941454277751191
 20
14.916626801355054
 10
-6.965924372745372
 20
14.876695235554603
 10
-6.9838465271301615
 20
14.8334273273719
 10
-6.994779437984397
 20
14.787888476304339
 10
-6.9984697524727295
 20
14.74099858487471
 10
-7.0
 20
-9.658599199423879
 10
-6.994779437984397
 20
-9.705488476304339
 10
-6.9838465271301615
 20
-9.751027327371897
 10
-6.96592437274537
 20
-9.794295235554609
 10
-6.941454277751191
 20
-9.834226801355058
 10
-6.911038777097977
 20
-9.869838777097973
 10
-6.8754268013550615
 20
-9.900254277751191
 10
-6.835495235554609
 20
-9.92472437274537
 10
-6.792227327371899
 20
-9.942646527130162
 10
-6.746688476304342
 20
-9.953579437984395
 10
-6.699747008534869
 20
-9.957273811618705
 10
12.699747778410188
 20
-9.9588
 10
12.74668847630434
 20
-9.953579437984395
 10
12.792227327371897
 20
-9.942646527130162
 10
12.83549523555461
 20
-9.924724372745368
 10
12.875426801355061
 20
-9.900254277751191
 10
12.911038777097975
 20
-9.869838777097975
 10
12.941454277751191
 20
-9.834226801355058
 10
12.96592437274537
 20
-9.794295235554607
 10
12.983846527130162
 20
-9.751027327371897
 10
12.994779437984397
 20
-9.705488476304339
 10
12.99846975247273
 20
-9.658598584874706
 10
13.0
 20
14.740999199423879
 10
12.994779437984397
 20
14.787888476304339
 10
12.983846527130162
 20
14.8334273273719
 10
12.965924372745372
 20
14.876695235554603
 10
12.941454277751191
 20
14.916626801355054
 10
12.91103877709797
 20
14.952238777097982
 10
12.875426801355056
 20
14.982654277751195
 10
12.835495235554612
 20
15.007124372745373
 10
12.792227327371904
 20
15.025046527130158
 10
12.74668847630434
 20
15.035979437984391
 10
12.699497259246279
 20
15.039693467313995
 10
3.0
 20
15.0412
 10
3.0
 20
16.0412
 10
12.700502740753723
 20
16.042706532686008
 10
12.90360666776003
 20
16.026721906967826
 10
13.10219986362801
 20
15.979043898942091
 10
13.290889564028664
 20
15.900886065956023
 10
13.465029602312903
 20
15.794172913248726
 10
13.620332072800508
 20
15.661532072800494
 10
13.752972913248724
 20
15.5062296023129
 10
13.85968606595602
 20
15.332089564028674
 10
13.937843898942084
 20
15.143399863628023
 10
13.985521906967826
 20
14.94480666776003
 10
14.0
 20
14.741400800576127
 10
14.001530247527272
 20
-9.659001415125292
 10
13.985521906967826
 20
-9.86240666776003
 10
13.937843898942084
 20
-10.06099986362802
 10
13.85968606595602
 20
-10.249689564028667
 10
13.752972913248726
 20
-10.423829602312898
 10
13.620332072800503
 20
-10.579132072800501
 10
13.465029602312898
 20
-10.711772913248724
 10
13.290889564028667
 20
-10.81848606595602
 10
13.102199863628018
 20
-10.896643898942084
 10
12.90360666776003
 20
-10.944321906967826
 10
12.700252221589814
 20
-10.9588
 10
-6.700252991465133
 20
-10.960326188381295
 10
-6.90360666776003
 20
-10.944321906967826
 10
-7.1021998636280195
 20
-10.896643898942084
 10
-7.290889564028667
 20
-10.81848606595602
 10
-7.465029602312898
 20
-10.711772913248724
 10
-7.620332072800501
 20
-10.579132072800503
 10
-7.752972913248726
 20
-10.423829602312898
 10
-7.859686065956021
 20
-10.249689564028666
 10
-7.937843898942084
 20
-10.06099986362802
 10
-7.985521906967826
 20
-9.86240666776003
 10
-8.0
 20
-9.659000800576122
 10
-8.001530247527272
 20
14.741401415125292
 10
-7.985521906967826
 20
14.94480666776003
 10
-7.937843898942086
 20
15.143399863628023
 10
-7.859686065956019
 20
15.332089564028674
 10
-7.752972913248724
 20
15.5062296023129
 10
-7.620332072800508
 20
15.661532072800494
 10
-7.465029602312903
 20
15.794172913248726
 10
-7.290889564028664
 20
15.900886065956023
 10
-7.102199863628011
 20
15.979043898942091
 10
-6.90360666776003
 20
16.026721906967826
 10
-6.704125280440337
 20
16.0412
 10
-5.630280239935011
 20
16.04154292911933
 10
-5.529343757557122
 20
16.037577123925725
 10
-5.4279456961675105
 20
16.02557587249181
 10
-5.327801818496402
 20
16.005656016705668
 10
-5.229529544850806
 20
15.977940369102246
 10
-5.133734756476633
 20
15.942599805865395
 10
-5.041008060099193
 20
15.899852213319416
 10
-4.951921146636415
 20
15.849961144587358
 10
-4.867023266534196
 20
15.793234194698424
 10
-4.786837843454787
 20
15.7300211041623
 10
-4.712284163021244
 20
15.66059094420779
 10
-0.703805922287442
 20
11.652112703473993
  0
HATCH
  5
3AD
330
3A6
100
AcDbEntity
  8
G-r_tieS
 62
7
420
9460135
100
AcDbHatch
 10
0.0
 20
0.0
 30
0.0
210
0.0
220
0.0
230
1.0
  2
SOLID
 70
1
 71
0
 91
1
 92
3
 72
0
 73
1
 93
48
 10
3.0
 20
15.0412
 10
-6.699498769486581
 20
15.0412
 10
-6.746688476304341
 20
15.035979437984391
 10
-6.792227327371904
 20
15.025046527130158
 10
-6.835495235554612
 20
15.007124372745373
 10
-6.875426801355056
 20
14.982654277751195
 10
-6.9110387770979695
 20
14.952238777097982
 10
-6.941454277751191
 20
14.916626801355054
 10
-6.965924372745372
 20
14.876695235554603
 10
-6.9838465271301615
 20
14.8334273273719
 10
-6.994779437984397
 20
14.787888476304339
 10
-6.998779359972495
 20
14.737064648594806
 10
-7.0
 20
13.673660712370786
 10
-6.998690610047278
 20
13.649063389075266
 10
-6.995925472460408
 20
13.625700859565061
 10
-6.991335855930613
 20
13.602627299131107
 10
-6.984950056970005
 20
13.579984963946234
 10
-6.976807446152666
 20
13.55791345153618
 10
-6.96695822538198
 20
13.536548840114492
 10
-6.955463118379196
 20
13.516022849615027
 10
-6.942392996301487
 20
13.496462029594788
 10
-6.927828440797745
 20
13.477986979013863
 10
-6.911712985390329
 20
13.460553377572868
 10
-2.903805922287442
 20
9.45211270347399
 10
-3.610912703473989
 20
8.745005922287444
 10
-7.619657864508149
 20
12.753217472325609
 10
-7.688821104162308
 20
12.82803784345479
 10
-7.752034194698432
 20
12.908223266534211
 10
-7.808761144587352
 20
12.993121146636408
 10
-7.858652213319409
 20
13.082208060099184
 10
-7.901399805865394
 20
13.174934756476624
 10
-7.9367403691022425
 20
13.270729544850795
 10
-7.964456016705672
 20
13.369001818496393
 10
-7.984375872491814
 20
13.469145696167526
 10
-7.996377123925727
 20
13.570543757557132
 10
-8.0
 20
13.671480987426165
 10
-8.001220640027505
 20
14.745335351405195
 10
-7.985521906967826
 20
14.94480666776003
 10
-7.937843898942086
 20
15.143399863628023
 10
-7.859686065956019
 20
15.332089564028674
 10
-7.752972913248724
 20
15.5062296023129
 10
-7.620332072800508
 20
15.661532072800494
 10
-7.465029602312903
 20
15.794172913248726
 10
-7.290889564028664
 20
15.900886065956023
 10
-7.102199863628011
 20
15.979043898942091
 10
-6.90360666776003
 20
16.026721906967826
 10
-6.700501230513419
 20
16.0412
 10
3.0
 20
16.0412
 97
0
 75
0
 76
1
 98
0
  0
LWPOLYLINE
  5
3AE
330
3A6
100
AcDbEntity
  8
G-r_tieS
100
AcDbPolyline
 90
48
 70
1
 10
3.0
 20
15.0412
 10
-6.699498769486581
 20
15.0412
 10
-6.746688476304341
 20
15.035979437984391
 10
-6.792227327371904
 20
15.025046527130158
 10
-6.835495235554612
 20
15.007124372745373
 10
-6.875426801355056
 20
14.982654277751195
 10
-6.9110387770979695
 20
14.952238777097982
 10
-6.941454277751191
 20
14.916626801355054
 10
-6.965924372745372
 20
14.876695235554603
 10
-6.9838465271301615
 20
14.8334273273719
 10
-6.994779437984397
 20
14.787888476304339
 10
-6.998779359972495
 20
14.737064648594806
 10
-7.0
 20
13.673660712370786
 10
-6.998690610047278
 20
13.649063389075266
 10
-6.995925472460408
 20
13.625700859565061
 10
-6.991335855930613
 20
13.602627299131107
 10
-6.984950056970005
 20
13.579984963946234
 10
-6.976807446152666
 20
13.55791345153618
 10
-6.96695822538198
 20
13.536548840114492
 10
-6.955463118379196
 20
13.516022849615027
 10
-6.942392996301487
 20
13.496462029594788
 10
-6.927828440797745
 20
13.477986979013863
 10
-6.911712985390329
 20
13.460553377572868
 10
-2.903805922287442
 20
9.45211270347399
 10
-3.610912703473989
 20
8.745005922287444
 10
-7.619657864508149
 20
12.753217472325609
 10
-7.688821104162308
 20
12.82803784345479
 10
-7.752034194698432
 20
12.908223266534211
 10
-7.808761144587352
 20
12.993121146636408
 10
-7.858652213319409
 20
13.082208060099184
 10
-7.901399805865394
 20
13.174934756476624
 10
-7.9367403691022425
 20
13.270729544850795
 10
-7.964456016705672
 20
13.369001818496393
 10
-7.984375872491814
 20
13.469145696167526
 10
-7.996377123925727
 20
13.570543757557132
 10
-8.0
 20
13.671480987426165
 10
-8.001220640027505
 20
14.745335351405195
 10
-7.985521906967826
 20
14.94480666776003
 10
-7.937843898942086
 20
15.143399863628023
 10
-7.859686065956019
 20
15.332089564028674
 10
-7.752972913248724
 20
15.5062296023129
 10
-7.620332072800508
 20
15.661532072800494
 10
-7.465029602312903
 20
15.794172913248726
 10
-7.290889564028664
 20
15.900886065956023
 10
-7.102199863628011
 20
15.979043898942091
 10
-6.90360666776003
 20
16.026721906967826
 10
-6.700501230513419
 20
16.0412
 10
3.0
 20
16.0412
  0
HATCH
  5
3AF
330
3A6
100
AcDbEntity
  8
G-r_bm1
 62
7
420
1725046
100
AcDbHatch
 10
0.0
 20
0.0
 30
0.0
210
0.0
220
0.0
230
1.0
  2
SOLID
 70
1
 71
0
 91
1
 92
1
 93
1
 72
2
 10
-6.4
 20
14.441200000000002
 40
0.6000000000000001
 50
0.0
 51
360.0
 73
1
 97
0
 75
0
 76
1
 98
0
  0
CIRCLE
  5
3B0
330
3A6
100
AcDbEntity
  8
G-r_bm1
100
AcDbCircle
 10
-6.4
 20
14.441200000000002
 30
0.0
 40
0.6000000000000001
  0
HATCH
  5
3B1
330
3A6
100
AcDbEntity
  8
G-r_bm1
 62
7
420
1725046
100
AcDbHatch
 10
0.0
 20
0.0
 30
0.0
210
0.0
220
0.0
230
1.0
  2
SOLID
 70
1
 71
0
 91
1
 92
1
 93
1
 72
2
 10
-6.4
 20
-9.358799999999999
 40
0.6000000000000001
 50
0.0
 51
360.0
 73
1
 97
0
 75
0
 76
1
 98
0
  0
CIRCLE
  5
3B2
330
3A6
100
AcDbEntity
  8
G-r_bm1
100
AcDbCircle
 10
-6.4
 20
-9.358799999999999
 30
0.0
 40
0.6000000000000001
  0
HATCH
  5
3B3
330
3A6
100
AcDbEntity
  8
G-r_bm1
 62
7
420
1725046
100
AcDbHatch
 10
0.0
 20
0.0
 30
0.0
210
0.0
220
0.0
230
1.0
  2
SOLID
 70
1
 71
0
 91
1
 92
1
 93
1
 72
2
 10
3.0
 20
14.441200000000002
 40
0.6000000000000001
 50
0.0
 51
360.0
 73
1
 97
0
 75
0
 76
1
 98
0
  0
CIRCLE
  5
3B4
330
3A6
100
AcDbEntity
  8
G-r_bm1
100
AcDbCircle
 10
3.0
 20
14.441200000000002
 30
0.0
 40
0.6000000000000001
  0
HATCH
  5
3B5
330
3A6
100
AcDbEntity
  8
G-r_bm1
 62
7
420
1725046
100
AcDbHatch
 10
0.0
 20
0.0
 30
0.0
210
0.0
220
0.0
230
1.0
  2
SOLID
 70
1
 71
0
 91
1
 92
1
 93
1
 72
2
 10
3.0
 20
-9.358799999999999
 40
0.6000000000000001
 50
0.0
 51
360.0
 73
1
 97
0
 75
0
 76
1
 98
0
  0
CIRCLE
  5
3B6
330
3A6
100
AcDbEntity
  8
G-r_bm1
100
AcDbCircle
 10
3.0
 20
-9.358799999999999
 30
0.0
 40
0.6000000000000001
  0
HATCH
  5
3B7
330
3A6
100
AcDbEntity
  8
G-r_bm1
 62
7
420
1725046
100
AcDbHatch
 10
0.0
 20
0.0
 30
0.0
210
0.0
220
0.0
230
1.0
  2
SOLID
 70
1
 71
0
 91
1
 92
1
 93
1
 72
2
 10
12.4
 20
14.441200000000002
 40
0.6000000000000001
 50
0.0
 51
360.0
 73
1
 97
0
 75
0
 76
1
 98
0
  0
CIRCLE
  5
3B8
330
3A6
100
AcDbEntity
  8
G-r_bm1
100
AcDbCircle
 10
12.4
 20
14.441200000000002
 30
0.0
 40
0.6000000000000001
  0
HATCH
  5
3B9
330
3A6
100
AcDbEntity
  8
G-r_bm1
 62
7
420
1725046
100
AcDbHatch
 10
0.0
 20
0.0
 30
0.0
210
0.0
220
0.0
230
1.0
  2
SOLID
 70
1
 71
0
 91
1
 92
1
 93
1
 72
2
 10
12.4
 20
-9.358799999999999
 40
0.6000000000000001
 50
0.0
 51
360.0
 73
1
 97
0
 75
0
 76
1
 98
0
  0
CIRCLE
  5
3BA
330
3A6
100
AcDbEntity
  8
G-r_bm1
100
AcDbCircle
 10
12.4
 20
-9.358799999999999
 30
0.0
 40
0.6000000000000001
  0
HATCH
  5
3BB
330
3A6
100
AcDbEntity
  8
G-r_bas
 62
7
420
15105570
100
AcDbHatch
 10
0.0
 20
0.0
 30
0.0
210
0.0
220
0.0
230
1.0
  2
SOLID
 70
1
 71
0
 91
1
 92
1
 93
1
 72
2
 10
-6.4
 20
12.0412
 40
0.6000000000000001
 50
0.0
 51
360.0
 73
1
 97
0
 75
0
 76
1
 98
0
  0
CIRCLE
  5
3BC
330
3A6
100
AcDbEntity
  8
G-r_bas
100
AcDbCircle
 10
-6.4
 20
12.0412
 30
0.0
 40
0.6000000000000001
  0
HATCH
  5
3BD
330
3A6
100
AcDbEntity
  8
G-r_bas
 62
7
420
15105570
100
AcDbHatch
 10
0.0
 20
0.0
 30
0.0
210
0.0
220
0.0
230
1.0
  2
SOLID
 70
1
 71
0
 91
1
 92
1
 93
1
 72
2
 10
12.4
 20
12.0412
 40
0.6000000000000001
 50
0.0
 51
360.0
 73
1
 97
0
 75
0
 76
1
 98
0
  0
CIRCLE
  5
3BE
330
3A6
100
AcDbEntity
  8
G-r_bas
100
AcDbCircle
 10
12.4
 20
12.0412
 30
0.0
 40
0.6000000000000001
  0
TEXT
  5
3BF
330
3A6
100
AcDbEntity
  8
T-bsm
 62
156
420
929604
100
AcDbText
 10
3.0
 20
23.0412
 30
0.0
 40
2.286
  1
3Ø12 + 2 bastones Ø12
  7
NEGRITA
 41
0.885
 72
1
 11
3.0
 21
23.0412
 31
0.0
100
AcDbText
  0
TEXT
  5
3C0
330
3A6
100
AcDbEntity
  8
T-bsm
 62
156
420
929604
100
AcDbText
 10
3.0
 20
-20.9588
 30
0.0
 40
2.286
  1
3Ø12
  7
NEGRITA
 41
0.885
 72
1
 11
3.0
 21
-20.9588
 31
0.0
100
AcDbText
  0
DIMENSION
  5
3C1
330
3A6
100
AcDbEntity
  8
COTAS
100
AcDbDimension
280
0
  2
*D19
  3
COTAS_PAPEL
 10
-6.4
 20
6.0412
 30
0.0
 11
3.0
 21
7.5556
 31
0.0
 70
32
 71
5
  1
188
100
AcDbAlignedDimension
 13
-6.4
 23
12.0412
 33
0.0
 14
12.4
 24
12.0412
 34
0.0
 50
0.0
100
AcDbRotatedDimension
  0
DIMENSION
  5
3C2
330
3A6
100
AcDbEntity
  8
COTAS
100
AcDbDimension
280
0
  2
*D20
  3
COTAS_PAPEL
 10
14.0
 20
20.0412
 30
0.0
 11
15.5144
 21
16.0412
 31
0.0
 70
32
 71
5
  1
80
100
AcDbAlignedDimension
 13
18.0
 23
20.0412
 33
0.0
 14
18.0
 24
12.0412
 34
0.0
 50
-90.0
100
AcDbRotatedDimension
  0
DIMENSION
  5
3C3
330
3A6
100
AcDbEntity
  8
COTAS
100
AcDbDimension
280
0
  2
*D21
  3
COTAS_PAPEL
 10
-12.0
 20
-24.9588
 30
0.0
 11
3.0
 21
-23.4444
 31
0.0
 70
32
 71
5
  1
300
100
AcDbAlignedDimension
 13
-12.0
 23
-14.9588
 33
0.0
 14
18.0
 24
-14.9588
 34
0.0
 50
0.0
100
AcDbRotatedDimension
  0
DIMENSION
  5
3C4
330
3A6
100
AcDbEntity
  8
COTAS
100
AcDbDimension
280
0
  2
*D22
  3
COTAS_PAPEL
 10
-18.0
 20
-14.9588
 30
0.0
 11
-19.5144
 21
2.5412
 31
0.0
 70
32
 71
5
  1
350
100
AcDbAlignedDimension
 13
-12.0
 23
-14.9588
 33
0.0
 14
-12.0
 24
20.0412
 34
0.0
 50
90.0
100
AcDbRotatedDimension
  0
ENDBLK
  5
3A8
330
3A6
100
AcDbEntity
  8
0
100
AcDbBlockEnd
  0
BLOCK
  5
3C6
330
3C5
100
AcDbEntity
  8
0
100
AcDbBlockBegin
  2
*D19
 70
1
 10
0.0
 20
0.0
 30
0.0
  3
*D19
  1

  0
LINE
  5
3C8
330
3C5
100
AcDbEntity
  8
0
 62
8
370
13
100
AcDbLine
 10
-6.4
 20
11.512033333333333
 30
0.0
 11
-6.4
 21
5.159255555555555
 31
0.0
  0
LINE
  5
3C9
330
3C5
100
AcDbEntity
  8
0
 62
8
370
13
100
AcDbLine
 10
12.4
 20
11.512033333333333
 30
0.0
 11
12.4
 21
5.159255555555555
 31
0.0
  0
INSERT
  5
3CA
330
3C5
100
AcDbEntity
  8
COTAS
 62
8
100
AcDbBlockReference
  2
_OBLIQUE
 10
-6.4
 20
6.0412
 30
0.0
 41
2.188633333333333
 42
2.188633333333333
  0
INSERT
  5
3CC
330
3C5
100
AcDbEntity
  8
COTAS
 62
8
100
AcDbBlockReference
  2
_OBLIQUE
 10
12.4
 20
6.0412
 30
0.0
 41
2.188633333333333
 42
2.188633333333333
  0
LINE
  5
3CE
330
3C5
100
AcDbEntity
  8
0
 62
8
370
15
100
AcDbLine
 10
-6.4
 20
6.0412
 30
0.0
 11
12.4
 21
6.0412
 31
0.0
  0
MTEXT
  5
3CF
330
3C5
100
AcDbEntity
  8
COTAS
 62
250
100
AcDbMText
 10
3.0
 20
7.5556
 30
0.0
 40
1.8288
 71
5
  1
188
  7
ESTANDAR
  0
POINT
  5
3D0
330
3C5
100
AcDbEntity
  8
Defpoints
100
AcDbPoint
 10
-6.4
 20
6.0412
 30
0.0
  0
POINT
  5
3D1
330
3C5
100
AcDbEntity
  8
Defpoints
100
AcDbPoint
 10
-6.4
 20
12.0412
 30
0.0
  0
POINT
  5
3D2
330
3C5
100
AcDbEntity
  8
Defpoints
100
AcDbPoint
 10
12.4
 20
12.0412
 30
0.0
  0
ENDBLK
  5
3C7
330
3C5
100
AcDbEntity
  8
0
100
AcDbBlockEnd
  0
BLOCK
  5
3D4
330
3D3
100
AcDbEntity
  8
0
100
AcDbBlockBegin
  2
*D20
 70
1
 10
0.0
 20
0.0
 30
0.0
  3
*D20
  1

  0
LINE
  5
3D6
330
3D3
100
AcDbEntity
  8
0
 62
8
370
13
100
AcDbLine
 10
17.470833333333335
 20
20.0412
 30
0.0
 11
13.118055555555555
 21
20.0412
 31
0.0
  0
LINE
  5
3D7
330
3D3
100
AcDbEntity
  8
0
 62
8
370
13
100
AcDbLine
 10
17.470833333333335
 20
12.0412
 30
0.0
 11
13.118055555555555
 21
12.0412
 31
0.0
  0
INSERT
  5
3D8
330
3D3
100
AcDbEntity
  8
COTAS
 62
8
100
AcDbBlockReference
  2
_OBLIQUE
 10
14.0
 20
20.0412
 30
0.0
 41
2.188633333333333
 42
2.188633333333333
 50
-90.0
  0
INSERT
  5
3DA
330
3D3
100
AcDbEntity
  8
COTAS
 62
8
100
AcDbBlockReference
  2
_OBLIQUE
 10
14.0
 20
12.0412
 30
0.0
 41
2.188633333333333
 42
2.188633333333333
 50
-90.0
  0
LINE
  5
3DC
330
3D3
100
AcDbEntity
  8
0
 62
8
370
15
100
AcDbLine
 10
14.0
 20
20.0412
 30
0.0
 11
14.0
 21
12.0412
 31
0.0
  0
MTEXT
  5
3DD
330
3D3
100
AcDbEntity
  8
COTAS
 62
250
100
AcDbMText
 10
15.5144
 20
16.0412
 30
0.0
 40
1.8288
 71
5
  1
80
  7
ESTANDAR
 50
-90.0
  0
POINT
  5
3DE
330
3D3
100
AcDbEntity
  8
Defpoints
100
AcDbPoint
 10
14.0
 20
20.0412
 30
0.0
  0
POINT
  5
3DF
330
3D3
100
AcDbEntity
  8
Defpoints
100
AcDbPoint
 10
18.0
 20
20.0412
 30
0.0
  0
POINT
  5
3E0
330
3D3
100
AcDbEntity
  8
Defpoints
100
AcDbPoint
 10
18.0
 20
12.0412
 30
0.0
  0
ENDBLK
  5
3D5
330
3D3
100
AcDbEntity
  8
0
100
AcDbBlockEnd
  0
BLOCK
  5
3E2
330
3E1
100
AcDbEntity
  8
0
100
AcDbBlockBegin
  2
*D21
 70
1
 10
0.0
 20
0.0
 30
0.0
  3
*D21
  1

  0
LINE
  5
3E4
330
3E1
100
AcDbEntity
  8
0
 62
8
370
13
100
AcDbLine
 10
-12.0
 20
-15.487966666666667
 30
0.0
 11
-12.0
 21
-25.840744444444443
 31
0.0
  0
LINE
  5
3E5
330
3E1
100
AcDbEntity
  8
0
 62
8
370
13
100
AcDbLine
 10
18.0
 20
-15.487966666666667
 30
0.0
 11
18.0
 21
-25.840744444444443
 31
0.0
  0
INSERT
  5
3E6
330
3E1
100
AcDbEntity
  8
COTAS
 62
8
100
AcDbBlockReference
  2
_OBLIQUE
 10
-12.0
 20
-24.9588
 30
0.0
 41
2.188633333333333
 42
2.188633333333333
  0
INSERT
  5
3E8
330
3E1
100
AcDbEntity
  8
COTAS
 62
8
100
AcDbBlockReference
  2
_OBLIQUE
 10
18.0
 20
-24.9588
 30
0.0
 41
2.188633333333333
 42
2.188633333333333
  0
LINE
  5
3EA
330
3E1
100
AcDbEntity
  8
0
 62
8
370
15
100
AcDbLine
 10
-12.0
 20
-24.9588
 30
0.0
 11
18.0
 21
-24.9588
 31
0.0
  0
MTEXT
  5
3EB
330
3E1
100
AcDbEntity
  8
COTAS
 62
250
100
AcDbMText
 10
3.0
 20
-23.4444
 30
0.0
 40
1.8288
 71
5
  1
300
  7
ESTANDAR
  0
POINT
  5
3EC
330
3E1
100
AcDbEntity
  8
Defpoints
100
AcDbPoint
 10
-12.0
 20
-24.9588
 30
0.0
  0
POINT
  5
3ED
330
3E1
100
AcDbEntity
  8
Defpoints
100
AcDbPoint
 10
-12.0
 20
-14.9588
 30
0.0
  0
POINT
  5
3EE
330
3E1
100
AcDbEntity
  8
Defpoints
100
AcDbPoint
 10
18.0
 20
-14.9588
 30
0.0
  0
ENDBLK
  5
3E3
330
3E1
100
AcDbEntity
  8
0
100
AcDbBlockEnd
  0
BLOCK
  5
3F0
330
3EF
100
AcDbEntity
  8
0
100
AcDbBlockBegin
  2
*D22
 70
1
 10
0.0
 20
0.0
 30
0.0
  3
*D22
  1

  0
LINE
  5
3F2
330
3EF
100
AcDbEntity
  8
0
 62
8
370
13
100
AcDbLine
 10
-12.529166666666667
 20
-14.9588
 30
0.0
 11
-18.881944444444443
 21
-14.9588
 31
0.0
  0
LINE
  5
3F3
330
3EF
100
AcDbEntity
  8
0
 62
8
370
13
100
AcDbLine
 10
-12.529166666666667
 20
20.0412
 30
0.0
 11
-18.881944444444443
 21
20.0412
 31
0.0
  0
INSERT
  5
3F4
330
3EF
100
AcDbEntity
  8
COTAS
 62
8
100
AcDbBlockReference
  2
_OBLIQUE
 10
-18.0
 20
-14.9588
 30
0.0
 41
2.188633333333333
 42
2.188633333333333
 50
90.0
  0
INSERT
  5
3F6
330
3EF
100
AcDbEntity
  8
COTAS
 62
8
100
AcDbBlockReference
  2
_OBLIQUE
 10
-18.0
 20
20.0412
 30
0.0
 41
2.188633333333333
 42
2.188633333333333
 50
90.0
  0
LINE
  5
3F8
330
3EF
100
AcDbEntity
  8
0
 62
8
370
15
100
AcDbLine
 10
-18.0
 20
-14.9588
 30
0.0
 11
-18.0
 21
20.0412
 31
0.0
  0
MTEXT
  5
3F9
330
3EF
100
AcDbEntity
  8
COTAS
 62
250
100
AcDbMText
 10
-19.5144
 20
2.5412
 30
0.0
 40
1.8288
 71
5
  1
350
  7
ESTANDAR
 50
90.0
  0
POINT
  5
3FA
330
3EF
100
AcDbEntity
  8
Defpoints
100
AcDbPoint
 10
-18.0
 20
-14.9588
 30
0.0
  0
POINT
  5
3FB
330
3EF
100
AcDbEntity
  8
Defpoints
100
AcDbPoint
 10
-12.0
 20
-14.9588
 30
0.0
  0
POINT
  5
3FC
330
3EF
100
AcDbEntity
  8
Defpoints
100
AcDbPoint
 10
-12.0
 20
20.0412
 30
0.0
  0
ENDBLK
  5
3F1
330
3EF
100
AcDbEntity
  8
0
100
AcDbBlockEnd
  0
BLOCK
  5
400
330
3FF
100
AcDbEntity
  8
0
100
AcDbBlockBegin
  2
DET_05_detalle-2-1-c4-corte-por-el-eje-del-voladizo
 70
0
 10
0.0
 20
0.0
 30
0.0
  3
DET_05_detalle-2-1-c4-corte-por-el-eje-del-voladizo
  1

  0
HATCH
  5
413
330
3FF
100
AcDbEntity
  8
G-r_conc
 62
7
420
16118767
100
AcDbHatch
 10
0.0
 20
0.0
 30
0.0
210
0.0
220
0.0
230
1.0
  2
SOLID
 70
1
 71
0
 91
1
 92
3
 72
0
 73
1
 93
4
 10
-69.6189
 20
-21.086399999999998
 10
-29.618899999999996
 20
-21.086399999999998
 10
-29.618899999999996
 20
24.413600000000002
 10
-69.6189
 20
24.413600000000002
 97
0
 75
0
 76
1
 98
0
  0
LWPOLYLINE
  5
414
330
3FF
100
AcDbEntity
  8
G-r_conc
100
AcDbPolyline
 90
4
 70
1
 10
-69.6189
 20
-21.086399999999998
 10
-29.618899999999996
 20
-21.086399999999998
 10
-29.618899999999996
 20
24.413600000000002
 10
-69.6189
 20
24.413600000000002
  0
HATCH
  5
415
330
3FF
100
AcDbEntity
  8
G-r_old
 62
7
420
15065562
100
AcDbHatch
 10
0.0
 20
0.0
 30
0.0
210
0.0
220
0.0
230
1.0
  2
SOLID
 70
1
 71
0
 91
1
 92
3
 72
0
 73
1
 93
4
 10
-69.6189
 20
-38.0864
 10
-29.618899999999996
 20
-38.0864
 10
-29.618899999999996
 20
-21.086399999999998
 10
-69.6189
 20
-21.086399999999998
 97
0
 75
0
 76
1
 98
0
  0
LWPOLYLINE
  5
416
330
3FF
100
AcDbEntity
  8
G-r_old
100
AcDbPolyline
 90
4
 70
1
 10
-69.6189
 20
-38.0864
 10
-29.618899999999996
 20
-38.0864
 10
-29.618899999999996
 20
-21.086399999999998
 10
-69.6189
 20
-21.086399999999998
  0
HATCH
  5
417
330
3FF
100
AcDbEntity
  8
G-r_conc
 62
7
420
16118767
100
AcDbHatch
 10
0.0
 20
0.0
 30
0.0
210
0.0
220
0.0
230
1.0
  2
SOLID
 70
1
 71
0
 91
1
 92
3
 72
0
 73
1
 93
4
 10
-29.618899999999996
 20
-21.086399999999998
 10
25.381100000000004
 20
-21.086399999999998
 10
25.381100000000004
 20
13.9136
 10
-29.618899999999996
 20
13.9136
 97
0
 75
0
 76
1
 98
0
  0
LWPOLYLINE
  5
418
330
3FF
100
AcDbEntity
  8
G-r_conc
100
AcDbPolyline
 90
4
 70
1
 10
-29.618899999999996
 20
-21.086399999999998
 10
25.381100000000004
 20
-21.086399999999998
 10
25.381100000000004
 20
13.9136
 10
-29.618899999999996
 20
13.9136
  0
LINE
  5
419
330
3FF
100
AcDbEntity
  8
G-edge
100
AcDbLine
 10
25.381100000000004
 20
13.9136
 30
0.0
 11
25.381100000000004
 21
-21.086399999999998
 31
0.0
  0
HATCH
  5
41A
330
3FF
100
AcDbEntity
  8
G-r_colS
 62
7
420
13742151
100
AcDbHatch
 10
0.0
 20
0.0
 30
0.0
210
0.0
220
0.0
230
1.0
  2
SOLID
 70
1
 71
0
 91
1
 92
3
 72
0
 73
1
 93
26
 10
-64.6189
 20
-38.0864
 10
-64.6189
 20
15.614325205246121
 10
-64.5622473375673
 20
16.364872413325475
 10
-64.38632396263014
 20
17.097646006504686
 10
-64.09793545132199
 20
17.793877461737434
 10
-63.704182885897815
 20
18.436423249936162
 10
-63.21476176130821
 20
19.009461761308213
 10
-62.64172324993616
 20
19.498882885897817
 10
-61.99917746173743
 20
19.892635451321993
 10
-61.30294600650468
 20
20.181023962630153
 10
-60.57017241332547
 20
20.356947337567295
 10
-59.821428478007924
 20
20.41587476325137
 10
-44.8189
 20
20.413600000000002
 10
-44.8189
 20
18.8136
 10
-59.81637152199207
 20
18.811325236748633
 10
-60.31910330699637
 20
18.771759387193807
 10
-60.80698994849489
 20
18.654628167731076
 10
-61.270546536178934
 20
18.462616742184952
 10
-61.698358768403615
 20
18.200453069101762
 10
-62.079892488184164
 20
17.87459248818417
 10
-62.40575306910176
 20
17.49305876840362
 10
-62.66791674218494
 20
17.06524653617894
 10
-62.85992816773107
 20
16.601689948494894
 10
-62.977059387193805
 20
16.11380330699637
 10
-63.018899999999995
 20
15.61287479475388
 10
-63.018899999999995
 20
-38.0864
 97
0
 75
0
 76
1
 98
0
  0
LWPOLYLINE
  5
41B
330
3FF
100
AcDbEntity
  8
G-r_colS
100
AcDbPolyline
 90
26
 70
1
 10
-64.6189
 20
-38.0864
 10
-64.6189
 20
15.614325205246121
 10
-64.5622473375673
 20
16.364872413325475
 10
-64.38632396263014
 20
17.097646006504686
 10
-64.09793545132199
 20
17.793877461737434
 10
-63.704182885897815
 20
18.436423249936162
 10
-63.21476176130821
 20
19.009461761308213
 10
-62.64172324993616
 20
19.498882885897817
 10
-61.99917746173743
 20
19.892635451321993
 10
-61.30294600650468
 20
20.181023962630153
 10
-60.57017241332547
 20
20.356947337567295
 10
-59.821428478007924
 20
20.41587476325137
 10
-44.8189
 20
20.413600000000002
 10
-44.8189
 20
18.8136
 10
-59.81637152199207
 20
18.811325236748633
 10
-60.31910330699637
 20
18.771759387193807
 10
-60.80698994849489
 20
18.654628167731076
 10
-61.270546536178934
 20
18.462616742184952
 10
-61.698358768403615
 20
18.200453069101762
 10
-62.079892488184164
 20
17.87459248818417
 10
-62.40575306910176
 20
17.49305876840362
 10
-62.66791674218494
 20
17.06524653617894
 10
-62.85992816773107
 20
16.601689948494894
 10
-62.977059387193805
 20
16.11380330699637
 10
-63.018899999999995
 20
15.61287479475388
 10
-63.018899999999995
 20
-38.0864
  0
HATCH
  5
41C
330
3FF
100
AcDbEntity
  8
G-r_colS
 62
7
420
13742151
100
AcDbHatch
 10
0.0
 20
0.0
 30
0.0
210
0.0
220
0.0
230
1.0
  2
SOLID
 70
1
 71
0
 91
1
 92
3
 72
0
 73
1
 93
26
 10
-36.2189
 20
-38.0864
 10
-36.2189
 20
15.61287479475388
 10
-36.26074061280619
 20
16.11380330699637
 10
-36.377871832268916
 20
16.601689948494894
 10
-36.56988325781504
 20
17.06524653617894
 10
-36.83204693089824
 20
17.49305876840362
 10
-37.15790751181583
 20
17.87459248818417
 10
-37.53944123159637
 20
18.200453069101762
 10
-37.96725346382105
 20
18.462616742184952
 10
-38.430810051505105
 20
18.654628167731076
 10
-38.918696693003625
 20
18.771759387193807
 10
-39.421428478007925
 20
18.811325236748633
 10
-54.418899999999994
 20
18.8136
 10
-54.418899999999994
 20
20.413600000000002
 10
-39.41637152199206
 20
20.41587476325137
 10
-38.66762758667453
 20
20.356947337567295
 10
-37.93485399349531
 20
20.181023962630153
 10
-37.23862253826256
 20
19.892635451321993
 10
-36.59607675006382
 20
19.498882885897817
 10
-36.02303823869178
 20
19.00946176130821
 10
-35.53361711410218
 20
18.436423249936162
 10
-35.139864548678005
 20
17.793877461737434
 10
-34.85147603736984
 20
17.09764600650469
 10
-34.6755526624327
 20
16.364872413325475
 10
-34.6189
 20
15.614325205246121
 10
-34.6189
 20
-38.0864
 97
0
 75
0
 76
1
 98
0
  0
LWPOLYLINE
  5
41D
330
3FF
100
AcDbEntity
  8
G-r_colS
100
AcDbPolyline
 90
26
 70
1
 10
-36.2189
 20
-38.0864
 10
-36.2189
 20
15.61287479475388
 10
-36.26074061280619
 20
16.11380330699637
 10
-36.377871832268916
 20
16.601689948494894
 10
-36.56988325781504
 20
17.06524653617894
 10
-36.83204693089824
 20
17.49305876840362
 10
-37.15790751181583
 20
17.87459248818417
 10
-37.53944123159637
 20
18.200453069101762
 10
-37.96725346382105
 20
18.462616742184952
 10
-38.430810051505105
 20
18.654628167731076
 10
-38.918696693003625
 20
18.771759387193807
 10
-39.421428478007925
 20
18.811325236748633
 10
-54.418899999999994
 20
18.8136
 10
-54.418899999999994
 20
20.413600000000002
 10
-39.41637152199206
 20
20.41587476325137
 10
-38.66762758667453
 20
20.356947337567295
 10
-37.93485399349531
 20
20.181023962630153
 10
-37.23862253826256
 20
19.892635451321993
 10
-36.59607675006382
 20
19.498882885897817
 10
-36.02303823869178
 20
19.00946176130821
 10
-35.53361711410218
 20
18.436423249936162
 10
-35.139864548678005
 20
17.793877461737434
 10
-34.85147603736984
 20
17.09764600650469
 10
-34.6755526624327
 20
16.364872413325475
 10
-34.6189
 20
15.614325205246121
 10
-34.6189
 20
-38.0864
  0
HATCH
  5
41E
330
3FF
100
AcDbEntity
  8
G-r_rodS
 62
7
420
6405804
100
AcDbHatch
 10
0.0
 20
0.0
 30
0.0
210
0.0
220
0.0
230
1.0
  2
SOLID
 70
1
 71
0
 91
1
 92
3
 72
0
 73
1
 93
4
 10
-59.018899999999995
 20
30.413600000000002
 10
-59.018899999999995
 20
-16.086399999999998
 10
-60.2189
 20
-16.086399999999998
 10
-60.2189
 20
30.413600000000002
 97
0
 75
0
 76
1
 98
0
  0
LWPOLYLINE
  5
41F
330
3FF
100
AcDbEntity
  8
G-r_rodS
100
AcDbPolyline
 90
4
 70
1
 10
-59.018899999999995
 20
30.413600000000002
 10
-59.018899999999995
 20
-16.086399999999998
 10
-60.2189
 20
-16.086399999999998
 10
-60.2189
 20
30.413600000000002
  0
HATCH
  5
420
330
3FF
100
AcDbEntity
  8
G-r_rodS
 62
7
420
6405804
100
AcDbHatch
 10
0.0
 20
0.0
 30
0.0
210
0.0
220
0.0
230
1.0
  2
SOLID
 70
1
 71
0
 91
1
 92
3
 72
0
 73
1
 93
4
 10
-39.018899999999995
 20
30.413600000000002
 10
-39.018899999999995
 20
-16.086399999999998
 10
-40.21889999999999
 20
-16.086399999999998
 10
-40.21889999999999
 20
30.413600000000002
 97
0
 75
0
 76
1
 98
0
  0
LWPOLYLINE
  5
421
330
3FF
100
AcDbEntity
  8
G-r_rodS
100
AcDbPolyline
 90
4
 70
1
 10
-39.018899999999995
 20
30.413600000000002
 10
-39.018899999999995
 20
-16.086399999999998
 10
-40.21889999999999
 20
-16.086399999999998
 10
-40.21889999999999
 20
30.413600000000002
  0
HATCH
  5
422
330
3FF
100
AcDbEntity
  8
G-r_tieS
 62
7
420
9460135
100
AcDbHatch
 10
0.0
 20
0.0
 30
0.0
210
0.0
220
0.0
230
1.0
  2
SOLID
 70
1
 71
0
 91
1
 92
3
 72
0
 73
1
 93
4
 10
-65.1189
 20
3.4136000000000006
 10
-34.1189
 20
3.4136000000000006
 10
-34.1189
 20
2.4136000000000006
 10
-65.1189
 20
2.4136000000000006
 97
0
 75
0
 76
1
 98
0
  0
LWPOLYLINE
  5
423
330
3FF
100
AcDbEntity
  8
G-r_tieS
100
AcDbPolyline
 90
4
 70
1
 10
-65.1189
 20
3.4136000000000006
 10
-34.1189
 20
3.4136000000000006
 10
-34.1189
 20
2.4136000000000006
 10
-65.1189
 20
2.4136000000000006
  0
HATCH
  5
424
330
3FF
100
AcDbEntity
  8
G-r_tieS
 62
7
420
9460135
100
AcDbHatch
 10
0.0
 20
0.0
 30
0.0
210
0.0
220
0.0
230
1.0
  2
SOLID
 70
1
 71
0
 91
1
 92
3
 72
0
 73
1
 93
4
 10
-65.1189
 20
-1.0863999999999994
 10
-34.1189
 20
-1.0863999999999994
 10
-34.1189
 20
-2.0863999999999994
 10
-65.1189
 20
-2.0863999999999994
 97
0
 75
0
 76
1
 98
0
  0
LWPOLYLINE
  5
425
330
3FF
100
AcDbEntity
  8
G-r_tieS
100
AcDbPolyline
 90
4
 70
1
 10
-65.1189
 20
-1.0863999999999994
 10
-34.1189
 20
-1.0863999999999994
 10
-34.1189
 20
-2.0863999999999994
 10
-65.1189
 20
-2.0863999999999994
  0
HATCH
  5
426
330
3FF
100
AcDbEntity
  8
G-r_tieS
 62
7
420
9460135
100
AcDbHatch
 10
0.0
 20
0.0
 30
0.0
210
0.0
220
0.0
230
1.0
  2
SOLID
 70
1
 71
0
 91
1
 92
3
 72
0
 73
1
 93
4
 10
-65.1189
 20
-8.5864
 10
-34.1189
 20
-8.5864
 10
-34.1189
 20
-9.5864
 10
-65.1189
 20
-9.5864
 97
0
 75
0
 76
1
 98
0
  0
LWPOLYLINE
  5
427
330
3FF
100
AcDbEntity
  8
G-r_tieS
100
AcDbPolyline
 90
4
 70
1
 10
-65.1189
 20
-8.5864
 10
-34.1189
 20
-8.5864
 10
-34.1189
 20
-9.5864
 10
-65.1189
 20
-9.5864
  0
HATCH
  5
428
330
3FF
100
AcDbEntity
  8
G-r_tieS
 62
7
420
9460135
100
AcDbHatch
 10
0.0
 20
0.0
 30
0.0
210
0.0
220
0.0
230
1.0
  2
SOLID
 70
1
 71
0
 91
1
 92
3
 72
0
 73
1
 93
4
 10
-65.1189
 20
-16.086399999999998
 10
-34.1189
 20
-16.086399999999998
 10
-34.1189
 20
-17.086399999999998
 10
-65.1189
 20
-17.086399999999998
 97
0
 75
0
 76
1
 98
0
  0
LWPOLYLINE
  5
429
330
3FF
100
AcDbEntity
  8
G-r_tieS
100
AcDbPolyline
 90
4
 70
1
 10
-65.1189
 20
-16.086399999999998
 10
-34.1189
 20
-16.086399999999998
 10
-34.1189
 20
-17.086399999999998
 10
-65.1189
 20
-17.086399999999998
  0
HATCH
  5
42A
330
3FF
100
AcDbEntity
  8
G-r_new
 62
7
420
3444827
100
AcDbHatch
 10
0.0
 20
0.0
 30
0.0
210
0.0
220
0.0
230
1.0
  2
SOLID
 70
1
 71
0
 91
1
 92
3
 72
0
 73
1
 93
4
 10
-65.3189
 20
17.413600000000002
 10
-33.918899999999994
 20
17.413600000000002
 10
-33.918899999999994
 20
16.0136
 10
-65.3189
 20
16.0136
 97
0
 75
0
 76
1
 98
0
  0
LWPOLYLINE
  5
42B
330
3FF
100
AcDbEntity
  8
G-r_new
100
AcDbPolyline
 90
4
 70
1
 10
-65.3189
 20
17.413600000000002
 10
-33.918899999999994
 20
17.413600000000002
 10
-33.918899999999994
 20
16.0136
 10
-65.3189
 20
16.0136
  0
HATCH
  5
42C
330
3FF
100
AcDbEntity
  8
G-r_new
 62
7
420
3444827
100
AcDbHatch
 10
0.0
 20
0.0
 30
0.0
210
0.0
220
0.0
230
1.0
  2
SOLID
 70
1
 71
0
 91
1
 92
3
 72
0
 73
1
 93
4
 10
-65.3189
 20
18.8136
 10
-33.918899999999994
 20
18.8136
 10
-33.918899999999994
 20
17.413600000000002
 10
-65.3189
 20
17.413600000000002
 97
0
 75
0
 76
1
 98
0
  0
LWPOLYLINE
  5
42D
330
3FF
100
AcDbEntity
  8
G-r_new
100
AcDbPolyline
 90
4
 70
1
 10
-65.3189
 20
18.8136
 10
-33.918899999999994
 20
18.8136
 10
-33.918899999999994
 20
17.413600000000002
 10
-65.3189
 20
17.413600000000002
  0
HATCH
  5
42E
330
3FF
100
AcDbEntity
  8
G-r_bm3
 62
7
420
6384235
100
AcDbHatch
 10
0.0
 20
0.0
 30
0.0
210
0.0
220
0.0
230
1.0
  2
SOLID
 70
1
 71
0
 91
1
 92
1
 93
1
 72
2
 10
-59.018899999999995
 20
7.1136
 40
0.6000000000000001
 50
0.0
 51
360.0
 73
1
 97
0
 75
0
 76
1
 98
0
  0
CIRCLE
  5
42F
330
3FF
100
AcDbEntity
  8
G-r_bm3
100
AcDbCircle
 10
-59.018899999999995
 20
7.1136
 30
0.0
 40
0.6000000000000001
  0
HATCH
  5
430
330
3FF
100
AcDbEntity
  8
G-r_bm3
 62
7
420
6384235
100
AcDbHatch
 10
0.0
 20
0.0
 30
0.0
210
0.0
220
0.0
230
1.0
  2
SOLID
 70
1
 71
0
 91
1
 92
1
 93
1
 72
2
 10
-59.018899999999995
 20
-14.286400000000002
 40
0.6000000000000001
 50
0.0
 51
360.0
 73
1
 97
0
 75
0
 76
1
 98
0
  0
CIRCLE
  5
431
330
3FF
100
AcDbEntity
  8
G-r_bm3
100
AcDbCircle
 10
-59.018899999999995
 20
-14.286400000000002
 30
0.0
 40
0.6000000000000001
  0
HATCH
  5
432
330
3FF
100
AcDbEntity
  8
G-r_bm3
 62
7
420
6384235
100
AcDbHatch
 10
0.0
 20
0.0
 30
0.0
210
0.0
220
0.0
230
1.0
  2
SOLID
 70
1
 71
0
 91
1
 92
1
 93
1
 72
2
 10
-49.6189
 20
7.1136
 40
0.6000000000000001
 50
0.0
 51
360.0
 73
1
 97
0
 75
0
 76
1
 98
0
  0
CIRCLE
  5
433
330
3FF
100
AcDbEntity
  8
G-r_bm3
100
AcDbCircle
 10
-49.6189
 20
7.1136
 30
0.0
 40
0.6000000000000001
  0
HATCH
  5
434
330
3FF
100
AcDbEntity
  8
G-r_bm3
 62
7
420
6384235
100
AcDbHatch
 10
0.0
 20
0.0
 30
0.0
210
0.0
220
0.0
230
1.0
  2
SOLID
 70
1
 71
0
 91
1
 92
1
 93
1
 72
2
 10
-49.6189
 20
-14.286400000000002
 40
0.6000000000000001
 50
0.0
 51
360.0
 73
1
 97
0
 75
0
 76
1
 98
0
  0
CIRCLE
  5
435
330
3FF
100
AcDbEntity
  8
G-r_bm3
100
AcDbCircle
 10
-49.6189
 20
-14.286400000000002
 30
0.0
 40
0.6000000000000001
  0
HATCH
  5
436
330
3FF
100
AcDbEntity
  8
G-r_bm3
 62
7
420
6384235
100
AcDbHatch
 10
0.0
 20
0.0
 30
0.0
210
0.0
220
0.0
230
1.0
  2
SOLID
 70
1
 71
0
 91
1
 92
1
 93
1
 72
2
 10
-40.21889999999999
 20
7.1136
 40
0.6000000000000001
 50
0.0
 51
360.0
 73
1
 97
0
 75
0
 76
1
 98
0
  0
CIRCLE
  5
437
330
3FF
100
AcDbEntity
  8
G-r_bm3
100
AcDbCircle
 10
-40.21889999999999
 20
7.1136
 30
0.0
 40
0.6000000000000001
  0
HATCH
  5
438
330
3FF
100
AcDbEntity
  8
G-r_bm3
 62
7
420
6384235
100
AcDbHatch
 10
0.0
 20
0.0
 30
0.0
210
0.0
220
0.0
230
1.0
  2
SOLID
 70
1
 71
0
 91
1
 92
1
 93
1
 72
2
 10
-40.21889999999999
 20
-14.286400000000002
 40
0.6000000000000001
 50
0.0
 51
360.0
 73
1
 97
0
 75
0
 76
1
 98
0
  0
CIRCLE
  5
439
330
3FF
100
AcDbEntity
  8
G-r_bm3
100
AcDbCircle
 10
-40.21889999999999
 20
-14.286400000000002
 30
0.0
 40
0.6000000000000001
  0
HATCH
  5
43A
330
3FF
100
AcDbEntity
  8
G-r_bm1
 62
7
420
1725046
100
AcDbHatch
 10
0.0
 20
0.0
 30
0.0
210
0.0
220
0.0
230
1.0
  2
SOLID
 70
1
 71
0
 91
1
 92
3
 72
0
 73
1
 93
26
 10
25.381100000000004
 20
7.7136000000000005
 10
-60.11868498945662
 20
7.7136000000000005
 10
-60.41583524772716
 20
7.688375370097786
 10
-60.70545896418369
 20
7.618842867650731
 10
-60.98063965226443
 20
7.50485929454453
 10
-61.234601450156475
 20
7.349231304638848
 10
-61.46109097554485
 20
7.1557909755448526
 10
-61.654531304638844
 20
6.929301450156479
 10
-61.810159294544526
 20
6.675339652264432
 10
-61.92414286765073
 20
6.400158964183697
 10
-61.99367537009778
 20
6.110535247727163
 10
-62.01715775464673
 20
5.812163261954645
 10
-62.018899999999995
 20
-6.686400000000001
 10
-63.2189
 20
-6.686400000000001
 10
-63.22064224535326
 20
5.815036738045356
 10
-63.1825663328779
 20
6.2988370774739915
 10
-63.06893971382503
 20
6.772126007691042
 10
-62.8826733263973
 20
7.221812846433303
 10
-62.628353667235885
 20
7.636824811305886
 10
-62.31224293038788
 20
8.006942930387886
 10
-61.94212481130588
 20
8.32305366723589
 10
-61.5271128464333
 20
8.57737332639731
 10
-61.07742600769104
 20
8.763639713825038
 10
-60.604137077473986
 20
8.877266332877904
 10
-60.119115010543375
 20
8.9136
 10
25.381100000000004
 20
8.9136
 97
0
 75
0
 76
1
 98
0
  0
LWPOLYLINE
  5
43B
330
3FF
100
AcDbEntity
  8
G-r_bm1
100
AcDbPolyline
 90
26
 70
1
 10
25.381100000000004
 20
7.7136000000000005
 10
-60.11868498945662
 20
7.7136000000000005
 10
-60.41583524772716
 20
7.688375370097786
 10
-60.70545896418369
 20
7.618842867650731
 10
-60.98063965226443
 20
7.50485929454453
 10
-61.234601450156475
 20
7.349231304638848
 10
-61.46109097554485
 20
7.1557909755448526
 10
-61.654531304638844
 20
6.929301450156479
 10
-61.810159294544526
 20
6.675339652264432
 10
-61.92414286765073
 20
6.400158964183697
 10
-61.99367537009778
 20
6.110535247727163
 10
-62.01715775464673
 20
5.812163261954645
 10
-62.018899999999995
 20
-6.686400000000001
 10
-63.2189
 20
-6.686400000000001
 10
-63.22064224535326
 20
5.815036738045356
 10
-63.1825663328779
 20
6.2988370774739915
 10
-63.06893971382503
 20
6.772126007691042
 10
-62.8826733263973
 20
7.221812846433303
 10
-62.628353667235885
 20
7.636824811305886
 10
-62.31224293038788
 20
8.006942930387886
 10
-61.94212481130588
 20
8.32305366723589
 10
-61.5271128464333
 20
8.57737332639731
 10
-61.07742600769104
 20
8.763639713825038
 10
-60.604137077473986
 20
8.877266332877904
 10
-60.119115010543375
 20
8.9136
 10
25.381100000000004
 20
8.9136
  0
HATCH
  5
43C
330
3FF
100
AcDbEntity
  8
G-r_bm1
 62
7
420
1725046
100
AcDbHatch
 10
0.0
 20
0.0
 30
0.0
210
0.0
220
0.0
230
1.0
  2
SOLID
 70
1
 71
0
 91
1
 92
3
 72
0
 73
1
 93
26
 10
25.381100000000004
 20
5.313600000000001
 10
-60.11868498945662
 20
5.313600000000001
 10
-60.41583524772716
 20
5.288375370097787
 10
-60.70545896418369
 20
5.21884286765073
 10
-60.98063965226443
 20
5.10485929454453
 10
-61.234601450156475
 20
4.9492313046388485
 10
-61.46109097554485
 20
4.755790975544853
 10
-61.654531304638844
 20
4.5293014501564794
 10
-61.810159294544526
 20
4.275339652264432
 10
-61.92414286765073
 20
4.000158964183695
 10
-61.99367537009778
 20
3.7105352477271634
 10
-62.01715775464673
 20
3.4121632619546443
 10
-62.018899999999995
 20
-9.0864
 10
-63.2189
 20
-9.0864
 10
-63.22064224535326
 20
3.4150367380453552
 10
-63.1825663328779
 20
3.89883707747399
 10
-63.06893971382503
 20
4.372126007691042
 10
-62.8826733263973
 20
4.821812846433303
 10
-62.628353667235885
 20
5.236824811305887
 10
-62.31224293038788
 20
5.606942930387886
 10
-61.94212481130588
 20
5.92305366723589
 10
-61.5271128464333
 20
6.177373326397309
 10
-61.07742600769104
 20
6.363639713825038
 10
-60.604137077473986
 20
6.477266332877902
 10
-60.119115010543375
 20
6.5136
 10
25.381100000000004
 20
6.5136
 97
0
 75
0
 76
1
 98
0
  0
LWPOLYLINE
  5
43D
330
3FF
100
AcDbEntity
  8
G-r_bm1
100
AcDbPolyline
 90
26
 70
1
 10
25.381100000000004
 20
5.313600000000001
 10
-60.11868498945662
 20
5.313600000000001
 10
-60.41583524772716
 20
5.288375370097787
 10
-60.70545896418369
 20
5.21884286765073
 10
-60.98063965226443
 20
5.10485929454453
 10
-61.234601450156475
 20
4.9492313046388485
 10
-61.46109097554485
 20
4.755790975544853
 10
-61.654531304638844
 20
4.5293014501564794
 10
-61.810159294544526
 20
4.275339652264432
 10
-61.92414286765073
 20
4.000158964183695
 10
-61.99367537009778
 20
3.7105352477271634
 10
-62.01715775464673
 20
3.4121632619546443
 10
-62.018899999999995
 20
-9.0864
 10
-63.2189
 20
-9.0864
 10
-63.22064224535326
 20
3.4150367380453552
 10
-63.1825663328779
 20
3.89883707747399
 10
-63.06893971382503
 20
4.372126007691042
 10
-62.8826733263973
 20
4.821812846433303
 10
-62.628353667235885
 20
5.236824811305887
 10
-62.31224293038788
 20
5.606942930387886
 10
-61.94212481130588
 20
5.92305366723589
 10
-61.5271128464333
 20
6.177373326397309
 10
-61.07742600769104
 20
6.363639713825038
 10
-60.604137077473986
 20
6.477266332877902
 10
-60.119115010543375
 20
6.5136
 10
25.381100000000004
 20
6.5136
  0
HATCH
  5
43E
330
3FF
100
AcDbEntity
  8
G-r_bm1
 62
7
420
1725046
100
AcDbHatch
 10
0.0
 20
0.0
 30
0.0
210
0.0
220
0.0
230
1.0
  2
SOLID
 70
1
 71
0
 91
1
 92
3
 72
0
 73
1
 93
26
 10
25.381100000000004
 20
-16.086399999999998
 10
-60.119115010543375
 20
-16.086399999999998
 10
-60.604137077473986
 20
-16.050066332877897
 10
-61.07742600769104
 20
-15.93643971382504
 10
-61.5271128464333
 20
-15.750173326397308
 10
-61.94212481130588
 20
-15.495853667235894
 10
-62.31224293038788
 20
-15.17974293038789
 10
-62.628353667235885
 20
-14.809624811305886
 10
-62.88267332639731
 20
-14.394612846433306
 10
-63.06893971382503
 20
-13.94492600769104
 10
-63.1825663328779
 20
-13.471637077473995
 10
-63.22064224535326
 20
-12.987836738045358
 10
-63.2189
 20
-0.4863999999999997
 10
-62.018899999999995
 20
-0.4863999999999997
 10
-62.01715775464673
 20
-12.984963261954645
 10
-61.99367537009778
 20
-13.283335247727164
 10
-61.92414286765073
 20
-13.572958964183696
 10
-61.810159294544526
 20
-13.848139652264438
 10
-61.654531304638844
 20
-14.102101450156484
 10
-61.46109097554485
 20
-14.328590975544857
 10
-61.234601450156475
 20
-14.522031304638846
 10
-60.98063965226443
 20
-14.677659294544528
 10
-60.70545896418369
 20
-14.791642867650724
 10
-60.41583524772716
 20
-14.861175370097785
 10
-60.11868498945662
 20
-14.8864
 10
25.381100000000004
 20
-14.8864
 97
0
 75
0
 76
1
 98
0
  0
LWPOLYLINE
  5
43F
330
3FF
100
AcDbEntity
  8
G-r_bm1
100
AcDbPolyline
 90
26
 70
1
 10
25.381100000000004
 20
-16.086399999999998
 10
-60.119115010543375
 20
-16.086399999999998
 10
-60.604137077473986
 20
-16.050066332877897
 10
-61.07742600769104
 20
-15.93643971382504
 10
-61.5271128464333
 20
-15.750173326397308
 10
-61.94212481130588
 20
-15.495853667235894
 10
-62.31224293038788
 20
-15.17974293038789
 10
-62.628353667235885
 20
-14.809624811305886
 10
-62.88267332639731
 20
-14.394612846433306
 10
-63.06893971382503
 20
-13.94492600769104
 10
-63.1825663328779
 20
-13.471637077473995
 10
-63.22064224535326
 20
-12.987836738045358
 10
-63.2189
 20
-0.4863999999999997
 10
-62.018899999999995
 20
-0.4863999999999997
 10
-62.01715775464673
 20
-12.984963261954645
 10
-61.99367537009778
 20
-13.283335247727164
 10
-61.92414286765073
 20
-13.572958964183696
 10
-61.810159294544526
 20
-13.848139652264438
 10
-61.654531304638844
 20
-14.102101450156484
 10
-61.46109097554485
 20
-14.328590975544857
 10
-61.234601450156475
 20
-14.522031304638846
 10
-60.98063965226443
 20
-14.677659294544528
 10
-60.70545896418369
 20
-14.791642867650724
 10
-60.41583524772716
 20
-14.861175370097785
 10
-60.11868498945662
 20
-14.8864
 10
25.381100000000004
 20
-14.8864
  0
HATCH
  5
440
330
3FF
100
AcDbEntity
  8
G-r_bm1
 62
7
420
1725046
100
AcDbHatch
 10
0.0
 20
0.0
 30
0.0
210
0.0
220
0.0
230
1.0
  2
SOLID
 70
1
 71
0
 91
1
 92
3
 72
0
 73
1
 93
26
 10
25.381100000000004
 20
-13.6864
 10
-60.119115010543375
 20
-13.6864
 10
-60.604137077473986
 20
-13.6500663328779
 10
-61.07742600769104
 20
-13.536439713825038
 10
-61.5271128464333
 20
-13.350173326397309
 10
-61.94212481130588
 20
-13.095853667235891
 10
-62.31224293038788
 20
-12.779742930387888
 10
-62.628353667235885
 20
-12.409624811305887
 10
-62.88267332639731
 20
-11.994612846433304
 10
-63.06893971382503
 20
-11.544926007691041
 10
-63.1825663328779
 20
-11.071637077473993
 10
-63.22064224535326
 20
-10.587836738045356
 10
-63.2189
 20
1.9136000000000006
 10
-62.018899999999995
 20
1.9136000000000006
 10
-62.01715775464673
 20
-10.584963261954643
 10
-61.99367537009778
 20
-10.883335247727166
 10
-61.92414286765073
 20
-11.172958964183694
 10
-61.810159294544526
 20
-11.448139652264436
 10
-61.654531304638844
 20
-11.702101450156485
 10
-61.46109097554485
 20
-11.928590975544855
 10
-61.234601450156475
 20
-12.122031304638844
 10
-60.98063965226443
 20
-12.277659294544529
 10
-60.70545896418369
 20
-12.391642867650726
 10
-60.41583524772716
 20
-12.461175370097786
 10
-60.11868498945662
 20
-12.486400000000001
 10
25.381100000000004
 20
-12.486400000000001
 97
0
 75
0
 76
1
 98
0
  0
LWPOLYLINE
  5
441
330
3FF
100
AcDbEntity
  8
G-r_bm1
100
AcDbPolyline
 90
26
 70
1
 10
25.381100000000004
 20
-13.6864
 10
-60.119115010543375
 20
-13.6864
 10
-60.604137077473986
 20
-13.6500663328779
 10
-61.07742600769104
 20
-13.536439713825038
 10
-61.5271128464333
 20
-13.350173326397309
 10
-61.94212481130588
 20
-13.095853667235891
 10
-62.31224293038788
 20
-12.779742930387888
 10
-62.628353667235885
 20
-12.409624811305887
 10
-62.88267332639731
 20
-11.994612846433304
 10
-63.06893971382503
 20
-11.544926007691041
 10
-63.1825663328779
 20
-11.071637077473993
 10
-63.22064224535326
 20
-10.587836738045356
 10
-63.2189
 20
1.9136000000000006
 10
-62.018899999999995
 20
1.9136000000000006
 10
-62.01715775464673
 20
-10.584963261954643
 10
-61.99367537009778
 20
-10.883335247727166
 10
-61.92414286765073
 20
-11.172958964183694
 10
-61.810159294544526
 20
-11.448139652264436
 10
-61.654531304638844
 20
-11.702101450156485
 10
-61.46109097554485
 20
-11.928590975544855
 10
-61.234601450156475
 20
-12.122031304638844
 10
-60.98063965226443
 20
-12.277659294544529
 10
-60.70545896418369
 20
-12.391642867650726
 10
-60.41583524772716
 20
-12.461175370097786
 10
-60.11868498945662
 20
-12.486400000000001
 10
25.381100000000004
 20
-12.486400000000001
  0
HATCH
  5
442
330
3FF
100
AcDbEntity
  8
G-r_bas
 62
7
420
15105570
100
AcDbHatch
 10
0.0
 20
0.0
 30
0.0
210
0.0
220
0.0
230
1.0
  2
SOLID
 70
1
 71
0
 91
1
 92
3
 72
0
 73
1
 93
26
 10
25.381100000000004
 20
5.313600000000001
 10
-59.91868448762952
 20
5.313600000000001
 10
-60.215835247727156
 20
5.288375370097787
 10
-60.50545896418369
 20
5.21884286765073
 10
-60.780639652264426
 20
5.10485929454453
 10
-61.03460145015647
 20
4.9492313046388485
 10
-61.261090975544846
 20
4.755790975544853
 10
-61.45453130463884
 20
4.5293014501564794
 10
-61.61015929454452
 20
4.275339652264432
 10
-61.72414286765073
 20
4.000158964183695
 10
-61.79367537009778
 20
3.7105352477271634
 10
-61.81712898521343
 20
3.412528812264293
 10
-61.8189
 20
-13.486400000000001
 10
-63.018899999999995
 20
-13.486400000000001
 10
-63.02067101478656
 20
3.4146711877357063
 10
-62.982566332877894
 20
3.89883707747399
 10
-62.868939713825036
 20
4.372126007691042
 10
-62.68267332639731
 20
4.821812846433303
 10
-62.42835366723588
 20
5.236824811305887
 10
-62.11224293038788
 20
5.606942930387886
 10
-61.742124811305885
 20
5.92305366723589
 10
-61.327112846433295
 20
6.177373326397309
 10
-60.877426007691035
 20
6.363639713825038
 10
-60.40413707747399
 20
6.477266332877902
 10
-59.91911551237047
 20
6.5136
 10
25.381100000000004
 20
6.5136
 97
0
 75
0
 76
1
 98
0
  0
LWPOLYLINE
  5
443
330
3FF
100
AcDbEntity
  8
G-r_bas
100
AcDbPolyline
 90
26
 70
1
 10
25.381100000000004
 20
5.313600000000001
 10
-59.91868448762952
 20
5.313600000000001
 10
-60.215835247727156
 20
5.288375370097787
 10
-60.50545896418369
 20
5.21884286765073
 10
-60.780639652264426
 20
5.10485929454453
 10
-61.03460145015647
 20
4.9492313046388485
 10
-61.261090975544846
 20
4.755790975544853
 10
-61.45453130463884
 20
4.5293014501564794
 10
-61.61015929454452
 20
4.275339652264432
 10
-61.72414286765073
 20
4.000158964183695
 10
-61.79367537009778
 20
3.7105352477271634
 10
-61.81712898521343
 20
3.412528812264293
 10
-61.8189
 20
-13.486400000000001
 10
-63.018899999999995
 20
-13.486400000000001
 10
-63.02067101478656
 20
3.4146711877357063
 10
-62.982566332877894
 20
3.89883707747399
 10
-62.868939713825036
 20
4.372126007691042
 10
-62.68267332639731
 20
4.821812846433303
 10
-62.42835366723588
 20
5.236824811305887
 10
-62.11224293038788
 20
5.606942930387886
 10
-61.742124811305885
 20
5.92305366723589
 10
-61.327112846433295
 20
6.177373326397309
 10
-60.877426007691035
 20
6.363639713825038
 10
-60.40413707747399
 20
6.477266332877902
 10
-59.91911551237047
 20
6.5136
 10
25.381100000000004
 20
6.5136
  0
HATCH
  5
444
330
3FF
100
AcDbEntity
  8
G-r_grout
 62
7
420
15395042
100
AcDbHatch
 10
0.0
 20
0.0
 30
0.0
210
0.0
220
0.0
230
1.0
  2
SOLID
 70
1
 71
0
 91
1
 92
3
 72
0
 73
1
 93
4
 10
-72.1189
 20
-12.0864
 10
-69.6189
 20
-12.0864
 10
-69.6189
 20
13.9136
 10
-72.1189
 20
13.9136
 97
0
 75
0
 76
1
 98
0
  0
LWPOLYLINE
  5
445
330
3FF
100
AcDbEntity
  8
G-r_grout
100
AcDbPolyline
 90
4
 70
1
 10
-72.1189
 20
-12.0864
 10
-69.6189
 20
-12.0864
 10
-69.6189
 20
13.9136
 10
-72.1189
 20
13.9136
  0
HATCH
  5
446
330
3FF
100
AcDbEntity
  8
G-r_eplate
 62
7
420
15068145
100
AcDbHatch
 10
0.0
 20
0.0
 30
0.0
210
0.0
220
0.0
230
1.0
  2
SOLID
 70
1
 71
0
 91
1
 92
3
 72
0
 73
1
 93
4
 10
-73.3189
 20
-12.0864
 10
-72.1189
 20
-12.0864
 10
-72.1189
 20
13.9136
 10
-73.3189
 20
13.9136
 97
0
 75
0
 76
1
 98
0
  0
LWPOLYLINE
  5
447
330
3FF
100
AcDbEntity
  8
G-r_eplate
100
AcDbPolyline
 90
4
 70
1
 10
-73.3189
 20
-12.0864
 10
-72.1189
 20
-12.0864
 10
-72.1189
 20
13.9136
 10
-73.3189
 20
13.9136
  0
HATCH
  5
448
330
3FF
100
AcDbEntity
  8
G-r_ipe
 62
7
420
15199730
100
AcDbHatch
 10
0.0
 20
0.0
 30
0.0
210
0.0
220
0.0
230
1.0
  2
SOLID
 70
1
 71
0
 91
1
 92
3
 72
0
 73
1
 93
4
 10
-106.3189
 20
-10.0864
 10
-73.3189
 20
-10.0864
 10
-73.3189
 20
13.9136
 10
-106.3189
 20
13.9136
 97
0
 75
0
 76
1
 98
0
  0
LWPOLYLINE
  5
449
330
3FF
100
AcDbEntity
  8
G-r_ipe
100
AcDbPolyline
 90
4
 70
1
 10
-106.3189
 20
-10.0864
 10
-73.3189
 20
-10.0864
 10
-73.3189
 20
13.9136
 10
-106.3189
 20
13.9136
  0
HATCH
  5
44A
330
3FF
100
AcDbEntity
  8
G-r_ipef
 62
7
420
10861005
100
AcDbHatch
 10
0.0
 20
0.0
 30
0.0
210
0.0
220
0.0
230
1.0
  2
SOLID
 70
1
 71
0
 91
1
 92
3
 72
0
 73
1
 93
4
 10
-106.3189
 20
12.9336
 10
-73.3189
 20
12.9336
 10
-73.3189
 20
13.9136
 10
-106.3189
 20
13.9136
 97
0
 75
0
 76
1
 98
0
  0
LWPOLYLINE
  5
44B
330
3FF
100
AcDbEntity
  8
G-r_ipef
100
AcDbPolyline
 90
4
 70
1
 10
-106.3189
 20
12.9336
 10
-73.3189
 20
12.9336
 10
-73.3189
 20
13.9136
 10
-106.3189
 20
13.9136
  0
HATCH
  5
44C
330
3FF
100
AcDbEntity
  8
G-r_ipef
 62
7
420
10861005
100
AcDbHatch
 10
0.0
 20
0.0
 30
0.0
210
0.0
220
0.0
230
1.0
  2
SOLID
 70
1
 71
0
 91
1
 92
3
 72
0
 73
1
 93
4
 10
-106.3189
 20
-10.0864
 10
-73.3189
 20
-10.0864
 10
-73.3189
 20
-9.106399999999999
 10
-106.3189
 20
-9.106399999999999
 97
0
 75
0
 76
1
 98
0
  0
LWPOLYLINE
  5
44D
330
3FF
100
AcDbEntity
  8
G-r_ipef
100
AcDbPolyline
 90
4
 70
1
 10
-106.3189
 20
-10.0864
 10
-73.3189
 20
-10.0864
 10
-73.3189
 20
-9.106399999999999
 10
-106.3189
 20
-9.106399999999999
  0
HATCH
  5
44E
330
3FF
100
AcDbEntity
  8
G-r_anc
 62
7
420
12597547
100
AcDbHatch
 10
0.0
 20
0.0
 30
0.0
210
0.0
220
0.0
230
1.0
  2
SOLID
 70
1
 71
0
 91
1
 92
3
 72
0
 73
1
 93
4
 10
-79.1189
 20
10.5136
 10
-35.1189
 20
10.5136
 10
-35.1189
 20
8.9136
 10
-79.1189
 20
8.9136
 97
0
 75
0
 76
1
 98
0
  0
LWPOLYLINE
  5
44F
330
3FF
100
AcDbEntity
  8
G-r_anc
100
AcDbPolyline
 90
4
 70
1
 10
-79.1189
 20
10.5136
 10
-35.1189
 20
10.5136
 10
-35.1189
 20
8.9136
 10
-79.1189
 20
8.9136
  0
HATCH
  5
450
330
3FF
100
AcDbEntity
  8
G-r_bp
 62
7
420
3428459
100
AcDbHatch
 10
0.0
 20
0.0
 30
0.0
210
0.0
220
0.0
230
1.0
  2
SOLID
 70
1
 71
0
 91
1
 92
3
 72
0
 73
1
 93
4
 10
-38.71889999999999
 20
7.2136000000000005
 10
-37.518899999999995
 20
7.2136000000000005
 10
-37.518899999999995
 20
12.2136
 10
-38.71889999999999
 20
12.2136
 97
0
 75
0
 76
1
 98
0
  0
LWPOLYLINE
  5
451
330
3FF
100
AcDbEntity
  8
G-r_bp
100
AcDbPolyline
 90
4
 70
1
 10
-38.71889999999999
 20
7.2136000000000005
 10
-37.518899999999995
 20
7.2136000000000005
 10
-37.518899999999995
 20
12.2136
 10
-38.71889999999999
 20
12.2136
  0
HATCH
  5
452
330
3FF
100
AcDbEntity
  8
G-r_nut
 62
7
420
8070172
100
AcDbHatch
 10
0.0
 20
0.0
 30
0.0
210
0.0
220
0.0
230
1.0
  2
SOLID
 70
1
 71
0
 91
1
 92
3
 72
0
 73
1
 93
4
 10
-37.518899999999995
 20
8.2136
 10
-37.2189
 20
8.2136
 10
-37.2189
 20
11.2136
 10
-37.518899999999995
 20
11.2136
 97
0
 75
0
 76
1
 98
0
  0
LWPOLYLINE
  5
453
330
3FF
100
AcDbEntity
  8
G-r_nut
100
AcDbPolyline
 90
4
 70
1
 10
-37.518899999999995
 20
8.2136
 10
-37.2189
 20
8.2136
 10
-37.2189
 20
11.2136
 10
-37.518899999999995
 20
11.2136
  0
HATCH
  5
454
330
3FF
100
AcDbEntity
  8
G-r_nut
 62
7
420
8070172
100
AcDbHatch
 10
0.0
 20
0.0
 30
0.0
210
0.0
220
0.0
230
1.0
  2
SOLID
 70
1
 71
0
 91
1
 92
3
 72
0
 73
1
 93
4
 10
-37.2189
 20
8.5136
 10
-35.6189
 20
8.5136
 10
-35.6189
 20
10.9136
 10
-37.2189
 20
10.9136
 97
0
 75
0
 76
1
 98
0
  0
LWPOLYLINE
  5
455
330
3FF
100
AcDbEntity
  8
G-r_nut
100
AcDbPolyline
 90
4
 70
1
 10
-37.2189
 20
8.5136
 10
-35.6189
 20
8.5136
 10
-35.6189
 20
10.9136
 10
-37.2189
 20
10.9136
  0
HATCH
  5
456
330
3FF
100
AcDbEntity
  8
G-r_ancg
 62
7
420
16047065
100
AcDbHatch
 10
0.0
 20
0.0
 30
0.0
210
0.0
220
0.0
230
1.0
  2
SOLID
 70
1
 71
0
 91
1
 92
3
 72
0
 73
1
 93
4
 10
-72.1189
 20
8.2136
 10
-71.8189
 20
8.2136
 10
-71.8189
 20
11.2136
 10
-72.1189
 20
11.2136
 97
0
 75
0
 76
1
 98
0
  0
LWPOLYLINE
  5
457
330
3FF
100
AcDbEntity
  8
G-r_ancg
100
AcDbPolyline
 90
4
 70
1
 10
-72.1189
 20
8.2136
 10
-71.8189
 20
8.2136
 10
-71.8189
 20
11.2136
 10
-72.1189
 20
11.2136
  0
HATCH
  5
458
330
3FF
100
AcDbEntity
  8
G-r_ancg
 62
7
420
16047065
100
AcDbHatch
 10
0.0
 20
0.0
 30
0.0
210
0.0
220
0.0
230
1.0
  2
SOLID
 70
1
 71
0
 91
1
 92
3
 72
0
 73
1
 93
4
 10
-71.8189
 20
8.5136
 10
-70.21889999999999
 20
8.5136
 10
-70.21889999999999
 20
10.9136
 10
-71.8189
 20
10.9136
 97
0
 75
0
 76
1
 98
0
  0
LWPOLYLINE
  5
459
330
3FF
100
AcDbEntity
  8
G-r_ancg
100
AcDbPolyline
 90
4
 70
1
 10
-71.8189
 20
8.5136
 10
-70.21889999999999
 20
8.5136
 10
-70.21889999999999
 20
10.9136
 10
-71.8189
 20
10.9136
  0
HATCH
  5
45A
330
3FF
100
AcDbEntity
  8
G-r_ancg
 62
7
420
16047065
100
AcDbHatch
 10
0.0
 20
0.0
 30
0.0
210
0.0
220
0.0
230
1.0
  2
SOLID
 70
1
 71
0
 91
1
 92
3
 72
0
 73
1
 93
4
 10
-73.6189
 20
8.2136
 10
-73.3189
 20
8.2136
 10
-73.3189
 20
11.2136
 10
-73.6189
 20
11.2136
 97
0
 75
0
 76
1
 98
0
  0
LWPOLYLINE
  5
45B
330
3FF
100
AcDbEntity
  8
G-r_ancg
100
AcDbPolyline
 90
4
 70
1
 10
-73.6189
 20
8.2136
 10
-73.3189
 20
8.2136
 10
-73.3189
 20
11.2136
 10
-73.6189
 20
11.2136
  0
HATCH
  5
45C
330
3FF
100
AcDbEntity
  8
G-r_ancg
 62
7
420
16047065
100
AcDbHatch
 10
0.0
 20
0.0
 30
0.0
210
0.0
220
0.0
230
1.0
  2
SOLID
 70
1
 71
0
 91
1
 92
3
 72
0
 73
1
 93
4
 10
-75.21889999999999
 20
8.5136
 10
-73.6189
 20
8.5136
 10
-73.6189
 20
10.9136
 10
-75.21889999999999
 20
10.9136
 97
0
 75
0
 76
1
 98
0
  0
LWPOLYLINE
  5
45D
330
3FF
100
AcDbEntity
  8
G-r_ancg
100
AcDbPolyline
 90
4
 70
1
 10
-75.21889999999999
 20
8.5136
 10
-73.6189
 20
8.5136
 10
-73.6189
 20
10.9136
 10
-75.21889999999999
 20
10.9136
  0
HATCH
  5
45E
330
3FF
100
AcDbEntity
  8
G-r_anc
 62
7
420
12597547
100
AcDbHatch
 10
0.0
 20
0.0
 30
0.0
210
0.0
220
0.0
230
1.0
  2
SOLID
 70
1
 71
0
 91
1
 92
3
 72
0
 73
1
 93
4
 10
-79.1189
 20
-5.086399999999999
 10
-35.1189
 20
-5.086399999999999
 10
-35.1189
 20
-6.686400000000001
 10
-79.1189
 20
-6.686400000000001
 97
0
 75
0
 76
1
 98
0
  0
LWPOLYLINE
  5
45F
330
3FF
100
AcDbEntity
  8
G-r_anc
100
AcDbPolyline
 90
4
 70
1
 10
-79.1189
 20
-5.086399999999999
 10
-35.1189
 20
-5.086399999999999
 10
-35.1189
 20
-6.686400000000001
 10
-79.1189
 20
-6.686400000000001
  0
HATCH
  5
460
330
3FF
100
AcDbEntity
  8
G-r_bp
 62
7
420
3428459
100
AcDbHatch
 10
0.0
 20
0.0
 30
0.0
210
0.0
220
0.0
230
1.0
  2
SOLID
 70
1
 71
0
 91
1
 92
3
 72
0
 73
1
 93
4
 10
-38.71889999999999
 20
-8.3864
 10
-37.518899999999995
 20
-8.3864
 10
-37.518899999999995
 20
-3.3864
 10
-38.71889999999999
 20
-3.3864
 97
0
 75
0
 76
1
 98
0
  0
LWPOLYLINE
  5
461
330
3FF
100
AcDbEntity
  8
G-r_bp
100
AcDbPolyline
 90
4
 70
1
 10
-38.71889999999999
 20
-8.3864
 10
-37.518899999999995
 20
-8.3864
 10
-37.518899999999995
 20
-3.3864
 10
-38.71889999999999
 20
-3.3864
  0
HATCH
  5
462
330
3FF
100
AcDbEntity
  8
G-r_nut
 62
7
420
8070172
100
AcDbHatch
 10
0.0
 20
0.0
 30
0.0
210
0.0
220
0.0
230
1.0
  2
SOLID
 70
1
 71
0
 91
1
 92
3
 72
0
 73
1
 93
4
 10
-37.518899999999995
 20
-7.3864
 10
-37.2189
 20
-7.3864
 10
-37.2189
 20
-4.3864
 10
-37.518899999999995
 20
-4.3864
 97
0
 75
0
 76
1
 98
0
  0
LWPOLYLINE
  5
463
330
3FF
100
AcDbEntity
  8
G-r_nut
100
AcDbPolyline
 90
4
 70
1
 10
-37.518899999999995
 20
-7.3864
 10
-37.2189
 20
-7.3864
 10
-37.2189
 20
-4.3864
 10
-37.518899999999995
 20
-4.3864
  0
HATCH
  5
464
330
3FF
100
AcDbEntity
  8
G-r_nut
 62
7
420
8070172
100
AcDbHatch
 10
0.0
 20
0.0
 30
0.0
210
0.0
220
0.0
230
1.0
  2
SOLID
 70
1
 71
0
 91
1
 92
3
 72
0
 73
1
 93
4
 10
-37.2189
 20
-7.086399999999999
 10
-35.6189
 20
-7.086399999999999
 10
-35.6189
 20
-4.686400000000001
 10
-37.2189
 20
-4.686400000000001
 97
0
 75
0
 76
1
 98
0
  0
LWPOLYLINE
  5
465
330
3FF
100
AcDbEntity
  8
G-r_nut
100
AcDbPolyline
 90
4
 70
1
 10
-37.2189
 20
-7.086399999999999
 10
-35.6189
 20
-7.086399999999999
 10
-35.6189
 20
-4.686400000000001
 10
-37.2189
 20
-4.686400000000001
  0
HATCH
  5
466
330
3FF
100
AcDbEntity
  8
G-r_ancg
 62
7
420
16047065
100
AcDbHatch
 10
0.0
 20
0.0
 30
0.0
210
0.0
220
0.0
230
1.0
  2
SOLID
 70
1
 71
0
 91
1
 92
3
 72
0
 73
1
 93
4
 10
-72.1189
 20
-7.3864
 10
-71.8189
 20
-7.3864
 10
-71.8189
 20
-4.3864
 10
-72.1189
 20
-4.3864
 97
0
 75
0
 76
1
 98
0
  0
LWPOLYLINE
  5
467
330
3FF
100
AcDbEntity
  8
G-r_ancg
100
AcDbPolyline
 90
4
 70
1
 10
-72.1189
 20
-7.3864
 10
-71.8189
 20
-7.3864
 10
-71.8189
 20
-4.3864
 10
-72.1189
 20
-4.3864
  0
HATCH
  5
468
330
3FF
100
AcDbEntity
  8
G-r_ancg
 62
7
420
16047065
100
AcDbHatch
 10
0.0
 20
0.0
 30
0.0
210
0.0
220
0.0
230
1.0
  2
SOLID
 70
1
 71
0
 91
1
 92
3
 72
0
 73
1
 93
4
 10
-71.8189
 20
-7.086399999999999
 10
-70.21889999999999
 20
-7.086399999999999
 10
-70.21889999999999
 20
-4.686400000000001
 10
-71.8189
 20
-4.686400000000001
 97
0
 75
0
 76
1
 98
0
  0
LWPOLYLINE
  5
469
330
3FF
100
AcDbEntity
  8
G-r_ancg
100
AcDbPolyline
 90
4
 70
1
 10
-71.8189
 20
-7.086399999999999
 10
-70.21889999999999
 20
-7.086399999999999
 10
-70.21889999999999
 20
-4.686400000000001
 10
-71.8189
 20
-4.686400000000001
  0
HATCH
  5
46A
330
3FF
100
AcDbEntity
  8
G-r_ancg
 62
7
420
16047065
100
AcDbHatch
 10
0.0
 20
0.0
 30
0.0
210
0.0
220
0.0
230
1.0
  2
SOLID
 70
1
 71
0
 91
1
 92
3
 72
0
 73
1
 93
4
 10
-73.6189
 20
-7.3864
 10
-73.3189
 20
-7.3864
 10
-73.3189
 20
-4.3864
 10
-73.6189
 20
-4.3864
 97
0
 75
0
 76
1
 98
0
  0
LWPOLYLINE
  5
46B
330
3FF
100
AcDbEntity
  8
G-r_ancg
100
AcDbPolyline
 90
4
 70
1
 10
-73.6189
 20
-7.3864
 10
-73.3189
 20
-7.3864
 10
-73.3189
 20
-4.3864
 10
-73.6189
 20
-4.3864
  0
HATCH
  5
46C
330
3FF
100
AcDbEntity
  8
G-r_ancg
 62
7
420
16047065
100
AcDbHatch
 10
0.0
 20
0.0
 30
0.0
210
0.0
220
0.0
230
1.0
  2
SOLID
 70
1
 71
0
 91
1
 92
3
 72
0
 73
1
 93
4
 10
-75.21889999999999
 20
-7.086399999999999
 10
-73.6189
 20
-7.086399999999999
 10
-73.6189
 20
-4.686400000000001
 10
-75.21889999999999
 20
-4.686400000000001
 97
0
 75
0
 76
1
 98
0
  0
LWPOLYLINE
  5
46D
330
3FF
100
AcDbEntity
  8
G-r_ancg
100
AcDbPolyline
 90
4
 70
1
 10
-75.21889999999999
 20
-7.086399999999999
 10
-73.6189
 20
-7.086399999999999
 10
-73.6189
 20
-4.686400000000001
 10
-75.21889999999999
 20
-4.686400000000001
  0
LINE
  5
46E
330
3FF
100
AcDbEntity
  8
G-grid
100
AcDbLine
 10
33.3811
 20
36.2136
 30
0.0
 11
-35.6189
 21
18.1136
 31
0.0
  0
TEXT
  5
46F
330
3FF
100
AcDbEntity
  8
T-new
 62
119
420
1333810
100
AcDbText
 10
34.3811
 20
35.4136
 30
0.0
 40
2.286
  1
2 estribos Ø14 juntos, en la cabeza de la columna
  7
NEGRITA
 41
0.885
 11
34.3811
 21
35.4136
 31
0.0
100
AcDbText
  0
LINE
  5
470
330
3FF
100
AcDbEntity
  8
G-grid
100
AcDbLine
 10
33.3811
 20
28.2136
 30
0.0
 11
-9.618899999999996
 21
8.313600000000001
 31
0.0
  0
TEXT
  5
471
330
3FF
100
AcDbEntity
  8
T-bsm
 62
156
420
929604
100
AcDbText
 10
34.3811
 20
27.413600000000002
 30
0.0
 40
2.286
  1
VCM: 5Ø12 arriba (2 líneas), gancho contra los estribos
  7
NEGRITA
 41
0.885
 11
34.3811
 21
27.413600000000002
 31
0.0
100
AcDbText
  0
LINE
  5
472
330
3FF
100
AcDbEntity
  8
G-grid
100
AcDbLine
 10
33.3811
 20
22.2136
 30
0.0
 11
0.38110000000000355
 21
5.913600000000001
 31
0.0
  0
TEXT
  5
473
330
3FF
100
AcDbEntity
  8
T-hk
 62
44
420
8017152
100
AcDbText
 10
34.3811
 20
21.413600000000002
 30
0.0
 40
2.286
  1
bastón Ø12: recto 1220 + pata 200
  7
NEGRITA
 41
0.885
 11
34.3811
 21
21.413600000000002
 31
0.0
100
AcDbText
  0
LINE
  5
474
330
3FF
100
AcDbEntity
  8
G-grid
100
AcDbLine
 10
33.3811
 20
15.213600000000001
 30
0.0
 11
-35.6189
 21
-1.5863999999999994
 31
0.0
  0
TEXT
  5
475
330
3FF
100
AcDbEntity
  8
T-tie
 62
195
420
5975151
100
AcDbText
 10
34.3811
 20
14.4136
 30
0.0
 40
2.286
  1
estribos Ø10 del nudo cada 75 aprox. (110, 155, 230, 305);
  7
NEGRITA
 41
0.885
 11
34.3811
 21
14.4136
 31
0.0
100
AcDbText
  0
TEXT
  5
476
330
3FF
100
AcDbEntity
  8
T-tie
 62
195
420
5975151
100
AcDbText
 10
34.3811
 20
10.44485
 30
0.0
 40
2.286
  1
se pueden mover ± 20 para acomodar las barras longitudinales
  7
NEGRITA
 41
0.885
 11
34.3811
 21
10.44485
 31
0.0
100
AcDbText
  0
LINE
  5
477
330
3FF
100
AcDbEntity
  8
G-grid
100
AcDbLine
 10
33.3811
 20
7.2136000000000005
 30
0.0
 11
-39.6189
 21
-11.0864
 31
0.0
  0
TEXT
  5
478
330
3FF
100
AcDbEntity
  8
T-bsm
 62
156
420
929604
100
AcDbText
 10
34.3811
 20
6.413600000000001
 30
0.0
 40
2.286
  1
anclas Ø12 de la columna metálica, a 200 entre sí
  7
NEGRITA
 41
0.885
 11
34.3811
 21
6.413600000000001
 31
0.0
100
AcDbText
  0
LINE
  5
479
330
3FF
100
AcDbEntity
  8
G-grid
100
AcDbLine
 10
33.3811
 20
2.2135999999999996
 30
0.0
 11
-49.6189
 21
-14.286400000000002
 31
0.0
  0
TEXT
  5
47A
330
3FF
100
AcDbEntity
  8
T-bsm
 62
156
420
929604
100
AcDbText
 10
34.3811
 20
1.4136000000000006
 30
0.0
 40
2.286
  1
VCS: 3Ø12 + 3Ø12 (cruza)
  7
NEGRITA
 41
0.885
 11
34.3811
 21
1.4136000000000006
 31
0.0
100
AcDbText
  0
LINE
  5
47B
330
3FF
100
AcDbEntity
  8
G-grid
100
AcDbLine
 10
33.3811
 20
-2.7863999999999987
 30
0.0
 11
-9.618899999999996
 21
-15.486400000000001
 31
0.0
  0
TEXT
  5
47C
330
3FF
100
AcDbEntity
  8
T-bsm
 62
156
420
929604
100
AcDbText
 10
34.3811
 20
-3.5863999999999994
 30
0.0
 40
2.286
  1
VCM: 5Ø12 abajo (2 líneas)
  7
NEGRITA
 41
0.885
 11
34.3811
 21
-3.5863999999999994
 31
0.0
100
AcDbText
  0
TEXT
  5
47D
330
3FF
100
AcDbEntity
  8
T-anc
 62
22
420
11088422
100
AcDbText
 10
-110.3189
 20
1.9136000000000006
 30
0.0
 40
2.286
  1
A1
  7
NEGRITA
 41
0.885
 72
2
 11
-110.3189
 21
1.9136000000000006
 31
0.0
100
AcDbText
  0
LINE
  5
47E
330
3FF
100
AcDbEntity
  8
G-lead
100
AcDbLine
 10
-109.3189
 20
2.9136000000000006
 30
0.0
 11
-78.1189
 21
9.7136
 31
0.0
  0
LINE
  5
47F
330
3FF
100
AcDbEntity
  8
G-lead
100
AcDbLine
 10
-109.3189
 20
2.9136000000000006
 30
0.0
 11
-78.1189
 21
-5.8864
 31
0.0
  0
TEXT
  5
480
330
3FF
100
AcDbEntity
  8
T-anc
 62
22
420
11088422
100
AcDbText
 10
-17.618899999999996
 20
-3.5863999999999994
 30
0.0
 40
2.286
  1
P1
  7
NEGRITA
 41
0.885
 11
-17.618899999999996
 21
-3.5863999999999994
 31
0.0
100
AcDbText
  0
LINE
  5
481
330
3FF
100
AcDbEntity
  8
G-lead
100
AcDbLine
 10
-18.618899999999996
 20
-2.5863999999999994
 30
0.0
 11
-37.518899999999995
 21
9.7136
 31
0.0
  0
LINE
  5
482
330
3FF
100
AcDbEntity
  8
G-lead
100
AcDbLine
 10
-18.618899999999996
 20
-2.5863999999999994
 30
0.0
 11
-37.518899999999995
 21
-5.8864
 31
0.0
  0
TEXT
  5
483
330
3FF
100
AcDbEntity
  8
T-small
 62
47
420
4473924
100
AcDbText
 10
-89.8189
 20
1.9136000000000006
 30
0.0
 40
2.286
  1
IPE 240 (después)
  7
ESTANDAR
 41
0.885
 72
1
 11
-89.8189
 21
1.9136000000000006
 31
0.0
100
AcDbText
  0
TEXT
  5
484
330
3FF
100
AcDbEntity
  8
T-small
 62
47
420
4473924
100
AcDbText
 10
-74.1189
 20
-16.586399999999998
 30
0.0
 40
2.286
  1
P2 + grout 25 (después)
  7
ESTANDAR
 41
0.885
 72
2
 11
-74.1189
 21
-16.586399999999998
 31
0.0
100
AcDbText
  0
TEXT
  5
485
330
3FF
100
AcDbEntity
  8
T-code
 62
19
420
1118481
100
AcDbText
 10
-74.1189
 20
-22.086399999999998
 30
0.0
 40
2.286
  1
Colocar los ganchos de las Ø12
  7
NEGRITA
 41
0.885
 72
2
 11
-74.1189
 21
-22.086399999999998
 31
0.0
100
AcDbText
  0
TEXT
  5
486
330
3FF
100
AcDbEntity
  8
T-code
 62
19
420
1118481
100
AcDbText
 10
-74.1189
 20
-26.055149999999998
 30
0.0
 40
2.286
  1
contra los estribos
  7
NEGRITA
 41
0.885
 72
2
 11
-74.1189
 21
-26.055149999999998
 31
0.0
100
AcDbText
  0
TEXT
  5
487
330
3FF
100
AcDbEntity
  8
T-label
 62
49
420
2236962
100
AcDbText
 10
-49.6189
 20
27.413600000000002
 30
0.0
 40
2.286
  1
columna 40x40
  7
ESTANDAR
 41
0.885
 72
1
 11
-49.6189
 21
27.413600000000002
 31
0.0
100
AcDbText
  0
TEXT
  5
488
330
3FF
100
AcDbEntity
  8
T-label
 62
49
420
2236962
100
AcDbText
 10
0.38110000000000355
 20
16.413600000000002
 30
0.0
 40
2.286
  1
VCM
  7
ESTANDAR
 41
0.885
 72
1
 11
0.38110000000000355
 21
16.413600000000002
 31
0.0
100
AcDbText
  0
TEXT
  5
489
330
3FF
100
AcDbEntity
  8
T-small
 62
47
420
4473924
100
AcDbText
 10
-49.6189
 20
-25.086399999999998
 30
0.0
 40
2.286
  1
junta fría
  7
ESTANDAR
 41
0.885
 72
1
 11
-49.6189
 21
-25.086399999999998
 31
0.0
100
AcDbText
  0
DIMENSION
  5
48A
330
3FF
100
AcDbEntity
  8
COTAS
100
AcDbDimension
280
0
  2
*D23
  3
COTAS_PAPEL
 10
-112.3189
 20
13.9136
 30
0.0
 11
-110.8045
 21
11.813600000000001
 31
0.0
 70
32
 71
5
  1
42
100
AcDbAlignedDimension
 13
-106.3189
 23
13.9136
 33
0.0
 14
-106.3189
 24
9.7136
 34
0.0
 50
-90.0
100
AcDbRotatedDimension
  0
DIMENSION
  5
48B
330
3FF
100
AcDbEntity
  8
COTAS
100
AcDbDimension
280
0
  2
*D24
  3
COTAS_PAPEL
 10
-112.3189
 20
9.7136
 30
0.0
 11
-110.8045
 21
1.9135999999999997
 31
0.0
 70
32
 71
5
  1
156
100
AcDbAlignedDimension
 13
-106.3189
 23
9.7136
 33
0.0
 14
-106.3189
 24
-5.8864
 34
0.0
 50
-90.0
100
AcDbRotatedDimension
  0
DIMENSION
  5
48C
330
3FF
100
AcDbEntity
  8
COTAS
100
AcDbDimension
280
0
  2
*D25
  3
COTAS_PAPEL
 10
-112.3189
 20
-5.8864
 30
0.0
 11
-110.8045
 21
-8.9864
 31
0.0
 70
32
 71
5
  1
62
100
AcDbAlignedDimension
 13
-106.3189
 23
-5.8864
 33
0.0
 14
-106.3189
 24
-12.0864
 34
0.0
 50
-90.0
100
AcDbRotatedDimension
  0
DIMENSION
  5
48D
330
3FF
100
AcDbEntity
  8
COTAS
100
AcDbDimension
280
0
  2
*D26
  3
COTAS_PAPEL
 10
-72.1189
 20
31.413600000000002
 30
0.0
 11
-70.8689
 21
33.80994444444445
 31
0.0
 70
32
 71
5
  1
25
100
AcDbAlignedDimension
 13
-72.1189
 23
31.413600000000002
 33
0.0
 14
-69.6189
 24
31.413600000000002
 34
0.0
 50
0.0
100
AcDbRotatedDimension
  0
DIMENSION
  5
48E
330
3FF
100
AcDbEntity
  8
COTAS
100
AcDbDimension
280
0
  2
*D27
  3
COTAS_PAPEL
 10
-69.6189
 20
31.413600000000002
 30
0.0
 11
-54.168899999999994
 21
32.928000000000004
 31
0.0
 70
32
 71
5
  1
309
100
AcDbAlignedDimension
 13
-69.6189
 23
31.413600000000002
 33
0.0
 14
-38.71889999999999
 24
31.413600000000002
 34
0.0
 50
0.0
100
AcDbRotatedDimension
  0
DIMENSION
  5
48F
330
3FF
100
AcDbEntity
  8
COTAS
100
AcDbDimension
280
0
  2
*D28
  3
COTAS_PAPEL
 10
-38.71889999999999
 20
31.413600000000002
 30
0.0
 11
-34.168899999999994
 21
32.928000000000004
 31
0.0
 70
32
 71
5
  1
91
100
AcDbAlignedDimension
 13
-38.71889999999999
 23
31.413600000000002
 33
0.0
 14
-29.618899999999996
 24
31.413600000000002
 34
0.0
 50
0.0
100
AcDbRotatedDimension
  0
DIMENSION
  5
490
330
3FF
100
AcDbEntity
  8
COTAS
100
AcDbDimension
280
0
  2
*D29
  3
COTAS_PAPEL
 10
-74.1189
 20
13.9136
 30
0.0
 11
-75.63329999999999
 21
19.163600000000002
 31
0.0
 70
32
 71
5
  1
105
100
AcDbAlignedDimension
 13
-69.6189
 23
13.9136
 33
0.0
 14
-69.6189
 24
24.413600000000002
 34
0.0
 50
90.0
100
AcDbRotatedDimension
  0
DIMENSION
  5
491
330
3FF
100
AcDbEntity
  8
COTAS
100
AcDbDimension
280
0
  2
*D30
  3
COTAS_PAPEL
 10
-25.618899999999996
 20
18.1136
 30
0.0
 11
-27.133299999999995
 21
21.263600000000004
 31
0.0
 70
32
 71
5
  1
63
100
AcDbAlignedDimension
 13
-29.618899999999996
 23
18.1136
 33
0.0
 14
-29.618899999999996
 24
24.413600000000002
 34
0.0
 50
90.0
100
AcDbRotatedDimension
  0
ENDBLK
  5
401
330
3FF
100
AcDbEntity
  8
0
100
AcDbBlockEnd
  0
BLOCK
  5
493
330
492
100
AcDbEntity
  8
0
100
AcDbBlockBegin
  2
*D23
 70
1
 10
0.0
 20
0.0
 30
0.0
  3
*D23
  1

  0
LINE
  5
495
330
492
100
AcDbEntity
  8
0
 62
8
370
13
100
AcDbLine
 10
-106.84806666666667
 20
13.9136
 30
0.0
 11
-113.20084444444444
 21
13.9136
 31
0.0
  0
LINE
  5
496
330
492
100
AcDbEntity
  8
0
 62
8
370
13
100
AcDbLine
 10
-106.84806666666667
 20
9.7136
 30
0.0
 11
-113.20084444444444
 21
9.7136
 31
0.0
  0
INSERT
  5
497
330
492
100
AcDbEntity
  8
COTAS
 62
8
100
AcDbBlockReference
  2
_OBLIQUE
 10
-112.3189
 20
13.9136
 30
0.0
 41
2.188633333333333
 42
2.188633333333333
 50
-90.0
  0
INSERT
  5
499
330
492
100
AcDbEntity
  8
COTAS
 62
8
100
AcDbBlockReference
  2
_OBLIQUE
 10
-112.3189
 20
9.7136
 30
0.0
 41
2.188633333333333
 42
2.188633333333333
 50
-90.0
  0
LINE
  5
49B
330
492
100
AcDbEntity
  8
0
 62
8
370
15
100
AcDbLine
 10
-112.3189
 20
13.9136
 30
0.0
 11
-112.3189
 21
9.7136
 31
0.0
  0
MTEXT
  5
49C
330
492
100
AcDbEntity
  8
COTAS
 62
250
100
AcDbMText
 10
-110.8045
 20
11.813600000000001
 30
0.0
 40
1.8288
 71
5
  1
42
  7
ESTANDAR
 50
-90.0
  0
POINT
  5
49D
330
492
100
AcDbEntity
  8
Defpoints
100
AcDbPoint
 10
-112.3189
 20
13.9136
 30
0.0
  0
POINT
  5
49E
330
492
100
AcDbEntity
  8
Defpoints
100
AcDbPoint
 10
-106.3189
 20
13.9136
 30
0.0
  0
POINT
  5
49F
330
492
100
AcDbEntity
  8
Defpoints
100
AcDbPoint
 10
-106.3189
 20
9.7136
 30
0.0
  0
ENDBLK
  5
494
330
492
100
AcDbEntity
  8
0
100
AcDbBlockEnd
  0
BLOCK
  5
4A1
330
4A0
100
AcDbEntity
  8
0
100
AcDbBlockBegin
  2
*D24
 70
1
 10
0.0
 20
0.0
 30
0.0
  3
*D24
  1

  0
LINE
  5
4A3
330
4A0
100
AcDbEntity
  8
0
 62
8
370
13
100
AcDbLine
 10
-106.84806666666667
 20
9.7136
 30
0.0
 11
-113.20084444444444
 21
9.7136
 31
0.0
  0
LINE
  5
4A4
330
4A0
100
AcDbEntity
  8
0
 62
8
370
13
100
AcDbLine
 10
-106.84806666666667
 20
-5.8864
 30
0.0
 11
-113.20084444444444
 21
-5.8864
 31
0.0
  0
INSERT
  5
4A5
330
4A0
100
AcDbEntity
  8
COTAS
 62
8
100
AcDbBlockReference
  2
_OBLIQUE
 10
-112.3189
 20
9.7136
 30
0.0
 41
2.188633333333333
 42
2.188633333333333
 50
-90.0
  0
INSERT
  5
4A7
330
4A0
100
AcDbEntity
  8
COTAS
 62
8
100
AcDbBlockReference
  2
_OBLIQUE
 10
-112.3189
 20
-5.8864
 30
0.0
 41
2.188633333333333
 42
2.188633333333333
 50
-90.0
  0
LINE
  5
4A9
330
4A0
100
AcDbEntity
  8
0
 62
8
370
15
100
AcDbLine
 10
-112.3189
 20
9.7136
 30
0.0
 11
-112.3189
 21
-5.8864
 31
0.0
  0
MTEXT
  5
4AA
330
4A0
100
AcDbEntity
  8
COTAS
 62
250
100
AcDbMText
 10
-110.8045
 20
1.9135999999999997
 30
0.0
 40
1.8288
 71
5
  1
156
  7
ESTANDAR
 50
-90.0
  0
POINT
  5
4AB
330
4A0
100
AcDbEntity
  8
Defpoints
100
AcDbPoint
 10
-112.3189
 20
9.7136
 30
0.0
  0
POINT
  5
4AC
330
4A0
100
AcDbEntity
  8
Defpoints
100
AcDbPoint
 10
-106.3189
 20
9.7136
 30
0.0
  0
POINT
  5
4AD
330
4A0
100
AcDbEntity
  8
Defpoints
100
AcDbPoint
 10
-106.3189
 20
-5.8864
 30
0.0
  0
ENDBLK
  5
4A2
330
4A0
100
AcDbEntity
  8
0
100
AcDbBlockEnd
  0
BLOCK
  5
4AF
330
4AE
100
AcDbEntity
  8
0
100
AcDbBlockBegin
  2
*D25
 70
1
 10
0.0
 20
0.0
 30
0.0
  3
*D25
  1

  0
LINE
  5
4B1
330
4AE
100
AcDbEntity
  8
0
 62
8
370
13
100
AcDbLine
 10
-106.84806666666667
 20
-5.8864
 30
0.0
 11
-113.20084444444444
 21
-5.8864
 31
0.0
  0
LINE
  5
4B2
330
4AE
100
AcDbEntity
  8
0
 62
8
370
13
100
AcDbLine
 10
-106.84806666666667
 20
-12.0864
 30
0.0
 11
-113.20084444444444
 21
-12.0864
 31
0.0
  0
INSERT
  5
4B3
330
4AE
100
AcDbEntity
  8
COTAS
 62
8
100
AcDbBlockReference
  2
_OBLIQUE
 10
-112.3189
 20
-5.8864
 30
0.0
 41
2.188633333333333
 42
2.188633333333333
 50
-90.0
  0
INSERT
  5
4B5
330
4AE
100
AcDbEntity
  8
COTAS
 62
8
100
AcDbBlockReference
  2
_OBLIQUE
 10
-112.3189
 20
-12.0864
 30
0.0
 41
2.188633333333333
 42
2.188633333333333
 50
-90.0
  0
LINE
  5
4B7
330
4AE
100
AcDbEntity
  8
0
 62
8
370
15
100
AcDbLine
 10
-112.3189
 20
-5.8864
 30
0.0
 11
-112.3189
 21
-12.0864
 31
0.0
  0
MTEXT
  5
4B8
330
4AE
100
AcDbEntity
  8
COTAS
 62
250
100
AcDbMText
 10
-110.8045
 20
-8.9864
 30
0.0
 40
1.8288
 71
5
  1
62
  7
ESTANDAR
 50
-90.0
  0
POINT
  5
4B9
330
4AE
100
AcDbEntity
  8
Defpoints
100
AcDbPoint
 10
-112.3189
 20
-5.8864
 30
0.0
  0
POINT
  5
4BA
330
4AE
100
AcDbEntity
  8
Defpoints
100
AcDbPoint
 10
-106.3189
 20
-5.8864
 30
0.0
  0
POINT
  5
4BB
330
4AE
100
AcDbEntity
  8
Defpoints
100
AcDbPoint
 10
-106.3189
 20
-12.0864
 30
0.0
  0
ENDBLK
  5
4B0
330
4AE
100
AcDbEntity
  8
0
100
AcDbBlockEnd
  0
BLOCK
  5
4BD
330
4BC
100
AcDbEntity
  8
0
100
AcDbBlockBegin
  2
*D26
 70
1
 10
0.0
 20
0.0
 30
0.0
  3
*D26
  1

  0
LINE
  5
4BF
330
4BC
100
AcDbEntity
  8
0
 62
8
370
13
100
AcDbLine
 10
-72.1189
 20
31.942766666666667
 30
0.0
 11
-72.1189
 21
32.295544444444445
 31
0.0
  0
LINE
  5
4C0
330
4BC
100
AcDbEntity
  8
0
 62
8
370
13
100
AcDbLine
 10
-69.6189
 20
31.942766666666667
 30
0.0
 11
-69.6189
 21
32.295544444444445
 31
0.0
  0
INSERT
  5
4C1
330
4BC
100
AcDbEntity
  8
COTAS
 62
8
100
AcDbBlockReference
  2
_OBLIQUE
 10
-72.1189
 20
31.413600000000002
 30
0.0
 41
2.188633333333333
 42
2.188633333333333
  0
INSERT
  5
4C3
330
4BC
100
AcDbEntity
  8
COTAS
 62
8
100
AcDbBlockReference
  2
_OBLIQUE
 10
-69.6189
 20
31.413600000000002
 30
0.0
 41
2.188633333333333
 42
2.188633333333333
  0
LINE
  5
4C5
330
4BC
100
AcDbEntity
  8
0
 62
8
370
15
100
AcDbLine
 10
-72.1189
 20
31.413600000000002
 30
0.0
 11
-69.6189
 21
31.413600000000002
 31
0.0
  0
MTEXT
  5
4C6
330
4BC
100
AcDbEntity
  8
COTAS
 62
250
100
AcDbMText
 10
-70.8689
 20
33.80994444444445
 30
0.0
 40
1.8288
 71
5
  1
25
  7
ESTANDAR
  0
POINT
  5
4C7
330
4BC
100
AcDbEntity
  8
Defpoints
100
AcDbPoint
 10
-72.1189
 20
31.413600000000002
 30
0.0
  0
POINT
  5
4C8
330
4BC
100
AcDbEntity
  8
Defpoints
100
AcDbPoint
 10
-72.1189
 20
31.413600000000002
 30
0.0
  0
POINT
  5
4C9
330
4BC
100
AcDbEntity
  8
Defpoints
100
AcDbPoint
 10
-69.6189
 20
31.413600000000002
 30
0.0
  0
ENDBLK
  5
4BE
330
4BC
100
AcDbEntity
  8
0
100
AcDbBlockEnd
  0
BLOCK
  5
4CB
330
4CA
100
AcDbEntity
  8
0
100
AcDbBlockBegin
  2
*D27
 70
1
 10
0.0
 20
0.0
 30
0.0
  3
*D27
  1

  0
LINE
  5
4CD
330
4CA
100
AcDbEntity
  8
0
 62
8
370
13
100
AcDbLine
 10
-69.6189
 20
31.942766666666667
 30
0.0
 11
-69.6189
 21
32.295544444444445
 31
0.0
  0
LINE
  5
4CE
330
4CA
100
AcDbEntity
  8
0
 62
8
370
13
100
AcDbLine
 10
-38.71889999999999
 20
31.942766666666667
 30
0.0
 11
-38.71889999999999
 21
32.295544444444445
 31
0.0
  0
INSERT
  5
4CF
330
4CA
100
AcDbEntity
  8
COTAS
 62
8
100
AcDbBlockReference
  2
_OBLIQUE
 10
-69.6189
 20
31.413600000000002
 30
0.0
 41
2.188633333333333
 42
2.188633333333333
  0
INSERT
  5
4D1
330
4CA
100
AcDbEntity
  8
COTAS
 62
8
100
AcDbBlockReference
  2
_OBLIQUE
 10
-38.71889999999999
 20
31.413600000000002
 30
0.0
 41
2.188633333333333
 42
2.188633333333333
  0
LINE
  5
4D3
330
4CA
100
AcDbEntity
  8
0
 62
8
370
15
100
AcDbLine
 10
-69.6189
 20
31.413600000000002
 30
0.0
 11
-38.71889999999999
 21
31.413600000000002
 31
0.0
  0
MTEXT
  5
4D4
330
4CA
100
AcDbEntity
  8
COTAS
 62
250
100
AcDbMText
 10
-54.168899999999994
 20
32.928000000000004
 30
0.0
 40
1.8288
 71
5
  1
309
  7
ESTANDAR
  0
POINT
  5
4D5
330
4CA
100
AcDbEntity
  8
Defpoints
100
AcDbPoint
 10
-69.6189
 20
31.413600000000002
 30
0.0
  0
POINT
  5
4D6
330
4CA
100
AcDbEntity
  8
Defpoints
100
AcDbPoint
 10
-69.6189
 20
31.413600000000002
 30
0.0
  0
POINT
  5
4D7
330
4CA
100
AcDbEntity
  8
Defpoints
100
AcDbPoint
 10
-38.71889999999999
 20
31.413600000000002
 30
0.0
  0
ENDBLK
  5
4CC
330
4CA
100
AcDbEntity
  8
0
100
AcDbBlockEnd
  0
BLOCK
  5
4D9
330
4D8
100
AcDbEntity
  8
0
100
AcDbBlockBegin
  2
*D28
 70
1
 10
0.0
 20
0.0
 30
0.0
  3
*D28
  1

  0
LINE
  5
4DB
330
4D8
100
AcDbEntity
  8
0
 62
8
370
13
100
AcDbLine
 10
-38.71889999999999
 20
31.942766666666667
 30
0.0
 11
-38.71889999999999
 21
32.295544444444445
 31
0.0
  0
LINE
  5
4DC
330
4D8
100
AcDbEntity
  8
0
 62
8
370
13
100
AcDbLine
 10
-29.618899999999996
 20
31.942766666666667
 30
0.0
 11
-29.618899999999996
 21
32.295544444444445
 31
0.0
  0
INSERT
  5
4DD
330
4D8
100
AcDbEntity
  8
COTAS
 62
8
100
AcDbBlockReference
  2
_OBLIQUE
 10
-38.71889999999999
 20
31.413600000000002
 30
0.0
 41
2.188633333333333
 42
2.188633333333333
  0
INSERT
  5
4DF
330
4D8
100
AcDbEntity
  8
COTAS
 62
8
100
AcDbBlockReference
  2
_OBLIQUE
 10
-29.618899999999996
 20
31.413600000000002
 30
0.0
 41
2.188633333333333
 42
2.188633333333333
  0
LINE
  5
4E1
330
4D8
100
AcDbEntity
  8
0
 62
8
370
15
100
AcDbLine
 10
-38.71889999999999
 20
31.413600000000002
 30
0.0
 11
-29.618899999999996
 21
31.413600000000002
 31
0.0
  0
MTEXT
  5
4E2
330
4D8
100
AcDbEntity
  8
COTAS
 62
250
100
AcDbMText
 10
-34.168899999999994
 20
32.928000000000004
 30
0.0
 40
1.8288
 71
5
  1
91
  7
ESTANDAR
  0
POINT
  5
4E3
330
4D8
100
AcDbEntity
  8
Defpoints
100
AcDbPoint
 10
-38.71889999999999
 20
31.413600000000002
 30
0.0
  0
POINT
  5
4E4
330
4D8
100
AcDbEntity
  8
Defpoints
100
AcDbPoint
 10
-38.71889999999999
 20
31.413600000000002
 30
0.0
  0
POINT
  5
4E5
330
4D8
100
AcDbEntity
  8
Defpoints
100
AcDbPoint
 10
-29.618899999999996
 20
31.413600000000002
 30
0.0
  0
ENDBLK
  5
4DA
330
4D8
100
AcDbEntity
  8
0
100
AcDbBlockEnd
  0
BLOCK
  5
4E7
330
4E6
100
AcDbEntity
  8
0
100
AcDbBlockBegin
  2
*D29
 70
1
 10
0.0
 20
0.0
 30
0.0
  3
*D29
  1

  0
LINE
  5
4E9
330
4E6
100
AcDbEntity
  8
0
 62
8
370
13
100
AcDbLine
 10
-70.14806666666667
 20
13.9136
 30
0.0
 11
-75.00084444444444
 21
13.9136
 31
0.0
  0
LINE
  5
4EA
330
4E6
100
AcDbEntity
  8
0
 62
8
370
13
100
AcDbLine
 10
-70.14806666666667
 20
24.413600000000002
 30
0.0
 11
-75.00084444444444
 21
24.413600000000002
 31
0.0
  0
INSERT
  5
4EB
330
4E6
100
AcDbEntity
  8
COTAS
 62
8
100
AcDbBlockReference
  2
_OBLIQUE
 10
-74.1189
 20
13.9136
 30
0.0
 41
2.188633333333333
 42
2.188633333333333
 50
90.0
  0
INSERT
  5
4ED
330
4E6
100
AcDbEntity
  8
COTAS
 62
8
100
AcDbBlockReference
  2
_OBLIQUE
 10
-74.1189
 20
24.413600000000002
 30
0.0
 41
2.188633333333333
 42
2.188633333333333
 50
90.0
  0
LINE
  5
4EF
330
4E6
100
AcDbEntity
  8
0
 62
8
370
15
100
AcDbLine
 10
-74.1189
 20
13.9136
 30
0.0
 11
-74.1189
 21
24.413600000000002
 31
0.0
  0
MTEXT
  5
4F0
330
4E6
100
AcDbEntity
  8
COTAS
 62
250
100
AcDbMText
 10
-75.63329999999999
 20
19.163600000000002
 30
0.0
 40
1.8288
 71
5
  1
105
  7
ESTANDAR
 50
90.0
  0
POINT
  5
4F1
330
4E6
100
AcDbEntity
  8
Defpoints
100
AcDbPoint
 10
-74.1189
 20
13.9136
 30
0.0
  0
POINT
  5
4F2
330
4E6
100
AcDbEntity
  8
Defpoints
100
AcDbPoint
 10
-69.6189
 20
13.9136
 30
0.0
  0
POINT
  5
4F3
330
4E6
100
AcDbEntity
  8
Defpoints
100
AcDbPoint
 10
-69.6189
 20
24.413600000000002
 30
0.0
  0
ENDBLK
  5
4E8
330
4E6
100
AcDbEntity
  8
0
100
AcDbBlockEnd
  0
BLOCK
  5
4F5
330
4F4
100
AcDbEntity
  8
0
100
AcDbBlockBegin
  2
*D30
 70
1
 10
0.0
 20
0.0
 30
0.0
  3
*D30
  1

  0
LINE
  5
4F7
330
4F4
100
AcDbEntity
  8
0
 62
8
370
13
100
AcDbLine
 10
-29.08973333333333
 20
18.1136
 30
0.0
 11
-24.736955555555554
 21
18.1136
 31
0.0
  0
LINE
  5
4F8
330
4F4
100
AcDbEntity
  8
0
 62
8
370
13
100
AcDbLine
 10
-29.08973333333333
 20
24.413600000000002
 30
0.0
 11
-24.736955555555554
 21
24.413600000000002
 31
0.0
  0
INSERT
  5
4F9
330
4F4
100
AcDbEntity
  8
COTAS
 62
8
100
AcDbBlockReference
  2
_OBLIQUE
 10
-25.618899999999996
 20
18.1136
 30
0.0
 41
2.188633333333333
 42
2.188633333333333
 50
90.0
  0
INSERT
  5
4FB
330
4F4
100
AcDbEntity
  8
COTAS
 62
8
100
AcDbBlockReference
  2
_OBLIQUE
 10
-25.618899999999996
 20
24.413600000000002
 30
0.0
 41
2.188633333333333
 42
2.188633333333333
 50
90.0
  0
LINE
  5
4FD
330
4F4
100
AcDbEntity
  8
0
 62
8
370
15
100
AcDbLine
 10
-25.618899999999996
 20
18.1136
 30
0.0
 11
-25.618899999999996
 21
24.413600000000002
 31
0.0
  0
MTEXT
  5
4FE
330
4F4
100
AcDbEntity
  8
COTAS
 62
250
100
AcDbMText
 10
-27.133299999999995
 20
21.263600000000004
 30
0.0
 40
1.8288
 71
5
  1
63
  7
ESTANDAR
 50
90.0
  0
POINT
  5
4FF
330
4F4
100
AcDbEntity
  8
Defpoints
100
AcDbPoint
 10
-25.618899999999996
 20
18.1136
 30
0.0
  0
POINT
  5
500
330
4F4
100
AcDbEntity
  8
Defpoints
100
AcDbPoint
 10
-29.618899999999996
 20
18.1136
 30
0.0
  0
POINT
  5
501
330
4F4
100
AcDbEntity
  8
Defpoints
100
AcDbPoint
 10
-29.618899999999996
 20
24.413600000000002
 30
0.0
  0
ENDBLK
  5
4F6
330
4F4
100
AcDbEntity
  8
0
100
AcDbBlockEnd
  0
BLOCK
  5
505
330
504
100
AcDbEntity
  8
0
100
AcDbBlockBegin
  2
DET_06_detalle-2-2-c4-vista-desde-el-voladizo
 70
0
 10
0.0
 20
0.0
 30
0.0
  3
DET_06_detalle-2-2-c4-vista-desde-el-voladizo
  1

  0
HATCH
  5
509
330
504
100
AcDbEntity
  8
G-r_conc
 62
7
420
16118767
100
AcDbHatch
 10
0.0
 20
0.0
 30
0.0
210
0.0
220
0.0
230
1.0
  2
SOLID
 70
1
 71
0
 91
1
 92
3
 72
0
 73
1
 93
4
 10
-25.18466666666667
 20
-12.590733333333331
 10
1.4819999999999993
 20
-12.590733333333331
 10
1.4819999999999993
 20
17.742600000000003
 10
-25.18466666666667
 20
17.742600000000003
 97
0
 75
0
 76
1
 98
0
  0
LWPOLYLINE
  5
50A
330
504
100
AcDbEntity
  8
G-r_conc
100
AcDbPolyline
 90
4
 70
1
 10
-25.18466666666667
 20
-12.590733333333331
 10
1.4819999999999993
 20
-12.590733333333331
 10
1.4819999999999993
 20
17.742600000000003
 10
-25.18466666666667
 20
17.742600000000003
  0
HATCH
  5
50B
330
504
100
AcDbEntity
  8
G-r_old
 62
7
420
15065562
100
AcDbHatch
 10
0.0
 20
0.0
 30
0.0
210
0.0
220
0.0
230
1.0
  2
SOLID
 70
1
 71
0
 91
1
 92
3
 72
0
 73
1
 93
4
 10
-25.18466666666667
 20
-21.257399999999997
 10
1.4819999999999993
 20
-21.257399999999997
 10
1.4819999999999993
 20
-12.590733333333331
 10
-25.18466666666667
 20
-12.590733333333331
 97
0
 75
0
 76
1
 98
0
  0
LWPOLYLINE
  5
50C
330
504
100
AcDbEntity
  8
G-r_old
100
AcDbPolyline
 90
4
 70
1
 10
-25.18466666666667
 20
-21.257399999999997
 10
1.4819999999999993
 20
-21.257399999999997
 10
1.4819999999999993
 20
-12.590733333333331
 10
-25.18466666666667
 20
-12.590733333333331
  0
HATCH
  5
50D
330
504
100
AcDbEntity
  8
G-r_conc
 62
7
420
16118767
100
AcDbHatch
 10
0.0
 20
0.0
 30
0.0
210
0.0
220
0.0
230
1.0
  2
SOLID
 70
1
 71
0
 91
1
 92
3
 72
0
 73
1
 93
4
 10
-25.18466666666667
 20
-12.590733333333331
 10
-39.851333333333336
 20
-12.590733333333331
 10
-39.851333333333336
 20
10.742600000000001
 10
-25.18466666666667
 20
10.742600000000001
 97
0
 75
0
 76
1
 98
0
  0
LWPOLYLINE
  5
50E
330
504
100
AcDbEntity
  8
G-r_conc
100
AcDbPolyline
 90
4
 70
1
 10
-25.18466666666667
 20
-12.590733333333331
 10
-39.851333333333336
 20
-12.590733333333331
 10
-39.851333333333336
 20
10.742600000000001
 10
-25.18466666666667
 20
10.742600000000001
  0
HATCH
  5
50F
330
504
100
AcDbEntity
  8
G-r_conc
 62
7
420
16118767
100
AcDbHatch
 10
0.0
 20
0.0
 30
0.0
210
0.0
220
0.0
230
1.0
  2
SOLID
 70
1
 71
0
 91
1
 92
3
 72
0
 73
1
 93
4
 10
1.4819999999999993
 20
-12.590733333333331
 10
16.148666666666664
 20
-12.590733333333331
 10
16.148666666666664
 20
10.742600000000001
 10
1.4819999999999993
 20
10.742600000000001
 97
0
 75
0
 76
1
 98
0
  0
LWPOLYLINE
  5
510
330
504
100
AcDbEntity
  8
G-r_conc
100
AcDbPolyline
 90
4
 70
1
 10
1.4819999999999993
 20
-12.590733333333331
 10
16.148666666666664
 20
-12.590733333333331
 10
16.148666666666664
 20
10.742600000000001
 10
1.4819999999999993
 20
10.742600000000001
  0
LINE
  5
511
330
504
100
AcDbEntity
  8
G-edge
100
AcDbLine
 10
-39.851333333333336
 20
10.742600000000001
 30
0.0
 11
-39.851333333333336
 21
-12.590733333333331
 31
0.0
  0
LINE
  5
512
330
504
100
AcDbEntity
  8
G-edge
100
AcDbLine
 10
16.148666666666664
 20
10.742600000000001
 30
0.0
 11
16.148666666666664
 21
-12.590733333333331
 31
0.0
  0
HATCH
  5
513
330
504
100
AcDbEntity
  8
G-r_col
 62
7
420
15326919
100
AcDbHatch
 10
0.0
 20
0.0
 30
0.0
210
0.0
220
0.0
230
1.0
  2
SOLID
 70
1
 71
0
 91
1
 92
3
 72
0
 73
1
 93
4
 10
-21.851333333333336
 20
-21.257399999999997
 10
-21.851333333333336
 20
14.5426
 10
-20.784666666666666
 20
14.5426
 10
-20.784666666666666
 20
-21.257399999999997
 97
0
 75
0
 76
1
 98
0
  0
LWPOLYLINE
  5
514
330
504
100
AcDbEntity
  8
G-r_col
100
AcDbPolyline
 90
4
 70
1
 10
-21.851333333333336
 20
-21.257399999999997
 10
-21.851333333333336
 20
14.5426
 10
-20.784666666666666
 20
14.5426
 10
-20.784666666666666
 20
-21.257399999999997
  0
HATCH
  5
515
330
504
100
AcDbEntity
  8
G-r_col
 62
7
420
15326919
100
AcDbHatch
 10
0.0
 20
0.0
 30
0.0
210
0.0
220
0.0
230
1.0
  2
SOLID
 70
1
 71
0
 91
1
 92
3
 72
0
 73
1
 93
4
 10
-12.384666666666668
 20
-21.257399999999997
 10
-12.384666666666668
 20
14.5426
 10
-11.318000000000001
 20
14.5426
 10
-11.318000000000001
 20
-21.257399999999997
 97
0
 75
0
 76
1
 98
0
  0
LWPOLYLINE
  5
516
330
504
100
AcDbEntity
  8
G-r_col
100
AcDbPolyline
 90
4
 70
1
 10
-12.384666666666668
 20
-21.257399999999997
 10
-12.384666666666668
 20
14.5426
 10
-11.318000000000001
 20
14.5426
 10
-11.318000000000001
 20
-21.257399999999997
  0
HATCH
  5
517
330
504
100
AcDbEntity
  8
G-r_col
 62
7
420
15326919
100
AcDbHatch
 10
0.0
 20
0.0
 30
0.0
210
0.0
220
0.0
230
1.0
  2
SOLID
 70
1
 71
0
 91
1
 92
3
 72
0
 73
1
 93
4
 10
-2.918000000000001
 20
-21.257399999999997
 10
-2.918000000000001
 20
14.5426
 10
-1.8513333333333346
 20
14.5426
 10
-1.8513333333333346
 20
-21.257399999999997
 97
0
 75
0
 76
1
 98
0
  0
LWPOLYLINE
  5
518
330
504
100
AcDbEntity
  8
G-r_col
100
AcDbPolyline
 90
4
 70
1
 10
-2.918000000000001
 20
-21.257399999999997
 10
-2.918000000000001
 20
14.5426
 10
-1.8513333333333346
 20
14.5426
 10
-1.8513333333333346
 20
-21.257399999999997
  0
HATCH
  5
519
330
504
100
AcDbEntity
  8
G-r_rodS
 62
7
420
6405804
100
AcDbHatch
 10
0.0
 20
0.0
 30
0.0
210
0.0
220
0.0
230
1.0
  2
SOLID
 70
1
 71
0
 91
1
 92
3
 72
0
 73
1
 93
4
 10
-18.118000000000002
 20
21.742600000000003
 10
-18.118000000000002
 20
-9.257399999999999
 10
-18.918
 20
-9.257399999999999
 10
-18.918
 20
21.742600000000003
 97
0
 75
0
 76
1
 98
0
  0
LWPOLYLINE
  5
51A
330
504
100
AcDbEntity
  8
G-r_rodS
100
AcDbPolyline
 90
4
 70
1
 10
-18.118000000000002
 20
21.742600000000003
 10
-18.118000000000002
 20
-9.257399999999999
 10
-18.918
 20
-9.257399999999999
 10
-18.918
 20
21.742600000000003
  0
HATCH
  5
51B
330
504
100
AcDbEntity
  8
G-r_rodS
 62
7
420
6405804
100
AcDbHatch
 10
0.0
 20
0.0
 30
0.0
210
0.0
220
0.0
230
1.0
  2
SOLID
 70
1
 71
0
 91
1
 92
3
 72
0
 73
1
 93
4
 10
-4.784666666666668
 20
21.742600000000003
 10
-4.784666666666668
 20
-9.257399999999999
 10
-5.584666666666668
 20
-9.257399999999999
 10
-5.584666666666668
 20
21.742600000000003
 97
0
 75
0
 76
1
 98
0
  0
LWPOLYLINE
  5
51C
330
504
100
AcDbEntity
  8
G-r_rodS
100
AcDbPolyline
 90
4
 70
1
 10
-4.784666666666668
 20
21.742600000000003
 10
-4.784666666666668
 20
-9.257399999999999
 10
-5.584666666666668
 20
-9.257399999999999
 10
-5.584666666666668
 20
21.742600000000003
  0
HATCH
  5
51D
330
504
100
AcDbEntity
  8
G-r_tieS
 62
7
420
9460135
100
AcDbHatch
 10
0.0
 20
0.0
 30
0.0
210
0.0
220
0.0
230
1.0
  2
SOLID
 70
1
 71
0
 91
1
 92
3
 72
0
 73
1
 93
4
 10
-22.18466666666667
 20
3.7426000000000013
 10
-1.5180000000000007
 20
3.7426000000000013
 10
-1.5180000000000007
 20
3.0759333333333343
 10
-22.18466666666667
 20
3.0759333333333343
 97
0
 75
0
 76
1
 98
0
  0
LWPOLYLINE
  5
51E
330
504
100
AcDbEntity
  8
G-r_tieS
100
AcDbPolyline
 90
4
 70
1
 10
-22.18466666666667
 20
3.7426000000000013
 10
-1.5180000000000007
 20
3.7426000000000013
 10
-1.5180000000000007
 20
3.0759333333333343
 10
-22.18466666666667
 20
3.0759333333333343
  0
HATCH
  5
51F
330
504
100
AcDbEntity
  8
G-r_tieS
 62
7
420
9460135
100
AcDbHatch
 10
0.0
 20
0.0
 30
0.0
210
0.0
220
0.0
230
1.0
  2
SOLID
 70
1
 71
0
 91
1
 92
3
 72
0
 73
1
 93
4
 10
-22.18466666666667
 20
0.7426000000000013
 10
-1.5180000000000007
 20
0.7426000000000013
 10
-1.5180000000000007
 20
0.07593333333333518
 10
-22.18466666666667
 20
0.07593333333333518
 97
0
 75
0
 76
1
 98
0
  0
LWPOLYLINE
  5
520
330
504
100
AcDbEntity
  8
G-r_tieS
100
AcDbPolyline
 90
4
 70
1
 10
-22.18466666666667
 20
0.7426000000000013
 10
-1.5180000000000007
 20
0.7426000000000013
 10
-1.5180000000000007
 20
0.07593333333333518
 10
-22.18466666666667
 20
0.07593333333333518
  0
HATCH
  5
521
330
504
100
AcDbEntity
  8
G-r_tieS
 62
7
420
9460135
100
AcDbHatch
 10
0.0
 20
0.0
 30
0.0
210
0.0
220
0.0
230
1.0
  2
SOLID
 70
1
 71
0
 91
1
 92
3
 72
0
 73
1
 93
4
 10
-22.18466666666667
 20
-4.257399999999999
 10
-1.5180000000000007
 20
-4.257399999999999
 10
-1.5180000000000007
 20
-4.924066666666665
 10
-22.18466666666667
 20
-4.924066666666665
 97
0
 75
0
 76
1
 98
0
  0
LWPOLYLINE
  5
522
330
504
100
AcDbEntity
  8
G-r_tieS
100
AcDbPolyline
 90
4
 70
1
 10
-22.18466666666667
 20
-4.257399999999999
 10
-1.5180000000000007
 20
-4.257399999999999
 10
-1.5180000000000007
 20
-4.924066666666665
 10
-22.18466666666667
 20
-4.924066666666665
  0
HATCH
  5
523
330
504
100
AcDbEntity
  8
G-r_tieS
 62
7
420
9460135
100
AcDbHatch
 10
0.0
 20
0.0
 30
0.0
210
0.0
220
0.0
230
1.0
  2
SOLID
 70
1
 71
0
 91
1
 92
3
 72
0
 73
1
 93
4
 10
-22.18466666666667
 20
-9.257399999999999
 10
-1.5180000000000007
 20
-9.257399999999999
 10
-1.5180000000000007
 20
-9.924066666666667
 10
-22.18466666666667
 20
-9.924066666666667
 97
0
 75
0
 76
1
 98
0
  0
LWPOLYLINE
  5
524
330
504
100
AcDbEntity
  8
G-r_tieS
100
AcDbPolyline
 90
4
 70
1
 10
-22.18466666666667
 20
-9.257399999999999
 10
-1.5180000000000007
 20
-9.257399999999999
 10
-1.5180000000000007
 20
-9.924066666666667
 10
-22.18466666666667
 20
-9.924066666666667
  0
HATCH
  5
525
330
504
100
AcDbEntity
  8
G-r_new
 62
7
420
3444827
100
AcDbHatch
 10
0.0
 20
0.0
 30
0.0
210
0.0
220
0.0
230
1.0
  2
SOLID
 70
1
 71
0
 91
1
 92
3
 72
0
 73
1
 93
4
 10
-22.318
 20
13.075933333333335
 10
-1.3846666666666678
 20
13.075933333333335
 10
-1.3846666666666678
 20
12.142600000000002
 10
-22.318
 20
12.142600000000002
 97
0
 75
0
 76
1
 98
0
  0
LWPOLYLINE
  5
526
330
504
100
AcDbEntity
  8
G-r_new
100
AcDbPolyline
 90
4
 70
1
 10
-22.318
 20
13.075933333333335
 10
-1.3846666666666678
 20
13.075933333333335
 10
-1.3846666666666678
 20
12.142600000000002
 10
-22.318
 20
12.142600000000002
  0
HATCH
  5
527
330
504
100
AcDbEntity
  8
G-r_new
 62
7
420
3444827
100
AcDbHatch
 10
0.0
 20
0.0
 30
0.0
210
0.0
220
0.0
230
1.0
  2
SOLID
 70
1
 71
0
 91
1
 92
3
 72
0
 73
1
 93
4
 10
-22.318
 20
14.009266666666669
 10
-1.3846666666666678
 20
14.009266666666669
 10
-1.3846666666666678
 20
13.075933333333335
 10
-22.318
 20
13.075933333333335
 97
0
 75
0
 76
1
 98
0
  0
LWPOLYLINE
  5
528
330
504
100
AcDbEntity
  8
G-r_new
100
AcDbPolyline
 90
4
 70
1
 10
-22.318
 20
14.009266666666669
 10
-1.3846666666666678
 20
14.009266666666669
 10
-1.3846666666666678
 20
13.075933333333335
 10
-22.318
 20
13.075933333333335
  0
HATCH
  5
529
330
504
100
AcDbEntity
  8
G-r_bm3
 62
7
420
6384235
100
AcDbHatch
 10
0.0
 20
0.0
 30
0.0
210
0.0
220
0.0
230
1.0
  2
SOLID
 70
1
 71
0
 91
1
 92
3
 72
0
 73
1
 93
4
 10
-39.851333333333336
 20
6.609266666666668
 10
16.148666666666664
 20
6.609266666666668
 10
16.148666666666664
 20
5.809266666666668
 10
-39.851333333333336
 20
5.809266666666668
 97
0
 75
0
 76
1
 98
0
  0
LWPOLYLINE
  5
52A
330
504
100
AcDbEntity
  8
G-r_bm3
100
AcDbPolyline
 90
4
 70
1
 10
-39.851333333333336
 20
6.609266666666668
 10
16.148666666666664
 20
6.609266666666668
 10
16.148666666666664
 20
5.809266666666668
 10
-39.851333333333336
 20
5.809266666666668
  0
HATCH
  5
52B
330
504
100
AcDbEntity
  8
G-r_bm3
 62
7
420
6384235
100
AcDbHatch
 10
0.0
 20
0.0
 30
0.0
210
0.0
220
0.0
230
1.0
  2
SOLID
 70
1
 71
0
 91
1
 92
3
 72
0
 73
1
 93
4
 10
-39.851333333333336
 20
-7.657399999999997
 10
16.148666666666664
 20
-7.657399999999997
 10
16.148666666666664
 20
-8.457399999999998
 10
-39.851333333333336
 20
-8.457399999999998
 97
0
 75
0
 76
1
 98
0
  0
LWPOLYLINE
  5
52C
330
504
100
AcDbEntity
  8
G-r_bm3
100
AcDbPolyline
 90
4
 70
1
 10
-39.851333333333336
 20
-7.657399999999997
 10
16.148666666666664
 20
-7.657399999999997
 10
16.148666666666664
 20
-8.457399999999998
 10
-39.851333333333336
 20
-8.457399999999998
  0
HATCH
  5
52D
330
504
100
AcDbEntity
  8
G-r_bm1
 62
7
420
1725046
100
AcDbHatch
 10
0.0
 20
0.0
 30
0.0
210
0.0
220
0.0
230
1.0
  2
SOLID
 70
1
 71
0
 91
1
 92
3
 72
0
 73
1
 93
4
 10
-17.718
 20
7.009266666666668
 10
-17.718
 20
-2.9907333333333312
 10
-18.518
 20
-2.9907333333333312
 10
-18.518
 20
7.009266666666668
 97
0
 75
0
 76
1
 98
0
  0
LWPOLYLINE
  5
52E
330
504
100
AcDbEntity
  8
G-r_bm1
100
AcDbPolyline
 90
4
 70
1
 10
-17.718
 20
7.009266666666668
 10
-17.718
 20
-2.9907333333333312
 10
-18.518
 20
-2.9907333333333312
 10
-18.518
 20
7.009266666666668
  0
HATCH
  5
52F
330
504
100
AcDbEntity
  8
G-r_bm1
 62
7
420
1725046
100
AcDbHatch
 10
0.0
 20
0.0
 30
0.0
210
0.0
220
0.0
230
1.0
  2
SOLID
 70
1
 71
0
 91
1
 92
3
 72
0
 73
1
 93
13
 10
-17.718
 20
7.009266666666668
 10
-17.731629669484374
 20
7.112794284707677
 10
-17.771589838486225
 20
7.209266666666668
 10
-17.835157287525384
 20
7.292109379141287
 10
-17.918
 20
7.355676828180444
 10
-18.014472381958992
 20
7.3956369971822955
 10
-18.118000000000002
 20
7.409266666666667
 10
-18.22152761804101
 20
7.3956369971822955
 10
-18.318
 20
7.355676828180444
 10
-18.40084271247462
 20
7.292109379141287
 10
-18.464410161513776
 20
7.209266666666668
 10
-18.504370330515627
 20
7.112794284707677
 10
-18.518
 20
7.009266666666668
 97
0
 75
0
 76
1
 98
0
  0
LWPOLYLINE
  5
530
330
504
100
AcDbEntity
  8
G-r_bm1
100
AcDbPolyline
 90
13
 70
1
 10
-17.718
 20
7.009266666666668
 10
-17.731629669484374
 20
7.112794284707677
 10
-17.771589838486225
 20
7.209266666666668
 10
-17.835157287525384
 20
7.292109379141287
 10
-17.918
 20
7.355676828180444
 10
-18.014472381958992
 20
7.3956369971822955
 10
-18.118000000000002
 20
7.409266666666667
 10
-18.22152761804101
 20
7.3956369971822955
 10
-18.318
 20
7.355676828180444
 10
-18.40084271247462
 20
7.292109379141287
 10
-18.464410161513776
 20
7.209266666666668
 10
-18.504370330515627
 20
7.112794284707677
 10
-18.518
 20
7.009266666666668
  0
HATCH
  5
531
330
504
100
AcDbEntity
  8
G-r_bm1
 62
7
420
1725046
100
AcDbHatch
 10
0.0
 20
0.0
 30
0.0
210
0.0
220
0.0
230
1.0
  2
SOLID
 70
1
 71
0
 91
1
 92
3
 72
0
 73
1
 93
4
 10
-18.518
 20
-8.8574
 10
-18.518
 20
1.1426000000000016
 10
-17.718
 20
1.1426000000000016
 10
-17.718
 20
-8.8574
 97
0
 75
0
 76
1
 98
0
  0
LWPOLYLINE
  5
532
330
504
100
AcDbEntity
  8
G-r_bm1
100
AcDbPolyline
 90
4
 70
1
 10
-18.518
 20
-8.8574
 10
-18.518
 20
1.1426000000000016
 10
-17.718
 20
1.1426000000000016
 10
-17.718
 20
-8.8574
  0
HATCH
  5
533
330
504
100
AcDbEntity
  8
G-r_bm1
 62
7
420
1725046
100
AcDbHatch
 10
0.0
 20
0.0
 30
0.0
210
0.0
220
0.0
230
1.0
  2
SOLID
 70
1
 71
0
 91
1
 92
3
 72
0
 73
1
 93
13
 10
-18.518
 20
-8.8574
 10
-18.504370330515627
 20
-8.960927618041007
 10
-18.464410161513776
 20
-9.0574
 10
-18.40084271247462
 20
-9.140242712474615
 10
-18.318
 20
-9.203810161513774
 10
-18.22152761804101
 20
-9.243770330515625
 10
-18.118000000000002
 20
-9.257399999999999
 10
-18.014472381958992
 20
-9.243770330515625
 10
-17.918
 20
-9.203810161513774
 10
-17.835157287525384
 20
-9.140242712474615
 10
-17.771589838486225
 20
-9.0574
 10
-17.731629669484374
 20
-8.960927618041007
 10
-17.718
 20
-8.8574
 97
0
 75
0
 76
1
 98
0
  0
LWPOLYLINE
  5
534
330
504
100
AcDbEntity
  8
G-r_bm1
100
AcDbPolyline
 90
13
 70
1
 10
-18.518
 20
-8.8574
 10
-18.504370330515627
 20
-8.960927618041007
 10
-18.464410161513776
 20
-9.0574
 10
-18.40084271247462
 20
-9.140242712474615
 10
-18.318
 20
-9.203810161513774
 10
-18.22152761804101
 20
-9.243770330515625
 10
-18.118000000000002
 20
-9.257399999999999
 10
-18.014472381958992
 20
-9.243770330515625
 10
-17.918
 20
-9.203810161513774
 10
-17.835157287525384
 20
-9.140242712474615
 10
-17.771589838486225
 20
-9.0574
 10
-17.731629669484374
 20
-8.960927618041007
 10
-17.718
 20
-8.8574
  0
HATCH
  5
535
330
504
100
AcDbEntity
  8
G-r_bm1
 62
7
420
1725046
100
AcDbHatch
 10
0.0
 20
0.0
 30
0.0
210
0.0
220
0.0
230
1.0
  2
SOLID
 70
1
 71
0
 91
1
 92
3
 72
0
 73
1
 93
4
 10
-11.451333333333334
 20
7.009266666666668
 10
-11.451333333333334
 20
-2.9907333333333312
 10
-12.251333333333335
 20
-2.9907333333333312
 10
-12.251333333333335
 20
7.009266666666668
 97
0
 75
0
 76
1
 98
0
  0
LWPOLYLINE
  5
536
330
504
100
AcDbEntity
  8
G-r_bm1
100
AcDbPolyline
 90
4
 70
1
 10
-11.451333333333334
 20
7.009266666666668
 10
-11.451333333333334
 20
-2.9907333333333312
 10
-12.251333333333335
 20
-2.9907333333333312
 10
-12.251333333333335
 20
7.009266666666668
  0
HATCH
  5
537
330
504
100
AcDbEntity
  8
G-r_bm1
 62
7
420
1725046
100
AcDbHatch
 10
0.0
 20
0.0
 30
0.0
210
0.0
220
0.0
230
1.0
  2
SOLID
 70
1
 71
0
 91
1
 92
3
 72
0
 73
1
 93
13
 10
-11.451333333333334
 20
7.009266666666668
 10
-11.464963002817708
 20
7.112794284707677
 10
-11.50492317181956
 20
7.209266666666668
 10
-11.568490620858716
 20
7.292109379141287
 10
-11.651333333333335
 20
7.355676828180444
 10
-11.747805715292326
 20
7.3956369971822955
 10
-11.851333333333335
 20
7.409266666666667
 10
-11.954860951374343
 20
7.3956369971822955
 10
-12.051333333333334
 20
7.355676828180444
 10
-12.134176045807953
 20
7.292109379141287
 10
-12.19774349484711
 20
7.209266666666668
 10
-12.237703663848961
 20
7.112794284707677
 10
-12.251333333333335
 20
7.009266666666668
 97
0
 75
0
 76
1
 98
0
  0
LWPOLYLINE
  5
538
330
504
100
AcDbEntity
  8
G-r_bm1
100
AcDbPolyline
 90
13
 70
1
 10
-11.451333333333334
 20
7.009266666666668
 10
-11.464963002817708
 20
7.112794284707677
 10
-11.50492317181956
 20
7.209266666666668
 10
-11.568490620858716
 20
7.292109379141287
 10
-11.651333333333335
 20
7.355676828180444
 10
-11.747805715292326
 20
7.3956369971822955
 10
-11.851333333333335
 20
7.409266666666667
 10
-11.954860951374343
 20
7.3956369971822955
 10
-12.051333333333334
 20
7.355676828180444
 10
-12.134176045807953
 20
7.292109379141287
 10
-12.19774349484711
 20
7.209266666666668
 10
-12.237703663848961
 20
7.112794284707677
 10
-12.251333333333335
 20
7.009266666666668
  0
HATCH
  5
539
330
504
100
AcDbEntity
  8
G-r_bm1
 62
7
420
1725046
100
AcDbHatch
 10
0.0
 20
0.0
 30
0.0
210
0.0
220
0.0
230
1.0
  2
SOLID
 70
1
 71
0
 91
1
 92
3
 72
0
 73
1
 93
4
 10
-12.251333333333335
 20
-8.8574
 10
-12.251333333333335
 20
1.1426000000000016
 10
-11.451333333333334
 20
1.1426000000000016
 10
-11.451333333333334
 20
-8.8574
 97
0
 75
0
 76
1
 98
0
  0
LWPOLYLINE
  5
53A
330
504
100
AcDbEntity
  8
G-r_bm1
100
AcDbPolyline
 90
4
 70
1
 10
-12.251333333333335
 20
-8.8574
 10
-12.251333333333335
 20
1.1426000000000016
 10
-11.451333333333334
 20
1.1426000000000016
 10
-11.451333333333334
 20
-8.8574
  0
HATCH
  5
53B
330
504
100
AcDbEntity
  8
G-r_bm1
 62
7
420
1725046
100
AcDbHatch
 10
0.0
 20
0.0
 30
0.0
210
0.0
220
0.0
230
1.0
  2
SOLID
 70
1
 71
0
 91
1
 92
3
 72
0
 73
1
 93
13
 10
-12.251333333333335
 20
-8.8574
 10
-12.237703663848961
 20
-8.960927618041007
 10
-12.19774349484711
 20
-9.0574
 10
-12.134176045807953
 20
-9.140242712474615
 10
-12.051333333333336
 20
-9.203810161513774
 10
-11.954860951374343
 20
-9.243770330515625
 10
-11.851333333333335
 20
-9.257399999999999
 10
-11.747805715292326
 20
-9.243770330515625
 10
-11.651333333333335
 20
-9.203810161513774
 10
-11.568490620858716
 20
-9.140242712474615
 10
-11.50492317181956
 20
-9.0574
 10
-11.464963002817708
 20
-8.960927618041007
 10
-11.451333333333334
 20
-8.8574
 97
0
 75
0
 76
1
 98
0
  0
LWPOLYLINE
  5
53C
330
504
100
AcDbEntity
  8
G-r_bm1
100
AcDbPolyline
 90
13
 70
1
 10
-12.251333333333335
 20
-8.8574
 10
-12.237703663848961
 20
-8.960927618041007
 10
-12.19774349484711
 20
-9.0574
 10
-12.134176045807953
 20
-9.140242712474615
 10
-12.051333333333336
 20
-9.203810161513774
 10
-11.954860951374343
 20
-9.243770330515625
 10
-11.851333333333335
 20
-9.257399999999999
 10
-11.747805715292326
 20
-9.243770330515625
 10
-11.651333333333335
 20
-9.203810161513774
 10
-11.568490620858716
 20
-9.140242712474615
 10
-11.50492317181956
 20
-9.0574
 10
-11.464963002817708
 20
-8.960927618041007
 10
-11.451333333333334
 20
-8.8574
  0
HATCH
  5
53D
330
504
100
AcDbEntity
  8
G-r_bm1
 62
7
420
1725046
100
AcDbHatch
 10
0.0
 20
0.0
 30
0.0
210
0.0
220
0.0
230
1.0
  2
SOLID
 70
1
 71
0
 91
1
 92
3
 72
0
 73
1
 93
4
 10
-5.184666666666668
 20
7.009266666666668
 10
-5.184666666666668
 20
-2.9907333333333312
 10
-5.984666666666668
 20
-2.9907333333333312
 10
-5.984666666666668
 20
7.009266666666668
 97
0
 75
0
 76
1
 98
0
  0
LWPOLYLINE
  5
53E
330
504
100
AcDbEntity
  8
G-r_bm1
100
AcDbPolyline
 90
4
 70
1
 10
-5.184666666666668
 20
7.009266666666668
 10
-5.184666666666668
 20
-2.9907333333333312
 10
-5.984666666666668
 20
-2.9907333333333312
 10
-5.984666666666668
 20
7.009266666666668
  0
HATCH
  5
53F
330
504
100
AcDbEntity
  8
G-r_bm1
 62
7
420
1725046
100
AcDbHatch
 10
0.0
 20
0.0
 30
0.0
210
0.0
220
0.0
230
1.0
  2
SOLID
 70
1
 71
0
 91
1
 92
3
 72
0
 73
1
 93
13
 10
-5.184666666666668
 20
7.009266666666668
 10
-5.19829633615104
 20
7.112794284707677
 10
-5.238256505152893
 20
7.209266666666668
 10
-5.301823954192049
 20
7.292109379141287
 10
-5.384666666666668
 20
7.355676828180444
 10
-5.48113904862566
 20
7.3956369971822955
 10
-5.584666666666668
 20
7.409266666666667
 10
-5.688194284707676
 20
7.3956369971822955
 10
-5.784666666666668
 20
7.355676828180444
 10
-5.867509379141287
 20
7.292109379141287
 10
-5.931076828180443
 20
7.209266666666668
 10
-5.971036997182296
 20
7.112794284707677
 10
-5.984666666666668
 20
7.009266666666668
 97
0
 75
0
 76
1
 98
0
  0
LWPOLYLINE
  5
540
330
504
100
AcDbEntity
  8
G-r_bm1
100
AcDbPolyline
 90
13
 70
1
 10
-5.184666666666668
 20
7.009266666666668
 10
-5.19829633615104
 20
7.112794284707677
 10
-5.238256505152893
 20
7.209266666666668
 10
-5.301823954192049
 20
7.292109379141287
 10
-5.384666666666668
 20
7.355676828180444
 10
-5.48113904862566
 20
7.3956369971822955
 10
-5.584666666666668
 20
7.409266666666667
 10
-5.688194284707676
 20
7.3956369971822955
 10
-5.784666666666668
 20
7.355676828180444
 10
-5.867509379141287
 20
7.292109379141287
 10
-5.931076828180443
 20
7.209266666666668
 10
-5.971036997182296
 20
7.112794284707677
 10
-5.984666666666668
 20
7.009266666666668
  0
HATCH
  5
541
330
504
100
AcDbEntity
  8
G-r_bm1
 62
7
420
1725046
100
AcDbHatch
 10
0.0
 20
0.0
 30
0.0
210
0.0
220
0.0
230
1.0
  2
SOLID
 70
1
 71
0
 91
1
 92
3
 72
0
 73
1
 93
4
 10
-5.984666666666668
 20
-8.8574
 10
-5.984666666666668
 20
1.1426000000000016
 10
-5.184666666666668
 20
1.1426000000000016
 10
-5.184666666666668
 20
-8.8574
 97
0
 75
0
 76
1
 98
0
  0
LWPOLYLINE
  5
542
330
504
100
AcDbEntity
  8
G-r_bm1
100
AcDbPolyline
 90
4
 70
1
 10
-5.984666666666668
 20
-8.8574
 10
-5.984666666666668
 20
1.1426000000000016
 10
-5.184666666666668
 20
1.1426000000000016
 10
-5.184666666666668
 20
-8.8574
  0
HATCH
  5
543
330
504
100
AcDbEntity
  8
G-r_bm1
 62
7
420
1725046
100
AcDbHatch
 10
0.0
 20
0.0
 30
0.0
210
0.0
220
0.0
230
1.0
  2
SOLID
 70
1
 71
0
 91
1
 92
3
 72
0
 73
1
 93
13
 10
-5.984666666666668
 20
-8.8574
 10
-5.971036997182296
 20
-8.960927618041007
 10
-5.931076828180443
 20
-9.0574
 10
-5.867509379141287
 20
-9.140242712474615
 10
-5.784666666666668
 20
-9.203810161513774
 10
-5.688194284707676
 20
-9.243770330515625
 10
-5.584666666666668
 20
-9.257399999999999
 10
-5.48113904862566
 20
-9.243770330515625
 10
-5.384666666666668
 20
-9.203810161513774
 10
-5.301823954192049
 20
-9.140242712474615
 10
-5.238256505152893
 20
-9.0574
 10
-5.19829633615104
 20
-8.960927618041007
 10
-5.184666666666668
 20
-8.8574
 97
0
 75
0
 76
1
 98
0
  0
LWPOLYLINE
  5
544
330
504
100
AcDbEntity
  8
G-r_bm1
100
AcDbPolyline
 90
13
 70
1
 10
-5.984666666666668
 20
-8.8574
 10
-5.971036997182296
 20
-8.960927618041007
 10
-5.931076828180443
 20
-9.0574
 10
-5.867509379141287
 20
-9.140242712474615
 10
-5.784666666666668
 20
-9.203810161513774
 10
-5.688194284707676
 20
-9.243770330515625
 10
-5.584666666666668
 20
-9.257399999999999
 10
-5.48113904862566
 20
-9.243770330515625
 10
-5.384666666666668
 20
-9.203810161513774
 10
-5.301823954192049
 20
-9.140242712474615
 10
-5.238256505152893
 20
-9.0574
 10
-5.19829633615104
 20
-8.960927618041007
 10
-5.184666666666668
 20
-8.8574
  0
HATCH
  5
545
330
504
100
AcDbEntity
  8
G-r_bm1
 62
7
420
1725046
100
AcDbHatch
 10
0.0
 20
0.0
 30
0.0
210
0.0
220
0.0
230
1.0
  2
SOLID
 70
1
 71
0
 91
1
 92
3
 72
0
 73
1
 93
4
 10
-17.718
 20
5.409266666666668
 10
-17.718
 20
-4.590733333333333
 10
-18.518
 20
-4.590733333333333
 10
-18.518
 20
5.409266666666668
 97
0
 75
0
 76
1
 98
0
  0
LWPOLYLINE
  5
546
330
504
100
AcDbEntity
  8
G-r_bm1
100
AcDbPolyline
 90
4
 70
1
 10
-17.718
 20
5.409266666666668
 10
-17.718
 20
-4.590733333333333
 10
-18.518
 20
-4.590733333333333
 10
-18.518
 20
5.409266666666668
  0
HATCH
  5
547
330
504
100
AcDbEntity
  8
G-r_bm1
 62
7
420
1725046
100
AcDbHatch
 10
0.0
 20
0.0
 30
0.0
210
0.0
220
0.0
230
1.0
  2
SOLID
 70
1
 71
0
 91
1
 92
3
 72
0
 73
1
 93
13
 10
-17.718
 20
5.409266666666668
 10
-17.731629669484374
 20
5.512794284707676
 10
-17.771589838486225
 20
5.609266666666668
 10
-17.835157287525384
 20
5.692109379141288
 10
-17.918
 20
5.755676828180444
 10
-18.014472381958992
 20
5.795636997182295
 10
-18.118000000000002
 20
5.809266666666668
 10
-18.22152761804101
 20
5.795636997182295
 10
-18.318
 20
5.755676828180444
 10
-18.40084271247462
 20
5.692109379141288
 10
-18.464410161513776
 20
5.609266666666668
 10
-18.504370330515627
 20
5.5127942847076765
 10
-18.518
 20
5.409266666666668
 97
0
 75
0
 76
1
 98
0
  0
LWPOLYLINE
  5
548
330
504
100
AcDbEntity
  8
G-r_bm1
100
AcDbPolyline
 90
13
 70
1
 10
-17.718
 20
5.409266666666668
 10
-17.731629669484374
 20
5.512794284707676
 10
-17.771589838486225
 20
5.609266666666668
 10
-17.835157287525384
 20
5.692109379141288
 10
-17.918
 20
5.755676828180444
 10
-18.014472381958992
 20
5.795636997182295
 10
-18.118000000000002
 20
5.809266666666668
 10
-18.22152761804101
 20
5.795636997182295
 10
-18.318
 20
5.755676828180444
 10
-18.40084271247462
 20
5.692109379141288
 10
-18.464410161513776
 20
5.609266666666668
 10
-18.504370330515627
 20
5.5127942847076765
 10
-18.518
 20
5.409266666666668
  0
HATCH
  5
549
330
504
100
AcDbEntity
  8
G-r_bm1
 62
7
420
1725046
100
AcDbHatch
 10
0.0
 20
0.0
 30
0.0
210
0.0
220
0.0
230
1.0
  2
SOLID
 70
1
 71
0
 91
1
 92
3
 72
0
 73
1
 93
4
 10
-18.518
 20
-7.257399999999999
 10
-18.518
 20
2.7426000000000013
 10
-17.718
 20
2.7426000000000013
 10
-17.718
 20
-7.257399999999999
 97
0
 75
0
 76
1
 98
0
  0
LWPOLYLINE
  5
54A
330
504
100
AcDbEntity
  8
G-r_bm1
100
AcDbPolyline
 90
4
 70
1
 10
-18.518
 20
-7.257399999999999
 10
-18.518
 20
2.7426000000000013
 10
-17.718
 20
2.7426000000000013
 10
-17.718
 20
-7.257399999999999
  0
HATCH
  5
54B
330
504
100
AcDbEntity
  8
G-r_bm1
 62
7
420
1725046
100
AcDbHatch
 10
0.0
 20
0.0
 30
0.0
210
0.0
220
0.0
230
1.0
  2
SOLID
 70
1
 71
0
 91
1
 92
3
 72
0
 73
1
 93
13
 10
-18.518
 20
-7.257399999999999
 10
-18.504370330515627
 20
-7.360927618041009
 10
-18.464410161513776
 20
-7.457399999999998
 10
-18.40084271247462
 20
-7.540242712474617
 10
-18.318
 20
-7.603810161513772
 10
-18.22152761804101
 20
-7.643770330515624
 10
-18.118000000000002
 20
-7.657399999999997
 10
-18.014472381958992
 20
-7.643770330515624
 10
-17.918
 20
-7.603810161513772
 10
-17.835157287525384
 20
-7.540242712474617
 10
-17.771589838486225
 20
-7.457399999999998
 10
-17.731629669484374
 20
-7.360927618041009
 10
-17.718
 20
-7.257399999999999
 97
0
 75
0
 76
1
 98
0
  0
LWPOLYLINE
  5
54C
330
504
100
AcDbEntity
  8
G-r_bm1
100
AcDbPolyline
 90
13
 70
1
 10
-18.518
 20
-7.257399999999999
 10
-18.504370330515627
 20
-7.360927618041009
 10
-18.464410161513776
 20
-7.457399999999998
 10
-18.40084271247462
 20
-7.540242712474617
 10
-18.318
 20
-7.603810161513772
 10
-18.22152761804101
 20
-7.643770330515624
 10
-18.118000000000002
 20
-7.657399999999997
 10
-18.014472381958992
 20
-7.643770330515624
 10
-17.918
 20
-7.603810161513772
 10
-17.835157287525384
 20
-7.540242712474617
 10
-17.771589838486225
 20
-7.457399999999998
 10
-17.731629669484374
 20
-7.360927618041009
 10
-17.718
 20
-7.257399999999999
  0
HATCH
  5
54D
330
504
100
AcDbEntity
  8
G-r_bm1
 62
7
420
1725046
100
AcDbHatch
 10
0.0
 20
0.0
 30
0.0
210
0.0
220
0.0
230
1.0
  2
SOLID
 70
1
 71
0
 91
1
 92
3
 72
0
 73
1
 93
4
 10
-5.184666666666668
 20
5.409266666666668
 10
-5.184666666666668
 20
-4.590733333333333
 10
-5.984666666666668
 20
-4.590733333333333
 10
-5.984666666666668
 20
5.409266666666668
 97
0
 75
0
 76
1
 98
0
  0
LWPOLYLINE
  5
54E
330
504
100
AcDbEntity
  8
G-r_bm1
100
AcDbPolyline
 90
4
 70
1
 10
-5.184666666666668
 20
5.409266666666668
 10
-5.184666666666668
 20
-4.590733333333333
 10
-5.984666666666668
 20
-4.590733333333333
 10
-5.984666666666668
 20
5.409266666666668
  0
HATCH
  5
54F
330
504
100
AcDbEntity
  8
G-r_bm1
 62
7
420
1725046
100
AcDbHatch
 10
0.0
 20
0.0
 30
0.0
210
0.0
220
0.0
230
1.0
  2
SOLID
 70
1
 71
0
 91
1
 92
3
 72
0
 73
1
 93
13
 10
-5.184666666666668
 20
5.409266666666668
 10
-5.19829633615104
 20
5.512794284707676
 10
-5.238256505152893
 20
5.609266666666668
 10
-5.301823954192049
 20
5.692109379141288
 10
-5.384666666666668
 20
5.755676828180444
 10
-5.48113904862566
 20
5.795636997182295
 10
-5.584666666666668
 20
5.809266666666668
 10
-5.688194284707676
 20
5.795636997182295
 10
-5.784666666666668
 20
5.755676828180444
 10
-5.867509379141287
 20
5.692109379141288
 10
-5.931076828180443
 20
5.609266666666668
 10
-5.971036997182296
 20
5.5127942847076765
 10
-5.984666666666668
 20
5.409266666666668
 97
0
 75
0
 76
1
 98
0
  0
LWPOLYLINE
  5
550
330
504
100
AcDbEntity
  8
G-r_bm1
100
AcDbPolyline
 90
13
 70
1
 10
-5.184666666666668
 20
5.409266666666668
 10
-5.19829633615104
 20
5.512794284707676
 10
-5.238256505152893
 20
5.609266666666668
 10
-5.301823954192049
 20
5.692109379141288
 10
-5.384666666666668
 20
5.755676828180444
 10
-5.48113904862566
 20
5.795636997182295
 10
-5.584666666666668
 20
5.809266666666668
 10
-5.688194284707676
 20
5.795636997182295
 10
-5.784666666666668
 20
5.755676828180444
 10
-5.867509379141287
 20
5.692109379141288
 10
-5.931076828180443
 20
5.609266666666668
 10
-5.971036997182296
 20
5.5127942847076765
 10
-5.984666666666668
 20
5.409266666666668
  0
HATCH
  5
551
330
504
100
AcDbEntity
  8
G-r_bm1
 62
7
420
1725046
100
AcDbHatch
 10
0.0
 20
0.0
 30
0.0
210
0.0
220
0.0
230
1.0
  2
SOLID
 70
1
 71
0
 91
1
 92
3
 72
0
 73
1
 93
4
 10
-5.984666666666668
 20
-7.257399999999999
 10
-5.984666666666668
 20
2.7426000000000013
 10
-5.184666666666668
 20
2.7426000000000013
 10
-5.184666666666668
 20
-7.257399999999999
 97
0
 75
0
 76
1
 98
0
  0
LWPOLYLINE
  5
552
330
504
100
AcDbEntity
  8
G-r_bm1
100
AcDbPolyline
 90
4
 70
1
 10
-5.984666666666668
 20
-7.257399999999999
 10
-5.984666666666668
 20
2.7426000000000013
 10
-5.184666666666668
 20
2.7426000000000013
 10
-5.184666666666668
 20
-7.257399999999999
  0
HATCH
  5
553
330
504
100
AcDbEntity
  8
G-r_bm1
 62
7
420
1725046
100
AcDbHatch
 10
0.0
 20
0.0
 30
0.0
210
0.0
220
0.0
230
1.0
  2
SOLID
 70
1
 71
0
 91
1
 92
3
 72
0
 73
1
 93
13
 10
-5.984666666666668
 20
-7.257399999999999
 10
-5.971036997182296
 20
-7.360927618041009
 10
-5.931076828180443
 20
-7.457399999999998
 10
-5.867509379141287
 20
-7.540242712474617
 10
-5.784666666666668
 20
-7.603810161513772
 10
-5.688194284707676
 20
-7.643770330515624
 10
-5.584666666666668
 20
-7.657399999999997
 10
-5.48113904862566
 20
-7.643770330515624
 10
-5.384666666666668
 20
-7.603810161513772
 10
-5.301823954192049
 20
-7.540242712474617
 10
-5.238256505152893
 20
-7.457399999999998
 10
-5.19829633615104
 20
-7.360927618041009
 10
-5.184666666666668
 20
-7.257399999999999
 97
0
 75
0
 76
1
 98
0
  0
LWPOLYLINE
  5
554
330
504
100
AcDbEntity
  8
G-r_bm1
100
AcDbPolyline
 90
13
 70
1
 10
-5.984666666666668
 20
-7.257399999999999
 10
-5.971036997182296
 20
-7.360927618041009
 10
-5.931076828180443
 20
-7.457399999999998
 10
-5.867509379141287
 20
-7.540242712474617
 10
-5.784666666666668
 20
-7.603810161513772
 10
-5.688194284707676
 20
-7.643770330515624
 10
-5.584666666666668
 20
-7.657399999999997
 10
-5.48113904862566
 20
-7.643770330515624
 10
-5.384666666666668
 20
-7.603810161513772
 10
-5.301823954192049
 20
-7.540242712474617
 10
-5.238256505152893
 20
-7.457399999999998
 10
-5.19829633615104
 20
-7.360927618041009
 10
-5.184666666666668
 20
-7.257399999999999
  0
HATCH
  5
555
330
504
100
AcDbEntity
  8
G-r_bas
 62
7
420
15105570
100
AcDbHatch
 10
0.0
 20
0.0
 30
0.0
210
0.0
220
0.0
230
1.0
  2
SOLID
 70
1
 71
0
 91
1
 92
3
 72
0
 73
1
 93
4
 10
-16.918
 20
5.409266666666668
 10
-16.918
 20
-7.5240666666666645
 10
-17.718
 20
-7.5240666666666645
 10
-17.718
 20
5.409266666666668
 97
0
 75
0
 76
1
 98
0
  0
LWPOLYLINE
  5
556
330
504
100
AcDbEntity
  8
G-r_bas
100
AcDbPolyline
 90
4
 70
1
 10
-16.918
 20
5.409266666666668
 10
-16.918
 20
-7.5240666666666645
 10
-17.718
 20
-7.5240666666666645
 10
-17.718
 20
5.409266666666668
  0
HATCH
  5
557
330
504
100
AcDbEntity
  8
G-r_bas
 62
7
420
15105570
100
AcDbHatch
 10
0.0
 20
0.0
 30
0.0
210
0.0
220
0.0
230
1.0
  2
SOLID
 70
1
 71
0
 91
1
 92
3
 72
0
 73
1
 93
13
 10
-16.918
 20
5.409266666666668
 10
-16.931629669484373
 20
5.512794284707676
 10
-16.971589838486224
 20
5.609266666666668
 10
-17.035157287525383
 20
5.692109379141288
 10
-17.118000000000002
 20
5.755676828180444
 10
-17.21447238195899
 20
5.795636997182295
 10
-17.318
 20
5.809266666666668
 10
-17.421527618041008
 20
5.795636997182295
 10
-17.518
 20
5.755676828180444
 10
-17.60084271247462
 20
5.692109379141288
 10
-17.66441016151378
 20
5.609266666666668
 10
-17.70437033051563
 20
5.5127942847076765
 10
-17.718
 20
5.409266666666668
 97
0
 75
0
 76
1
 98
0
  0
LWPOLYLINE
  5
558
330
504
100
AcDbEntity
  8
G-r_bas
100
AcDbPolyline
 90
13
 70
1
 10
-16.918
 20
5.409266666666668
 10
-16.931629669484373
 20
5.512794284707676
 10
-16.971589838486224
 20
5.609266666666668
 10
-17.035157287525383
 20
5.692109379141288
 10
-17.118000000000002
 20
5.755676828180444
 10
-17.21447238195899
 20
5.795636997182295
 10
-17.318
 20
5.809266666666668
 10
-17.421527618041008
 20
5.795636997182295
 10
-17.518
 20
5.755676828180444
 10
-17.60084271247462
 20
5.692109379141288
 10
-17.66441016151378
 20
5.609266666666668
 10
-17.70437033051563
 20
5.5127942847076765
 10
-17.718
 20
5.409266666666668
  0
HATCH
  5
559
330
504
100
AcDbEntity
  8
G-r_bas
 62
7
420
15105570
100
AcDbHatch
 10
0.0
 20
0.0
 30
0.0
210
0.0
220
0.0
230
1.0
  2
SOLID
 70
1
 71
0
 91
1
 92
3
 72
0
 73
1
 93
4
 10
-5.984666666666668
 20
5.409266666666668
 10
-5.984666666666668
 20
-7.5240666666666645
 10
-6.784666666666668
 20
-7.5240666666666645
 10
-6.784666666666668
 20
5.409266666666668
 97
0
 75
0
 76
1
 98
0
  0
LWPOLYLINE
  5
55A
330
504
100
AcDbEntity
  8
G-r_bas
100
AcDbPolyline
 90
4
 70
1
 10
-5.984666666666668
 20
5.409266666666668
 10
-5.984666666666668
 20
-7.5240666666666645
 10
-6.784666666666668
 20
-7.5240666666666645
 10
-6.784666666666668
 20
5.409266666666668
  0
HATCH
  5
55B
330
504
100
AcDbEntity
  8
G-r_bas
 62
7
420
15105570
100
AcDbHatch
 10
0.0
 20
0.0
 30
0.0
210
0.0
220
0.0
230
1.0
  2
SOLID
 70
1
 71
0
 91
1
 92
3
 72
0
 73
1
 93
13
 10
-5.984666666666668
 20
5.409266666666668
 10
-5.998296336151041
 20
5.512794284707676
 10
-6.0382565051528925
 20
5.609266666666668
 10
-6.1018239541920485
 20
5.692109379141288
 10
-6.184666666666668
 20
5.755676828180444
 10
-6.28113904862566
 20
5.795636997182295
 10
-6.384666666666668
 20
5.809266666666668
 10
-6.488194284707676
 20
5.795636997182295
 10
-6.584666666666668
 20
5.755676828180444
 10
-6.667509379141287
 20
5.692109379141288
 10
-6.731076828180443
 20
5.609266666666668
 10
-6.7710369971822955
 20
5.5127942847076765
 10
-6.784666666666668
 20
5.409266666666668
 97
0
 75
0
 76
1
 98
0
  0
LWPOLYLINE
  5
55C
330
504
100
AcDbEntity
  8
G-r_bas
100
AcDbPolyline
 90
13
 70
1
 10
-5.984666666666668
 20
5.409266666666668
 10
-5.998296336151041
 20
5.512794284707676
 10
-6.0382565051528925
 20
5.609266666666668
 10
-6.1018239541920485
 20
5.692109379141288
 10
-6.184666666666668
 20
5.755676828180444
 10
-6.28113904862566
 20
5.795636997182295
 10
-6.384666666666668
 20
5.809266666666668
 10
-6.488194284707676
 20
5.795636997182295
 10
-6.584666666666668
 20
5.755676828180444
 10
-6.667509379141287
 20
5.692109379141288
 10
-6.731076828180443
 20
5.609266666666668
 10
-6.7710369971822955
 20
5.5127942847076765
 10
-6.784666666666668
 20
5.409266666666668
  0
HATCH
  5
55D
330
504
100
AcDbEntity
  8
G-r_grout
 62
7
420
15395042
100
AcDbHatch
 10
0.0
 20
0.0
 30
0.0
210
0.0
220
0.0
230
1.0
  2
SOLID
 70
1
 71
0
 91
1
 92
3
 72
0
 73
1
 93
4
 10
-17.18466666666667
 20
-7.257399999999999
 10
-6.518000000000002
 20
-7.257399999999999
 10
-6.518000000000002
 20
10.742600000000001
 10
-17.18466666666667
 20
10.742600000000001
 97
0
 75
0
 76
1
 98
0
  0
LWPOLYLINE
  5
55E
330
504
100
AcDbEntity
  8
G-r_grout
100
AcDbPolyline
 90
4
 70
1
 10
-17.18466666666667
 20
-7.257399999999999
 10
-6.518000000000002
 20
-7.257399999999999
 10
-6.518000000000002
 20
10.742600000000001
 10
-17.18466666666667
 20
10.742600000000001
  0
HATCH
  5
55F
330
504
100
AcDbEntity
  8
G-r_eplate
 62
7
420
15068145
100
AcDbHatch
 10
0.0
 20
0.0
 30
0.0
210
0.0
220
0.0
230
1.0
  2
SOLID
 70
1
 71
0
 91
1
 92
3
 72
0
 73
1
 93
4
 10
-16.518
 20
-6.590733333333331
 10
-7.184666666666668
 20
-6.590733333333331
 10
-7.184666666666668
 20
10.742600000000001
 10
-16.518
 20
10.742600000000001
 97
0
 75
0
 76
1
 98
0
  0
LWPOLYLINE
  5
560
330
504
100
AcDbEntity
  8
G-r_eplate
100
AcDbPolyline
 90
4
 70
1
 10
-16.518
 20
-6.590733333333331
 10
-7.184666666666668
 20
-6.590733333333331
 10
-7.184666666666668
 20
10.742600000000001
 10
-16.518
 20
10.742600000000001
  0
HATCH
  5
561
330
504
100
AcDbEntity
  8
G-r_ipe
 62
7
420
15199730
100
AcDbHatch
 10
0.0
 20
0.0
 30
0.0
210
0.0
220
0.0
230
1.0
  2
SOLID
 70
1
 71
0
 91
1
 92
3
 72
0
 73
1
 93
12
 10
-15.851333333333335
 20
10.742600000000001
 10
-7.851333333333335
 20
10.742600000000001
 10
-7.851333333333335
 20
10.089266666666667
 10
-11.644666666666668
 20
10.089266666666667
 10
-11.644666666666668
 20
-4.6040666666666645
 10
-7.851333333333335
 20
-4.6040666666666645
 10
-7.851333333333335
 20
-5.257399999999999
 10
-15.851333333333335
 20
-5.257399999999999
 10
-15.851333333333335
 20
-4.6040666666666645
 10
-12.058000000000002
 20
-4.6040666666666645
 10
-12.058000000000002
 20
10.089266666666667
 10
-15.851333333333335
 20
10.089266666666667
 97
0
 75
0
 76
1
 98
0
  0
LWPOLYLINE
  5
562
330
504
100
AcDbEntity
  8
G-r_ipe
100
AcDbPolyline
 90
12
 70
1
 10
-15.851333333333335
 20
10.742600000000001
 10
-7.851333333333335
 20
10.742600000000001
 10
-7.851333333333335
 20
10.089266666666667
 10
-11.644666666666668
 20
10.089266666666667
 10
-11.644666666666668
 20
-4.6040666666666645
 10
-7.851333333333335
 20
-4.6040666666666645
 10
-7.851333333333335
 20
-5.257399999999999
 10
-15.851333333333335
 20
-5.257399999999999
 10
-15.851333333333335
 20
-4.6040666666666645
 10
-12.058000000000002
 20
-4.6040666666666645
 10
-12.058000000000002
 20
10.089266666666667
 10
-15.851333333333335
 20
10.089266666666667
  0
HATCH
  5
563
330
504
100
AcDbEntity
  8
G-r_ancg
 62
7
420
16047065
100
AcDbHatch
 10
0.0
 20
0.0
 30
0.0
210
0.0
220
0.0
230
1.0
  2
SOLID
 70
1
 71
0
 91
1
 92
1
 93
1
 72
2
 10
-14.518
 20
7.942600000000001
 40
1.0
 50
0.0
 51
360.0
 73
1
 97
0
 75
0
 76
1
 98
0
  0
CIRCLE
  5
564
330
504
100
AcDbEntity
  8
G-r_ancg
100
AcDbCircle
 10
-14.518
 20
7.942600000000001
 30
0.0
 40
1.0
  0
HATCH
  5
565
330
504
100
AcDbEntity
  8
G-r_anc
 62
7
420
12597547
100
AcDbHatch
 10
0.0
 20
0.0
 30
0.0
210
0.0
220
0.0
230
1.0
  2
SOLID
 70
1
 71
0
 91
1
 92
1
 93
1
 72
2
 10
-14.518
 20
7.942600000000001
 40
0.5333333333333333
 50
0.0
 51
360.0
 73
1
 97
0
 75
0
 76
1
 98
0
  0
CIRCLE
  5
566
330
504
100
AcDbEntity
  8
G-r_anc
100
AcDbCircle
 10
-14.518
 20
7.942600000000001
 30
0.0
 40
0.5333333333333333
  0
HATCH
  5
567
330
504
100
AcDbEntity
  8
G-r_ancg
 62
7
420
16047065
100
AcDbHatch
 10
0.0
 20
0.0
 30
0.0
210
0.0
220
0.0
230
1.0
  2
SOLID
 70
1
 71
0
 91
1
 92
1
 93
1
 72
2
 10
-9.184666666666669
 20
7.942600000000001
 40
1.0
 50
0.0
 51
360.0
 73
1
 97
0
 75
0
 76
1
 98
0
  0
CIRCLE
  5
568
330
504
100
AcDbEntity
  8
G-r_ancg
100
AcDbCircle
 10
-9.184666666666669
 20
7.942600000000001
 30
0.0
 40
1.0
  0
HATCH
  5
569
330
504
100
AcDbEntity
  8
G-r_anc
 62
7
420
12597547
100
AcDbHatch
 10
0.0
 20
0.0
 30
0.0
210
0.0
220
0.0
230
1.0
  2
SOLID
 70
1
 71
0
 91
1
 92
1
 93
1
 72
2
 10
-9.184666666666669
 20
7.942600000000001
 40
0.5333333333333333
 50
0.0
 51
360.0
 73
1
 97
0
 75
0
 76
1
 98
0
  0
CIRCLE
  5
56A
330
504
100
AcDbEntity
  8
G-r_anc
100
AcDbCircle
 10
-9.184666666666669
 20
7.942600000000001
 30
0.0
 40
0.5333333333333333
  0
HATCH
  5
56B
330
504
100
AcDbEntity
  8
G-r_ancg
 62
7
420
16047065
100
AcDbHatch
 10
0.0
 20
0.0
 30
0.0
210
0.0
220
0.0
230
1.0
  2
SOLID
 70
1
 71
0
 91
1
 92
1
 93
1
 72
2
 10
-14.518
 20
-2.457399999999998
 40
1.0
 50
0.0
 51
360.0
 73
1
 97
0
 75
0
 76
1
 98
0
  0
CIRCLE
  5
56C
330
504
100
AcDbEntity
  8
G-r_ancg
100
AcDbCircle
 10
-14.518
 20
-2.457399999999998
 30
0.0
 40
1.0
  0
HATCH
  5
56D
330
504
100
AcDbEntity
  8
G-r_anc
 62
7
420
12597547
100
AcDbHatch
 10
0.0
 20
0.0
 30
0.0
210
0.0
220
0.0
230
1.0
  2
SOLID
 70
1
 71
0
 91
1
 92
1
 93
1
 72
2
 10
-14.518
 20
-2.457399999999998
 40
0.5333333333333333
 50
0.0
 51
360.0
 73
1
 97
0
 75
0
 76
1
 98
0
  0
CIRCLE
  5
56E
330
504
100
AcDbEntity
  8
G-r_anc
100
AcDbCircle
 10
-14.518
 20
-2.457399999999998
 30
0.0
 40
0.5333333333333333
  0
HATCH
  5
56F
330
504
100
AcDbEntity
  8
G-r_ancg
 62
7
420
16047065
100
AcDbHatch
 10
0.0
 20
0.0
 30
0.0
210
0.0
220
0.0
230
1.0
  2
SOLID
 70
1
 71
0
 91
1
 92
1
 93
1
 72
2
 10
-9.184666666666669
 20
-2.457399999999998
 40
1.0
 50
0.0
 51
360.0
 73
1
 97
0
 75
0
 76
1
 98
0
  0
CIRCLE
  5
570
330
504
100
AcDbEntity
  8
G-r_ancg
100
AcDbCircle
 10
-9.184666666666669
 20
-2.457399999999998
 30
0.0
 40
1.0
  0
HATCH
  5
571
330
504
100
AcDbEntity
  8
G-r_anc
 62
7
420
12597547
100
AcDbHatch
 10
0.0
 20
0.0
 30
0.0
210
0.0
220
0.0
230
1.0
  2
SOLID
 70
1
 71
0
 91
1
 92
1
 93
1
 72
2
 10
-9.184666666666669
 20
-2.457399999999998
 40
0.5333333333333333
 50
0.0
 51
360.0
 73
1
 97
0
 75
0
 76
1
 98
0
  0
CIRCLE
  5
572
330
504
100
AcDbEntity
  8
G-r_anc
100
AcDbCircle
 10
-9.184666666666669
 20
-2.457399999999998
 30
0.0
 40
0.5333333333333333
  0
TEXT
  5
573
330
504
100
AcDbEntity
  8
T-label
 62
49
420
2236962
100
AcDbText
 10
-11.851333333333335
 20
19.742600000000003
 30
0.0
 40
2.286
  1
columna
  7
ESTANDAR
 41
0.885
 72
1
 11
-11.851333333333335
 21
19.742600000000003
 31
0.0
100
AcDbText
  0
TEXT
  5
574
330
504
100
AcDbEntity
  8
T-label
 62
49
420
2236962
100
AcDbText
 10
-32.518
 20
12.742600000000001
 30
0.0
 40
2.286
  1
VCS
  7
ESTANDAR
 41
0.885
 72
1
 11
-32.518
 21
12.742600000000001
 31
0.0
100
AcDbText
  0
TEXT
  5
575
330
504
100
AcDbEntity
  8
T-label
 62
49
420
2236962
100
AcDbText
 10
8.815333333333333
 20
12.742600000000001
 30
0.0
 40
2.286
  1
VCS
  7
ESTANDAR
 41
0.885
 72
1
 11
8.815333333333333
 21
12.742600000000001
 31
0.0
100
AcDbText
  0
TEXT
  5
576
330
504
100
AcDbEntity
  8
T-tie
 62
195
420
5975151
100
AcDbText
 10
17.482
 20
6.742600000000001
 30
0.0
 40
2.286
  1
Estribos Ø10 del nudo
  7
NEGRITA
 41
0.885
 11
17.482
 21
6.742600000000001
 31
0.0
100
AcDbText
  0
TEXT
  5
577
330
504
100
AcDbEntity
  8
T-tie
 62
195
420
5975151
100
AcDbText
 10
17.482
 20
2.7738500000000013
 30
0.0
 40
2.286
  1
cada 75 aprox.
  7
NEGRITA
 41
0.885
 11
17.482
 21
2.7738500000000013
 31
0.0
100
AcDbText
  0
TEXT
  5
578
330
504
100
AcDbEntity
  8
T-tie
 62
195
420
5975151
100
AcDbText
 10
17.482
 20
-1.1948999999999987
 30
0.0
 40
2.286
  1
(110, 155, 230, 305);
  7
NEGRITA
 41
0.885
 11
17.482
 21
-1.1948999999999987
 31
0.0
100
AcDbText
  0
TEXT
  5
579
330
504
100
AcDbEntity
  8
T-tie
 62
195
420
5975151
100
AcDbText
 10
17.482
 20
-5.163649999999999
 30
0.0
 40
2.286
  1
± 20 para acomodar
  7
NEGRITA
 41
0.885
 11
17.482
 21
-5.163649999999999
 31
0.0
100
AcDbText
  0
TEXT
  5
57A
330
504
100
AcDbEntity
  8
T-tie
 62
195
420
5975151
100
AcDbText
 10
17.482
 20
-9.132399999999999
 30
0.0
 40
2.286
  1
las barras longitudinales
  7
NEGRITA
 41
0.885
 11
17.482
 21
-9.132399999999999
 31
0.0
100
AcDbText
  0
TEXT
  5
57B
330
504
100
AcDbEntity
  8
T-small
 62
47
420
4473924
100
AcDbText
 10
17.482
 20
-11.257399999999999
 30
0.0
 40
2.286
  1
P2 (después)
  7
ESTANDAR
 41
0.885
 11
17.482
 21
-11.257399999999999
 31
0.0
100
AcDbText
  0
DIMENSION
  5
57C
330
504
100
AcDbEntity
  8
COTAS
100
AcDbDimension
280
0
  2
*D31
  3
COTAS_PAPEL
 10
-14.518
 20
-11.257399999999999
 30
0.0
 11
-11.851333333333335
 21
-9.742999999999999
 31
0.0
 70
32
 71
5
  1
80
100
AcDbAlignedDimension
 13
-14.518
 23
-6.590733333333331
 33
0.0
 14
-9.184666666666669
 24
-6.590733333333331
 34
0.0
 50
0.0
100
AcDbRotatedDimension
  0
DIMENSION
  5
57D
330
504
100
AcDbEntity
  8
COTAS
100
AcDbDimension
280
0
  2
*D32
  3
COTAS_PAPEL
 10
-16.518
 20
-16.590733333333333
 30
0.0
 11
-11.851333333333335
 21
-15.076333333333332
 31
0.0
 70
32
 71
5
  1
140
100
AcDbAlignedDimension
 13
-16.518
 23
-6.590733333333331
 33
0.0
 14
-7.184666666666668
 24
-6.590733333333331
 34
0.0
 50
0.0
100
AcDbRotatedDimension
  0
DIMENSION
  5
57E
330
504
100
AcDbEntity
  8
COTAS
100
AcDbDimension
280
0
  2
*D33
  3
COTAS_PAPEL
 10
-17.318
 20
-21.92406666666666
 30
0.0
 11
-11.851333333333335
 21
-20.409666666666663
 31
0.0
 70
32
 71
5
  1
164
100
AcDbAlignedDimension
 13
-17.318
 23
-21.92406666666666
 33
0.0
 14
-6.384666666666668
 24
-21.92406666666666
 34
0.0
 50
0.0
100
AcDbRotatedDimension
  0
DIMENSION
  5
57F
330
504
100
AcDbEntity
  8
COTAS
100
AcDbDimension
280
0
  2
*D34
  3
COTAS_PAPEL
 10
-21.18466666666667
 20
10.742600000000001
 30
0.0
 11
-19.67026666666667
 21
8.075933333333335
 31
0.0
 70
32
 71
5
  1
80
100
AcDbAlignedDimension
 13
-25.18466666666667
 23
10.742600000000001
 33
0.0
 14
-25.18466666666667
 24
5.409266666666668
 34
0.0
 50
-90.0
100
AcDbRotatedDimension
  0
DIMENSION
  5
580
330
504
100
AcDbEntity
  8
COTAS
100
AcDbDimension
280
0
  2
*D35
  3
COTAS_PAPEL
 10
-25.18466666666667
 20
21.075933333333335
 30
0.0
 11
-11.851333333333335
 21
22.590333333333334
 31
0.0
 70
32
 71
5
  1
400
100
AcDbAlignedDimension
 13
-25.18466666666667
 23
17.742600000000003
 33
0.0
 14
1.4819999999999993
 24
17.742600000000003
 34
0.0
 50
0.0
100
AcDbRotatedDimension
  0
DIMENSION
  5
581
330
504
100
AcDbEntity
  8
COTAS
100
AcDbDimension
280
0
  2
*D36
  3
COTAS_PAPEL
 10
-43.184666666666665
 20
10.742600000000001
 30
0.0
 11
-44.69906666666667
 21
14.242600000000003
 31
0.0
 70
32
 71
5
  1
105
100
AcDbAlignedDimension
 13
-39.851333333333336
 23
10.742600000000001
 33
0.0
 14
-39.851333333333336
 24
17.742600000000003
 34
0.0
 50
90.0
100
AcDbRotatedDimension
  0
ENDBLK
  5
506
330
504
100
AcDbEntity
  8
0
100
AcDbBlockEnd
  0
BLOCK
  5
583
330
582
100
AcDbEntity
  8
0
100
AcDbBlockBegin
  2
*D31
 70
1
 10
0.0
 20
0.0
 30
0.0
  3
*D31
  1

  0
LINE
  5
585
330
582
100
AcDbEntity
  8
0
 62
8
370
13
100
AcDbLine
 10
-14.518
 20
-7.119899999999998
 30
0.0
 11
-14.518
 21
-12.139344444444443
 31
0.0
  0
LINE
  5
586
330
582
100
AcDbEntity
  8
0
 62
8
370
13
100
AcDbLine
 10
-9.184666666666669
 20
-7.119899999999998
 30
0.0
 11
-9.184666666666669
 21
-12.139344444444443
 31
0.0
  0
INSERT
  5
587
330
582
100
AcDbEntity
  8
COTAS
 62
8
100
AcDbBlockReference
  2
_OBLIQUE
 10
-14.518
 20
-11.257399999999999
 30
0.0
 41
2.188633333333333
 42
2.188633333333333
  0
INSERT
  5
589
330
582
100
AcDbEntity
  8
COTAS
 62
8
100
AcDbBlockReference
  2
_OBLIQUE
 10
-9.184666666666669
 20
-11.257399999999999
 30
0.0
 41
2.188633333333333
 42
2.188633333333333
  0
LINE
  5
58B
330
582
100
AcDbEntity
  8
0
 62
8
370
15
100
AcDbLine
 10
-14.518
 20
-11.257399999999999
 30
0.0
 11
-9.184666666666669
 21
-11.257399999999999
 31
0.0
  0
MTEXT
  5
58C
330
582
100
AcDbEntity
  8
COTAS
 62
250
100
AcDbMText
 10
-11.851333333333335
 20
-9.742999999999999
 30
0.0
 40
1.8288
 71
5
  1
80
  7
ESTANDAR
  0
POINT
  5
58D
330
582
100
AcDbEntity
  8
Defpoints
100
AcDbPoint
 10
-14.518
 20
-11.257399999999999
 30
0.0
  0
POINT
  5
58E
330
582
100
AcDbEntity
  8
Defpoints
100
AcDbPoint
 10
-14.518
 20
-6.590733333333331
 30
0.0
  0
POINT
  5
58F
330
582
100
AcDbEntity
  8
Defpoints
100
AcDbPoint
 10
-9.184666666666669
 20
-6.590733333333331
 30
0.0
  0
ENDBLK
  5
584
330
582
100
AcDbEntity
  8
0
100
AcDbBlockEnd
  0
BLOCK
  5
591
330
590
100
AcDbEntity
  8
0
100
AcDbBlockBegin
  2
*D32
 70
1
 10
0.0
 20
0.0
 30
0.0
  3
*D32
  1

  0
LINE
  5
593
330
590
100
AcDbEntity
  8
0
 62
8
370
13
100
AcDbLine
 10
-16.518
 20
-7.119899999999998
 30
0.0
 11
-16.518
 21
-17.472677777777776
 31
0.0
  0
LINE
  5
594
330
590
100
AcDbEntity
  8
0
 62
8
370
13
100
AcDbLine
 10
-7.184666666666668
 20
-7.119899999999998
 30
0.0
 11
-7.184666666666668
 21
-17.472677777777776
 31
0.0
  0
INSERT
  5
595
330
590
100
AcDbEntity
  8
COTAS
 62
8
100
AcDbBlockReference
  2
_OBLIQUE
 10
-16.518
 20
-16.590733333333333
 30
0.0
 41
2.188633333333333
 42
2.188633333333333
  0
INSERT
  5
597
330
590
100
AcDbEntity
  8
COTAS
 62
8
100
AcDbBlockReference
  2
_OBLIQUE
 10
-7.184666666666668
 20
-16.590733333333333
 30
0.0
 41
2.188633333333333
 42
2.188633333333333
  0
LINE
  5
599
330
590
100
AcDbEntity
  8
0
 62
8
370
15
100
AcDbLine
 10
-16.518
 20
-16.590733333333333
 30
0.0
 11
-7.184666666666668
 21
-16.590733333333333
 31
0.0
  0
MTEXT
  5
59A
330
590
100
AcDbEntity
  8
COTAS
 62
250
100
AcDbMText
 10
-11.851333333333335
 20
-15.076333333333332
 30
0.0
 40
1.8288
 71
5
  1
140
  7
ESTANDAR
  0
POINT
  5
59B
330
590
100
AcDbEntity
  8
Defpoints
100
AcDbPoint
 10
-16.518
 20
-16.590733333333333
 30
0.0
  0
POINT
  5
59C
330
590
100
AcDbEntity
  8
Defpoints
100
AcDbPoint
 10
-16.518
 20
-6.590733333333331
 30
0.0
  0
POINT
  5
59D
330
590
100
AcDbEntity
  8
Defpoints
100
AcDbPoint
 10
-7.184666666666668
 20
-6.590733333333331
 30
0.0
  0
ENDBLK
  5
592
330
590
100
AcDbEntity
  8
0
100
AcDbBlockEnd
  0
BLOCK
  5
59F
330
59E
100
AcDbEntity
  8
0
100
AcDbBlockBegin
  2
*D33
 70
1
 10
0.0
 20
0.0
 30
0.0
  3
*D33
  1

  0
LINE
  5
5A1
330
59E
100
AcDbEntity
  8
0
 62
8
370
13
100
AcDbLine
 10
-17.318
 20
-21.394899999999996
 30
0.0
 11
-17.318
 21
-21.04212222222222
 31
0.0
  0
LINE
  5
5A2
330
59E
100
AcDbEntity
  8
0
 62
8
370
13
100
AcDbLine
 10
-6.384666666666668
 20
-21.394899999999996
 30
0.0
 11
-6.384666666666668
 21
-21.04212222222222
 31
0.0
  0
INSERT
  5
5A3
330
59E
100
AcDbEntity
  8
COTAS
 62
8
100
AcDbBlockReference
  2
_OBLIQUE
 10
-17.318
 20
-21.92406666666666
 30
0.0
 41
2.188633333333333
 42
2.188633333333333
  0
INSERT
  5
5A5
330
59E
100
AcDbEntity
  8
COTAS
 62
8
100
AcDbBlockReference
  2
_OBLIQUE
 10
-6.384666666666668
 20
-21.92406666666666
 30
0.0
 41
2.188633333333333
 42
2.188633333333333
  0
LINE
  5
5A7
330
59E
100
AcDbEntity
  8
0
 62
8
370
15
100
AcDbLine
 10
-17.318
 20
-21.92406666666666
 30
0.0
 11
-6.384666666666668
 21
-21.92406666666666
 31
0.0
  0
MTEXT
  5
5A8
330
59E
100
AcDbEntity
  8
COTAS
 62
250
100
AcDbMText
 10
-11.851333333333335
 20
-20.409666666666663
 30
0.0
 40
1.8288
 71
5
  1
164
  7
ESTANDAR
  0
POINT
  5
5A9
330
59E
100
AcDbEntity
  8
Defpoints
100
AcDbPoint
 10
-17.318
 20
-21.92406666666666
 30
0.0
  0
POINT
  5
5AA
330
59E
100
AcDbEntity
  8
Defpoints
100
AcDbPoint
 10
-17.318
 20
-21.92406666666666
 30
0.0
  0
POINT
  5
5AB
330
59E
100
AcDbEntity
  8
Defpoints
100
AcDbPoint
 10
-6.384666666666668
 20
-21.92406666666666
 30
0.0
  0
ENDBLK
  5
5A0
330
59E
100
AcDbEntity
  8
0
100
AcDbBlockEnd
  0
BLOCK
  5
5AD
330
5AC
100
AcDbEntity
  8
0
100
AcDbBlockBegin
  2
*D34
 70
1
 10
0.0
 20
0.0
 30
0.0
  3
*D34
  1

  0
LINE
  5
5AF
330
5AC
100
AcDbEntity
  8
0
 62
8
370
13
100
AcDbLine
 10
-24.655500000000004
 20
10.742600000000001
 30
0.0
 11
-20.302722222222226
 21
10.742600000000001
 31
0.0
  0
LINE
  5
5B0
330
5AC
100
AcDbEntity
  8
0
 62
8
370
13
100
AcDbLine
 10
-24.655500000000004
 20
5.409266666666668
 30
0.0
 11
-20.302722222222226
 21
5.409266666666668
 31
0.0
  0
INSERT
  5
5B1
330
5AC
100
AcDbEntity
  8
COTAS
 62
8
100
AcDbBlockReference
  2
_OBLIQUE
 10
-21.18466666666667
 20
10.742600000000001
 30
0.0
 41
2.188633333333333
 42
2.188633333333333
 50
-90.0
  0
INSERT
  5
5B3
330
5AC
100
AcDbEntity
  8
COTAS
 62
8
100
AcDbBlockReference
  2
_OBLIQUE
 10
-21.18466666666667
 20
5.409266666666668
 30
0.0
 41
2.188633333333333
 42
2.188633333333333
 50
-90.0
  0
LINE
  5
5B5
330
5AC
100
AcDbEntity
  8
0
 62
8
370
15
100
AcDbLine
 10
-21.18466666666667
 20
10.742600000000001
 30
0.0
 11
-21.18466666666667
 21
5.409266666666668
 31
0.0
  0
MTEXT
  5
5B6
330
5AC
100
AcDbEntity
  8
COTAS
 62
250
100
AcDbMText
 10
-19.67026666666667
 20
8.075933333333335
 30
0.0
 40
1.8288
 71
5
  1
80
  7
ESTANDAR
 50
-90.0
  0
POINT
  5
5B7
330
5AC
100
AcDbEntity
  8
Defpoints
100
AcDbPoint
 10
-21.18466666666667
 20
10.742600000000001
 30
0.0
  0
POINT
  5
5B8
330
5AC
100
AcDbEntity
  8
Defpoints
100
AcDbPoint
 10
-25.18466666666667
 20
10.742600000000001
 30
0.0
  0
POINT
  5
5B9
330
5AC
100
AcDbEntity
  8
Defpoints
100
AcDbPoint
 10
-25.18466666666667
 20
5.409266666666668
 30
0.0
  0
ENDBLK
  5
5AE
330
5AC
100
AcDbEntity
  8
0
100
AcDbBlockEnd
  0
BLOCK
  5
5BB
330
5BA
100
AcDbEntity
  8
0
100
AcDbBlockBegin
  2
*D35
 70
1
 10
0.0
 20
0.0
 30
0.0
  3
*D35
  1

  0
LINE
  5
5BD
330
5BA
100
AcDbEntity
  8
0
 62
8
370
13
100
AcDbLine
 10
-25.18466666666667
 20
18.271766666666668
 30
0.0
 11
-25.18466666666667
 21
21.957877777777778
 31
0.0
  0
LINE
  5
5BE
330
5BA
100
AcDbEntity
  8
0
 62
8
370
13
100
AcDbLine
 10
1.4819999999999993
 20
18.271766666666668
 30
0.0
 11
1.4819999999999993
 21
21.957877777777778
 31
0.0
  0
INSERT
  5
5BF
330
5BA
100
AcDbEntity
  8
COTAS
 62
8
100
AcDbBlockReference
  2
_OBLIQUE
 10
-25.18466666666667
 20
21.075933333333335
 30
0.0
 41
2.188633333333333
 42
2.188633333333333
  0
INSERT
  5
5C1
330
5BA
100
AcDbEntity
  8
COTAS
 62
8
100
AcDbBlockReference
  2
_OBLIQUE
 10
1.4819999999999993
 20
21.075933333333335
 30
0.0
 41
2.188633333333333
 42
2.188633333333333
  0
LINE
  5
5C3
330
5BA
100
AcDbEntity
  8
0
 62
8
370
15
100
AcDbLine
 10
-25.18466666666667
 20
21.075933333333335
 30
0.0
 11
1.4819999999999993
 21
21.075933333333335
 31
0.0
  0
MTEXT
  5
5C4
330
5BA
100
AcDbEntity
  8
COTAS
 62
250
100
AcDbMText
 10
-11.851333333333335
 20
22.590333333333334
 30
0.0
 40
1.8288
 71
5
  1
400
  7
ESTANDAR
  0
POINT
  5
5C5
330
5BA
100
AcDbEntity
  8
Defpoints
100
AcDbPoint
 10
-25.18466666666667
 20
21.075933333333335
 30
0.0
  0
POINT
  5
5C6
330
5BA
100
AcDbEntity
  8
Defpoints
100
AcDbPoint
 10
-25.18466666666667
 20
17.742600000000003
 30
0.0
  0
POINT
  5
5C7
330
5BA
100
AcDbEntity
  8
Defpoints
100
AcDbPoint
 10
1.4819999999999993
 20
17.742600000000003
 30
0.0
  0
ENDBLK
  5
5BC
330
5BA
100
AcDbEntity
  8
0
100
AcDbBlockEnd
  0
BLOCK
  5
5C9
330
5C8
100
AcDbEntity
  8
0
100
AcDbBlockBegin
  2
*D36
 70
1
 10
0.0
 20
0.0
 30
0.0
  3
*D36
  1

  0
LINE
  5
5CB
330
5C8
100
AcDbEntity
  8
0
 62
8
370
13
100
AcDbLine
 10
-40.380500000000005
 20
10.742600000000001
 30
0.0
 11
-44.06661111111111
 21
10.742600000000001
 31
0.0
  0
LINE
  5
5CC
330
5C8
100
AcDbEntity
  8
0
 62
8
370
13
100
AcDbLine
 10
-40.380500000000005
 20
17.742600000000003
 30
0.0
 11
-44.06661111111111
 21
17.742600000000003
 31
0.0
  0
INSERT
  5
5CD
330
5C8
100
AcDbEntity
  8
COTAS
 62
8
100
AcDbBlockReference
  2
_OBLIQUE
 10
-43.184666666666665
 20
10.742600000000001
 30
0.0
 41
2.188633333333333
 42
2.188633333333333
 50
90.0
  0
INSERT
  5
5CF
330
5C8
100
AcDbEntity
  8
COTAS
 62
8
100
AcDbBlockReference
  2
_OBLIQUE
 10
-43.184666666666665
 20
17.742600000000003
 30
0.0
 41
2.188633333333333
 42
2.188633333333333
 50
90.0
  0
LINE
  5
5D1
330
5C8
100
AcDbEntity
  8
0
 62
8
370
15
100
AcDbLine
 10
-43.184666666666665
 20
10.742600000000001
 30
0.0
 11
-43.184666666666665
 21
17.742600000000003
 31
0.0
  0
MTEXT
  5
5D2
330
5C8
100
AcDbEntity
  8
COTAS
 62
250
100
AcDbMText
 10
-44.69906666666667
 20
14.242600000000003
 30
0.0
 40
1.8288
 71
5
  1
105
  7
ESTANDAR
 50
90.0
  0
POINT
  5
5D3
330
5C8
100
AcDbEntity
  8
Defpoints
100
AcDbPoint
 10
-43.184666666666665
 20
10.742600000000001
 30
0.0
  0
POINT
  5
5D4
330
5C8
100
AcDbEntity
  8
Defpoints
100
AcDbPoint
 10
-39.851333333333336
 20
10.742600000000001
 30
0.0
  0
POINT
  5
5D5
330
5C8
100
AcDbEntity
  8
Defpoints
100
AcDbPoint
 10
-39.851333333333336
 20
17.742600000000003
 30
0.0
  0
ENDBLK
  5
5CA
330
5C8
100
AcDbEntity
  8
0
100
AcDbBlockEnd
  0
BLOCK
  5
5D9
330
5D8
100
AcDbEntity
  8
0
100
AcDbBlockBegin
  2
DET_07_detalle-2-3-c4-planta-a-la-altura-de-los-a1
 70
0
 10
0.0
 20
0.0
 30
0.0
  3
DET_07_detalle-2-3-c4-planta-a-la-altura-de-los-a1
  1

  0
HATCH
  5
5DE
330
5D8
100
AcDbEntity
  8
G-r_conc
 62
7
420
16118767
100
AcDbHatch
 10
0.0
 20
0.0
 30
0.0
210
0.0
220
0.0
230
1.0
  2
SOLID
 70
1
 71
0
 91
1
 92
3
 72
0
 73
1
 93
4
 10
-10.0
 20
-29.575000000000003
 10
10.0
 20
-29.575000000000003
 10
10.0
 20
-9.575000000000003
 10
-10.0
 20
-9.575000000000003
 97
0
 75
0
 76
1
 98
0
  0
LWPOLYLINE
  5
5DF
330
5D8
100
AcDbEntity
  8
G-r_conc
100
AcDbPolyline
 90
4
 70
1
 10
-10.0
 20
-29.575000000000003
 10
10.0
 20
-29.575000000000003
 10
10.0
 20
-9.575000000000003
 10
-10.0
 20
-9.575000000000003
  0
HATCH
  5
5E0
330
5D8
100
AcDbEntity
  8
G-r_conc
 62
7
420
16118767
100
AcDbHatch
 10
0.0
 20
0.0
 30
0.0
210
0.0
220
0.0
230
1.0
  2
SOLID
 70
1
 71
0
 91
1
 92
3
 72
0
 73
1
 93
4
 10
-7.5
 20
-9.575000000000003
 10
7.5
 20
-9.575000000000003
 10
7.5
 20
40.425
 10
-7.5
 20
40.425
 97
0
 75
0
 76
1
 98
0
  0
LWPOLYLINE
  5
5E1
330
5D8
100
AcDbEntity
  8
G-r_conc
100
AcDbPolyline
 90
4
 70
1
 10
-7.5
 20
-9.575000000000003
 10
7.5
 20
-9.575000000000003
 10
7.5
 20
40.425
 10
-7.5
 20
40.425
  0
HATCH
  5
5E2
330
5D8
100
AcDbEntity
  8
G-r_conc
 62
7
420
16118767
100
AcDbHatch
 10
0.0
 20
0.0
 30
0.0
210
0.0
220
0.0
230
1.0
  2
SOLID
 70
1
 71
0
 91
1
 92
3
 72
0
 73
1
 93
4
 10
-10.0
 20
-27.075000000000003
 10
-22.5
 20
-27.075000000000003
 10
-22.5
 20
-12.075000000000003
 10
-10.0
 20
-12.075000000000003
 97
0
 75
0
 76
1
 98
0
  0
LWPOLYLINE
  5
5E3
330
5D8
100
AcDbEntity
  8
G-r_conc
100
AcDbPolyline
 90
4
 70
1
 10
-10.0
 20
-27.075000000000003
 10
-22.5
 20
-27.075000000000003
 10
-22.5
 20
-12.075000000000003
 10
-10.0
 20
-12.075000000000003
  0
HATCH
  5
5E4
330
5D8
100
AcDbEntity
  8
G-r_conc
 62
7
420
16118767
100
AcDbHatch
 10
0.0
 20
0.0
 30
0.0
210
0.0
220
0.0
230
1.0
  2
SOLID
 70
1
 71
0
 91
1
 92
3
 72
0
 73
1
 93
4
 10
10.0
 20
-27.075000000000003
 10
22.5
 20
-27.075000000000003
 10
22.5
 20
-12.075000000000003
 10
10.0
 20
-12.075000000000003
 97
0
 75
0
 76
1
 98
0
  0
LWPOLYLINE
  5
5E5
330
5D8
100
AcDbEntity
  8
G-r_conc
100
AcDbPolyline
 90
4
 70
1
 10
10.0
 20
-27.075000000000003
 10
22.5
 20
-27.075000000000003
 10
22.5
 20
-12.075000000000003
 10
10.0
 20
-12.075000000000003
  0
HATCH
  5
5E6
330
5D8
100
AcDbEntity
  8
G-r_col
 62
7
420
15326919
100
AcDbHatch
 10
0.0
 20
0.0
 30
0.0
210
0.0
220
0.0
230
1.0
  2
SOLID
 70
1
 71
0
 91
1
 92
1
 93
1
 72
2
 10
-7.1000000000000005
 20
-26.675000000000004
 40
0.4
 50
0.0
 51
360.0
 73
1
 97
0
 75
0
 76
1
 98
0
  0
CIRCLE
  5
5E7
330
5D8
100
AcDbEntity
  8
G-r_col
100
AcDbCircle
 10
-7.1000000000000005
 20
-26.675000000000004
 30
0.0
 40
0.4
  0
HATCH
  5
5E8
330
5D8
100
AcDbEntity
  8
G-r_col
 62
7
420
15326919
100
AcDbHatch
 10
0.0
 20
0.0
 30
0.0
210
0.0
220
0.0
230
1.0
  2
SOLID
 70
1
 71
0
 91
1
 92
1
 93
1
 72
2
 10
-7.1000000000000005
 20
-19.575000000000003
 40
0.4
 50
0.0
 51
360.0
 73
1
 97
0
 75
0
 76
1
 98
0
  0
CIRCLE
  5
5E9
330
5D8
100
AcDbEntity
  8
G-r_col
100
AcDbCircle
 10
-7.1000000000000005
 20
-19.575000000000003
 30
0.0
 40
0.4
  0
HATCH
  5
5EA
330
5D8
100
AcDbEntity
  8
G-r_col
 62
7
420
15326919
100
AcDbHatch
 10
0.0
 20
0.0
 30
0.0
210
0.0
220
0.0
230
1.0
  2
SOLID
 70
1
 71
0
 91
1
 92
1
 93
1
 72
2
 10
-7.1000000000000005
 20
-12.475000000000001
 40
0.4
 50
0.0
 51
360.0
 73
1
 97
0
 75
0
 76
1
 98
0
  0
CIRCLE
  5
5EB
330
5D8
100
AcDbEntity
  8
G-r_col
100
AcDbCircle
 10
-7.1000000000000005
 20
-12.475000000000001
 30
0.0
 40
0.4
  0
HATCH
  5
5EC
330
5D8
100
AcDbEntity
  8
G-r_col
 62
7
420
15326919
100
AcDbHatch
 10
0.0
 20
0.0
 30
0.0
210
0.0
220
0.0
230
1.0
  2
SOLID
 70
1
 71
0
 91
1
 92
1
 93
1
 72
2
 10
0.0
 20
-26.675000000000004
 40
0.4
 50
0.0
 51
360.0
 73
1
 97
0
 75
0
 76
1
 98
0
  0
CIRCLE
  5
5ED
330
5D8
100
AcDbEntity
  8
G-r_col
100
AcDbCircle
 10
0.0
 20
-26.675000000000004
 30
0.0
 40
0.4
  0
HATCH
  5
5EE
330
5D8
100
AcDbEntity
  8
G-r_col
 62
7
420
15326919
100
AcDbHatch
 10
0.0
 20
0.0
 30
0.0
210
0.0
220
0.0
230
1.0
  2
SOLID
 70
1
 71
0
 91
1
 92
1
 93
1
 72
2
 10
0.0
 20
-12.475000000000001
 40
0.4
 50
0.0
 51
360.0
 73
1
 97
0
 75
0
 76
1
 98
0
  0
CIRCLE
  5
5EF
330
5D8
100
AcDbEntity
  8
G-r_col
100
AcDbCircle
 10
0.0
 20
-12.475000000000001
 30
0.0
 40
0.4
  0
HATCH
  5
5F0
330
5D8
100
AcDbEntity
  8
G-r_col
 62
7
420
15326919
100
AcDbHatch
 10
0.0
 20
0.0
 30
0.0
210
0.0
220
0.0
230
1.0
  2
SOLID
 70
1
 71
0
 91
1
 92
1
 93
1
 72
2
 10
7.1000000000000005
 20
-26.675000000000004
 40
0.4
 50
0.0
 51
360.0
 73
1
 97
0
 75
0
 76
1
 98
0
  0
CIRCLE
  5
5F1
330
5D8
100
AcDbEntity
  8
G-r_col
100
AcDbCircle
 10
7.1000000000000005
 20
-26.675000000000004
 30
0.0
 40
0.4
  0
HATCH
  5
5F2
330
5D8
100
AcDbEntity
  8
G-r_col
 62
7
420
15326919
100
AcDbHatch
 10
0.0
 20
0.0
 30
0.0
210
0.0
220
0.0
230
1.0
  2
SOLID
 70
1
 71
0
 91
1
 92
1
 93
1
 72
2
 10
7.1000000000000005
 20
-19.575000000000003
 40
0.4
 50
0.0
 51
360.0
 73
1
 97
0
 75
0
 76
1
 98
0
  0
CIRCLE
  5
5F3
330
5D8
100
AcDbEntity
  8
G-r_col
100
AcDbCircle
 10
7.1000000000000005
 20
-19.575000000000003
 30
0.0
 40
0.4
  0
HATCH
  5
5F4
330
5D8
100
AcDbEntity
  8
G-r_col
 62
7
420
15326919
100
AcDbHatch
 10
0.0
 20
0.0
 30
0.0
210
0.0
220
0.0
230
1.0
  2
SOLID
 70
1
 71
0
 91
1
 92
1
 93
1
 72
2
 10
7.1000000000000005
 20
-12.475000000000001
 40
0.4
 50
0.0
 51
360.0
 73
1
 97
0
 75
0
 76
1
 98
0
  0
CIRCLE
  5
5F5
330
5D8
100
AcDbEntity
  8
G-r_col
100
AcDbCircle
 10
7.1000000000000005
 20
-12.475000000000001
 30
0.0
 40
0.4
  0
HATCH
  5
5F6
330
5D8
100
AcDbEntity
  8
G-r_rod
 62
7
420
12902104
100
AcDbHatch
 10
0.0
 20
0.0
 30
0.0
210
0.0
220
0.0
230
1.0
  2
SOLID
 70
1
 71
0
 91
1
 92
1
 93
1
 72
2
 10
-5.0
 20
-24.575000000000003
 40
0.30000000000000004
 50
0.0
 51
360.0
 73
1
 97
0
 75
0
 76
1
 98
0
  0
CIRCLE
  5
5F7
330
5D8
100
AcDbEntity
  8
G-r_rod
100
AcDbCircle
 10
-5.0
 20
-24.575000000000003
 30
0.0
 40
0.30000000000000004
  0
HATCH
  5
5F8
330
5D8
100
AcDbEntity
  8
G-r_rod
 62
7
420
12902104
100
AcDbHatch
 10
0.0
 20
0.0
 30
0.0
210
0.0
220
0.0
230
1.0
  2
SOLID
 70
1
 71
0
 91
1
 92
1
 93
1
 72
2
 10
-5.0
 20
-14.575000000000003
 40
0.30000000000000004
 50
0.0
 51
360.0
 73
1
 97
0
 75
0
 76
1
 98
0
  0
CIRCLE
  5
5F9
330
5D8
100
AcDbEntity
  8
G-r_rod
100
AcDbCircle
 10
-5.0
 20
-14.575000000000003
 30
0.0
 40
0.30000000000000004
  0
HATCH
  5
5FA
330
5D8
100
AcDbEntity
  8
G-r_rod
 62
7
420
12902104
100
AcDbHatch
 10
0.0
 20
0.0
 30
0.0
210
0.0
220
0.0
230
1.0
  2
SOLID
 70
1
 71
0
 91
1
 92
1
 93
1
 72
2
 10
5.0
 20
-24.575000000000003
 40
0.30000000000000004
 50
0.0
 51
360.0
 73
1
 97
0
 75
0
 76
1
 98
0
  0
CIRCLE
  5
5FB
330
5D8
100
AcDbEntity
  8
G-r_rod
100
AcDbCircle
 10
5.0
 20
-24.575000000000003
 30
0.0
 40
0.30000000000000004
  0
HATCH
  5
5FC
330
5D8
100
AcDbEntity
  8
G-r_rod
 62
7
420
12902104
100
AcDbHatch
 10
0.0
 20
0.0
 30
0.0
210
0.0
220
0.0
230
1.0
  2
SOLID
 70
1
 71
0
 91
1
 92
1
 93
1
 72
2
 10
5.0
 20
-14.575000000000003
 40
0.30000000000000004
 50
0.0
 51
360.0
 73
1
 97
0
 75
0
 76
1
 98
0
  0
CIRCLE
  5
5FD
330
5D8
100
AcDbEntity
  8
G-r_rod
100
AcDbCircle
 10
5.0
 20
-14.575000000000003
 30
0.0
 40
0.30000000000000004
  0
HATCH
  5
5FE
330
5D8
100
AcDbEntity
  8
G-r_tie
 62
7
420
14601957
100
AcDbHatch
 10
0.0
 20
0.0
 30
0.0
210
0.0
220
0.0
230
1.0
  2
SOLID
 70
1
 71
0
 91
1
 92
3
 72
0
 73
1
 93
10
 10
-7.75
 20
-27.075000000000003
 10
7.5
 20
-27.075000000000003
 10
7.5
 20
-12.075000000000003
 10
-7.5
 20
-12.075000000000003
 10
-7.5
 20
-27.325000000000003
 10
-8.0
 20
-27.325000000000003
 10
-8.0
 20
-11.575000000000003
 10
8.0
 20
-11.575000000000003
 10
8.0
 20
-27.575000000000003
 10
-7.75
 20
-27.575000000000003
 97
0
 75
0
 76
1
 98
0
  0
LWPOLYLINE
  5
5FF
330
5D8
100
AcDbEntity
  8
G-r_tie
100
AcDbPolyline
 90
10
 70
1
 10
-7.75
 20
-27.075000000000003
 10
7.5
 20
-27.075000000000003
 10
7.5
 20
-12.075000000000003
 10
-7.5
 20
-12.075000000000003
 10
-7.5
 20
-27.325000000000003
 10
-8.0
 20
-27.325000000000003
 10
-8.0
 20
-11.575000000000003
 10
8.0
 20
-11.575000000000003
 10
8.0
 20
-27.575000000000003
 10
-7.75
 20
-27.575000000000003
  0
HATCH
  5
600
330
5D8
100
AcDbEntity
  8
G-r_bm1
 62
7
420
1725046
100
AcDbHatch
 10
0.0
 20
0.0
 30
0.0
210
0.0
220
0.0
230
1.0
  2
SOLID
 70
1
 71
0
 91
1
 92
3
 72
0
 73
1
 93
4
 10
-4.4
 20
40.425
 10
-4.4
 20
-26.075000000000003
 10
-5.0
 20
-26.075000000000003
 10
-5.0
 20
40.425
 97
0
 75
0
 76
1
 98
0
  0
LWPOLYLINE
  5
601
330
5D8
100
AcDbEntity
  8
G-r_bm1
100
AcDbPolyline
 90
4
 70
1
 10
-4.4
 20
40.425
 10
-4.4
 20
-26.075000000000003
 10
-5.0
 20
-26.075000000000003
 10
-5.0
 20
40.425
  0
HATCH
  5
602
330
5D8
100
AcDbEntity
  8
G-r_bm1
 62
7
420
1725046
100
AcDbHatch
 10
0.0
 20
0.0
 30
0.0
210
0.0
220
0.0
230
1.0
  2
SOLID
 70
1
 71
0
 91
1
 92
3
 72
0
 73
1
 93
4
 10
0.30000000000000004
 20
40.425
 10
0.30000000000000004
 20
-26.075000000000003
 10
-0.30000000000000004
 20
-26.075000000000003
 10
-0.30000000000000004
 20
40.425
 97
0
 75
0
 76
1
 98
0
  0
LWPOLYLINE
  5
603
330
5D8
100
AcDbEntity
  8
G-r_bm1
100
AcDbPolyline
 90
4
 70
1
 10
0.30000000000000004
 20
40.425
 10
0.30000000000000004
 20
-26.075000000000003
 10
-0.30000000000000004
 20
-26.075000000000003
 10
-0.30000000000000004
 20
40.425
  0
HATCH
  5
604
330
5D8
100
AcDbEntity
  8
G-r_bm1
 62
7
420
1725046
100
AcDbHatch
 10
0.0
 20
0.0
 30
0.0
210
0.0
220
0.0
230
1.0
  2
SOLID
 70
1
 71
0
 91
1
 92
3
 72
0
 73
1
 93
4
 10
5.0
 20
40.425
 10
5.0
 20
-26.075000000000003
 10
4.4
 20
-26.075000000000003
 10
4.4
 20
40.425
 97
0
 75
0
 76
1
 98
0
  0
LWPOLYLINE
  5
605
330
5D8
100
AcDbEntity
  8
G-r_bm1
100
AcDbPolyline
 90
4
 70
1
 10
5.0
 20
40.425
 10
5.0
 20
-26.075000000000003
 10
4.4
 20
-26.075000000000003
 10
4.4
 20
40.425
  0
HATCH
  5
606
330
5D8
100
AcDbEntity
  8
G-r_bm3
 62
7
420
6384235
100
AcDbHatch
 10
0.0
 20
0.0
 30
0.0
210
0.0
220
0.0
230
1.0
  2
SOLID
 70
1
 71
0
 91
1
 92
3
 72
0
 73
1
 93
4
 10
-22.5
 20
-23.975
 10
22.5
 20
-23.975
 10
22.5
 20
-24.575000000000003
 10
-22.5
 20
-24.575000000000003
 97
0
 75
0
 76
1
 98
0
  0
LWPOLYLINE
  5
607
330
5D8
100
AcDbEntity
  8
G-r_bm3
100
AcDbPolyline
 90
4
 70
1
 10
-22.5
 20
-23.975
 10
22.5
 20
-23.975
 10
22.5
 20
-24.575000000000003
 10
-22.5
 20
-24.575000000000003
  0
HATCH
  5
608
330
5D8
100
AcDbEntity
  8
G-r_bm3
 62
7
420
6384235
100
AcDbHatch
 10
0.0
 20
0.0
 30
0.0
210
0.0
220
0.0
230
1.0
  2
SOLID
 70
1
 71
0
 91
1
 92
3
 72
0
 73
1
 93
4
 10
-22.5
 20
-19.275000000000002
 10
22.5
 20
-19.275000000000002
 10
22.5
 20
-19.875
 10
-22.5
 20
-19.875
 97
0
 75
0
 76
1
 98
0
  0
LWPOLYLINE
  5
609
330
5D8
100
AcDbEntity
  8
G-r_bm3
100
AcDbPolyline
 90
4
 70
1
 10
-22.5
 20
-19.275000000000002
 10
22.5
 20
-19.275000000000002
 10
22.5
 20
-19.875
 10
-22.5
 20
-19.875
  0
HATCH
  5
60A
330
5D8
100
AcDbEntity
  8
G-r_bm3
 62
7
420
6384235
100
AcDbHatch
 10
0.0
 20
0.0
 30
0.0
210
0.0
220
0.0
230
1.0
  2
SOLID
 70
1
 71
0
 91
1
 92
3
 72
0
 73
1
 93
4
 10
-22.5
 20
-14.575000000000003
 10
22.5
 20
-14.575000000000003
 10
22.5
 20
-15.175000000000002
 10
-22.5
 20
-15.175000000000002
 97
0
 75
0
 76
1
 98
0
  0
LWPOLYLINE
  5
60B
330
5D8
100
AcDbEntity
  8
G-r_bm3
100
AcDbPolyline
 90
4
 70
1
 10
-22.5
 20
-14.575000000000003
 10
22.5
 20
-14.575000000000003
 10
22.5
 20
-15.175000000000002
 10
-22.5
 20
-15.175000000000002
  0
HATCH
  5
60C
330
5D8
100
AcDbEntity
  8
G-r_bas
 62
7
420
15105570
100
AcDbHatch
 10
0.0
 20
0.0
 30
0.0
210
0.0
220
0.0
230
1.0
  2
SOLID
 70
1
 71
0
 91
1
 92
3
 72
0
 73
1
 93
4
 10
-4.4
 20
-25.975
 10
-4.4
 20
34.724999999999994
 10
-3.8000000000000003
 20
34.724999999999994
 10
-3.8000000000000003
 20
-25.975
 97
0
 75
0
 76
1
 98
0
  0
LWPOLYLINE
  5
60D
330
5D8
100
AcDbEntity
  8
G-r_bas
100
AcDbPolyline
 90
4
 70
1
 10
-4.4
 20
-25.975
 10
-4.4
 20
34.724999999999994
 10
-3.8000000000000003
 20
34.724999999999994
 10
-3.8000000000000003
 20
-25.975
  0
HATCH
  5
60E
330
5D8
100
AcDbEntity
  8
G-r_bas
 62
7
420
15105570
100
AcDbHatch
 10
0.0
 20
0.0
 30
0.0
210
0.0
220
0.0
230
1.0
  2
SOLID
 70
1
 71
0
 91
1
 92
1
 93
1
 72
2
 10
-4.1000000000000005
 20
-25.975
 40
0.45
 50
0.0
 51
360.0
 73
1
 97
0
 75
0
 76
1
 98
0
  0
CIRCLE
  5
60F
330
5D8
100
AcDbEntity
  8
G-r_bas
100
AcDbCircle
 10
-4.1000000000000005
 20
-25.975
 30
0.0
 40
0.45
  0
HATCH
  5
610
330
5D8
100
AcDbEntity
  8
G-r_bas
 62
7
420
15105570
100
AcDbHatch
 10
0.0
 20
0.0
 30
0.0
210
0.0
220
0.0
230
1.0
  2
SOLID
 70
1
 71
0
 91
1
 92
3
 72
0
 73
1
 93
4
 10
3.8000000000000003
 20
-25.975
 10
3.8000000000000003
 20
34.724999999999994
 10
4.4
 20
34.724999999999994
 10
4.4
 20
-25.975
 97
0
 75
0
 76
1
 98
0
  0
LWPOLYLINE
  5
611
330
5D8
100
AcDbEntity
  8
G-r_bas
100
AcDbPolyline
 90
4
 70
1
 10
3.8000000000000003
 20
-25.975
 10
3.8000000000000003
 20
34.724999999999994
 10
4.4
 20
34.724999999999994
 10
4.4
 20
-25.975
  0
HATCH
  5
612
330
5D8
100
AcDbEntity
  8
G-r_bas
 62
7
420
15105570
100
AcDbHatch
 10
0.0
 20
0.0
 30
0.0
210
0.0
220
0.0
230
1.0
  2
SOLID
 70
1
 71
0
 91
1
 92
1
 93
1
 72
2
 10
4.1000000000000005
 20
-25.975
 40
0.45
 50
0.0
 51
360.0
 73
1
 97
0
 75
0
 76
1
 98
0
  0
CIRCLE
  5
613
330
5D8
100
AcDbEntity
  8
G-r_bas
100
AcDbCircle
 10
4.1000000000000005
 20
-25.975
 30
0.0
 40
0.45
  0
HATCH
  5
614
330
5D8
100
AcDbEntity
  8
G-r_grout
 62
7
420
15395042
100
AcDbHatch
 10
0.0
 20
0.0
 30
0.0
210
0.0
220
0.0
230
1.0
  2
SOLID
 70
1
 71
0
 91
1
 92
3
 72
0
 73
1
 93
4
 10
-4.0
 20
-30.825000000000003
 10
4.0
 20
-30.825000000000003
 10
4.0
 20
-29.575000000000003
 10
-4.0
 20
-29.575000000000003
 97
0
 75
0
 76
1
 98
0
  0
LWPOLYLINE
  5
615
330
5D8
100
AcDbEntity
  8
G-r_grout
100
AcDbPolyline
 90
4
 70
1
 10
-4.0
 20
-30.825000000000003
 10
4.0
 20
-30.825000000000003
 10
4.0
 20
-29.575000000000003
 10
-4.0
 20
-29.575000000000003
  0
HATCH
  5
616
330
5D8
100
AcDbEntity
  8
G-r_eplate
 62
7
420
15068145
100
AcDbHatch
 10
0.0
 20
0.0
 30
0.0
210
0.0
220
0.0
230
1.0
  2
SOLID
 70
1
 71
0
 91
1
 92
3
 72
0
 73
1
 93
4
 10
-3.5
 20
-31.425000000000004
 10
3.5
 20
-31.425000000000004
 10
3.5
 20
-30.825000000000003
 10
-3.5
 20
-30.825000000000003
 97
0
 75
0
 76
1
 98
0
  0
LWPOLYLINE
  5
617
330
5D8
100
AcDbEntity
  8
G-r_eplate
100
AcDbPolyline
 90
4
 70
1
 10
-3.5
 20
-31.425000000000004
 10
3.5
 20
-31.425000000000004
 10
3.5
 20
-30.825000000000003
 10
-3.5
 20
-30.825000000000003
  0
HATCH
  5
618
330
5D8
100
AcDbEntity
  8
G-r_ipe
 62
7
420
15199730
100
AcDbHatch
 10
0.0
 20
0.0
 30
0.0
210
0.0
220
0.0
230
1.0
  2
SOLID
 70
1
 71
0
 91
1
 92
3
 72
0
 73
1
 93
4
 10
-3.0
 20
-42.425000000000004
 10
3.0
 20
-42.425000000000004
 10
3.0
 20
-31.425000000000004
 10
-3.0
 20
-31.425000000000004
 97
0
 75
0
 76
1
 98
0
  0
LWPOLYLINE
  5
619
330
5D8
100
AcDbEntity
  8
G-r_ipe
100
AcDbPolyline
 90
4
 70
1
 10
-3.0
 20
-42.425000000000004
 10
3.0
 20
-42.425000000000004
 10
3.0
 20
-31.425000000000004
 10
-3.0
 20
-31.425000000000004
  0
HATCH
  5
61A
330
5D8
100
AcDbEntity
  8
G-r_anc
 62
7
420
12597547
100
AcDbHatch
 10
0.0
 20
0.0
 30
0.0
210
0.0
220
0.0
230
1.0
  2
SOLID
 70
1
 71
0
 91
1
 92
3
 72
0
 73
1
 93
4
 10
-2.4000000000000004
 20
-34.325
 10
-2.4000000000000004
 20
-12.325000000000003
 10
-1.6
 20
-12.325000000000003
 10
-1.6
 20
-34.325
 97
0
 75
0
 76
1
 98
0
  0
LWPOLYLINE
  5
61B
330
5D8
100
AcDbEntity
  8
G-r_anc
100
AcDbPolyline
 90
4
 70
1
 10
-2.4000000000000004
 20
-34.325
 10
-2.4000000000000004
 20
-12.325000000000003
 10
-1.6
 20
-12.325000000000003
 10
-1.6
 20
-34.325
  0
HATCH
  5
61C
330
5D8
100
AcDbEntity
  8
G-r_bp
 62
7
420
3428459
100
AcDbHatch
 10
0.0
 20
0.0
 30
0.0
210
0.0
220
0.0
230
1.0
  2
SOLID
 70
1
 71
0
 91
1
 92
3
 72
0
 73
1
 93
4
 10
-3.25
 20
-14.125000000000002
 10
-0.75
 20
-14.125000000000002
 10
-0.75
 20
-13.525000000000002
 10
-3.25
 20
-13.525000000000002
 97
0
 75
0
 76
1
 98
0
  0
LWPOLYLINE
  5
61D
330
5D8
100
AcDbEntity
  8
G-r_bp
100
AcDbPolyline
 90
4
 70
1
 10
-3.25
 20
-14.125000000000002
 10
-0.75
 20
-14.125000000000002
 10
-0.75
 20
-13.525000000000002
 10
-3.25
 20
-13.525000000000002
  0
HATCH
  5
61E
330
5D8
100
AcDbEntity
  8
G-r_nut
 62
7
420
8070172
100
AcDbHatch
 10
0.0
 20
0.0
 30
0.0
210
0.0
220
0.0
230
1.0
  2
SOLID
 70
1
 71
0
 91
1
 92
3
 72
0
 73
1
 93
4
 10
-2.75
 20
-13.525000000000002
 10
-1.25
 20
-13.525000000000002
 10
-1.25
 20
-13.375000000000004
 10
-2.75
 20
-13.375000000000004
 97
0
 75
0
 76
1
 98
0
  0
LWPOLYLINE
  5
61F
330
5D8
100
AcDbEntity
  8
G-r_nut
100
AcDbPolyline
 90
4
 70
1
 10
-2.75
 20
-13.525000000000002
 10
-1.25
 20
-13.525000000000002
 10
-1.25
 20
-13.375000000000004
 10
-2.75
 20
-13.375000000000004
  0
HATCH
  5
620
330
5D8
100
AcDbEntity
  8
G-r_nut
 62
7
420
8070172
100
AcDbHatch
 10
0.0
 20
0.0
 30
0.0
210
0.0
220
0.0
230
1.0
  2
SOLID
 70
1
 71
0
 91
1
 92
3
 72
0
 73
1
 93
4
 10
-2.6
 20
-13.375000000000004
 10
-1.4000000000000001
 20
-13.375000000000004
 10
-1.4000000000000001
 20
-12.575000000000003
 10
-2.6
 20
-12.575000000000003
 97
0
 75
0
 76
1
 98
0
  0
LWPOLYLINE
  5
621
330
5D8
100
AcDbEntity
  8
G-r_nut
100
AcDbPolyline
 90
4
 70
1
 10
-2.6
 20
-13.375000000000004
 10
-1.4000000000000001
 20
-13.375000000000004
 10
-1.4000000000000001
 20
-12.575000000000003
 10
-2.6
 20
-12.575000000000003
  0
HATCH
  5
622
330
5D8
100
AcDbEntity
  8
G-r_ancg
 62
7
420
16047065
100
AcDbHatch
 10
0.0
 20
0.0
 30
0.0
210
0.0
220
0.0
230
1.0
  2
SOLID
 70
1
 71
0
 91
1
 92
3
 72
0
 73
1
 93
4
 10
-2.6
 20
-32.375
 10
-1.4000000000000001
 20
-32.375
 10
-1.4000000000000001
 20
-31.575000000000003
 10
-2.6
 20
-31.575000000000003
 97
0
 75
0
 76
1
 98
0
  0
LWPOLYLINE
  5
623
330
5D8
100
AcDbEntity
  8
G-r_ancg
100
AcDbPolyline
 90
4
 70
1
 10
-2.6
 20
-32.375
 10
-1.4000000000000001
 20
-32.375
 10
-1.4000000000000001
 20
-31.575000000000003
 10
-2.6
 20
-31.575000000000003
  0
HATCH
  5
624
330
5D8
100
AcDbEntity
  8
G-r_anc
 62
7
420
12597547
100
AcDbHatch
 10
0.0
 20
0.0
 30
0.0
210
0.0
220
0.0
230
1.0
  2
SOLID
 70
1
 71
0
 91
1
 92
3
 72
0
 73
1
 93
4
 10
1.6
 20
-34.325
 10
1.6
 20
-12.325000000000003
 10
2.4000000000000004
 20
-12.325000000000003
 10
2.4000000000000004
 20
-34.325
 97
0
 75
0
 76
1
 98
0
  0
LWPOLYLINE
  5
625
330
5D8
100
AcDbEntity
  8
G-r_anc
100
AcDbPolyline
 90
4
 70
1
 10
1.6
 20
-34.325
 10
1.6
 20
-12.325000000000003
 10
2.4000000000000004
 20
-12.325000000000003
 10
2.4000000000000004
 20
-34.325
  0
HATCH
  5
626
330
5D8
100
AcDbEntity
  8
G-r_bp
 62
7
420
3428459
100
AcDbHatch
 10
0.0
 20
0.0
 30
0.0
210
0.0
220
0.0
230
1.0
  2
SOLID
 70
1
 71
0
 91
1
 92
3
 72
0
 73
1
 93
4
 10
0.75
 20
-14.125000000000002
 10
3.25
 20
-14.125000000000002
 10
3.25
 20
-13.525000000000002
 10
0.75
 20
-13.525000000000002
 97
0
 75
0
 76
1
 98
0
  0
LWPOLYLINE
  5
627
330
5D8
100
AcDbEntity
  8
G-r_bp
100
AcDbPolyline
 90
4
 70
1
 10
0.75
 20
-14.125000000000002
 10
3.25
 20
-14.125000000000002
 10
3.25
 20
-13.525000000000002
 10
0.75
 20
-13.525000000000002
  0
HATCH
  5
628
330
5D8
100
AcDbEntity
  8
G-r_nut
 62
7
420
8070172
100
AcDbHatch
 10
0.0
 20
0.0
 30
0.0
210
0.0
220
0.0
230
1.0
  2
SOLID
 70
1
 71
0
 91
1
 92
3
 72
0
 73
1
 93
4
 10
1.25
 20
-13.525000000000002
 10
2.75
 20
-13.525000000000002
 10
2.75
 20
-13.375000000000004
 10
1.25
 20
-13.375000000000004
 97
0
 75
0
 76
1
 98
0
  0
LWPOLYLINE
  5
629
330
5D8
100
AcDbEntity
  8
G-r_nut
100
AcDbPolyline
 90
4
 70
1
 10
1.25
 20
-13.525000000000002
 10
2.75
 20
-13.525000000000002
 10
2.75
 20
-13.375000000000004
 10
1.25
 20
-13.375000000000004
  0
HATCH
  5
62A
330
5D8
100
AcDbEntity
  8
G-r_nut
 62
7
420
8070172
100
AcDbHatch
 10
0.0
 20
0.0
 30
0.0
210
0.0
220
0.0
230
1.0
  2
SOLID
 70
1
 71
0
 91
1
 92
3
 72
0
 73
1
 93
4
 10
1.4000000000000001
 20
-13.375000000000004
 10
2.6
 20
-13.375000000000004
 10
2.6
 20
-12.575000000000003
 10
1.4000000000000001
 20
-12.575000000000003
 97
0
 75
0
 76
1
 98
0
  0
LWPOLYLINE
  5
62B
330
5D8
100
AcDbEntity
  8
G-r_nut
100
AcDbPolyline
 90
4
 70
1
 10
1.4000000000000001
 20
-13.375000000000004
 10
2.6
 20
-13.375000000000004
 10
2.6
 20
-12.575000000000003
 10
1.4000000000000001
 20
-12.575000000000003
  0
HATCH
  5
62C
330
5D8
100
AcDbEntity
  8
G-r_ancg
 62
7
420
16047065
100
AcDbHatch
 10
0.0
 20
0.0
 30
0.0
210
0.0
220
0.0
230
1.0
  2
SOLID
 70
1
 71
0
 91
1
 92
3
 72
0
 73
1
 93
4
 10
1.4000000000000001
 20
-32.375
 10
2.6
 20
-32.375
 10
2.6
 20
-31.575000000000003
 10
1.4000000000000001
 20
-31.575000000000003
 97
0
 75
0
 76
1
 98
0
  0
LWPOLYLINE
  5
62D
330
5D8
100
AcDbEntity
  8
G-r_ancg
100
AcDbPolyline
 90
4
 70
1
 10
1.4000000000000001
 20
-32.375
 10
2.6
 20
-32.375
 10
2.6
 20
-31.575000000000003
 10
1.4000000000000001
 20
-31.575000000000003
  0
TEXT
  5
62E
330
5D8
100
AcDbEntity
  8
T-small
 62
47
420
4473924
100
AcDbText
 10
0.0
 20
-44.425000000000004
 30
0.0
 40
2.286
  1
IPE 240 (después)
  7
ESTANDAR
 41
0.885
 72
1
 11
0.0
 21
-44.425000000000004
 31
0.0
100
AcDbText
  0
TEXT
  5
62F
330
5D8
100
AcDbEntity
  8
T-label
 62
49
420
2236962
100
AcDbText
 10
0.0
 20
41.925
 30
0.0
 40
2.286
  1
VCM
  7
ESTANDAR
 41
0.885
 72
1
 11
0.0
 21
41.925
 31
0.0
100
AcDbText
  0
TEXT
  5
630
330
5D8
100
AcDbEntity
  8
T-label
 62
49
420
2236962
100
AcDbText
 10
-16.5
 20
-10.575000000000003
 30
0.0
 40
2.286
  1
VCS
  7
ESTANDAR
 41
0.885
 72
1
 11
-16.5
 21
-10.575000000000003
 31
0.0
100
AcDbText
  0
TEXT
  5
631
330
5D8
100
AcDbEntity
  8
T-hk
 62
44
420
8017152
100
AcDbText
 10
5.6000000000000005
 20
15.424999999999997
 30
0.0
 40
2.286
  1
bastón Ø12
  7
NEGRITA
 41
0.885
 11
5.6000000000000005
 21
15.424999999999997
 31
0.0
100
AcDbText
  0
TEXT
  5
632
330
5D8
100
AcDbEntity
  8
T-bsm
 62
156
420
929604
100
AcDbText
 10
-5.6000000000000005
 20
15.424999999999997
 30
0.0
 40
2.286
  1
VCM 5Ø12
  7
NEGRITA
 41
0.885
 72
2
 11
-5.6000000000000005
 21
15.424999999999997
 31
0.0
100
AcDbText
  0
DIMENSION
  5
633
330
5D8
100
AcDbEntity
  8
COTAS
100
AcDbDimension
280
0
  2
*D37
  3
COTAS_PAPEL
 10
-2.0
 20
-46.425000000000004
 30
0.0
 11
0.0
 21
-44.9106
 31
0.0
 70
32
 71
5
  1
80
100
AcDbAlignedDimension
 13
-2.0
 23
-46.425000000000004
 33
0.0
 14
2.0
 24
-46.425000000000004
 34
0.0
 50
0.0
100
AcDbRotatedDimension
  0
DIMENSION
  5
634
330
5D8
100
AcDbEntity
  8
COTAS
100
AcDbDimension
280
0
  2
*D38
  3
COTAS_PAPEL
 10
-25.5
 20
-29.575000000000003
 30
0.0
 11
-27.0144
 21
-21.85
 31
0.0
 70
32
 71
5
  1
309
100
AcDbAlignedDimension
 13
-22.5
 23
-29.575000000000003
 33
0.0
 14
-22.5
 24
-14.125000000000002
 34
0.0
 50
90.0
100
AcDbRotatedDimension
  0
DIMENSION
  5
635
330
5D8
100
AcDbEntity
  8
COTAS
100
AcDbDimension
280
0
  2
*D39
  3
COTAS_PAPEL
 10
-25.5
 20
-30.825000000000003
 30
0.0
 11
-27.896344444444445
 21
-30.200000000000003
 31
0.0
 70
32
 71
5
  1
25
100
AcDbAlignedDimension
 13
-22.5
 23
-30.825000000000003
 33
0.0
 14
-22.5
 24
-29.575000000000003
 34
0.0
 50
90.0
100
AcDbRotatedDimension
  0
DIMENSION
  5
636
330
5D8
100
AcDbEntity
  8
COTAS
100
AcDbDimension
280
0
  2
*D40
  3
COTAS_PAPEL
 10
-4.1000000000000005
 20
46.425
 30
0.0
 11
0.0
 21
47.9394
 31
0.0
 70
32
 71
5
  1
164
100
AcDbAlignedDimension
 13
-4.1000000000000005
 23
46.425
 33
0.0
 14
4.1000000000000005
 24
46.425
 34
0.0
 50
0.0
100
AcDbRotatedDimension
  0
DIMENSION
  5
637
330
5D8
100
AcDbEntity
  8
COTAS
100
AcDbDimension
280
0
  2
*D41
  3
COTAS_PAPEL
 10
25.5
 20
-29.575000000000003
 30
0.0
 11
23.103655555555555
 21
-27.925000000000004
 31
0.0
 70
32
 71
5
  1
66
100
AcDbAlignedDimension
 13
22.5
 23
-29.575000000000003
 33
0.0
 14
22.5
 24
-26.275000000000002
 34
0.0
 50
90.0
100
AcDbRotatedDimension
  0
DIMENSION
  5
638
330
5D8
100
AcDbEntity
  8
COTAS
100
AcDbDimension
280
0
  2
*D42
  3
COTAS_PAPEL
 10
25.5
 20
-26.275000000000002
 30
0.0
 11
23.9856
 21
4.224999999999998
 31
0.0
 70
32
 71
5
  1
1220
100
AcDbAlignedDimension
 13
22.5
 23
-26.275000000000002
 33
0.0
 14
22.5
 24
34.724999999999994
 34
0.0
 50
90.0
100
AcDbRotatedDimension
  0
ENDBLK
  5
5DA
330
5D8
100
AcDbEntity
  8
0
100
AcDbBlockEnd
  0
BLOCK
  5
63A
330
639
100
AcDbEntity
  8
0
100
AcDbBlockBegin
  2
*D37
 70
1
 10
0.0
 20
0.0
 30
0.0
  3
*D37
  1

  0
LINE
  5
63C
330
639
100
AcDbEntity
  8
0
 62
8
370
13
100
AcDbLine
 10
-2.0
 20
-45.895833333333336
 30
0.0
 11
-2.0
 21
-45.54305555555556
 31
0.0
  0
LINE
  5
63D
330
639
100
AcDbEntity
  8
0
 62
8
370
13
100
AcDbLine
 10
2.0
 20
-45.895833333333336
 30
0.0
 11
2.0
 21
-45.54305555555556
 31
0.0
  0
INSERT
  5
63E
330
639
100
AcDbEntity
  8
COTAS
 62
8
100
AcDbBlockReference
  2
_OBLIQUE
 10
-2.0
 20
-46.425000000000004
 30
0.0
 41
2.188633333333333
 42
2.188633333333333
  0
INSERT
  5
640
330
639
100
AcDbEntity
  8
COTAS
 62
8
100
AcDbBlockReference
  2
_OBLIQUE
 10
2.0
 20
-46.425000000000004
 30
0.0
 41
2.188633333333333
 42
2.188633333333333
  0
LINE
  5
642
330
639
100
AcDbEntity
  8
0
 62
8
370
15
100
AcDbLine
 10
-2.0
 20
-46.425000000000004
 30
0.0
 11
2.0
 21
-46.425000000000004
 31
0.0
  0
MTEXT
  5
643
330
639
100
AcDbEntity
  8
COTAS
 62
250
100
AcDbMText
 10
0.0
 20
-44.9106
 30
0.0
 40
1.8288
 71
5
  1
80
  7
ESTANDAR
  0
POINT
  5
644
330
639
100
AcDbEntity
  8
Defpoints
100
AcDbPoint
 10
-2.0
 20
-46.425000000000004
 30
0.0
  0
POINT
  5
645
330
639
100
AcDbEntity
  8
Defpoints
100
AcDbPoint
 10
-2.0
 20
-46.425000000000004
 30
0.0
  0
POINT
  5
646
330
639
100
AcDbEntity
  8
Defpoints
100
AcDbPoint
 10
2.0
 20
-46.425000000000004
 30
0.0
  0
ENDBLK
  5
63B
330
639
100
AcDbEntity
  8
0
100
AcDbBlockEnd
  0
BLOCK
  5
648
330
647
100
AcDbEntity
  8
0
100
AcDbBlockBegin
  2
*D38
 70
1
 10
0.0
 20
0.0
 30
0.0
  3
*D38
  1

  0
LINE
  5
64A
330
647
100
AcDbEntity
  8
0
 62
8
370
13
100
AcDbLine
 10
-23.029166666666665
 20
-29.575000000000003
 30
0.0
 11
-26.381944444444443
 21
-29.575000000000003
 31
0.0
  0
LINE
  5
64B
330
647
100
AcDbEntity
  8
0
 62
8
370
13
100
AcDbLine
 10
-23.029166666666665
 20
-14.125000000000002
 30
0.0
 11
-26.381944444444443
 21
-14.125000000000002
 31
0.0
  0
INSERT
  5
64C
330
647
100
AcDbEntity
  8
COTAS
 62
8
100
AcDbBlockReference
  2
_OBLIQUE
 10
-25.5
 20
-29.575000000000003
 30
0.0
 41
2.188633333333333
 42
2.188633333333333
 50
90.0
  0
INSERT
  5
64E
330
647
100
AcDbEntity
  8
COTAS
 62
8
100
AcDbBlockReference
  2
_OBLIQUE
 10
-25.5
 20
-14.125000000000002
 30
0.0
 41
2.188633333333333
 42
2.188633333333333
 50
90.0
  0
LINE
  5
650
330
647
100
AcDbEntity
  8
0
 62
8
370
15
100
AcDbLine
 10
-25.5
 20
-29.575000000000003
 30
0.0
 11
-25.5
 21
-14.125000000000002
 31
0.0
  0
MTEXT
  5
651
330
647
100
AcDbEntity
  8
COTAS
 62
250
100
AcDbMText
 10
-27.0144
 20
-21.85
 30
0.0
 40
1.8288
 71
5
  1
309
  7
ESTANDAR
 50
90.0
  0
POINT
  5
652
330
647
100
AcDbEntity
  8
Defpoints
100
AcDbPoint
 10
-25.5
 20
-29.575000000000003
 30
0.0
  0
POINT
  5
653
330
647
100
AcDbEntity
  8
Defpoints
100
AcDbPoint
 10
-22.5
 20
-29.575000000000003
 30
0.0
  0
POINT
  5
654
330
647
100
AcDbEntity
  8
Defpoints
100
AcDbPoint
 10
-22.5
 20
-14.125000000000002
 30
0.0
  0
ENDBLK
  5
649
330
647
100
AcDbEntity
  8
0
100
AcDbBlockEnd
  0
BLOCK
  5
656
330
655
100
AcDbEntity
  8
0
100
AcDbBlockBegin
  2
*D39
 70
1
 10
0.0
 20
0.0
 30
0.0
  3
*D39
  1

  0
LINE
  5
658
330
655
100
AcDbEntity
  8
0
 62
8
370
13
100
AcDbLine
 10
-23.029166666666665
 20
-30.825000000000003
 30
0.0
 11
-26.381944444444443
 21
-30.825000000000003
 31
0.0
  0
LINE
  5
659
330
655
100
AcDbEntity
  8
0
 62
8
370
13
100
AcDbLine
 10
-23.029166666666665
 20
-29.575000000000003
 30
0.0
 11
-26.381944444444443
 21
-29.575000000000003
 31
0.0
  0
INSERT
  5
65A
330
655
100
AcDbEntity
  8
COTAS
 62
8
100
AcDbBlockReference
  2
_OBLIQUE
 10
-25.5
 20
-30.825000000000003
 30
0.0
 41
2.188633333333333
 42
2.188633333333333
 50
90.0
  0
INSERT
  5
65C
330
655
100
AcDbEntity
  8
COTAS
 62
8
100
AcDbBlockReference
  2
_OBLIQUE
 10
-25.5
 20
-29.575000000000003
 30
0.0
 41
2.188633333333333
 42
2.188633333333333
 50
90.0
  0
LINE
  5
65E
330
655
100
AcDbEntity
  8
0
 62
8
370
15
100
AcDbLine
 10
-25.5
 20
-30.825000000000003
 30
0.0
 11
-25.5
 21
-29.575000000000003
 31
0.0
  0
MTEXT
  5
65F
330
655
100
AcDbEntity
  8
COTAS
 62
250
100
AcDbMText
 10
-27.896344444444445
 20
-30.200000000000003
 30
0.0
 40
1.8288
 71
5
  1
25
  7
ESTANDAR
 50
90.0
  0
POINT
  5
660
330
655
100
AcDbEntity
  8
Defpoints
100
AcDbPoint
 10
-25.5
 20
-30.825000000000003
 30
0.0
  0
POINT
  5
661
330
655
100
AcDbEntity
  8
Defpoints
100
AcDbPoint
 10
-22.5
 20
-30.825000000000003
 30
0.0
  0
POINT
  5
662
330
655
100
AcDbEntity
  8
Defpoints
100
AcDbPoint
 10
-22.5
 20
-29.575000000000003
 30
0.0
  0
ENDBLK
  5
657
330
655
100
AcDbEntity
  8
0
100
AcDbBlockEnd
  0
BLOCK
  5
664
330
663
100
AcDbEntity
  8
0
100
AcDbBlockBegin
  2
*D40
 70
1
 10
0.0
 20
0.0
 30
0.0
  3
*D40
  1

  0
LINE
  5
666
330
663
100
AcDbEntity
  8
0
 62
8
370
13
100
AcDbLine
 10
-4.1000000000000005
 20
46.954166666666666
 30
0.0
 11
-4.1000000000000005
 21
47.30694444444444
 31
0.0
  0
LINE
  5
667
330
663
100
AcDbEntity
  8
0
 62
8
370
13
100
AcDbLine
 10
4.1000000000000005
 20
46.954166666666666
 30
0.0
 11
4.1000000000000005
 21
47.30694444444444
 31
0.0
  0
INSERT
  5
668
330
663
100
AcDbEntity
  8
COTAS
 62
8
100
AcDbBlockReference
  2
_OBLIQUE
 10
-4.1000000000000005
 20
46.425
 30
0.0
 41
2.188633333333333
 42
2.188633333333333
  0
INSERT
  5
66A
330
663
100
AcDbEntity
  8
COTAS
 62
8
100
AcDbBlockReference
  2
_OBLIQUE
 10
4.1000000000000005
 20
46.425
 30
0.0
 41
2.188633333333333
 42
2.188633333333333
  0
LINE
  5
66C
330
663
100
AcDbEntity
  8
0
 62
8
370
15
100
AcDbLine
 10
-4.1000000000000005
 20
46.425
 30
0.0
 11
4.1000000000000005
 21
46.425
 31
0.0
  0
MTEXT
  5
66D
330
663
100
AcDbEntity
  8
COTAS
 62
250
100
AcDbMText
 10
0.0
 20
47.9394
 30
0.0
 40
1.8288
 71
5
  1
164
  7
ESTANDAR
  0
POINT
  5
66E
330
663
100
AcDbEntity
  8
Defpoints
100
AcDbPoint
 10
-4.1000000000000005
 20
46.425
 30
0.0
  0
POINT
  5
66F
330
663
100
AcDbEntity
  8
Defpoints
100
AcDbPoint
 10
-4.1000000000000005
 20
46.425
 30
0.0
  0
POINT
  5
670
330
663
100
AcDbEntity
  8
Defpoints
100
AcDbPoint
 10
4.1000000000000005
 20
46.425
 30
0.0
  0
ENDBLK
  5
665
330
663
100
AcDbEntity
  8
0
100
AcDbBlockEnd
  0
BLOCK
  5
672
330
671
100
AcDbEntity
  8
0
100
AcDbBlockBegin
  2
*D41
 70
1
 10
0.0
 20
0.0
 30
0.0
  3
*D41
  1

  0
LINE
  5
674
330
671
100
AcDbEntity
  8
0
 62
8
370
13
100
AcDbLine
 10
23.029166666666665
 20
-29.575000000000003
 30
0.0
 11
26.381944444444443
 21
-29.575000000000003
 31
0.0
  0
LINE
  5
675
330
671
100
AcDbEntity
  8
0
 62
8
370
13
100
AcDbLine
 10
23.029166666666665
 20
-26.275000000000002
 30
0.0
 11
26.381944444444443
 21
-26.275000000000002
 31
0.0
  0
INSERT
  5
676
330
671
100
AcDbEntity
  8
COTAS
 62
8
100
AcDbBlockReference
  2
_OBLIQUE
 10
25.5
 20
-29.575000000000003
 30
0.0
 41
2.188633333333333
 42
2.188633333333333
 50
90.0
  0
INSERT
  5
678
330
671
100
AcDbEntity
  8
COTAS
 62
8
100
AcDbBlockReference
  2
_OBLIQUE
 10
25.5
 20
-26.275000000000002
 30
0.0
 41
2.188633333333333
 42
2.188633333333333
 50
90.0
  0
LINE
  5
67A
330
671
100
AcDbEntity
  8
0
 62
8
370
15
100
AcDbLine
 10
25.5
 20
-29.575000000000003
 30
0.0
 11
25.5
 21
-26.275000000000002
 31
0.0
  0
MTEXT
  5
67B
330
671
100
AcDbEntity
  8
COTAS
 62
250
100
AcDbMText
 10
23.103655555555555
 20
-27.925000000000004
 30
0.0
 40
1.8288
 71
5
  1
66
  7
ESTANDAR
 50
90.0
  0
POINT
  5
67C
330
671
100
AcDbEntity
  8
Defpoints
100
AcDbPoint
 10
25.5
 20
-29.575000000000003
 30
0.0
  0
POINT
  5
67D
330
671
100
AcDbEntity
  8
Defpoints
100
AcDbPoint
 10
22.5
 20
-29.575000000000003
 30
0.0
  0
POINT
  5
67E
330
671
100
AcDbEntity
  8
Defpoints
100
AcDbPoint
 10
22.5
 20
-26.275000000000002
 30
0.0
  0
ENDBLK
  5
673
330
671
100
AcDbEntity
  8
0
100
AcDbBlockEnd
  0
BLOCK
  5
680
330
67F
100
AcDbEntity
  8
0
100
AcDbBlockBegin
  2
*D42
 70
1
 10
0.0
 20
0.0
 30
0.0
  3
*D42
  1

  0
LINE
  5
682
330
67F
100
AcDbEntity
  8
0
 62
8
370
13
100
AcDbLine
 10
23.029166666666665
 20
-26.275000000000002
 30
0.0
 11
26.381944444444443
 21
-26.275000000000002
 31
0.0
  0
LINE
  5
683
330
67F
100
AcDbEntity
  8
0
 62
8
370
13
100
AcDbLine
 10
23.029166666666665
 20
34.724999999999994
 30
0.0
 11
26.381944444444443
 21
34.724999999999994
 31
0.0
  0
INSERT
  5
684
330
67F
100
AcDbEntity
  8
COTAS
 62
8
100
AcDbBlockReference
  2
_OBLIQUE
 10
25.5
 20
-26.275000000000002
 30
0.0
 41
2.188633333333333
 42
2.188633333333333
 50
90.0
  0
INSERT
  5
686
330
67F
100
AcDbEntity
  8
COTAS
 62
8
100
AcDbBlockReference
  2
_OBLIQUE
 10
25.5
 20
34.724999999999994
 30
0.0
 41
2.188633333333333
 42
2.188633333333333
 50
90.0
  0
LINE
  5
688
330
67F
100
AcDbEntity
  8
0
 62
8
370
15
100
AcDbLine
 10
25.5
 20
-26.275000000000002
 30
0.0
 11
25.5
 21
34.724999999999994
 31
0.0
  0
MTEXT
  5
689
330
67F
100
AcDbEntity
  8
COTAS
 62
250
100
AcDbMText
 10
23.9856
 20
4.224999999999998
 30
0.0
 40
1.8288
 71
5
  1
1220
  7
ESTANDAR
 50
90.0
  0
POINT
  5
68A
330
67F
100
AcDbEntity
  8
Defpoints
100
AcDbPoint
 10
25.5
 20
-26.275000000000002
 30
0.0
  0
POINT
  5
68B
330
67F
100
AcDbEntity
  8
Defpoints
100
AcDbPoint
 10
22.5
 20
-26.275000000000002
 30
0.0
  0
POINT
  5
68C
330
67F
100
AcDbEntity
  8
Defpoints
100
AcDbPoint
 10
22.5
 20
34.724999999999994
 30
0.0
  0
ENDBLK
  5
681
330
67F
100
AcDbEntity
  8
0
100
AcDbBlockEnd
  0
BLOCK
  5
690
330
68F
100
AcDbEntity
  8
0
100
AcDbBlockBegin
  2
DET_08_detalle-2-4-d4-vista-desde-el-sur
 70
0
 10
0.0
 20
0.0
 30
0.0
  3
DET_08_detalle-2-4-d4-vista-desde-el-sur
  1

  0
HATCH
  5
694
330
68F
100
AcDbEntity
  8
G-r_conc
 62
7
420
16118767
100
AcDbHatch
 10
0.0
 20
0.0
 30
0.0
210
0.0
220
0.0
230
1.0
  2
SOLID
 70
1
 71
0
 91
1
 92
3
 72
0
 73
1
 93
4
 10
7.150000000000002
 20
-13.25
 10
47.150000000000006
 20
-13.25
 10
47.150000000000006
 20
32.25
 10
7.150000000000002
 20
32.25
 97
0
 75
0
 76
1
 98
0
  0
LWPOLYLINE
  5
695
330
68F
100
AcDbEntity
  8
G-r_conc
100
AcDbPolyline
 90
4
 70
1
 10
7.150000000000002
 20
-13.25
 10
47.150000000000006
 20
-13.25
 10
47.150000000000006
 20
32.25
 10
7.150000000000002
 20
32.25
  0
HATCH
  5
696
330
68F
100
AcDbEntity
  8
G-r_old
 62
7
420
15065562
100
AcDbHatch
 10
0.0
 20
0.0
 30
0.0
210
0.0
220
0.0
230
1.0
  2
SOLID
 70
1
 71
0
 91
1
 92
3
 72
0
 73
1
 93
4
 10
7.150000000000002
 20
-26.25
 10
47.150000000000006
 20
-26.25
 10
47.150000000000006
 20
-13.25
 10
7.150000000000002
 20
-13.25
 97
0
 75
0
 76
1
 98
0
  0
LWPOLYLINE
  5
697
330
68F
100
AcDbEntity
  8
G-r_old
100
AcDbPolyline
 90
4
 70
1
 10
7.150000000000002
 20
-26.25
 10
47.150000000000006
 20
-26.25
 10
47.150000000000006
 20
-13.25
 10
7.150000000000002
 20
-13.25
  0
HATCH
  5
698
330
68F
100
AcDbEntity
  8
G-r_conc
 62
7
420
16118767
100
AcDbHatch
 10
0.0
 20
0.0
 30
0.0
210
0.0
220
0.0
230
1.0
  2
SOLID
 70
1
 71
0
 91
1
 92
3
 72
0
 73
1
 93
4
 10
-92.85
 20
-13.25
 10
7.150000000000002
 20
-13.25
 10
7.150000000000002
 20
21.75
 10
-92.85
 20
21.75
 97
0
 75
0
 76
1
 98
0
  0
LWPOLYLINE
  5
699
330
68F
100
AcDbEntity
  8
G-r_conc
100
AcDbPolyline
 90
4
 70
1
 10
-92.85
 20
-13.25
 10
7.150000000000002
 20
-13.25
 10
7.150000000000002
 20
21.75
 10
-92.85
 20
21.75
  0
LINE
  5
69A
330
68F
100
AcDbEntity
  8
G-edge
100
AcDbLine
 10
-92.85
 20
21.75
 30
0.0
 11
-92.85
 21
-13.25
 31
0.0
  0
HATCH
  5
69B
330
68F
100
AcDbEntity
  8
G-r_col
 62
7
420
15326919
100
AcDbHatch
 10
0.0
 20
0.0
 30
0.0
210
0.0
220
0.0
230
1.0
  2
SOLID
 70
1
 71
0
 91
1
 92
3
 72
0
 73
1
 93
4
 10
12.150000000000002
 20
-26.25
 10
12.150000000000002
 20
27.45
 10
13.750000000000002
 20
27.45
 10
13.750000000000002
 20
-26.25
 97
0
 75
0
 76
1
 98
0
  0
LWPOLYLINE
  5
69C
330
68F
100
AcDbEntity
  8
G-r_col
100
AcDbPolyline
 90
4
 70
1
 10
12.150000000000002
 20
-26.25
 10
12.150000000000002
 20
27.45
 10
13.750000000000002
 20
27.45
 10
13.750000000000002
 20
-26.25
  0
HATCH
  5
69D
330
68F
100
AcDbEntity
  8
G-r_col
 62
7
420
15326919
100
AcDbHatch
 10
0.0
 20
0.0
 30
0.0
210
0.0
220
0.0
230
1.0
  2
SOLID
 70
1
 71
0
 91
1
 92
3
 72
0
 73
1
 93
4
 10
26.35
 20
-26.25
 10
26.35
 20
27.45
 10
27.950000000000003
 20
27.45
 10
27.950000000000003
 20
-26.25
 97
0
 75
0
 76
1
 98
0
  0
LWPOLYLINE
  5
69E
330
68F
100
AcDbEntity
  8
G-r_col
100
AcDbPolyline
 90
4
 70
1
 10
26.35
 20
-26.25
 10
26.35
 20
27.45
 10
27.950000000000003
 20
27.45
 10
27.950000000000003
 20
-26.25
  0
HATCH
  5
69F
330
68F
100
AcDbEntity
  8
G-r_col
 62
7
420
15326919
100
AcDbHatch
 10
0.0
 20
0.0
 30
0.0
210
0.0
220
0.0
230
1.0
  2
SOLID
 70
1
 71
0
 91
1
 92
3
 72
0
 73
1
 93
4
 10
40.550000000000004
 20
-26.25
 10
40.550000000000004
 20
27.45
 10
42.150000000000006
 20
27.45
 10
42.150000000000006
 20
-26.25
 97
0
 75
0
 76
1
 98
0
  0
LWPOLYLINE
  5
6A0
330
68F
100
AcDbEntity
  8
G-r_col
100
AcDbPolyline
 90
4
 70
1
 10
40.550000000000004
 20
-26.25
 10
40.550000000000004
 20
27.45
 10
42.150000000000006
 20
27.45
 10
42.150000000000006
 20
-26.25
  0
HATCH
  5
6A1
330
68F
100
AcDbEntity
  8
G-r_rodS
 62
7
420
6405804
100
AcDbHatch
 10
0.0
 20
0.0
 30
0.0
210
0.0
220
0.0
230
1.0
  2
SOLID
 70
1
 71
0
 91
1
 92
3
 72
0
 73
1
 93
4
 10
17.75
 20
38.25
 10
17.75
 20
-8.25
 10
16.55
 20
-8.25
 10
16.55
 20
38.25
 97
0
 75
0
 76
1
 98
0
  0
LWPOLYLINE
  5
6A2
330
68F
100
AcDbEntity
  8
G-r_rodS
100
AcDbPolyline
 90
4
 70
1
 10
17.75
 20
38.25
 10
17.75
 20
-8.25
 10
16.55
 20
-8.25
 10
16.55
 20
38.25
  0
HATCH
  5
6A3
330
68F
100
AcDbEntity
  8
G-r_rodS
 62
7
420
6405804
100
AcDbHatch
 10
0.0
 20
0.0
 30
0.0
210
0.0
220
0.0
230
1.0
  2
SOLID
 70
1
 71
0
 91
1
 92
3
 72
0
 73
1
 93
4
 10
37.75
 20
38.25
 10
37.75
 20
-8.25
 10
36.550000000000004
 20
-8.25
 10
36.550000000000004
 20
38.25
 97
0
 75
0
 76
1
 98
0
  0
LWPOLYLINE
  5
6A4
330
68F
100
AcDbEntity
  8
G-r_rodS
100
AcDbPolyline
 90
4
 70
1
 10
37.75
 20
38.25
 10
37.75
 20
-8.25
 10
36.550000000000004
 20
-8.25
 10
36.550000000000004
 20
38.25
  0
HATCH
  5
6A5
330
68F
100
AcDbEntity
  8
G-r_tieS
 62
7
420
9460135
100
AcDbHatch
 10
0.0
 20
0.0
 30
0.0
210
0.0
220
0.0
230
1.0
  2
SOLID
 70
1
 71
0
 91
1
 92
3
 72
0
 73
1
 93
4
 10
11.650000000000002
 20
11.25
 10
42.650000000000006
 20
11.25
 10
42.650000000000006
 20
10.25
 10
11.650000000000002
 20
10.25
 97
0
 75
0
 76
1
 98
0
  0
LWPOLYLINE
  5
6A6
330
68F
100
AcDbEntity
  8
G-r_tieS
100
AcDbPolyline
 90
4
 70
1
 10
11.650000000000002
 20
11.25
 10
42.650000000000006
 20
11.25
 10
42.650000000000006
 20
10.25
 10
11.650000000000002
 20
10.25
  0
HATCH
  5
6A7
330
68F
100
AcDbEntity
  8
G-r_tieS
 62
7
420
9460135
100
AcDbHatch
 10
0.0
 20
0.0
 30
0.0
210
0.0
220
0.0
230
1.0
  2
SOLID
 70
1
 71
0
 91
1
 92
3
 72
0
 73
1
 93
4
 10
11.650000000000002
 20
6.75
 10
42.650000000000006
 20
6.75
 10
42.650000000000006
 20
5.75
 10
11.650000000000002
 20
5.75
 97
0
 75
0
 76
1
 98
0
  0
LWPOLYLINE
  5
6A8
330
68F
100
AcDbEntity
  8
G-r_tieS
100
AcDbPolyline
 90
4
 70
1
 10
11.650000000000002
 20
6.75
 10
42.650000000000006
 20
6.75
 10
42.650000000000006
 20
5.75
 10
11.650000000000002
 20
5.75
  0
HATCH
  5
6A9
330
68F
100
AcDbEntity
  8
G-r_tieS
 62
7
420
9460135
100
AcDbHatch
 10
0.0
 20
0.0
 30
0.0
210
0.0
220
0.0
230
1.0
  2
SOLID
 70
1
 71
0
 91
1
 92
3
 72
0
 73
1
 93
4
 10
11.650000000000002
 20
-0.75
 10
42.650000000000006
 20
-0.75
 10
42.650000000000006
 20
-1.75
 10
11.650000000000002
 20
-1.75
 97
0
 75
0
 76
1
 98
0
  0
LWPOLYLINE
  5
6AA
330
68F
100
AcDbEntity
  8
G-r_tieS
100
AcDbPolyline
 90
4
 70
1
 10
11.650000000000002
 20
-0.75
 10
42.650000000000006
 20
-0.75
 10
42.650000000000006
 20
-1.75
 10
11.650000000000002
 20
-1.75
  0
HATCH
  5
6AB
330
68F
100
AcDbEntity
  8
G-r_tieS
 62
7
420
9460135
100
AcDbHatch
 10
0.0
 20
0.0
 30
0.0
210
0.0
220
0.0
230
1.0
  2
SOLID
 70
1
 71
0
 91
1
 92
3
 72
0
 73
1
 93
4
 10
11.650000000000002
 20
-8.25
 10
42.650000000000006
 20
-8.25
 10
42.650000000000006
 20
-9.25
 10
11.650000000000002
 20
-9.25
 97
0
 75
0
 76
1
 98
0
  0
LWPOLYLINE
  5
6AC
330
68F
100
AcDbEntity
  8
G-r_tieS
100
AcDbPolyline
 90
4
 70
1
 10
11.650000000000002
 20
-8.25
 10
42.650000000000006
 20
-8.25
 10
42.650000000000006
 20
-9.25
 10
11.650000000000002
 20
-9.25
  0
HATCH
  5
6AD
330
68F
100
AcDbEntity
  8
G-r_new
 62
7
420
3444827
100
AcDbHatch
 10
0.0
 20
0.0
 30
0.0
210
0.0
220
0.0
230
1.0
  2
SOLID
 70
1
 71
0
 91
1
 92
3
 72
0
 73
1
 93
4
 10
11.450000000000001
 20
25.25
 10
42.85
 20
25.25
 10
42.85
 20
23.85
 10
11.450000000000001
 20
23.85
 97
0
 75
0
 76
1
 98
0
  0
LWPOLYLINE
  5
6AE
330
68F
100
AcDbEntity
  8
G-r_new
100
AcDbPolyline
 90
4
 70
1
 10
11.450000000000001
 20
25.25
 10
42.85
 20
25.25
 10
42.85
 20
23.85
 10
11.450000000000001
 20
23.85
  0
HATCH
  5
6AF
330
68F
100
AcDbEntity
  8
G-r_new
 62
7
420
3444827
100
AcDbHatch
 10
0.0
 20
0.0
 30
0.0
210
0.0
220
0.0
230
1.0
  2
SOLID
 70
1
 71
0
 91
1
 92
3
 72
0
 73
1
 93
4
 10
11.450000000000001
 20
26.65
 10
42.85
 20
26.65
 10
42.85
 20
25.25
 10
11.450000000000001
 20
25.25
 97
0
 75
0
 76
1
 98
0
  0
LWPOLYLINE
  5
6B0
330
68F
100
AcDbEntity
  8
G-r_new
100
AcDbPolyline
 90
4
 70
1
 10
11.450000000000001
 20
26.65
 10
42.85
 20
26.65
 10
42.85
 20
25.25
 10
11.450000000000001
 20
25.25
  0
HATCH
  5
6B1
330
68F
100
AcDbEntity
  8
G-r_bm3
 62
7
420
6384235
100
AcDbHatch
 10
0.0
 20
0.0
 30
0.0
210
0.0
220
0.0
230
1.0
  2
SOLID
 70
1
 71
0
 91
1
 92
3
 72
0
 73
1
 93
26
 10
-92.85
 20
15.55
 10
37.65014109050241
 20
15.55
 10
38.135237077473995
 20
15.513666332877904
 10
38.60852600769104
 20
15.400039713825038
 10
39.05821284643331
 20
15.213773326397309
 10
39.47322481130589
 20
14.95945366723589
 10
39.84334293038789
 20
14.643342930387885
 10
40.159453667235894
 20
14.273224811305885
 10
40.41377332639731
 20
13.858212846433302
 10
40.60003971382504
 20
13.40852600769104
 10
40.71366633287791
 20
12.93523707747399
 10
40.75174224535327
 20
12.451436738045354
 10
40.75
 20
-0.05000000000000071
 10
39.550000000000004
 20
-0.05000000000000071
 10
39.54825775464674
 20
12.448563261954645
 10
39.524775370097785
 20
12.746935247727162
 10
39.45524286765073
 20
13.036558964183696
 10
39.34125929454453
 20
13.31173965226443
 10
39.18563130463885
 20
13.565701450156478
 10
38.99219097554486
 20
13.792190975544852
 10
38.765701450156484
 20
13.985631304638847
 10
38.51173965226444
 20
14.141259294544529
 10
38.2365589641837
 20
14.255242867650729
 10
37.94693524772717
 20
14.324775370097786
 10
37.649858909497596
 20
14.35
 10
-92.85
 20
14.35
 97
0
 75
0
 76
1
 98
0
  0
LWPOLYLINE
  5
6B2
330
68F
100
AcDbEntity
  8
G-r_bm3
100
AcDbPolyline
 90
26
 70
1
 10
-92.85
 20
15.55
 10
37.65014109050241
 20
15.55
 10
38.135237077473995
 20
15.513666332877904
 10
38.60852600769104
 20
15.400039713825038
 10
39.05821284643331
 20
15.213773326397309
 10
39.47322481130589
 20
14.95945366723589
 10
39.84334293038789
 20
14.643342930387885
 10
40.159453667235894
 20
14.273224811305885
 10
40.41377332639731
 20
13.858212846433302
 10
40.60003971382504
 20
13.40852600769104
 10
40.71366633287791
 20
12.93523707747399
 10
40.75174224535327
 20
12.451436738045354
 10
40.75
 20
-0.05000000000000071
 10
39.550000000000004
 20
-0.05000000000000071
 10
39.54825775464674
 20
12.448563261954645
 10
39.524775370097785
 20
12.746935247727162
 10
39.45524286765073
 20
13.036558964183696
 10
39.34125929454453
 20
13.31173965226443
 10
39.18563130463885
 20
13.565701450156478
 10
38.99219097554486
 20
13.792190975544852
 10
38.765701450156484
 20
13.985631304638847
 10
38.51173965226444
 20
14.141259294544529
 10
38.2365589641837
 20
14.255242867650729
 10
37.94693524772717
 20
14.324775370097786
 10
37.649858909497596
 20
14.35
 10
-92.85
 20
14.35
  0
HATCH
  5
6B3
330
68F
100
AcDbEntity
  8
G-r_bm3
 62
7
420
6384235
100
AcDbHatch
 10
0.0
 20
0.0
 30
0.0
210
0.0
220
0.0
230
1.0
  2
SOLID
 70
1
 71
0
 91
1
 92
3
 72
0
 73
1
 93
26
 10
-92.85
 20
-5.850000000000001
 10
37.649858909497596
 20
-5.850000000000001
 10
37.94693524772717
 20
-5.824775370097786
 10
38.2365589641837
 20
-5.7552428676507255
 10
38.51173965226444
 20
-5.641259294544529
 10
38.765701450156484
 20
-5.485631304638851
 10
38.99219097554486
 20
-5.292190975544852
 10
39.185631304638854
 20
-5.065701450156482
 10
39.34125929454453
 20
-4.811739652264436
 10
39.45524286765073
 20
-4.536558964183698
 10
39.524775370097785
 20
-4.246935247727166
 10
39.54825775464674
 20
-3.9485632619546465
 10
39.550000000000004
 20
8.549999999999999
 10
40.75
 20
8.549999999999999
 10
40.75174224535327
 20
-3.951436738045359
 10
40.71366633287791
 20
-4.435237077473996
 10
40.60003971382504
 20
-4.908526007691041
 10
40.41377332639731
 20
-5.358212846433304
 10
40.159453667235894
 20
-5.773224811305894
 10
39.84334293038789
 20
-6.143342930387885
 10
39.47322481130589
 20
-6.459453667235888
 10
39.05821284643331
 20
-6.713773326397309
 10
38.60852600769104
 20
-6.900039713825038
 10
38.135237077473995
 20
-7.0136663328779
 10
37.65014109050241
 20
-7.050000000000001
 10
-92.85
 20
-7.050000000000001
 97
0
 75
0
 76
1
 98
0
  0
LWPOLYLINE
  5
6B4
330
68F
100
AcDbEntity
  8
G-r_bm3
100
AcDbPolyline
 90
26
 70
1
 10
-92.85
 20
-5.850000000000001
 10
37.649858909497596
 20
-5.850000000000001
 10
37.94693524772717
 20
-5.824775370097786
 10
38.2365589641837
 20
-5.7552428676507255
 10
38.51173965226444
 20
-5.641259294544529
 10
38.765701450156484
 20
-5.485631304638851
 10
38.99219097554486
 20
-5.292190975544852
 10
39.185631304638854
 20
-5.065701450156482
 10
39.34125929454453
 20
-4.811739652264436
 10
39.45524286765073
 20
-4.536558964183698
 10
39.524775370097785
 20
-4.246935247727166
 10
39.54825775464674
 20
-3.9485632619546465
 10
39.550000000000004
 20
8.549999999999999
 10
40.75
 20
8.549999999999999
 10
40.75174224535327
 20
-3.951436738045359
 10
40.71366633287791
 20
-4.435237077473996
 10
40.60003971382504
 20
-4.908526007691041
 10
40.41377332639731
 20
-5.358212846433304
 10
40.159453667235894
 20
-5.773224811305894
 10
39.84334293038789
 20
-6.143342930387885
 10
39.47322481130589
 20
-6.459453667235888
 10
39.05821284643331
 20
-6.713773326397309
 10
38.60852600769104
 20
-6.900039713825038
 10
38.135237077473995
 20
-7.0136663328779
 10
37.65014109050241
 20
-7.050000000000001
 10
-92.85
 20
-7.050000000000001
  0
HATCH
  5
6B5
330
68F
100
AcDbEntity
  8
G-r_bm1
 62
7
420
1725046
100
AcDbHatch
 10
0.0
 20
0.0
 30
0.0
210
0.0
220
0.0
230
1.0
  2
SOLID
 70
1
 71
0
 91
1
 92
3
 72
0
 73
1
 93
4
 10
18.35
 20
16.15
 10
18.35
 20
1.1499999999999986
 10
17.150000000000002
 20
1.1499999999999986
 10
17.150000000000002
 20
16.15
 97
0
 75
0
 76
1
 98
0
  0
LWPOLYLINE
  5
6B6
330
68F
100
AcDbEntity
  8
G-r_bm1
100
AcDbPolyline
 90
4
 70
1
 10
18.35
 20
16.15
 10
18.35
 20
1.1499999999999986
 10
17.150000000000002
 20
1.1499999999999986
 10
17.150000000000002
 20
16.15
  0
HATCH
  5
6B7
330
68F
100
AcDbEntity
  8
G-r_bm1
 62
7
420
1725046
100
AcDbHatch
 10
0.0
 20
0.0
 30
0.0
210
0.0
220
0.0
230
1.0
  2
SOLID
 70
1
 71
0
 91
1
 92
3
 72
0
 73
1
 93
13
 10
18.35
 20
16.15
 10
18.32955549577344
 20
16.305291427061512
 10
18.269615242270667
 20
16.45
 10
18.17426406871193
 20
16.574264068711926
 10
18.050000000000004
 20
16.669615242270662
 10
17.905291427061513
 20
16.72955549577344
 10
17.75
 20
16.75
 10
17.59470857293849
 20
16.72955549577344
 10
17.450000000000003
 20
16.669615242270662
 10
17.325735931288072
 20
16.574264068711926
 10
17.23038475772934
 20
16.45
 10
17.17044450422656
 20
16.305291427061512
 10
17.150000000000002
 20
16.15
 97
0
 75
0
 76
1
 98
0
  0
LWPOLYLINE
  5
6B8
330
68F
100
AcDbEntity
  8
G-r_bm1
100
AcDbPolyline
 90
13
 70
1
 10
18.35
 20
16.15
 10
18.32955549577344
 20
16.305291427061512
 10
18.269615242270667
 20
16.45
 10
18.17426406871193
 20
16.574264068711926
 10
18.050000000000004
 20
16.669615242270662
 10
17.905291427061513
 20
16.72955549577344
 10
17.75
 20
16.75
 10
17.59470857293849
 20
16.72955549577344
 10
17.450000000000003
 20
16.669615242270662
 10
17.325735931288072
 20
16.574264068711926
 10
17.23038475772934
 20
16.45
 10
17.17044450422656
 20
16.305291427061512
 10
17.150000000000002
 20
16.15
  0
HATCH
  5
6B9
330
68F
100
AcDbEntity
  8
G-r_bm1
 62
7
420
1725046
100
AcDbHatch
 10
0.0
 20
0.0
 30
0.0
210
0.0
220
0.0
230
1.0
  2
SOLID
 70
1
 71
0
 91
1
 92
3
 72
0
 73
1
 93
4
 10
17.150000000000002
 20
-7.650000000000002
 10
17.150000000000002
 20
7.35
 10
18.35
 20
7.35
 10
18.35
 20
-7.650000000000002
 97
0
 75
0
 76
1
 98
0
  0
LWPOLYLINE
  5
6BA
330
68F
100
AcDbEntity
  8
G-r_bm1
100
AcDbPolyline
 90
4
 70
1
 10
17.150000000000002
 20
-7.650000000000002
 10
17.150000000000002
 20
7.35
 10
18.35
 20
7.35
 10
18.35
 20
-7.650000000000002
  0
HATCH
  5
6BB
330
68F
100
AcDbEntity
  8
G-r_bm1
 62
7
420
1725046
100
AcDbHatch
 10
0.0
 20
0.0
 30
0.0
210
0.0
220
0.0
230
1.0
  2
SOLID
 70
1
 71
0
 91
1
 92
3
 72
0
 73
1
 93
13
 10
17.150000000000002
 20
-7.650000000000002
 10
17.17044450422656
 20
-7.8052914270615155
 10
17.23038475772934
 20
-7.950000000000003
 10
17.325735931288072
 20
-8.074264068711926
 10
17.450000000000003
 20
-8.169615242270666
 10
17.59470857293849
 20
-8.22955549577344
 10
17.75
 20
-8.25
 10
17.905291427061513
 20
-8.22955549577344
 10
18.050000000000004
 20
-8.169615242270666
 10
18.17426406871193
 20
-8.074264068711926
 10
18.269615242270667
 20
-7.950000000000003
 10
18.32955549577344
 20
-7.8052914270615155
 10
18.35
 20
-7.650000000000002
 97
0
 75
0
 76
1
 98
0
  0
LWPOLYLINE
  5
6BC
330
68F
100
AcDbEntity
  8
G-r_bm1
100
AcDbPolyline
 90
13
 70
1
 10
17.150000000000002
 20
-7.650000000000002
 10
17.17044450422656
 20
-7.8052914270615155
 10
17.23038475772934
 20
-7.950000000000003
 10
17.325735931288072
 20
-8.074264068711926
 10
17.450000000000003
 20
-8.169615242270666
 10
17.59470857293849
 20
-8.22955549577344
 10
17.75
 20
-8.25
 10
17.905291427061513
 20
-8.22955549577344
 10
18.050000000000004
 20
-8.169615242270666
 10
18.17426406871193
 20
-8.074264068711926
 10
18.269615242270667
 20
-7.950000000000003
 10
18.32955549577344
 20
-7.8052914270615155
 10
18.35
 20
-7.650000000000002
  0
HATCH
  5
6BD
330
68F
100
AcDbEntity
  8
G-r_bm1
 62
7
420
1725046
100
AcDbHatch
 10
0.0
 20
0.0
 30
0.0
210
0.0
220
0.0
230
1.0
  2
SOLID
 70
1
 71
0
 91
1
 92
3
 72
0
 73
1
 93
4
 10
27.750000000000004
 20
16.15
 10
27.750000000000004
 20
1.1499999999999986
 10
26.55
 20
1.1499999999999986
 10
26.55
 20
16.15
 97
0
 75
0
 76
1
 98
0
  0
LWPOLYLINE
  5
6BE
330
68F
100
AcDbEntity
  8
G-r_bm1
100
AcDbPolyline
 90
4
 70
1
 10
27.750000000000004
 20
16.15
 10
27.750000000000004
 20
1.1499999999999986
 10
26.55
 20
1.1499999999999986
 10
26.55
 20
16.15
  0
HATCH
  5
6BF
330
68F
100
AcDbEntity
  8
G-r_bm1
 62
7
420
1725046
100
AcDbHatch
 10
0.0
 20
0.0
 30
0.0
210
0.0
220
0.0
230
1.0
  2
SOLID
 70
1
 71
0
 91
1
 92
3
 72
0
 73
1
 93
13
 10
27.750000000000004
 20
16.15
 10
27.729555495773443
 20
16.305291427061512
 10
27.669615242270666
 20
16.45
 10
27.57426406871193
 20
16.574264068711926
 10
27.450000000000003
 20
16.669615242270662
 10
27.305291427061515
 20
16.72955549577344
 10
27.150000000000002
 20
16.75
 10
26.99470857293849
 20
16.72955549577344
 10
26.85
 20
16.669615242270662
 10
26.725735931288074
 20
16.574264068711926
 10
26.630384757729338
 20
16.45
 10
26.57044450422656
 20
16.305291427061512
 10
26.55
 20
16.15
 97
0
 75
0
 76
1
 98
0
  0
LWPOLYLINE
  5
6C0
330
68F
100
AcDbEntity
  8
G-r_bm1
100
AcDbPolyline
 90
13
 70
1
 10
27.750000000000004
 20
16.15
 10
27.729555495773443
 20
16.305291427061512
 10
27.669615242270666
 20
16.45
 10
27.57426406871193
 20
16.574264068711926
 10
27.450000000000003
 20
16.669615242270662
 10
27.305291427061515
 20
16.72955549577344
 10
27.150000000000002
 20
16.75
 10
26.99470857293849
 20
16.72955549577344
 10
26.85
 20
16.669615242270662
 10
26.725735931288074
 20
16.574264068711926
 10
26.630384757729338
 20
16.45
 10
26.57044450422656
 20
16.305291427061512
 10
26.55
 20
16.15
  0
HATCH
  5
6C1
330
68F
100
AcDbEntity
  8
G-r_bm1
 62
7
420
1725046
100
AcDbHatch
 10
0.0
 20
0.0
 30
0.0
210
0.0
220
0.0
230
1.0
  2
SOLID
 70
1
 71
0
 91
1
 92
3
 72
0
 73
1
 93
4
 10
26.55
 20
-7.650000000000002
 10
26.55
 20
7.35
 10
27.750000000000004
 20
7.35
 10
27.750000000000004
 20
-7.650000000000002
 97
0
 75
0
 76
1
 98
0
  0
LWPOLYLINE
  5
6C2
330
68F
100
AcDbEntity
  8
G-r_bm1
100
AcDbPolyline
 90
4
 70
1
 10
26.55
 20
-7.650000000000002
 10
26.55
 20
7.35
 10
27.750000000000004
 20
7.35
 10
27.750000000000004
 20
-7.650000000000002
  0
HATCH
  5
6C3
330
68F
100
AcDbEntity
  8
G-r_bm1
 62
7
420
1725046
100
AcDbHatch
 10
0.0
 20
0.0
 30
0.0
210
0.0
220
0.0
230
1.0
  2
SOLID
 70
1
 71
0
 91
1
 92
3
 72
0
 73
1
 93
13
 10
26.55
 20
-7.650000000000002
 10
26.57044450422656
 20
-7.8052914270615155
 10
26.630384757729338
 20
-7.950000000000003
 10
26.725735931288074
 20
-8.074264068711926
 10
26.85
 20
-8.169615242270666
 10
26.99470857293849
 20
-8.22955549577344
 10
27.150000000000002
 20
-8.25
 10
27.305291427061515
 20
-8.22955549577344
 10
27.450000000000003
 20
-8.169615242270666
 10
27.57426406871193
 20
-8.074264068711926
 10
27.669615242270666
 20
-7.950000000000003
 10
27.729555495773443
 20
-7.8052914270615155
 10
27.750000000000004
 20
-7.650000000000002
 97
0
 75
0
 76
1
 98
0
  0
LWPOLYLINE
  5
6C4
330
68F
100
AcDbEntity
  8
G-r_bm1
100
AcDbPolyline
 90
13
 70
1
 10
26.55
 20
-7.650000000000002
 10
26.57044450422656
 20
-7.8052914270615155
 10
26.630384757729338
 20
-7.950000000000003
 10
26.725735931288074
 20
-8.074264068711926
 10
26.85
 20
-8.169615242270666
 10
26.99470857293849
 20
-8.22955549577344
 10
27.150000000000002
 20
-8.25
 10
27.305291427061515
 20
-8.22955549577344
 10
27.450000000000003
 20
-8.169615242270666
 10
27.57426406871193
 20
-8.074264068711926
 10
27.669615242270666
 20
-7.950000000000003
 10
27.729555495773443
 20
-7.8052914270615155
 10
27.750000000000004
 20
-7.650000000000002
  0
HATCH
  5
6C5
330
68F
100
AcDbEntity
  8
G-r_bm1
 62
7
420
1725046
100
AcDbHatch
 10
0.0
 20
0.0
 30
0.0
210
0.0
220
0.0
230
1.0
  2
SOLID
 70
1
 71
0
 91
1
 92
3
 72
0
 73
1
 93
4
 10
37.150000000000006
 20
16.15
 10
37.150000000000006
 20
1.1499999999999986
 10
35.95
 20
1.1499999999999986
 10
35.95
 20
16.15
 97
0
 75
0
 76
1
 98
0
  0
LWPOLYLINE
  5
6C6
330
68F
100
AcDbEntity
  8
G-r_bm1
100
AcDbPolyline
 90
4
 70
1
 10
37.150000000000006
 20
16.15
 10
37.150000000000006
 20
1.1499999999999986
 10
35.95
 20
1.1499999999999986
 10
35.95
 20
16.15
  0
HATCH
  5
6C7
330
68F
100
AcDbEntity
  8
G-r_bm1
 62
7
420
1725046
100
AcDbHatch
 10
0.0
 20
0.0
 30
0.0
210
0.0
220
0.0
230
1.0
  2
SOLID
 70
1
 71
0
 91
1
 92
3
 72
0
 73
1
 93
13
 10
37.150000000000006
 20
16.15
 10
37.129555495773445
 20
16.305291427061512
 10
37.069615242270665
 20
16.45
 10
36.97426406871193
 20
16.574264068711926
 10
36.85
 20
16.669615242270662
 10
36.70529142706151
 20
16.72955549577344
 10
36.550000000000004
 20
16.75
 10
36.39470857293849
 20
16.72955549577344
 10
36.25
 20
16.669615242270662
 10
36.12573593128808
 20
16.574264068711926
 10
36.03038475772934
 20
16.45
 10
35.97044450422656
 20
16.305291427061512
 10
35.95
 20
16.15
 97
0
 75
0
 76
1
 98
0
  0
LWPOLYLINE
  5
6C8
330
68F
100
AcDbEntity
  8
G-r_bm1
100
AcDbPolyline
 90
13
 70
1
 10
37.150000000000006
 20
16.15
 10
37.129555495773445
 20
16.305291427061512
 10
37.069615242270665
 20
16.45
 10
36.97426406871193
 20
16.574264068711926
 10
36.85
 20
16.669615242270662
 10
36.70529142706151
 20
16.72955549577344
 10
36.550000000000004
 20
16.75
 10
36.39470857293849
 20
16.72955549577344
 10
36.25
 20
16.669615242270662
 10
36.12573593128808
 20
16.574264068711926
 10
36.03038475772934
 20
16.45
 10
35.97044450422656
 20
16.305291427061512
 10
35.95
 20
16.15
  0
HATCH
  5
6C9
330
68F
100
AcDbEntity
  8
G-r_bm1
 62
7
420
1725046
100
AcDbHatch
 10
0.0
 20
0.0
 30
0.0
210
0.0
220
0.0
230
1.0
  2
SOLID
 70
1
 71
0
 91
1
 92
3
 72
0
 73
1
 93
4
 10
35.95
 20
-7.650000000000002
 10
35.95
 20
7.35
 10
37.150000000000006
 20
7.35
 10
37.150000000000006
 20
-7.650000000000002
 97
0
 75
0
 76
1
 98
0
  0
LWPOLYLINE
  5
6CA
330
68F
100
AcDbEntity
  8
G-r_bm1
100
AcDbPolyline
 90
4
 70
1
 10
35.95
 20
-7.650000000000002
 10
35.95
 20
7.35
 10
37.150000000000006
 20
7.35
 10
37.150000000000006
 20
-7.650000000000002
  0
HATCH
  5
6CB
330
68F
100
AcDbEntity
  8
G-r_bm1
 62
7
420
1725046
100
AcDbHatch
 10
0.0
 20
0.0
 30
0.0
210
0.0
220
0.0
230
1.0
  2
SOLID
 70
1
 71
0
 91
1
 92
3
 72
0
 73
1
 93
13
 10
35.95
 20
-7.650000000000002
 10
35.97044450422656
 20
-7.8052914270615155
 10
36.03038475772934
 20
-7.950000000000003
 10
36.12573593128808
 20
-8.074264068711926
 10
36.25
 20
-8.169615242270666
 10
36.39470857293849
 20
-8.22955549577344
 10
36.550000000000004
 20
-8.25
 10
36.70529142706151
 20
-8.22955549577344
 10
36.85
 20
-8.169615242270666
 10
36.97426406871193
 20
-8.074264068711926
 10
37.069615242270665
 20
-7.950000000000003
 10
37.129555495773445
 20
-7.8052914270615155
 10
37.150000000000006
 20
-7.650000000000002
 97
0
 75
0
 76
1
 98
0
  0
LWPOLYLINE
  5
6CC
330
68F
100
AcDbEntity
  8
G-r_bm1
100
AcDbPolyline
 90
13
 70
1
 10
35.95
 20
-7.650000000000002
 10
35.97044450422656
 20
-7.8052914270615155
 10
36.03038475772934
 20
-7.950000000000003
 10
36.12573593128808
 20
-8.074264068711926
 10
36.25
 20
-8.169615242270666
 10
36.39470857293849
 20
-8.22955549577344
 10
36.550000000000004
 20
-8.25
 10
36.70529142706151
 20
-8.22955549577344
 10
36.85
 20
-8.169615242270666
 10
36.97426406871193
 20
-8.074264068711926
 10
37.069615242270665
 20
-7.950000000000003
 10
37.129555495773445
 20
-7.8052914270615155
 10
37.150000000000006
 20
-7.650000000000002
  0
HATCH
  5
6CD
330
68F
100
AcDbEntity
  8
G-r_bm1
 62
7
420
1725046
100
AcDbHatch
 10
0.0
 20
0.0
 30
0.0
210
0.0
220
0.0
230
1.0
  2
SOLID
 70
1
 71
0
 91
1
 92
3
 72
0
 73
1
 93
4
 10
18.35
 20
13.75
 10
18.35
 20
-1.25
 10
17.150000000000002
 20
-1.25
 10
17.150000000000002
 20
13.75
 97
0
 75
0
 76
1
 98
0
  0
LWPOLYLINE
  5
6CE
330
68F
100
AcDbEntity
  8
G-r_bm1
100
AcDbPolyline
 90
4
 70
1
 10
18.35
 20
13.75
 10
18.35
 20
-1.25
 10
17.150000000000002
 20
-1.25
 10
17.150000000000002
 20
13.75
  0
HATCH
  5
6CF
330
68F
100
AcDbEntity
  8
G-r_bm1
 62
7
420
1725046
100
AcDbHatch
 10
0.0
 20
0.0
 30
0.0
210
0.0
220
0.0
230
1.0
  2
SOLID
 70
1
 71
0
 91
1
 92
3
 72
0
 73
1
 93
13
 10
18.35
 20
13.75
 10
18.32955549577344
 20
13.905291427061512
 10
18.269615242270667
 20
14.05
 10
18.17426406871193
 20
14.174264068711928
 10
18.050000000000004
 20
14.269615242270664
 10
17.905291427061513
 20
14.329555495773441
 10
17.75
 20
14.35
 10
17.59470857293849
 20
14.329555495773441
 10
17.450000000000003
 20
14.269615242270664
 10
17.325735931288072
 20
14.174264068711928
 10
17.23038475772934
 20
14.05
 10
17.17044450422656
 20
13.905291427061513
 10
17.150000000000002
 20
13.75
 97
0
 75
0
 76
1
 98
0
  0
LWPOLYLINE
  5
6D0
330
68F
100
AcDbEntity
  8
G-r_bm1
100
AcDbPolyline
 90
13
 70
1
 10
18.35
 20
13.75
 10
18.32955549577344
 20
13.905291427061512
 10
18.269615242270667
 20
14.05
 10
18.17426406871193
 20
14.174264068711928
 10
18.050000000000004
 20
14.269615242270664
 10
17.905291427061513
 20
14.329555495773441
 10
17.75
 20
14.35
 10
17.59470857293849
 20
14.329555495773441
 10
17.450000000000003
 20
14.269615242270664
 10
17.325735931288072
 20
14.174264068711928
 10
17.23038475772934
 20
14.05
 10
17.17044450422656
 20
13.905291427061513
 10
17.150000000000002
 20
13.75
  0
HATCH
  5
6D1
330
68F
100
AcDbEntity
  8
G-r_bm1
 62
7
420
1725046
100
AcDbHatch
 10
0.0
 20
0.0
 30
0.0
210
0.0
220
0.0
230
1.0
  2
SOLID
 70
1
 71
0
 91
1
 92
3
 72
0
 73
1
 93
4
 10
17.150000000000002
 20
-5.25
 10
17.150000000000002
 20
9.75
 10
18.35
 20
9.75
 10
18.35
 20
-5.25
 97
0
 75
0
 76
1
 98
0
  0
LWPOLYLINE
  5
6D2
330
68F
100
AcDbEntity
  8
G-r_bm1
100
AcDbPolyline
 90
4
 70
1
 10
17.150000000000002
 20
-5.25
 10
17.150000000000002
 20
9.75
 10
18.35
 20
9.75
 10
18.35
 20
-5.25
  0
HATCH
  5
6D3
330
68F
100
AcDbEntity
  8
G-r_bm1
 62
7
420
1725046
100
AcDbHatch
 10
0.0
 20
0.0
 30
0.0
210
0.0
220
0.0
230
1.0
  2
SOLID
 70
1
 71
0
 91
1
 92
3
 72
0
 73
1
 93
13
 10
17.150000000000002
 20
-5.25
 10
17.17044450422656
 20
-5.405291427061513
 10
17.23038475772934
 20
-5.550000000000001
 10
17.325735931288072
 20
-5.674264068711928
 10
17.450000000000003
 20
-5.769615242270664
 10
17.59470857293849
 20
-5.829555495773441
 10
17.75
 20
-5.850000000000001
 10
17.905291427061513
 20
-5.829555495773441
 10
18.050000000000004
 20
-5.769615242270664
 10
18.17426406871193
 20
-5.674264068711928
 10
18.269615242270667
 20
-5.550000000000001
 10
18.32955549577344
 20
-5.405291427061513
 10
18.35
 20
-5.25
 97
0
 75
0
 76
1
 98
0
  0
LWPOLYLINE
  5
6D4
330
68F
100
AcDbEntity
  8
G-r_bm1
100
AcDbPolyline
 90
13
 70
1
 10
17.150000000000002
 20
-5.25
 10
17.17044450422656
 20
-5.405291427061513
 10
17.23038475772934
 20
-5.550000000000001
 10
17.325735931288072
 20
-5.674264068711928
 10
17.450000000000003
 20
-5.769615242270664
 10
17.59470857293849
 20
-5.829555495773441
 10
17.75
 20
-5.850000000000001
 10
17.905291427061513
 20
-5.829555495773441
 10
18.050000000000004
 20
-5.769615242270664
 10
18.17426406871193
 20
-5.674264068711928
 10
18.269615242270667
 20
-5.550000000000001
 10
18.32955549577344
 20
-5.405291427061513
 10
18.35
 20
-5.25
  0
HATCH
  5
6D5
330
68F
100
AcDbEntity
  8
G-r_bm1
 62
7
420
1725046
100
AcDbHatch
 10
0.0
 20
0.0
 30
0.0
210
0.0
220
0.0
230
1.0
  2
SOLID
 70
1
 71
0
 91
1
 92
3
 72
0
 73
1
 93
4
 10
37.150000000000006
 20
13.75
 10
37.150000000000006
 20
-1.25
 10
35.95
 20
-1.25
 10
35.95
 20
13.75
 97
0
 75
0
 76
1
 98
0
  0
LWPOLYLINE
  5
6D6
330
68F
100
AcDbEntity
  8
G-r_bm1
100
AcDbPolyline
 90
4
 70
1
 10
37.150000000000006
 20
13.75
 10
37.150000000000006
 20
-1.25
 10
35.95
 20
-1.25
 10
35.95
 20
13.75
  0
HATCH
  5
6D7
330
68F
100
AcDbEntity
  8
G-r_bm1
 62
7
420
1725046
100
AcDbHatch
 10
0.0
 20
0.0
 30
0.0
210
0.0
220
0.0
230
1.0
  2
SOLID
 70
1
 71
0
 91
1
 92
3
 72
0
 73
1
 93
13
 10
37.150000000000006
 20
13.75
 10
37.129555495773445
 20
13.905291427061512
 10
37.069615242270665
 20
14.05
 10
36.97426406871193
 20
14.174264068711928
 10
36.85
 20
14.269615242270664
 10
36.70529142706151
 20
14.329555495773441
 10
36.550000000000004
 20
14.35
 10
36.39470857293849
 20
14.329555495773441
 10
36.25
 20
14.269615242270664
 10
36.12573593128808
 20
14.174264068711928
 10
36.03038475772934
 20
14.05
 10
35.97044450422656
 20
13.905291427061513
 10
35.95
 20
13.75
 97
0
 75
0
 76
1
 98
0
  0
LWPOLYLINE
  5
6D8
330
68F
100
AcDbEntity
  8
G-r_bm1
100
AcDbPolyline
 90
13
 70
1
 10
37.150000000000006
 20
13.75
 10
37.129555495773445
 20
13.905291427061512
 10
37.069615242270665
 20
14.05
 10
36.97426406871193
 20
14.174264068711928
 10
36.85
 20
14.269615242270664
 10
36.70529142706151
 20
14.329555495773441
 10
36.550000000000004
 20
14.35
 10
36.39470857293849
 20
14.329555495773441
 10
36.25
 20
14.269615242270664
 10
36.12573593128808
 20
14.174264068711928
 10
36.03038475772934
 20
14.05
 10
35.97044450422656
 20
13.905291427061513
 10
35.95
 20
13.75
  0
HATCH
  5
6D9
330
68F
100
AcDbEntity
  8
G-r_bm1
 62
7
420
1725046
100
AcDbHatch
 10
0.0
 20
0.0
 30
0.0
210
0.0
220
0.0
230
1.0
  2
SOLID
 70
1
 71
0
 91
1
 92
3
 72
0
 73
1
 93
4
 10
35.95
 20
-5.25
 10
35.95
 20
9.75
 10
37.150000000000006
 20
9.75
 10
37.150000000000006
 20
-5.25
 97
0
 75
0
 76
1
 98
0
  0
LWPOLYLINE
  5
6DA
330
68F
100
AcDbEntity
  8
G-r_bm1
100
AcDbPolyline
 90
4
 70
1
 10
35.95
 20
-5.25
 10
35.95
 20
9.75
 10
37.150000000000006
 20
9.75
 10
37.150000000000006
 20
-5.25
  0
HATCH
  5
6DB
330
68F
100
AcDbEntity
  8
G-r_bm1
 62
7
420
1725046
100
AcDbHatch
 10
0.0
 20
0.0
 30
0.0
210
0.0
220
0.0
230
1.0
  2
SOLID
 70
1
 71
0
 91
1
 92
3
 72
0
 73
1
 93
13
 10
35.95
 20
-5.25
 10
35.97044450422656
 20
-5.405291427061513
 10
36.03038475772934
 20
-5.550000000000001
 10
36.12573593128808
 20
-5.674264068711928
 10
36.25
 20
-5.769615242270664
 10
36.39470857293849
 20
-5.829555495773441
 10
36.550000000000004
 20
-5.850000000000001
 10
36.70529142706151
 20
-5.829555495773441
 10
36.85
 20
-5.769615242270664
 10
36.97426406871193
 20
-5.674264068711928
 10
37.069615242270665
 20
-5.550000000000001
 10
37.129555495773445
 20
-5.405291427061513
 10
37.150000000000006
 20
-5.25
 97
0
 75
0
 76
1
 98
0
  0
LWPOLYLINE
  5
6DC
330
68F
100
AcDbEntity
  8
G-r_bm1
100
AcDbPolyline
 90
13
 70
1
 10
35.95
 20
-5.25
 10
35.97044450422656
 20
-5.405291427061513
 10
36.03038475772934
 20
-5.550000000000001
 10
36.12573593128808
 20
-5.674264068711928
 10
36.25
 20
-5.769615242270664
 10
36.39470857293849
 20
-5.829555495773441
 10
36.550000000000004
 20
-5.850000000000001
 10
36.70529142706151
 20
-5.829555495773441
 10
36.85
 20
-5.769615242270664
 10
36.97426406871193
 20
-5.674264068711928
 10
37.069615242270665
 20
-5.550000000000001
 10
37.129555495773445
 20
-5.405291427061513
 10
37.150000000000006
 20
-5.25
  0
HATCH
  5
6DD
330
68F
100
AcDbEntity
  8
G-r_bas
 62
7
420
15105570
100
AcDbHatch
 10
0.0
 20
0.0
 30
0.0
210
0.0
220
0.0
230
1.0
  2
SOLID
 70
1
 71
0
 91
1
 92
3
 72
0
 73
1
 93
4
 10
19.55
 20
13.75
 10
19.55
 20
-5.650000000000002
 10
18.35
 20
-5.650000000000002
 10
18.35
 20
13.75
 97
0
 75
0
 76
1
 98
0
  0
LWPOLYLINE
  5
6DE
330
68F
100
AcDbEntity
  8
G-r_bas
100
AcDbPolyline
 90
4
 70
1
 10
19.55
 20
13.75
 10
19.55
 20
-5.650000000000002
 10
18.35
 20
-5.650000000000002
 10
18.35
 20
13.75
  0
HATCH
  5
6DF
330
68F
100
AcDbEntity
  8
G-r_bas
 62
7
420
15105570
100
AcDbHatch
 10
0.0
 20
0.0
 30
0.0
210
0.0
220
0.0
230
1.0
  2
SOLID
 70
1
 71
0
 91
1
 92
3
 72
0
 73
1
 93
13
 10
19.55
 20
13.75
 10
19.529555495773444
 20
13.905291427061512
 10
19.469615242270663
 20
14.05
 10
19.37426406871193
 20
14.174264068711928
 10
19.25
 20
14.269615242270664
 10
19.105291427061516
 20
14.329555495773441
 10
18.950000000000003
 20
14.35
 10
18.79470857293849
 20
14.329555495773441
 10
18.650000000000002
 20
14.269615242270664
 10
18.525735931288075
 20
14.174264068711928
 10
18.43038475772934
 20
14.05
 10
18.370444504226562
 20
13.905291427061513
 10
18.35
 20
13.75
 97
0
 75
0
 76
1
 98
0
  0
LWPOLYLINE
  5
6E0
330
68F
100
AcDbEntity
  8
G-r_bas
100
AcDbPolyline
 90
13
 70
1
 10
19.55
 20
13.75
 10
19.529555495773444
 20
13.905291427061512
 10
19.469615242270663
 20
14.05
 10
19.37426406871193
 20
14.174264068711928
 10
19.25
 20
14.269615242270664
 10
19.105291427061516
 20
14.329555495773441
 10
18.950000000000003
 20
14.35
 10
18.79470857293849
 20
14.329555495773441
 10
18.650000000000002
 20
14.269615242270664
 10
18.525735931288075
 20
14.174264068711928
 10
18.43038475772934
 20
14.05
 10
18.370444504226562
 20
13.905291427061513
 10
18.35
 20
13.75
  0
HATCH
  5
6E1
330
68F
100
AcDbEntity
  8
G-r_bas
 62
7
420
15105570
100
AcDbHatch
 10
0.0
 20
0.0
 30
0.0
210
0.0
220
0.0
230
1.0
  2
SOLID
 70
1
 71
0
 91
1
 92
3
 72
0
 73
1
 93
4
 10
35.95
 20
13.75
 10
35.95
 20
-5.650000000000002
 10
34.75
 20
-5.650000000000002
 10
34.75
 20
13.75
 97
0
 75
0
 76
1
 98
0
  0
LWPOLYLINE
  5
6E2
330
68F
100
AcDbEntity
  8
G-r_bas
100
AcDbPolyline
 90
4
 70
1
 10
35.95
 20
13.75
 10
35.95
 20
-5.650000000000002
 10
34.75
 20
-5.650000000000002
 10
34.75
 20
13.75
  0
HATCH
  5
6E3
330
68F
100
AcDbEntity
  8
G-r_bas
 62
7
420
15105570
100
AcDbHatch
 10
0.0
 20
0.0
 30
0.0
210
0.0
220
0.0
230
1.0
  2
SOLID
 70
1
 71
0
 91
1
 92
3
 72
0
 73
1
 93
13
 10
35.95
 20
13.75
 10
35.92955549577344
 20
13.905291427061512
 10
35.86961524227067
 20
14.05
 10
35.77426406871193
 20
14.174264068711928
 10
35.650000000000006
 20
14.269615242270664
 10
35.505291427061515
 20
14.329555495773441
 10
35.35
 20
14.35
 10
35.19470857293849
 20
14.329555495773441
 10
35.050000000000004
 20
14.269615242270664
 10
34.925735931288074
 20
14.174264068711928
 10
34.83038475772934
 20
14.05
 10
34.77044450422656
 20
13.905291427061513
 10
34.75
 20
13.75
 97
0
 75
0
 76
1
 98
0
  0
LWPOLYLINE
  5
6E4
330
68F
100
AcDbEntity
  8
G-r_bas
100
AcDbPolyline
 90
13
 70
1
 10
35.95
 20
13.75
 10
35.92955549577344
 20
13.905291427061512
 10
35.86961524227067
 20
14.05
 10
35.77426406871193
 20
14.174264068711928
 10
35.650000000000006
 20
14.269615242270664
 10
35.505291427061515
 20
14.329555495773441
 10
35.35
 20
14.35
 10
35.19470857293849
 20
14.329555495773441
 10
35.050000000000004
 20
14.269615242270664
 10
34.925735931288074
 20
14.174264068711928
 10
34.83038475772934
 20
14.05
 10
34.77044450422656
 20
13.905291427061513
 10
34.75
 20
13.75
  0
HATCH
  5
6E5
330
68F
100
AcDbEntity
  8
G-r_bas
 62
7
420
15105570
100
AcDbHatch
 10
0.0
 20
0.0
 30
0.0
210
0.0
220
0.0
230
1.0
  2
SOLID
 70
1
 71
0
 91
1
 92
3
 72
0
 73
1
 93
26
 10
-81.45
 20
12.549999999999999
 10
37.45015481030228
 20
12.549999999999999
 10
37.93523707747399
 20
12.513666332877902
 10
38.408526007691044
 20
12.400039713825038
 10
38.858212846433304
 20
12.213773326397309
 10
39.27322481130589
 20
11.95945366723589
 10
39.64334293038789
 20
11.643342930387885
 10
39.95945366723589
 20
11.273224811305885
 10
40.213773326397316
 20
10.858212846433302
 10
40.40003971382504
 20
10.40852600769104
 10
40.513666332877904
 20
9.93523707747399
 10
40.55177101478657
 20
9.451071187735707
 10
40.550000000000004
 20
-7.450000000000003
 10
39.35
 20
-7.450000000000003
 10
39.34822898521344
 20
9.448928812264292
 10
39.32477537009779
 20
9.746935247727162
 10
39.255242867650736
 20
10.036558964183696
 10
39.14125929454453
 20
10.31173965226443
 10
38.98563130463885
 20
10.565701450156478
 10
38.792190975544855
 20
10.792190975544852
 10
38.56570145015648
 20
10.985631304638847
 10
38.311739652264436
 20
11.141259294544529
 10
38.0365589641837
 20
11.255242867650729
 10
37.746935247727166
 20
11.324775370097786
 10
37.449845189697726
 20
11.35
 10
-81.45
 20
11.35
 97
0
 75
0
 76
1
 98
0
  0
LWPOLYLINE
  5
6E6
330
68F
100
AcDbEntity
  8
G-r_bas
100
AcDbPolyline
 90
26
 70
1
 10
-81.45
 20
12.549999999999999
 10
37.45015481030228
 20
12.549999999999999
 10
37.93523707747399
 20
12.513666332877902
 10
38.408526007691044
 20
12.400039713825038
 10
38.858212846433304
 20
12.213773326397309
 10
39.27322481130589
 20
11.95945366723589
 10
39.64334293038789
 20
11.643342930387885
 10
39.95945366723589
 20
11.273224811305885
 10
40.213773326397316
 20
10.858212846433302
 10
40.40003971382504
 20
10.40852600769104
 10
40.513666332877904
 20
9.93523707747399
 10
40.55177101478657
 20
9.451071187735707
 10
40.550000000000004
 20
-7.450000000000003
 10
39.35
 20
-7.450000000000003
 10
39.34822898521344
 20
9.448928812264292
 10
39.32477537009779
 20
9.746935247727162
 10
39.255242867650736
 20
10.036558964183696
 10
39.14125929454453
 20
10.31173965226443
 10
38.98563130463885
 20
10.565701450156478
 10
38.792190975544855
 20
10.792190975544852
 10
38.56570145015648
 20
10.985631304638847
 10
38.311739652264436
 20
11.141259294544529
 10
38.0365589641837
 20
11.255242867650729
 10
37.746935247727166
 20
11.324775370097786
 10
37.449845189697726
 20
11.35
 10
-81.45
 20
11.35
  0
HATCH
  5
6E7
330
68F
100
AcDbEntity
  8
G-r_anc
 62
7
420
12597547
100
AcDbHatch
 10
0.0
 20
0.0
 30
0.0
210
0.0
220
0.0
230
1.0
  2
SOLID
 70
1
 71
0
 91
1
 92
3
 72
0
 73
1
 93
4
 10
12.650000000000002
 20
16.35
 10
56.650000000000006
 20
16.35
 10
56.650000000000006
 20
14.75
 10
12.650000000000002
 20
14.75
 97
0
 75
0
 76
1
 98
0
  0
LWPOLYLINE
  5
6E8
330
68F
100
AcDbEntity
  8
G-r_anc
100
AcDbPolyline
 90
4
 70
1
 10
12.650000000000002
 20
16.35
 10
56.650000000000006
 20
16.35
 10
56.650000000000006
 20
14.75
 10
12.650000000000002
 20
14.75
  0
HATCH
  5
6E9
330
68F
100
AcDbEntity
  8
G-r_bp
 62
7
420
3428459
100
AcDbHatch
 10
0.0
 20
0.0
 30
0.0
210
0.0
220
0.0
230
1.0
  2
SOLID
 70
1
 71
0
 91
1
 92
3
 72
0
 73
1
 93
4
 10
15.05
 20
13.049999999999999
 10
16.25
 20
13.049999999999999
 10
16.25
 20
18.05
 10
15.05
 20
18.05
 97
0
 75
0
 76
1
 98
0
  0
LWPOLYLINE
  5
6EA
330
68F
100
AcDbEntity
  8
G-r_bp
100
AcDbPolyline
 90
4
 70
1
 10
15.05
 20
13.049999999999999
 10
16.25
 20
13.049999999999999
 10
16.25
 20
18.05
 10
15.05
 20
18.05
  0
HATCH
  5
6EB
330
68F
100
AcDbEntity
  8
G-r_anc
 62
7
420
12597547
100
AcDbHatch
 10
0.0
 20
0.0
 30
0.0
210
0.0
220
0.0
230
1.0
  2
SOLID
 70
1
 71
0
 91
1
 92
3
 72
0
 73
1
 93
4
 10
12.650000000000002
 20
5.25
 10
56.650000000000006
 20
5.25
 10
56.650000000000006
 20
3.6499999999999986
 10
12.650000000000002
 20
3.6499999999999986
 97
0
 75
0
 76
1
 98
0
  0
LWPOLYLINE
  5
6EC
330
68F
100
AcDbEntity
  8
G-r_anc
100
AcDbPolyline
 90
4
 70
1
 10
12.650000000000002
 20
5.25
 10
56.650000000000006
 20
5.25
 10
56.650000000000006
 20
3.6499999999999986
 10
12.650000000000002
 20
3.6499999999999986
  0
HATCH
  5
6ED
330
68F
100
AcDbEntity
  8
G-r_bp
 62
7
420
3428459
100
AcDbHatch
 10
0.0
 20
0.0
 30
0.0
210
0.0
220
0.0
230
1.0
  2
SOLID
 70
1
 71
0
 91
1
 92
3
 72
0
 73
1
 93
4
 10
15.05
 20
1.9499999999999993
 10
16.25
 20
1.9499999999999993
 10
16.25
 20
6.949999999999999
 10
15.05
 20
6.949999999999999
 97
0
 75
0
 76
1
 98
0
  0
LWPOLYLINE
  5
6EE
330
68F
100
AcDbEntity
  8
G-r_bp
100
AcDbPolyline
 90
4
 70
1
 10
15.05
 20
1.9499999999999993
 10
16.25
 20
1.9499999999999993
 10
16.25
 20
6.949999999999999
 10
15.05
 20
6.949999999999999
  0
HATCH
  5
6EF
330
68F
100
AcDbEntity
  8
G-r_anc
 62
7
420
12597547
100
AcDbHatch
 10
0.0
 20
0.0
 30
0.0
210
0.0
220
0.0
230
1.0
  2
SOLID
 70
1
 71
0
 91
1
 92
1
 93
1
 72
2
 10
23.150000000000002
 20
17.55
 40
0.8
 50
0.0
 51
360.0
 73
1
 97
0
 75
0
 76
1
 98
0
  0
CIRCLE
  5
6F0
330
68F
100
AcDbEntity
  8
G-r_anc
100
AcDbCircle
 10
23.150000000000002
 20
17.55
 30
0.0
 40
0.8
  0
HATCH
  5
6F1
330
68F
100
AcDbEntity
  8
G-r_anc
 62
7
420
12597547
100
AcDbHatch
 10
0.0
 20
0.0
 30
0.0
210
0.0
220
0.0
230
1.0
  2
SOLID
 70
1
 71
0
 91
1
 92
1
 93
1
 72
2
 10
31.150000000000002
 20
17.55
 40
0.8
 50
0.0
 51
360.0
 73
1
 97
0
 75
0
 76
1
 98
0
  0
CIRCLE
  5
6F2
330
68F
100
AcDbEntity
  8
G-r_anc
100
AcDbCircle
 10
31.150000000000002
 20
17.55
 30
0.0
 40
0.8
  0
HATCH
  5
6F3
330
68F
100
AcDbEntity
  8
G-r_anc
 62
7
420
12597547
100
AcDbHatch
 10
0.0
 20
0.0
 30
0.0
210
0.0
220
0.0
230
1.0
  2
SOLID
 70
1
 71
0
 91
1
 92
1
 93
1
 72
2
 10
23.150000000000002
 20
1.9499999999999993
 40
0.8
 50
0.0
 51
360.0
 73
1
 97
0
 75
0
 76
1
 98
0
  0
CIRCLE
  5
6F4
330
68F
100
AcDbEntity
  8
G-r_anc
100
AcDbCircle
 10
23.150000000000002
 20
1.9499999999999993
 30
0.0
 40
0.8
  0
HATCH
  5
6F5
330
68F
100
AcDbEntity
  8
G-r_anc
 62
7
420
12597547
100
AcDbHatch
 10
0.0
 20
0.0
 30
0.0
210
0.0
220
0.0
230
1.0
  2
SOLID
 70
1
 71
0
 91
1
 92
1
 93
1
 72
2
 10
31.150000000000002
 20
1.9499999999999993
 40
0.8
 50
0.0
 51
360.0
 73
1
 97
0
 75
0
 76
1
 98
0
  0
CIRCLE
  5
6F6
330
68F
100
AcDbEntity
  8
G-r_anc
100
AcDbCircle
 10
31.150000000000002
 20
1.9499999999999993
 30
0.0
 40
0.8
  0
HATCH
  5
6F7
330
68F
100
AcDbEntity
  8
G-r_eplate
 62
7
420
15068145
100
AcDbHatch
 10
0.0
 20
0.0
 30
0.0
210
0.0
220
0.0
230
1.0
  2
SOLID
 70
1
 71
0
 91
1
 92
3
 72
0
 73
1
 93
4
 10
20.150000000000002
 20
-4.25
 10
34.150000000000006
 20
-4.25
 10
34.150000000000006
 20
21.75
 10
20.150000000000002
 20
21.75
 97
0
 75
0
 76
1
 98
0
  0
LWPOLYLINE
  5
6F8
330
68F
100
AcDbEntity
  8
G-r_eplate
100
AcDbPolyline
 90
4
 70
1
 10
20.150000000000002
 20
-4.25
 10
34.150000000000006
 20
-4.25
 10
34.150000000000006
 20
21.75
 10
20.150000000000002
 20
21.75
  0
HATCH
  5
6F9
330
68F
100
AcDbEntity
  8
G-r_ipe
 62
7
420
15199730
100
AcDbHatch
 10
0.0
 20
0.0
 30
0.0
210
0.0
220
0.0
230
1.0
  2
SOLID
 70
1
 71
0
 91
1
 92
3
 72
0
 73
1
 93
12
 10
21.150000000000002
 20
21.75
 10
33.150000000000006
 20
21.75
 10
33.150000000000006
 20
20.77
 10
27.46
 20
20.77
 10
27.46
 20
-1.2699999999999996
 10
33.150000000000006
 20
-1.2699999999999996
 10
33.150000000000006
 20
-2.25
 10
21.150000000000002
 20
-2.25
 10
21.150000000000002
 20
-1.2699999999999996
 10
26.840000000000003
 20
-1.2699999999999996
 10
26.840000000000003
 20
20.77
 10
21.150000000000002
 20
20.77
 97
0
 75
0
 76
1
 98
0
  0
LWPOLYLINE
  5
6FA
330
68F
100
AcDbEntity
  8
G-r_ipe
100
AcDbPolyline
 90
12
 70
1
 10
21.150000000000002
 20
21.75
 10
33.150000000000006
 20
21.75
 10
33.150000000000006
 20
20.77
 10
27.46
 20
20.77
 10
27.46
 20
-1.2699999999999996
 10
33.150000000000006
 20
-1.2699999999999996
 10
33.150000000000006
 20
-2.25
 10
21.150000000000002
 20
-2.25
 10
21.150000000000002
 20
-1.2699999999999996
 10
26.840000000000003
 20
-1.2699999999999996
 10
26.840000000000003
 20
20.77
 10
21.150000000000002
 20
20.77
  0
HATCH
  5
6FB
330
68F
100
AcDbEntity
  8
G-r_grout
 62
7
420
15395042
100
AcDbHatch
 10
0.0
 20
0.0
 30
0.0
210
0.0
220
0.0
230
1.0
  2
SOLID
 70
1
 71
0
 91
1
 92
3
 72
0
 73
1
 93
4
 10
47.150000000000006
 20
-4.25
 10
49.650000000000006
 20
-4.25
 10
49.650000000000006
 20
21.75
 10
47.150000000000006
 20
21.75
 97
0
 75
0
 76
1
 98
0
  0
LWPOLYLINE
  5
6FC
330
68F
100
AcDbEntity
  8
G-r_grout
100
AcDbPolyline
 90
4
 70
1
 10
47.150000000000006
 20
-4.25
 10
49.650000000000006
 20
-4.25
 10
49.650000000000006
 20
21.75
 10
47.150000000000006
 20
21.75
  0
HATCH
  5
6FD
330
68F
100
AcDbEntity
  8
G-r_eplate
 62
7
420
15068145
100
AcDbHatch
 10
0.0
 20
0.0
 30
0.0
210
0.0
220
0.0
230
1.0
  2
SOLID
 70
1
 71
0
 91
1
 92
3
 72
0
 73
1
 93
4
 10
49.650000000000006
 20
-4.25
 10
50.85000000000001
 20
-4.25
 10
50.85000000000001
 20
21.75
 10
49.650000000000006
 20
21.75
 97
0
 75
0
 76
1
 98
0
  0
LWPOLYLINE
  5
6FE
330
68F
100
AcDbEntity
  8
G-r_eplate
100
AcDbPolyline
 90
4
 70
1
 10
49.650000000000006
 20
-4.25
 10
50.85000000000001
 20
-4.25
 10
50.85000000000001
 20
21.75
 10
49.650000000000006
 20
21.75
  0
HATCH
  5
6FF
330
68F
100
AcDbEntity
  8
G-r_ipe
 62
7
420
15199730
100
AcDbHatch
 10
0.0
 20
0.0
 30
0.0
210
0.0
220
0.0
230
1.0
  2
SOLID
 70
1
 71
0
 91
1
 92
3
 72
0
 73
1
 93
4
 10
50.85000000000001
 20
-2.25
 10
85.85000000000001
 20
-2.25
 10
85.85000000000001
 20
21.75
 10
50.85000000000001
 20
21.75
 97
0
 75
0
 76
1
 98
0
  0
LWPOLYLINE
  5
700
330
68F
100
AcDbEntity
  8
G-r_ipe
100
AcDbPolyline
 90
4
 70
1
 10
50.85000000000001
 20
-2.25
 10
85.85000000000001
 20
-2.25
 10
85.85000000000001
 20
21.75
 10
50.85000000000001
 20
21.75
  0
HATCH
  5
701
330
68F
100
AcDbEntity
  8
G-r_ipef
 62
7
420
10861005
100
AcDbHatch
 10
0.0
 20
0.0
 30
0.0
210
0.0
220
0.0
230
1.0
  2
SOLID
 70
1
 71
0
 91
1
 92
3
 72
0
 73
1
 93
4
 10
50.85000000000001
 20
20.77
 10
85.85000000000001
 20
20.77
 10
85.85000000000001
 20
21.75
 10
50.85000000000001
 20
21.75
 97
0
 75
0
 76
1
 98
0
  0
LWPOLYLINE
  5
702
330
68F
100
AcDbEntity
  8
G-r_ipef
100
AcDbPolyline
 90
4
 70
1
 10
50.85000000000001
 20
20.77
 10
85.85000000000001
 20
20.77
 10
85.85000000000001
 20
21.75
 10
50.85000000000001
 20
21.75
  0
HATCH
  5
703
330
68F
100
AcDbEntity
  8
G-r_ipef
 62
7
420
10861005
100
AcDbHatch
 10
0.0
 20
0.0
 30
0.0
210
0.0
220
0.0
230
1.0
  2
SOLID
 70
1
 71
0
 91
1
 92
3
 72
0
 73
1
 93
4
 10
50.85000000000001
 20
-2.25
 10
85.85000000000001
 20
-2.25
 10
85.85000000000001
 20
-1.2699999999999996
 10
50.85000000000001
 20
-1.2699999999999996
 97
0
 75
0
 76
1
 98
0
  0
LWPOLYLINE
  5
704
330
68F
100
AcDbEntity
  8
G-r_ipef
100
AcDbPolyline
 90
4
 70
1
 10
50.85000000000001
 20
-2.25
 10
85.85000000000001
 20
-2.25
 10
85.85000000000001
 20
-1.2699999999999996
 10
50.85000000000001
 20
-1.2699999999999996
  0
TEXT
  5
705
330
68F
100
AcDbEntity
  8
T-small
 62
47
420
4473924
100
AcDbText
 10
68.35000000000001
 20
-6.75
 30
0.0
 40
2.286
  1
IPE 240 D4X (después)
  7
ESTANDAR
 41
0.885
 72
1
 11
68.35000000000001
 21
-6.75
 31
0.0
100
AcDbText
  0
TEXT
  5
706
330
68F
100
AcDbEntity
  8
T-label
 62
49
420
2236962
100
AcDbText
 10
27.150000000000002
 20
35.25
 30
0.0
 40
2.286
  1
columna D4
  7
ESTANDAR
 41
0.885
 72
1
 11
27.150000000000002
 21
35.25
 31
0.0
100
AcDbText
  0
TEXT
  5
707
330
68F
100
AcDbEntity
  8
T-bsm
 62
156
420
929604
100
AcDbText
 10
-42.849999999999994
 20
24.25
 30
0.0
 40
2.286
  1
VCS eje 4: 3Ø12 + 3Ø12, gancho contra los estribos
  7
NEGRITA
 41
0.885
 72
1
 11
-42.849999999999994
 21
24.25
 31
0.0
100
AcDbText
  0
TEXT
  5
708
330
68F
100
AcDbEntity
  8
T-hk
 62
44
420
8017152
100
AcDbText
 10
-42.849999999999994
 20
8.45
 30
0.0
 40
2.286
  1
bastones D4X (a 98)
  7
NEGRITA
 41
0.885
 72
1
 11
-42.849999999999994
 21
8.45
 31
0.0
100
AcDbText
  0
TEXT
  5
709
330
68F
100
AcDbEntity
  8
T-anc
 62
22
420
11088422
100
AcDbText
 10
13.150000000000002
 20
-0.05000000000000071
 30
0.0
 40
2.286
  1
A1 de D4X
  7
NEGRITA
 41
0.885
 72
1
 11
13.150000000000002
 21
-0.05000000000000071
 31
0.0
100
AcDbText
  0
TEXT
  5
70A
330
68F
100
AcDbEntity
  8
T-small
 62
47
420
4473924
100
AcDbText
 10
27.150000000000002
 20
-31.25
 30
0.0
 40
2.286
  1
D4Y: placa, A1 y bastones de frente (iguales a C4)
  7
ESTANDAR
 41
0.885
 72
1
 11
27.150000000000002
 21
-31.25
 31
0.0
100
AcDbText
  0
LINE
  5
70B
330
68F
100
AcDbEntity
  8
G-cut
100
AcDbLine
 10
56.650000000000006
 20
15.55
 30
0.0
 11
92.85000000000001
 21
15.55
 31
0.0
  0
LINE
  5
70C
330
68F
100
AcDbEntity
  8
G-cut
100
AcDbLine
 10
56.650000000000006
 20
4.449999999999999
 30
0.0
 11
92.85000000000001
 21
4.449999999999999
 31
0.0
  0
LINE
  5
70D
330
68F
100
AcDbEntity
  8
G-cut
100
AcDbLine
 10
23.150000000000002
 20
1.9499999999999993
 30
0.0
 11
23.150000000000002
 21
-38.25
 31
0.0
  0
LINE
  5
70E
330
68F
100
AcDbEntity
  8
G-cut
100
AcDbLine
 10
31.150000000000002
 20
1.9499999999999993
 30
0.0
 11
31.150000000000002
 21
-38.25
 31
0.0
  0
DIMENSION
  5
70F
330
68F
100
AcDbEntity
  8
COTAS
100
AcDbDimension
280
0
  2
*D43
  3
COTAS_PAPEL
 10
88.85000000000001
 20
21.75
 30
0.0
 11
90.3644
 21
18.65
 31
0.0
 70
32
 71
5
  1
62
100
AcDbAlignedDimension
 13
92.85000000000001
 23
21.75
 33
0.0
 14
92.85000000000001
 24
15.55
 34
0.0
 50
-90.0
100
AcDbRotatedDimension
  0
DIMENSION
  5
710
330
68F
100
AcDbEntity
  8
COTAS
100
AcDbDimension
280
0
  2
*D44
  3
COTAS_PAPEL
 10
88.85000000000001
 20
15.55
 30
0.0
 11
90.3644
 21
10.0
 31
0.0
 70
32
 71
5
  1
111
100
AcDbAlignedDimension
 13
92.85000000000001
 23
15.55
 33
0.0
 14
92.85000000000001
 24
4.449999999999999
 34
0.0
 50
-90.0
100
AcDbRotatedDimension
  0
DIMENSION
  5
711
330
68F
100
AcDbEntity
  8
COTAS
100
AcDbDimension
280
0
  2
*D45
  3
COTAS_PAPEL
 10
23.150000000000002
 20
-38.25
 30
0.0
 11
27.150000000000002
 21
-35.853655555555555
 31
0.0
 70
32
 71
5
  1
80 (A1 de D4Y)
100
AcDbAlignedDimension
 13
23.150000000000002
 23
-38.25
 33
0.0
 14
31.150000000000002
 24
-38.25
 34
0.0
 50
0.0
100
AcDbRotatedDimension
  0
DIMENSION
  5
712
330
68F
100
AcDbEntity
  8
COTAS
100
AcDbDimension
280
0
  2
*D46
  3
COTAS_PAPEL
 10
-86.85
 20
21.75
 30
0.0
 11
-85.3356
 21
17.75
 31
0.0
 70
32
 71
5
  1
80
100
AcDbAlignedDimension
 13
-92.85
 23
21.75
 33
0.0
 14
-92.85
 24
13.75
 34
0.0
 50
-90.0
100
AcDbRotatedDimension
  0
DIMENSION
  5
713
330
68F
100
AcDbEntity
  8
COTAS
100
AcDbDimension
280
0
  2
*D47
  3
COTAS_PAPEL
 10
-86.85
 20
13.75
 30
0.0
 11
-84.45365555555556
 21
12.85
 31
0.0
 70
32
 71
5
  1
18
100
AcDbAlignedDimension
 13
-92.85
 23
13.75
 33
0.0
 14
-92.85
 24
11.95
 34
0.0
 50
-90.0
100
AcDbRotatedDimension
  0
DIMENSION
  5
714
330
68F
100
AcDbEntity
  8
COTAS
100
AcDbDimension
280
0
  2
*D48
  3
COTAS_PAPEL
 10
13.150000000000002
 20
21.75
 30
0.0
 11
14.664400000000002
 21
19.65
 31
0.0
 70
32
 71
5
  1
42
100
AcDbAlignedDimension
 13
7.150000000000002
 23
21.75
 33
0.0
 14
7.150000000000002
 24
17.55
 34
0.0
 50
-90.0
100
AcDbRotatedDimension
  0
DIMENSION
  5
715
330
68F
100
AcDbEntity
  8
COTAS
100
AcDbDimension
280
0
  2
*D49
  3
COTAS_PAPEL
 10
13.150000000000002
 20
17.55
 30
0.0
 11
14.664400000000002
 21
9.75
 31
0.0
 70
32
 71
5
  1
156
100
AcDbAlignedDimension
 13
7.150000000000002
 23
17.55
 33
0.0
 14
7.150000000000002
 24
1.9499999999999993
 34
0.0
 50
-90.0
100
AcDbRotatedDimension
  0
ENDBLK
  5
691
330
68F
100
AcDbEntity
  8
0
100
AcDbBlockEnd
  0
BLOCK
  5
717
330
716
100
AcDbEntity
  8
0
100
AcDbBlockBegin
  2
*D43
 70
1
 10
0.0
 20
0.0
 30
0.0
  3
*D43
  1

  0
LINE
  5
719
330
716
100
AcDbEntity
  8
0
 62
8
370
13
100
AcDbLine
 10
92.32083333333334
 20
21.75
 30
0.0
 11
87.96805555555557
 21
21.75
 31
0.0
  0
LINE
  5
71A
330
716
100
AcDbEntity
  8
0
 62
8
370
13
100
AcDbLine
 10
92.32083333333334
 20
15.55
 30
0.0
 11
87.96805555555557
 21
15.55
 31
0.0
  0
INSERT
  5
71B
330
716
100
AcDbEntity
  8
COTAS
 62
8
100
AcDbBlockReference
  2
_OBLIQUE
 10
88.85000000000001
 20
21.75
 30
0.0
 41
2.188633333333333
 42
2.188633333333333
 50
-90.0
  0
INSERT
  5
71D
330
716
100
AcDbEntity
  8
COTAS
 62
8
100
AcDbBlockReference
  2
_OBLIQUE
 10
88.85000000000001
 20
15.55
 30
0.0
 41
2.188633333333333
 42
2.188633333333333
 50
-90.0
  0
LINE
  5
71F
330
716
100
AcDbEntity
  8
0
 62
8
370
15
100
AcDbLine
 10
88.85000000000001
 20
21.75
 30
0.0
 11
88.85000000000001
 21
15.55
 31
0.0
  0
MTEXT
  5
720
330
716
100
AcDbEntity
  8
COTAS
 62
250
100
AcDbMText
 10
90.3644
 20
18.65
 30
0.0
 40
1.8288
 71
5
  1
62
  7
ESTANDAR
 50
-90.0
  0
POINT
  5
721
330
716
100
AcDbEntity
  8
Defpoints
100
AcDbPoint
 10
88.85000000000001
 20
21.75
 30
0.0
  0
POINT
  5
722
330
716
100
AcDbEntity
  8
Defpoints
100
AcDbPoint
 10
92.85000000000001
 20
21.75
 30
0.0
  0
POINT
  5
723
330
716
100
AcDbEntity
  8
Defpoints
100
AcDbPoint
 10
92.85000000000001
 20
15.55
 30
0.0
  0
ENDBLK
  5
718
330
716
100
AcDbEntity
  8
0
100
AcDbBlockEnd
  0
BLOCK
  5
725
330
724
100
AcDbEntity
  8
0
100
AcDbBlockBegin
  2
*D44
 70
1
 10
0.0
 20
0.0
 30
0.0
  3
*D44
  1

  0
LINE
  5
727
330
724
100
AcDbEntity
  8
0
 62
8
370
13
100
AcDbLine
 10
92.32083333333334
 20
15.55
 30
0.0
 11
87.96805555555557
 21
15.55
 31
0.0
  0
LINE
  5
728
330
724
100
AcDbEntity
  8
0
 62
8
370
13
100
AcDbLine
 10
92.32083333333334
 20
4.449999999999999
 30
0.0
 11
87.96805555555557
 21
4.449999999999999
 31
0.0
  0
INSERT
  5
729
330
724
100
AcDbEntity
  8
COTAS
 62
8
100
AcDbBlockReference
  2
_OBLIQUE
 10
88.85000000000001
 20
15.55
 30
0.0
 41
2.188633333333333
 42
2.188633333333333
 50
-90.0
  0
INSERT
  5
72B
330
724
100
AcDbEntity
  8
COTAS
 62
8
100
AcDbBlockReference
  2
_OBLIQUE
 10
88.85000000000001
 20
4.449999999999999
 30
0.0
 41
2.188633333333333
 42
2.188633333333333
 50
-90.0
  0
LINE
  5
72D
330
724
100
AcDbEntity
  8
0
 62
8
370
15
100
AcDbLine
 10
88.85000000000001
 20
15.55
 30
0.0
 11
88.85000000000001
 21
4.449999999999999
 31
0.0
  0
MTEXT
  5
72E
330
724
100
AcDbEntity
  8
COTAS
 62
250
100
AcDbMText
 10
90.3644
 20
10.0
 30
0.0
 40
1.8288
 71
5
  1
111
  7
ESTANDAR
 50
-90.0
  0
POINT
  5
72F
330
724
100
AcDbEntity
  8
Defpoints
100
AcDbPoint
 10
88.85000000000001
 20
15.55
 30
0.0
  0
POINT
  5
730
330
724
100
AcDbEntity
  8
Defpoints
100
AcDbPoint
 10
92.85000000000001
 20
15.55
 30
0.0
  0
POINT
  5
731
330
724
100
AcDbEntity
  8
Defpoints
100
AcDbPoint
 10
92.85000000000001
 20
4.449999999999999
 30
0.0
  0
ENDBLK
  5
726
330
724
100
AcDbEntity
  8
0
100
AcDbBlockEnd
  0
BLOCK
  5
733
330
732
100
AcDbEntity
  8
0
100
AcDbBlockBegin
  2
*D45
 70
1
 10
0.0
 20
0.0
 30
0.0
  3
*D45
  1

  0
LINE
  5
735
330
732
100
AcDbEntity
  8
0
 62
8
370
13
100
AcDbLine
 10
23.150000000000002
 20
-37.72083333333333
 30
0.0
 11
23.150000000000002
 21
-37.36805555555556
 31
0.0
  0
LINE
  5
736
330
732
100
AcDbEntity
  8
0
 62
8
370
13
100
AcDbLine
 10
31.150000000000002
 20
-37.72083333333333
 30
0.0
 11
31.150000000000002
 21
-37.36805555555556
 31
0.0
  0
INSERT
  5
737
330
732
100
AcDbEntity
  8
COTAS
 62
8
100
AcDbBlockReference
  2
_OBLIQUE
 10
23.150000000000002
 20
-38.25
 30
0.0
 41
2.188633333333333
 42
2.188633333333333
  0
INSERT
  5
739
330
732
100
AcDbEntity
  8
COTAS
 62
8
100
AcDbBlockReference
  2
_OBLIQUE
 10
31.150000000000002
 20
-38.25
 30
0.0
 41
2.188633333333333
 42
2.188633333333333
  0
LINE
  5
73B
330
732
100
AcDbEntity
  8
0
 62
8
370
15
100
AcDbLine
 10
23.150000000000002
 20
-38.25
 30
0.0
 11
31.150000000000002
 21
-38.25
 31
0.0
  0
MTEXT
  5
73C
330
732
100
AcDbEntity
  8
COTAS
 62
250
100
AcDbMText
 10
27.150000000000002
 20
-35.853655555555555
 30
0.0
 40
1.8288
 71
5
  1
80 (A1 de D4Y)
  7
ESTANDAR
  0
POINT
  5
73D
330
732
100
AcDbEntity
  8
Defpoints
100
AcDbPoint
 10
23.150000000000002
 20
-38.25
 30
0.0
  0
POINT
  5
73E
330
732
100
AcDbEntity
  8
Defpoints
100
AcDbPoint
 10
23.150000000000002
 20
-38.25
 30
0.0
  0
POINT
  5
73F
330
732
100
AcDbEntity
  8
Defpoints
100
AcDbPoint
 10
31.150000000000002
 20
-38.25
 30
0.0
  0
ENDBLK
  5
734
330
732
100
AcDbEntity
  8
0
100
AcDbBlockEnd
  0
BLOCK
  5
741
330
740
100
AcDbEntity
  8
0
100
AcDbBlockBegin
  2
*D46
 70
1
 10
0.0
 20
0.0
 30
0.0
  3
*D46
  1

  0
LINE
  5
743
330
740
100
AcDbEntity
  8
0
 62
8
370
13
100
AcDbLine
 10
-92.32083333333333
 20
21.75
 30
0.0
 11
-85.96805555555555
 21
21.75
 31
0.0
  0
LINE
  5
744
330
740
100
AcDbEntity
  8
0
 62
8
370
13
100
AcDbLine
 10
-92.32083333333333
 20
13.75
 30
0.0
 11
-85.96805555555555
 21
13.75
 31
0.0
  0
INSERT
  5
745
330
740
100
AcDbEntity
  8
COTAS
 62
8
100
AcDbBlockReference
  2
_OBLIQUE
 10
-86.85
 20
21.75
 30
0.0
 41
2.188633333333333
 42
2.188633333333333
 50
-90.0
  0
INSERT
  5
747
330
740
100
AcDbEntity
  8
COTAS
 62
8
100
AcDbBlockReference
  2
_OBLIQUE
 10
-86.85
 20
13.75
 30
0.0
 41
2.188633333333333
 42
2.188633333333333
 50
-90.0
  0
LINE
  5
749
330
740
100
AcDbEntity
  8
0
 62
8
370
15
100
AcDbLine
 10
-86.85
 20
21.75
 30
0.0
 11
-86.85
 21
13.75
 31
0.0
  0
MTEXT
  5
74A
330
740
100
AcDbEntity
  8
COTAS
 62
250
100
AcDbMText
 10
-85.3356
 20
17.75
 30
0.0
 40
1.8288
 71
5
  1
80
  7
ESTANDAR
 50
-90.0
  0
POINT
  5
74B
330
740
100
AcDbEntity
  8
Defpoints
100
AcDbPoint
 10
-86.85
 20
21.75
 30
0.0
  0
POINT
  5
74C
330
740
100
AcDbEntity
  8
Defpoints
100
AcDbPoint
 10
-92.85
 20
21.75
 30
0.0
  0
POINT
  5
74D
330
740
100
AcDbEntity
  8
Defpoints
100
AcDbPoint
 10
-92.85
 20
13.75
 30
0.0
  0
ENDBLK
  5
742
330
740
100
AcDbEntity
  8
0
100
AcDbBlockEnd
  0
BLOCK
  5
74F
330
74E
100
AcDbEntity
  8
0
100
AcDbBlockBegin
  2
*D47
 70
1
 10
0.0
 20
0.0
 30
0.0
  3
*D47
  1

  0
LINE
  5
751
330
74E
100
AcDbEntity
  8
0
 62
8
370
13
100
AcDbLine
 10
-92.32083333333333
 20
13.75
 30
0.0
 11
-85.96805555555555
 21
13.75
 31
0.0
  0
LINE
  5
752
330
74E
100
AcDbEntity
  8
0
 62
8
370
13
100
AcDbLine
 10
-92.32083333333333
 20
11.95
 30
0.0
 11
-85.96805555555555
 21
11.95
 31
0.0
  0
INSERT
  5
753
330
74E
100
AcDbEntity
  8
COTAS
 62
8
100
AcDbBlockReference
  2
_OBLIQUE
 10
-86.85
 20
13.75
 30
0.0
 41
2.188633333333333
 42
2.188633333333333
 50
-90.0
  0
INSERT
  5
755
330
74E
100
AcDbEntity
  8
COTAS
 62
8
100
AcDbBlockReference
  2
_OBLIQUE
 10
-86.85
 20
11.95
 30
0.0
 41
2.188633333333333
 42
2.188633333333333
 50
-90.0
  0
LINE
  5
757
330
74E
100
AcDbEntity
  8
0
 62
8
370
15
100
AcDbLine
 10
-86.85
 20
13.75
 30
0.0
 11
-86.85
 21
11.95
 31
0.0
  0
MTEXT
  5
758
330
74E
100
AcDbEntity
  8
COTAS
 62
250
100
AcDbMText
 10
-84.45365555555556
 20
12.85
 30
0.0
 40
1.8288
 71
5
  1
18
  7
ESTANDAR
 50
-90.0
  0
POINT
  5
759
330
74E
100
AcDbEntity
  8
Defpoints
100
AcDbPoint
 10
-86.85
 20
13.75
 30
0.0
  0
POINT
  5
75A
330
74E
100
AcDbEntity
  8
Defpoints
100
AcDbPoint
 10
-92.85
 20
13.75
 30
0.0
  0
POINT
  5
75B
330
74E
100
AcDbEntity
  8
Defpoints
100
AcDbPoint
 10
-92.85
 20
11.95
 30
0.0
  0
ENDBLK
  5
750
330
74E
100
AcDbEntity
  8
0
100
AcDbBlockEnd
  0
BLOCK
  5
75D
330
75C
100
AcDbEntity
  8
0
100
AcDbBlockBegin
  2
*D48
 70
1
 10
0.0
 20
0.0
 30
0.0
  3
*D48
  1

  0
LINE
  5
75F
330
75C
100
AcDbEntity
  8
0
 62
8
370
13
100
AcDbLine
 10
7.679166666666669
 20
21.75
 30
0.0
 11
14.031944444444447
 21
21.75
 31
0.0
  0
LINE
  5
760
330
75C
100
AcDbEntity
  8
0
 62
8
370
13
100
AcDbLine
 10
7.679166666666669
 20
17.55
 30
0.0
 11
14.031944444444447
 21
17.55
 31
0.0
  0
INSERT
  5
761
330
75C
100
AcDbEntity
  8
COTAS
 62
8
100
AcDbBlockReference
  2
_OBLIQUE
 10
13.150000000000002
 20
21.75
 30
0.0
 41
2.188633333333333
 42
2.188633333333333
 50
-90.0
  0
INSERT
  5
763
330
75C
100
AcDbEntity
  8
COTAS
 62
8
100
AcDbBlockReference
  2
_OBLIQUE
 10
13.150000000000002
 20
17.55
 30
0.0
 41
2.188633333333333
 42
2.188633333333333
 50
-90.0
  0
LINE
  5
765
330
75C
100
AcDbEntity
  8
0
 62
8
370
15
100
AcDbLine
 10
13.150000000000002
 20
21.75
 30
0.0
 11
13.150000000000002
 21
17.55
 31
0.0
  0
MTEXT
  5
766
330
75C
100
AcDbEntity
  8
COTAS
 62
250
100
AcDbMText
 10
14.664400000000002
 20
19.65
 30
0.0
 40
1.8288
 71
5
  1
42
  7
ESTANDAR
 50
-90.0
  0
POINT
  5
767
330
75C
100
AcDbEntity
  8
Defpoints
100
AcDbPoint
 10
13.150000000000002
 20
21.75
 30
0.0
  0
POINT
  5
768
330
75C
100
AcDbEntity
  8
Defpoints
100
AcDbPoint
 10
7.150000000000002
 20
21.75
 30
0.0
  0
POINT
  5
769
330
75C
100
AcDbEntity
  8
Defpoints
100
AcDbPoint
 10
7.150000000000002
 20
17.55
 30
0.0
  0
ENDBLK
  5
75E
330
75C
100
AcDbEntity
  8
0
100
AcDbBlockEnd
  0
BLOCK
  5
76B
330
76A
100
AcDbEntity
  8
0
100
AcDbBlockBegin
  2
*D49
 70
1
 10
0.0
 20
0.0
 30
0.0
  3
*D49
  1

  0
LINE
  5
76D
330
76A
100
AcDbEntity
  8
0
 62
8
370
13
100
AcDbLine
 10
7.679166666666669
 20
17.55
 30
0.0
 11
14.031944444444447
 21
17.55
 31
0.0
  0
LINE
  5
76E
330
76A
100
AcDbEntity
  8
0
 62
8
370
13
100
AcDbLine
 10
7.679166666666669
 20
1.9499999999999993
 30
0.0
 11
14.031944444444447
 21
1.9499999999999993
 31
0.0
  0
INSERT
  5
76F
330
76A
100
AcDbEntity
  8
COTAS
 62
8
100
AcDbBlockReference
  2
_OBLIQUE
 10
13.150000000000002
 20
17.55
 30
0.0
 41
2.188633333333333
 42
2.188633333333333
 50
-90.0
  0
INSERT
  5
771
330
76A
100
AcDbEntity
  8
COTAS
 62
8
100
AcDbBlockReference
  2
_OBLIQUE
 10
13.150000000000002
 20
1.9499999999999993
 30
0.0
 41
2.188633333333333
 42
2.188633333333333
 50
-90.0
  0
LINE
  5
773
330
76A
100
AcDbEntity
  8
0
 62
8
370
15
100
AcDbLine
 10
13.150000000000002
 20
17.55
 30
0.0
 11
13.150000000000002
 21
1.9499999999999993
 31
0.0
  0
MTEXT
  5
774
330
76A
100
AcDbEntity
  8
COTAS
 62
250
100
AcDbMText
 10
14.664400000000002
 20
9.75
 30
0.0
 40
1.8288
 71
5
  1
156
  7
ESTANDAR
 50
-90.0
  0
POINT
  5
775
330
76A
100
AcDbEntity
  8
Defpoints
100
AcDbPoint
 10
13.150000000000002
 20
17.55
 30
0.0
  0
POINT
  5
776
330
76A
100
AcDbEntity
  8
Defpoints
100
AcDbPoint
 10
7.150000000000002
 20
17.55
 30
0.0
  0
POINT
  5
777
330
76A
100
AcDbEntity
  8
Defpoints
100
AcDbPoint
 10
7.150000000000002
 20
1.9499999999999993
 30
0.0
  0
ENDBLK
  5
76C
330
76A
100
AcDbEntity
  8
0
100
AcDbBlockEnd
  0
BLOCK
  5
77B
330
77A
100
AcDbEntity
  8
0
100
AcDbBlockBegin
  2
DET_09_detalle-3-1-sandwich-vista-lateral-de-la-viga
 70
0
 10
0.0
 20
0.0
 30
0.0
  3
DET_09_detalle-3-1-sandwich-vista-lateral-de-la-viga
  1

  0
HATCH
  5
77D
330
77A
100
AcDbEntity
  8
G-r_conc
 62
7
420
16118767
100
AcDbHatch
 10
0.0
 20
0.0
 30
0.0
210
0.0
220
0.0
230
1.0
  2
SOLID
 70
1
 71
0
 91
1
 92
3
 72
0
 73
1
 93
4
 10
-52.0
 20
-21.0
 10
52.0
 20
-21.0
 10
52.0
 20
14.0
 10
-52.0
 20
14.0
 97
0
 75
0
 76
1
 98
0
  0
LWPOLYLINE
  5
77E
330
77A
100
AcDbEntity
  8
G-r_conc
100
AcDbPolyline
 90
4
 70
1
 10
-52.0
 20
-21.0
 10
52.0
 20
-21.0
 10
52.0
 20
14.0
 10
-52.0
 20
14.0
  0
LINE
  5
77F
330
77A
100
AcDbEntity
  8
G-edge
100
AcDbLine
 10
-52.0
 20
14.0
 30
0.0
 11
-52.0
 21
-21.0
 31
0.0
  0
LINE
  5
780
330
77A
100
AcDbEntity
  8
G-edge
100
AcDbLine
 10
52.0
 20
14.0
 30
0.0
 11
52.0
 21
-21.0
 31
0.0
  0
HATCH
  5
781
330
77A
100
AcDbEntity
  8
G-r_tieS
 62
7
420
9460135
100
AcDbHatch
 10
0.0
 20
0.0
 30
0.0
210
0.0
220
0.0
230
1.0
  2
SOLID
 70
1
 71
0
 91
1
 92
3
 72
0
 73
1
 93
4
 10
-37.1
 20
9.5
 10
-37.1
 20
-16.5
 10
-38.1
 20
-16.5
 10
-38.1
 20
9.5
 97
0
 75
0
 76
1
 98
0
  0
LWPOLYLINE
  5
782
330
77A
100
AcDbEntity
  8
G-r_tieS
100
AcDbPolyline
 90
4
 70
1
 10
-37.1
 20
9.5
 10
-37.1
 20
-16.5
 10
-38.1
 20
-16.5
 10
-38.1
 20
9.5
  0
HATCH
  5
783
330
77A
100
AcDbEntity
  8
G-r_tieS
 62
7
420
9460135
100
AcDbHatch
 10
0.0
 20
0.0
 30
0.0
210
0.0
220
0.0
230
1.0
  2
SOLID
 70
1
 71
0
 91
1
 92
3
 72
0
 73
1
 93
4
 10
-26.1
 20
9.5
 10
-26.1
 20
-16.5
 10
-27.1
 20
-16.5
 10
-27.1
 20
9.5
 97
0
 75
0
 76
1
 98
0
  0
LWPOLYLINE
  5
784
330
77A
100
AcDbEntity
  8
G-r_tieS
100
AcDbPolyline
 90
4
 70
1
 10
-26.1
 20
9.5
 10
-26.1
 20
-16.5
 10
-27.1
 20
-16.5
 10
-27.1
 20
9.5
  0
HATCH
  5
785
330
77A
100
AcDbEntity
  8
G-r_tieS
 62
7
420
9460135
100
AcDbHatch
 10
0.0
 20
0.0
 30
0.0
210
0.0
220
0.0
230
1.0
  2
SOLID
 70
1
 71
0
 91
1
 92
3
 72
0
 73
1
 93
4
 10
-15.100000000000001
 20
9.5
 10
-15.100000000000001
 20
-16.5
 10
-16.1
 20
-16.5
 10
-16.1
 20
9.5
 97
0
 75
0
 76
1
 98
0
  0
LWPOLYLINE
  5
786
330
77A
100
AcDbEntity
  8
G-r_tieS
100
AcDbPolyline
 90
4
 70
1
 10
-15.100000000000001
 20
9.5
 10
-15.100000000000001
 20
-16.5
 10
-16.1
 20
-16.5
 10
-16.1
 20
9.5
  0
HATCH
  5
787
330
77A
100
AcDbEntity
  8
G-r_tieS
 62
7
420
9460135
100
AcDbHatch
 10
0.0
 20
0.0
 30
0.0
210
0.0
220
0.0
230
1.0
  2
SOLID
 70
1
 71
0
 91
1
 92
3
 72
0
 73
1
 93
4
 10
-4.1000000000000005
 20
9.5
 10
-4.1000000000000005
 20
-16.5
 10
-5.1000000000000005
 20
-16.5
 10
-5.1000000000000005
 20
9.5
 97
0
 75
0
 76
1
 98
0
  0
LWPOLYLINE
  5
788
330
77A
100
AcDbEntity
  8
G-r_tieS
100
AcDbPolyline
 90
4
 70
1
 10
-4.1000000000000005
 20
9.5
 10
-4.1000000000000005
 20
-16.5
 10
-5.1000000000000005
 20
-16.5
 10
-5.1000000000000005
 20
9.5
  0
HATCH
  5
789
330
77A
100
AcDbEntity
  8
G-r_tieS
 62
7
420
9460135
100
AcDbHatch
 10
0.0
 20
0.0
 30
0.0
210
0.0
220
0.0
230
1.0
  2
SOLID
 70
1
 71
0
 91
1
 92
3
 72
0
 73
1
 93
4
 10
5.1000000000000005
 20
9.5
 10
5.1000000000000005
 20
-16.5
 10
4.1000000000000005
 20
-16.5
 10
4.1000000000000005
 20
9.5
 97
0
 75
0
 76
1
 98
0
  0
LWPOLYLINE
  5
78A
330
77A
100
AcDbEntity
  8
G-r_tieS
100
AcDbPolyline
 90
4
 70
1
 10
5.1000000000000005
 20
9.5
 10
5.1000000000000005
 20
-16.5
 10
4.1000000000000005
 20
-16.5
 10
4.1000000000000005
 20
9.5
  0
HATCH
  5
78B
330
77A
100
AcDbEntity
  8
G-r_tieS
 62
7
420
9460135
100
AcDbHatch
 10
0.0
 20
0.0
 30
0.0
210
0.0
220
0.0
230
1.0
  2
SOLID
 70
1
 71
0
 91
1
 92
3
 72
0
 73
1
 93
4
 10
16.1
 20
9.5
 10
16.1
 20
-16.5
 10
15.100000000000001
 20
-16.5
 10
15.100000000000001
 20
9.5
 97
0
 75
0
 76
1
 98
0
  0
LWPOLYLINE
  5
78C
330
77A
100
AcDbEntity
  8
G-r_tieS
100
AcDbPolyline
 90
4
 70
1
 10
16.1
 20
9.5
 10
16.1
 20
-16.5
 10
15.100000000000001
 20
-16.5
 10
15.100000000000001
 20
9.5
  0
HATCH
  5
78D
330
77A
100
AcDbEntity
  8
G-r_tieS
 62
7
420
9460135
100
AcDbHatch
 10
0.0
 20
0.0
 30
0.0
210
0.0
220
0.0
230
1.0
  2
SOLID
 70
1
 71
0
 91
1
 92
3
 72
0
 73
1
 93
4
 10
27.1
 20
9.5
 10
27.1
 20
-16.5
 10
26.1
 20
-16.5
 10
26.1
 20
9.5
 97
0
 75
0
 76
1
 98
0
  0
LWPOLYLINE
  5
78E
330
77A
100
AcDbEntity
  8
G-r_tieS
100
AcDbPolyline
 90
4
 70
1
 10
27.1
 20
9.5
 10
27.1
 20
-16.5
 10
26.1
 20
-16.5
 10
26.1
 20
9.5
  0
HATCH
  5
78F
330
77A
100
AcDbEntity
  8
G-r_tieS
 62
7
420
9460135
100
AcDbHatch
 10
0.0
 20
0.0
 30
0.0
210
0.0
220
0.0
230
1.0
  2
SOLID
 70
1
 71
0
 91
1
 92
3
 72
0
 73
1
 93
4
 10
38.1
 20
9.5
 10
38.1
 20
-16.5
 10
37.1
 20
-16.5
 10
37.1
 20
9.5
 97
0
 75
0
 76
1
 98
0
  0
LWPOLYLINE
  5
790
330
77A
100
AcDbEntity
  8
G-r_tieS
100
AcDbPolyline
 90
4
 70
1
 10
38.1
 20
9.5
 10
38.1
 20
-16.5
 10
37.1
 20
-16.5
 10
37.1
 20
9.5
  0
HATCH
  5
791
330
77A
100
AcDbEntity
  8
G-r_bm1
 62
7
420
1725046
100
AcDbHatch
 10
0.0
 20
0.0
 30
0.0
210
0.0
220
0.0
230
1.0
  2
SOLID
 70
1
 71
0
 91
1
 92
3
 72
0
 73
1
 93
4
 10
-52.0
 20
9.0
 10
52.0
 20
9.0
 10
52.0
 20
7.8
 10
-52.0
 20
7.8
 97
0
 75
0
 76
1
 98
0
  0
LWPOLYLINE
  5
792
330
77A
100
AcDbEntity
  8
G-r_bm1
100
AcDbPolyline
 90
4
 70
1
 10
-52.0
 20
9.0
 10
52.0
 20
9.0
 10
52.0
 20
7.8
 10
-52.0
 20
7.8
  0
HATCH
  5
793
330
77A
100
AcDbEntity
  8
G-r_bm1
 62
7
420
1725046
100
AcDbHatch
 10
0.0
 20
0.0
 30
0.0
210
0.0
220
0.0
230
1.0
  2
SOLID
 70
1
 71
0
 91
1
 92
3
 72
0
 73
1
 93
4
 10
-52.0
 20
-14.8
 10
52.0
 20
-14.8
 10
52.0
 20
-16.0
 10
-52.0
 20
-16.0
 97
0
 75
0
 76
1
 98
0
  0
LWPOLYLINE
  5
794
330
77A
100
AcDbEntity
  8
G-r_bm1
100
AcDbPolyline
 90
4
 70
1
 10
-52.0
 20
-14.8
 10
52.0
 20
-14.8
 10
52.0
 20
-16.0
 10
-52.0
 20
-16.0
  0
HATCH
  5
795
330
77A
100
AcDbEntity
  8
G-r_eplate
 62
7
420
15068145
100
AcDbHatch
 10
0.0
 20
0.0
 30
0.0
210
0.0
220
0.0
230
1.0
  2
SOLID
 70
1
 71
0
 91
1
 92
3
 72
0
 73
1
 93
4
 10
-7.0
 20
-8.0
 10
7.0
 20
-8.0
 10
7.0
 20
14.0
 10
-7.0
 20
14.0
 97
0
 75
0
 76
1
 98
0
  0
LWPOLYLINE
  5
796
330
77A
100
AcDbEntity
  8
G-r_eplate
100
AcDbPolyline
 90
4
 70
1
 10
-7.0
 20
-8.0
 10
7.0
 20
-8.0
 10
7.0
 20
14.0
 10
-7.0
 20
14.0
  0
HATCH
  5
797
330
77A
100
AcDbEntity
  8
G-r_ipe
 62
7
420
15199730
100
AcDbHatch
 10
0.0
 20
0.0
 30
0.0
210
0.0
220
0.0
230
1.0
  2
SOLID
 70
1
 71
0
 91
1
 92
3
 72
0
 73
1
 93
12
 10
-5.0
 20
14.0
 10
5.0
 20
14.0
 10
5.0
 20
13.15
 10
0.27999999999999997
 20
13.15
 10
0.27999999999999997
 20
-5.150000000000002
 10
5.0
 20
-5.150000000000002
 10
5.0
 20
-6.0
 10
-5.0
 20
-6.0
 10
-5.0
 20
-5.150000000000002
 10
-0.27999999999999997
 20
-5.150000000000002
 10
-0.27999999999999997
 20
13.15
 10
-5.0
 20
13.15
 97
0
 75
0
 76
1
 98
0
  0
LWPOLYLINE
  5
798
330
77A
100
AcDbEntity
  8
G-r_ipe
100
AcDbPolyline
 90
12
 70
1
 10
-5.0
 20
14.0
 10
5.0
 20
14.0
 10
5.0
 20
13.15
 10
0.27999999999999997
 20
13.15
 10
0.27999999999999997
 20
-5.150000000000002
 10
5.0
 20
-5.150000000000002
 10
5.0
 20
-6.0
 10
-5.0
 20
-6.0
 10
-5.0
 20
-5.150000000000002
 10
-0.27999999999999997
 20
-5.150000000000002
 10
-0.27999999999999997
 20
13.15
 10
-5.0
 20
13.15
  0
HATCH
  5
799
330
77A
100
AcDbEntity
  8
G-r_anc
 62
7
420
12597547
100
AcDbHatch
 10
0.0
 20
0.0
 30
0.0
210
0.0
220
0.0
230
1.0
  2
SOLID
 70
1
 71
0
 91
1
 92
1
 93
1
 72
2
 10
-2.75
 20
9.8
 40
0.8
 50
0.0
 51
360.0
 73
1
 97
0
 75
0
 76
1
 98
0
  0
CIRCLE
  5
79A
330
77A
100
AcDbEntity
  8
G-r_anc
100
AcDbCircle
 10
-2.75
 20
9.8
 30
0.0
 40
0.8
  0
HATCH
  5
79B
330
77A
100
AcDbEntity
  8
G-r_anc
 62
7
420
12597547
100
AcDbHatch
 10
0.0
 20
0.0
 30
0.0
210
0.0
220
0.0
230
1.0
  2
SOLID
 70
1
 71
0
 91
1
 92
1
 93
1
 72
2
 10
2.75
 20
9.8
 40
0.8
 50
0.0
 51
360.0
 73
1
 97
0
 75
0
 76
1
 98
0
  0
CIRCLE
  5
79C
330
77A
100
AcDbEntity
  8
G-r_anc
100
AcDbCircle
 10
2.75
 20
9.8
 30
0.0
 40
0.8
  0
HATCH
  5
79D
330
77A
100
AcDbEntity
  8
G-r_anc
 62
7
420
12597547
100
AcDbHatch
 10
0.0
 20
0.0
 30
0.0
210
0.0
220
0.0
230
1.0
  2
SOLID
 70
1
 71
0
 91
1
 92
1
 93
1
 72
2
 10
-2.75
 20
-1.0
 40
0.8
 50
0.0
 51
360.0
 73
1
 97
0
 75
0
 76
1
 98
0
  0
CIRCLE
  5
79E
330
77A
100
AcDbEntity
  8
G-r_anc
100
AcDbCircle
 10
-2.75
 20
-1.0
 30
0.0
 40
0.8
  0
HATCH
  5
79F
330
77A
100
AcDbEntity
  8
G-r_anc
 62
7
420
12597547
100
AcDbHatch
 10
0.0
 20
0.0
 30
0.0
210
0.0
220
0.0
230
1.0
  2
SOLID
 70
1
 71
0
 91
1
 92
1
 93
1
 72
2
 10
2.75
 20
-1.0
 40
0.8
 50
0.0
 51
360.0
 73
1
 97
0
 75
0
 76
1
 98
0
  0
CIRCLE
  5
7A0
330
77A
100
AcDbEntity
  8
G-r_anc
100
AcDbCircle
 10
2.75
 20
-1.0
 30
0.0
 40
0.8
  0
TEXT
  5
7A1
330
77A
100
AcDbEntity
  8
T-small
 62
47
420
4473924
100
AcDbText
 10
9.0
 20
-12.0
 30
0.0
 40
2.286
  1
P3 + IPE 200 (después)
  7
ESTANDAR
 41
0.885
 11
9.0
 21
-12.0
 31
0.0
100
AcDbText
  0
TEXT
  5
7A2
330
77A
100
AcDbEntity
  8
T-tie
 62
195
420
5975151
100
AcDbText
 10
-50.0
 20
-13.5
 30
0.0
 40
2.286
  1
estribos Ø10
  7
NEGRITA
 41
0.885
 11
-50.0
 21
-13.5
 31
0.0
100
AcDbText
  0
DIMENSION
  5
7A3
330
77A
100
AcDbEntity
  8
COTAS
100
AcDbDimension
280
0
  2
*D50
  3
COTAS_PAPEL
 10
-2.75
 20
20.0
 30
0.0
 11
0.0
 21
21.5144
 31
0.0
 70
32
 71
5
  1
55
100
AcDbAlignedDimension
 13
-2.75
 23
14.0
 33
0.0
 14
2.75
 24
14.0
 34
0.0
 50
0.0
100
AcDbRotatedDimension
  0
DIMENSION
  5
7A4
330
77A
100
AcDbEntity
  8
COTAS
100
AcDbDimension
280
0
  2
*D51
  3
COTAS_PAPEL
 10
-7.0
 20
27.0
 30
0.0
 11
0.0
 21
28.5144
 31
0.0
 70
32
 71
5
  1
140
100
AcDbAlignedDimension
 13
-7.0
 23
14.0
 33
0.0
 14
7.0
 24
14.0
 34
0.0
 50
0.0
100
AcDbRotatedDimension
  0
DIMENSION
  5
7A5
330
77A
100
AcDbEntity
  8
COTAS
100
AcDbDimension
280
0
  2
*D52
  3
COTAS_PAPEL
 10
-1.0
 20
14.0
 30
0.0
 11
0.5144
 21
11.9
 31
0.0
 70
32
 71
5
  1
42
100
AcDbAlignedDimension
 13
-7.0
 23
14.0
 33
0.0
 14
-7.0
 24
9.8
 34
0.0
 50
-90.0
100
AcDbRotatedDimension
  0
DIMENSION
  5
7A6
330
77A
100
AcDbEntity
  8
COTAS
100
AcDbDimension
280
0
  2
*D53
  3
COTAS_PAPEL
 10
-1.0
 20
9.8
 30
0.0
 11
0.5144
 21
4.4
 31
0.0
 70
32
 71
5
  1
108
100
AcDbAlignedDimension
 13
-7.0
 23
9.8
 33
0.0
 14
-7.0
 24
-1.0
 34
0.0
 50
-90.0
100
AcDbRotatedDimension
  0
DIMENSION
  5
7A7
330
77A
100
AcDbEntity
  8
COTAS
100
AcDbDimension
280
0
  2
*D54
  3
COTAS_PAPEL
 10
-1.0
 20
-1.0
 30
0.0
 11
0.5144
 21
-4.5
 31
0.0
 70
32
 71
5
  1
70
100
AcDbAlignedDimension
 13
-7.0
 23
-1.0
 33
0.0
 14
-7.0
 24
-8.0
 34
0.0
 50
-90.0
100
AcDbRotatedDimension
  0
DIMENSION
  5
7A8
330
77A
100
AcDbEntity
  8
COTAS
100
AcDbDimension
280
0
  2
*D55
  3
COTAS_PAPEL
 10
4.6000000000000005
 20
-27.0
 30
0.0
 11
10.100000000000001
 21
-25.4856
 31
0.0
 70
32
 71
5
  1
110
100
AcDbAlignedDimension
 13
4.6000000000000005
 23
-21.0
 33
0.0
 14
15.600000000000001
 24
-21.0
 34
0.0
 50
0.0
100
AcDbRotatedDimension
  0
DIMENSION
  5
7A9
330
77A
100
AcDbEntity
  8
COTAS
100
AcDbDimension
280
0
  2
*D56
  3
COTAS_PAPEL
 10
15.600000000000001
 20
-27.0
 30
0.0
 11
21.1
 21
-25.4856
 31
0.0
 70
32
 71
5
  1
110
100
AcDbAlignedDimension
 13
15.600000000000001
 23
-21.0
 33
0.0
 14
26.6
 24
-21.0
 34
0.0
 50
0.0
100
AcDbRotatedDimension
  0
DIMENSION
  5
7AA
330
77A
100
AcDbEntity
  8
COTAS
100
AcDbDimension
280
0
  2
*D57
  3
COTAS_PAPEL
 10
26.6
 20
-27.0
 30
0.0
 11
32.1
 21
-25.4856
 31
0.0
 70
32
 71
5
  1
110
100
AcDbAlignedDimension
 13
26.6
 23
-21.0
 33
0.0
 14
37.6
 24
-21.0
 34
0.0
 50
0.0
100
AcDbRotatedDimension
  0
DIMENSION
  5
7AB
330
77A
100
AcDbEntity
  8
COTAS
100
AcDbDimension
280
0
  2
*D58
  3
COTAS_PAPEL
 10
-4.6000000000000005
 20
-27.0
 30
0.0
 11
0.0
 21
-25.4856
 31
0.0
 70
32
 71
5
  1
92
100
AcDbAlignedDimension
 13
-4.6000000000000005
 23
-21.0
 33
0.0
 14
4.6000000000000005
 24
-21.0
 34
0.0
 50
0.0
100
AcDbRotatedDimension
  0
DIMENSION
  5
7AC
330
77A
100
AcDbEntity
  8
COTAS
100
AcDbDimension
280
0
  2
*D59
  3
COTAS_PAPEL
 10
46.0
 20
14.0
 30
0.0
 11
47.5144
 21
-3.5
 31
0.0
 70
32
 71
5
  1
350
100
AcDbAlignedDimension
 13
52.0
 23
14.0
 33
0.0
 14
52.0
 24
-21.0
 34
0.0
 50
-90.0
100
AcDbRotatedDimension
  0
ENDBLK
  5
77C
330
77A
100
AcDbEntity
  8
0
100
AcDbBlockEnd
  0
BLOCK
  5
7AE
330
7AD
100
AcDbEntity
  8
0
100
AcDbBlockBegin
  2
*D50
 70
1
 10
0.0
 20
0.0
 30
0.0
  3
*D50
  1

  0
LINE
  5
7B0
330
7AD
100
AcDbEntity
  8
0
 62
8
370
13
100
AcDbLine
 10
-2.75
 20
14.529166666666667
 30
0.0
 11
-2.75
 21
20.881944444444443
 31
0.0
  0
LINE
  5
7B1
330
7AD
100
AcDbEntity
  8
0
 62
8
370
13
100
AcDbLine
 10
2.75
 20
14.529166666666667
 30
0.0
 11
2.75
 21
20.881944444444443
 31
0.0
  0
INSERT
  5
7B2
330
7AD
100
AcDbEntity
  8
COTAS
 62
8
100
AcDbBlockReference
  2
_OBLIQUE
 10
-2.75
 20
20.0
 30
0.0
 41
2.188633333333333
 42
2.188633333333333
  0
INSERT
  5
7B4
330
7AD
100
AcDbEntity
  8
COTAS
 62
8
100
AcDbBlockReference
  2
_OBLIQUE
 10
2.75
 20
20.0
 30
0.0
 41
2.188633333333333
 42
2.188633333333333
  0
LINE
  5
7B6
330
7AD
100
AcDbEntity
  8
0
 62
8
370
15
100
AcDbLine
 10
-2.75
 20
20.0
 30
0.0
 11
2.75
 21
20.0
 31
0.0
  0
MTEXT
  5
7B7
330
7AD
100
AcDbEntity
  8
COTAS
 62
250
100
AcDbMText
 10
0.0
 20
21.5144
 30
0.0
 40
1.8288
 71
5
  1
55
  7
ESTANDAR
  0
POINT
  5
7B8
330
7AD
100
AcDbEntity
  8
Defpoints
100
AcDbPoint
 10
-2.75
 20
20.0
 30
0.0
  0
POINT
  5
7B9
330
7AD
100
AcDbEntity
  8
Defpoints
100
AcDbPoint
 10
-2.75
 20
14.0
 30
0.0
  0
POINT
  5
7BA
330
7AD
100
AcDbEntity
  8
Defpoints
100
AcDbPoint
 10
2.75
 20
14.0
 30
0.0
  0
ENDBLK
  5
7AF
330
7AD
100
AcDbEntity
  8
0
100
AcDbBlockEnd
  0
BLOCK
  5
7BC
330
7BB
100
AcDbEntity
  8
0
100
AcDbBlockBegin
  2
*D51
 70
1
 10
0.0
 20
0.0
 30
0.0
  3
*D51
  1

  0
LINE
  5
7BE
330
7BB
100
AcDbEntity
  8
0
 62
8
370
13
100
AcDbLine
 10
-7.0
 20
14.529166666666667
 30
0.0
 11
-7.0
 21
27.881944444444443
 31
0.0
  0
LINE
  5
7BF
330
7BB
100
AcDbEntity
  8
0
 62
8
370
13
100
AcDbLine
 10
7.0
 20
14.529166666666667
 30
0.0
 11
7.0
 21
27.881944444444443
 31
0.0
  0
INSERT
  5
7C0
330
7BB
100
AcDbEntity
  8
COTAS
 62
8
100
AcDbBlockReference
  2
_OBLIQUE
 10
-7.0
 20
27.0
 30
0.0
 41
2.188633333333333
 42
2.188633333333333
  0
INSERT
  5
7C2
330
7BB
100
AcDbEntity
  8
COTAS
 62
8
100
AcDbBlockReference
  2
_OBLIQUE
 10
7.0
 20
27.0
 30
0.0
 41
2.188633333333333
 42
2.188633333333333
  0
LINE
  5
7C4
330
7BB
100
AcDbEntity
  8
0
 62
8
370
15
100
AcDbLine
 10
-7.0
 20
27.0
 30
0.0
 11
7.0
 21
27.0
 31
0.0
  0
MTEXT
  5
7C5
330
7BB
100
AcDbEntity
  8
COTAS
 62
250
100
AcDbMText
 10
0.0
 20
28.5144
 30
0.0
 40
1.8288
 71
5
  1
140
  7
ESTANDAR
  0
POINT
  5
7C6
330
7BB
100
AcDbEntity
  8
Defpoints
100
AcDbPoint
 10
-7.0
 20
27.0
 30
0.0
  0
POINT
  5
7C7
330
7BB
100
AcDbEntity
  8
Defpoints
100
AcDbPoint
 10
-7.0
 20
14.0
 30
0.0
  0
POINT
  5
7C8
330
7BB
100
AcDbEntity
  8
Defpoints
100
AcDbPoint
 10
7.0
 20
14.0
 30
0.0
  0
ENDBLK
  5
7BD
330
7BB
100
AcDbEntity
  8
0
100
AcDbBlockEnd
  0
BLOCK
  5
7CA
330
7C9
100
AcDbEntity
  8
0
100
AcDbBlockBegin
  2
*D52
 70
1
 10
0.0
 20
0.0
 30
0.0
  3
*D52
  1

  0
LINE
  5
7CC
330
7C9
100
AcDbEntity
  8
0
 62
8
370
13
100
AcDbLine
 10
-6.470833333333333
 20
14.0
 30
0.0
 11
-0.11805555555555558
 21
14.0
 31
0.0
  0
LINE
  5
7CD
330
7C9
100
AcDbEntity
  8
0
 62
8
370
13
100
AcDbLine
 10
-6.470833333333333
 20
9.8
 30
0.0
 11
-0.11805555555555558
 21
9.8
 31
0.0
  0
INSERT
  5
7CE
330
7C9
100
AcDbEntity
  8
COTAS
 62
8
100
AcDbBlockReference
  2
_OBLIQUE
 10
-1.0
 20
14.0
 30
0.0
 41
2.188633333333333
 42
2.188633333333333
 50
-90.0
  0
INSERT
  5
7D0
330
7C9
100
AcDbEntity
  8
COTAS
 62
8
100
AcDbBlockReference
  2
_OBLIQUE
 10
-1.0
 20
9.8
 30
0.0
 41
2.188633333333333
 42
2.188633333333333
 50
-90.0
  0
LINE
  5
7D2
330
7C9
100
AcDbEntity
  8
0
 62
8
370
15
100
AcDbLine
 10
-1.0
 20
14.0
 30
0.0
 11
-1.0
 21
9.8
 31
0.0
  0
MTEXT
  5
7D3
330
7C9
100
AcDbEntity
  8
COTAS
 62
250
100
AcDbMText
 10
0.5144
 20
11.9
 30
0.0
 40
1.8288
 71
5
  1
42
  7
ESTANDAR
 50
-90.0
  0
POINT
  5
7D4
330
7C9
100
AcDbEntity
  8
Defpoints
100
AcDbPoint
 10
-1.0
 20
14.0
 30
0.0
  0
POINT
  5
7D5
330
7C9
100
AcDbEntity
  8
Defpoints
100
AcDbPoint
 10
-7.0
 20
14.0
 30
0.0
  0
POINT
  5
7D6
330
7C9
100
AcDbEntity
  8
Defpoints
100
AcDbPoint
 10
-7.0
 20
9.8
 30
0.0
  0
ENDBLK
  5
7CB
330
7C9
100
AcDbEntity
  8
0
100
AcDbBlockEnd
  0
BLOCK
  5
7D8
330
7D7
100
AcDbEntity
  8
0
100
AcDbBlockBegin
  2
*D53
 70
1
 10
0.0
 20
0.0
 30
0.0
  3
*D53
  1

  0
LINE
  5
7DA
330
7D7
100
AcDbEntity
  8
0
 62
8
370
13
100
AcDbLine
 10
-6.470833333333333
 20
9.8
 30
0.0
 11
-0.11805555555555558
 21
9.8
 31
0.0
  0
LINE
  5
7DB
330
7D7
100
AcDbEntity
  8
0
 62
8
370
13
100
AcDbLine
 10
-6.470833333333333
 20
-1.0
 30
0.0
 11
-0.11805555555555558
 21
-1.0
 31
0.0
  0
INSERT
  5
7DC
330
7D7
100
AcDbEntity
  8
COTAS
 62
8
100
AcDbBlockReference
  2
_OBLIQUE
 10
-1.0
 20
9.8
 30
0.0
 41
2.188633333333333
 42
2.188633333333333
 50
-90.0
  0
INSERT
  5
7DE
330
7D7
100
AcDbEntity
  8
COTAS
 62
8
100
AcDbBlockReference
  2
_OBLIQUE
 10
-1.0
 20
-1.0
 30
0.0
 41
2.188633333333333
 42
2.188633333333333
 50
-90.0
  0
LINE
  5
7E0
330
7D7
100
AcDbEntity
  8
0
 62
8
370
15
100
AcDbLine
 10
-1.0
 20
9.8
 30
0.0
 11
-1.0
 21
-1.0
 31
0.0
  0
MTEXT
  5
7E1
330
7D7
100
AcDbEntity
  8
COTAS
 62
250
100
AcDbMText
 10
0.5144
 20
4.4
 30
0.0
 40
1.8288
 71
5
  1
108
  7
ESTANDAR
 50
-90.0
  0
POINT
  5
7E2
330
7D7
100
AcDbEntity
  8
Defpoints
100
AcDbPoint
 10
-1.0
 20
9.8
 30
0.0
  0
POINT
  5
7E3
330
7D7
100
AcDbEntity
  8
Defpoints
100
AcDbPoint
 10
-7.0
 20
9.8
 30
0.0
  0
POINT
  5
7E4
330
7D7
100
AcDbEntity
  8
Defpoints
100
AcDbPoint
 10
-7.0
 20
-1.0
 30
0.0
  0
ENDBLK
  5
7D9
330
7D7
100
AcDbEntity
  8
0
100
AcDbBlockEnd
  0
BLOCK
  5
7E6
330
7E5
100
AcDbEntity
  8
0
100
AcDbBlockBegin
  2
*D54
 70
1
 10
0.0
 20
0.0
 30
0.0
  3
*D54
  1

  0
LINE
  5
7E8
330
7E5
100
AcDbEntity
  8
0
 62
8
370
13
100
AcDbLine
 10
-6.470833333333333
 20
-1.0
 30
0.0
 11
-0.11805555555555558
 21
-1.0
 31
0.0
  0
LINE
  5
7E9
330
7E5
100
AcDbEntity
  8
0
 62
8
370
13
100
AcDbLine
 10
-6.470833333333333
 20
-8.0
 30
0.0
 11
-0.11805555555555558
 21
-8.0
 31
0.0
  0
INSERT
  5
7EA
330
7E5
100
AcDbEntity
  8
COTAS
 62
8
100
AcDbBlockReference
  2
_OBLIQUE
 10
-1.0
 20
-1.0
 30
0.0
 41
2.188633333333333
 42
2.188633333333333
 50
-90.0
  0
INSERT
  5
7EC
330
7E5
100
AcDbEntity
  8
COTAS
 62
8
100
AcDbBlockReference
  2
_OBLIQUE
 10
-1.0
 20
-8.0
 30
0.0
 41
2.188633333333333
 42
2.188633333333333
 50
-90.0
  0
LINE
  5
7EE
330
7E5
100
AcDbEntity
  8
0
 62
8
370
15
100
AcDbLine
 10
-1.0
 20
-1.0
 30
0.0
 11
-1.0
 21
-8.0
 31
0.0
  0
MTEXT
  5
7EF
330
7E5
100
AcDbEntity
  8
COTAS
 62
250
100
AcDbMText
 10
0.5144
 20
-4.5
 30
0.0
 40
1.8288
 71
5
  1
70
  7
ESTANDAR
 50
-90.0
  0
POINT
  5
7F0
330
7E5
100
AcDbEntity
  8
Defpoints
100
AcDbPoint
 10
-1.0
 20
-1.0
 30
0.0
  0
POINT
  5
7F1
330
7E5
100
AcDbEntity
  8
Defpoints
100
AcDbPoint
 10
-7.0
 20
-1.0
 30
0.0
  0
POINT
  5
7F2
330
7E5
100
AcDbEntity
  8
Defpoints
100
AcDbPoint
 10
-7.0
 20
-8.0
 30
0.0
  0
ENDBLK
  5
7E7
330
7E5
100
AcDbEntity
  8
0
100
AcDbBlockEnd
  0
BLOCK
  5
7F4
330
7F3
100
AcDbEntity
  8
0
100
AcDbBlockBegin
  2
*D55
 70
1
 10
0.0
 20
0.0
 30
0.0
  3
*D55
  1

  0
LINE
  5
7F6
330
7F3
100
AcDbEntity
  8
0
 62
8
370
13
100
AcDbLine
 10
4.6000000000000005
 20
-21.529166666666665
 30
0.0
 11
4.6000000000000005
 21
-27.881944444444443
 31
0.0
  0
LINE
  5
7F7
330
7F3
100
AcDbEntity
  8
0
 62
8
370
13
100
AcDbLine
 10
15.600000000000001
 20
-21.529166666666665
 30
0.0
 11
15.600000000000001
 21
-27.881944444444443
 31
0.0
  0
INSERT
  5
7F8
330
7F3
100
AcDbEntity
  8
COTAS
 62
8
100
AcDbBlockReference
  2
_OBLIQUE
 10
4.6000000000000005
 20
-27.0
 30
0.0
 41
2.188633333333333
 42
2.188633333333333
  0
INSERT
  5
7FA
330
7F3
100
AcDbEntity
  8
COTAS
 62
8
100
AcDbBlockReference
  2
_OBLIQUE
 10
15.600000000000001
 20
-27.0
 30
0.0
 41
2.188633333333333
 42
2.188633333333333
  0
LINE
  5
7FC
330
7F3
100
AcDbEntity
  8
0
 62
8
370
15
100
AcDbLine
 10
4.6000000000000005
 20
-27.0
 30
0.0
 11
15.600000000000001
 21
-27.0
 31
0.0
  0
MTEXT
  5
7FD
330
7F3
100
AcDbEntity
  8
COTAS
 62
250
100
AcDbMText
 10
10.100000000000001
 20
-25.4856
 30
0.0
 40
1.8288
 71
5
  1
110
  7
ESTANDAR
  0
POINT
  5
7FE
330
7F3
100
AcDbEntity
  8
Defpoints
100
AcDbPoint
 10
4.6000000000000005
 20
-27.0
 30
0.0
  0
POINT
  5
7FF
330
7F3
100
AcDbEntity
  8
Defpoints
100
AcDbPoint
 10
4.6000000000000005
 20
-21.0
 30
0.0
  0
POINT
  5
800
330
7F3
100
AcDbEntity
  8
Defpoints
100
AcDbPoint
 10
15.600000000000001
 20
-21.0
 30
0.0
  0
ENDBLK
  5
7F5
330
7F3
100
AcDbEntity
  8
0
100
AcDbBlockEnd
  0
BLOCK
  5
802
330
801
100
AcDbEntity
  8
0
100
AcDbBlockBegin
  2
*D56
 70
1
 10
0.0
 20
0.0
 30
0.0
  3
*D56
  1

  0
LINE
  5
804
330
801
100
AcDbEntity
  8
0
 62
8
370
13
100
AcDbLine
 10
15.600000000000001
 20
-21.529166666666665
 30
0.0
 11
15.600000000000001
 21
-27.881944444444443
 31
0.0
  0
LINE
  5
805
330
801
100
AcDbEntity
  8
0
 62
8
370
13
100
AcDbLine
 10
26.6
 20
-21.529166666666665
 30
0.0
 11
26.6
 21
-27.881944444444443
 31
0.0
  0
INSERT
  5
806
330
801
100
AcDbEntity
  8
COTAS
 62
8
100
AcDbBlockReference
  2
_OBLIQUE
 10
15.600000000000001
 20
-27.0
 30
0.0
 41
2.188633333333333
 42
2.188633333333333
  0
INSERT
  5
808
330
801
100
AcDbEntity
  8
COTAS
 62
8
100
AcDbBlockReference
  2
_OBLIQUE
 10
26.6
 20
-27.0
 30
0.0
 41
2.188633333333333
 42
2.188633333333333
  0
LINE
  5
80A
330
801
100
AcDbEntity
  8
0
 62
8
370
15
100
AcDbLine
 10
15.600000000000001
 20
-27.0
 30
0.0
 11
26.6
 21
-27.0
 31
0.0
  0
MTEXT
  5
80B
330
801
100
AcDbEntity
  8
COTAS
 62
250
100
AcDbMText
 10
21.1
 20
-25.4856
 30
0.0
 40
1.8288
 71
5
  1
110
  7
ESTANDAR
  0
POINT
  5
80C
330
801
100
AcDbEntity
  8
Defpoints
100
AcDbPoint
 10
15.600000000000001
 20
-27.0
 30
0.0
  0
POINT
  5
80D
330
801
100
AcDbEntity
  8
Defpoints
100
AcDbPoint
 10
15.600000000000001
 20
-21.0
 30
0.0
  0
POINT
  5
80E
330
801
100
AcDbEntity
  8
Defpoints
100
AcDbPoint
 10
26.6
 20
-21.0
 30
0.0
  0
ENDBLK
  5
803
330
801
100
AcDbEntity
  8
0
100
AcDbBlockEnd
  0
BLOCK
  5
810
330
80F
100
AcDbEntity
  8
0
100
AcDbBlockBegin
  2
*D57
 70
1
 10
0.0
 20
0.0
 30
0.0
  3
*D57
  1

  0
LINE
  5
812
330
80F
100
AcDbEntity
  8
0
 62
8
370
13
100
AcDbLine
 10
26.6
 20
-21.529166666666665
 30
0.0
 11
26.6
 21
-27.881944444444443
 31
0.0
  0
LINE
  5
813
330
80F
100
AcDbEntity
  8
0
 62
8
370
13
100
AcDbLine
 10
37.6
 20
-21.529166666666665
 30
0.0
 11
37.6
 21
-27.881944444444443
 31
0.0
  0
INSERT
  5
814
330
80F
100
AcDbEntity
  8
COTAS
 62
8
100
AcDbBlockReference
  2
_OBLIQUE
 10
26.6
 20
-27.0
 30
0.0
 41
2.188633333333333
 42
2.188633333333333
  0
INSERT
  5
816
330
80F
100
AcDbEntity
  8
COTAS
 62
8
100
AcDbBlockReference
  2
_OBLIQUE
 10
37.6
 20
-27.0
 30
0.0
 41
2.188633333333333
 42
2.188633333333333
  0
LINE
  5
818
330
80F
100
AcDbEntity
  8
0
 62
8
370
15
100
AcDbLine
 10
26.6
 20
-27.0
 30
0.0
 11
37.6
 21
-27.0
 31
0.0
  0
MTEXT
  5
819
330
80F
100
AcDbEntity
  8
COTAS
 62
250
100
AcDbMText
 10
32.1
 20
-25.4856
 30
0.0
 40
1.8288
 71
5
  1
110
  7
ESTANDAR
  0
POINT
  5
81A
330
80F
100
AcDbEntity
  8
Defpoints
100
AcDbPoint
 10
26.6
 20
-27.0
 30
0.0
  0
POINT
  5
81B
330
80F
100
AcDbEntity
  8
Defpoints
100
AcDbPoint
 10
26.6
 20
-21.0
 30
0.0
  0
POINT
  5
81C
330
80F
100
AcDbEntity
  8
Defpoints
100
AcDbPoint
 10
37.6
 20
-21.0
 30
0.0
  0
ENDBLK
  5
811
330
80F
100
AcDbEntity
  8
0
100
AcDbBlockEnd
  0
BLOCK
  5
81E
330
81D
100
AcDbEntity
  8
0
100
AcDbBlockBegin
  2
*D58
 70
1
 10
0.0
 20
0.0
 30
0.0
  3
*D58
  1

  0
LINE
  5
820
330
81D
100
AcDbEntity
  8
0
 62
8
370
13
100
AcDbLine
 10
-4.6000000000000005
 20
-21.529166666666665
 30
0.0
 11
-4.6000000000000005
 21
-27.881944444444443
 31
0.0
  0
LINE
  5
821
330
81D
100
AcDbEntity
  8
0
 62
8
370
13
100
AcDbLine
 10
4.6000000000000005
 20
-21.529166666666665
 30
0.0
 11
4.6000000000000005
 21
-27.881944444444443
 31
0.0
  0
INSERT
  5
822
330
81D
100
AcDbEntity
  8
COTAS
 62
8
100
AcDbBlockReference
  2
_OBLIQUE
 10
-4.6000000000000005
 20
-27.0
 30
0.0
 41
2.188633333333333
 42
2.188633333333333
  0
INSERT
  5
824
330
81D
100
AcDbEntity
  8
COTAS
 62
8
100
AcDbBlockReference
  2
_OBLIQUE
 10
4.6000000000000005
 20
-27.0
 30
0.0
 41
2.188633333333333
 42
2.188633333333333
  0
LINE
  5
826
330
81D
100
AcDbEntity
  8
0
 62
8
370
15
100
AcDbLine
 10
-4.6000000000000005
 20
-27.0
 30
0.0
 11
4.6000000000000005
 21
-27.0
 31
0.0
  0
MTEXT
  5
827
330
81D
100
AcDbEntity
  8
COTAS
 62
250
100
AcDbMText
 10
0.0
 20
-25.4856
 30
0.0
 40
1.8288
 71
5
  1
92
  7
ESTANDAR
  0
POINT
  5
828
330
81D
100
AcDbEntity
  8
Defpoints
100
AcDbPoint
 10
-4.6000000000000005
 20
-27.0
 30
0.0
  0
POINT
  5
829
330
81D
100
AcDbEntity
  8
Defpoints
100
AcDbPoint
 10
-4.6000000000000005
 20
-21.0
 30
0.0
  0
POINT
  5
82A
330
81D
100
AcDbEntity
  8
Defpoints
100
AcDbPoint
 10
4.6000000000000005
 20
-21.0
 30
0.0
  0
ENDBLK
  5
81F
330
81D
100
AcDbEntity
  8
0
100
AcDbBlockEnd
  0
BLOCK
  5
82C
330
82B
100
AcDbEntity
  8
0
100
AcDbBlockBegin
  2
*D59
 70
1
 10
0.0
 20
0.0
 30
0.0
  3
*D59
  1

  0
LINE
  5
82E
330
82B
100
AcDbEntity
  8
0
 62
8
370
13
100
AcDbLine
 10
51.47083333333333
 20
14.0
 30
0.0
 11
45.11805555555556
 21
14.0
 31
0.0
  0
LINE
  5
82F
330
82B
100
AcDbEntity
  8
0
 62
8
370
13
100
AcDbLine
 10
51.47083333333333
 20
-21.0
 30
0.0
 11
45.11805555555556
 21
-21.0
 31
0.0
  0
INSERT
  5
830
330
82B
100
AcDbEntity
  8
COTAS
 62
8
100
AcDbBlockReference
  2
_OBLIQUE
 10
46.0
 20
14.0
 30
0.0
 41
2.188633333333333
 42
2.188633333333333
 50
-90.0
  0
INSERT
  5
832
330
82B
100
AcDbEntity
  8
COTAS
 62
8
100
AcDbBlockReference
  2
_OBLIQUE
 10
46.0
 20
-21.0
 30
0.0
 41
2.188633333333333
 42
2.188633333333333
 50
-90.0
  0
LINE
  5
834
330
82B
100
AcDbEntity
  8
0
 62
8
370
15
100
AcDbLine
 10
46.0
 20
14.0
 30
0.0
 11
46.0
 21
-21.0
 31
0.0
  0
MTEXT
  5
835
330
82B
100
AcDbEntity
  8
COTAS
 62
250
100
AcDbMText
 10
47.5144
 20
-3.5
 30
0.0
 40
1.8288
 71
5
  1
350
  7
ESTANDAR
 50
-90.0
  0
POINT
  5
836
330
82B
100
AcDbEntity
  8
Defpoints
100
AcDbPoint
 10
46.0
 20
14.0
 30
0.0
  0
POINT
  5
837
330
82B
100
AcDbEntity
  8
Defpoints
100
AcDbPoint
 10
52.0
 20
14.0
 30
0.0
  0
POINT
  5
838
330
82B
100
AcDbEntity
  8
Defpoints
100
AcDbPoint
 10
52.0
 20
-21.0
 30
0.0
  0
ENDBLK
  5
82D
330
82B
100
AcDbEntity
  8
0
100
AcDbBlockEnd
  0
BLOCK
  5
83C
330
83B
100
AcDbEntity
  8
0
100
AcDbBlockBegin
  2
DET_10_detalle-3-2-sandwich-planta-por-los-anclajes
 70
0
 10
0.0
 20
0.0
 30
0.0
  3
DET_10_detalle-3-2-sandwich-planta-por-los-anclajes
  1

  0
HATCH
  5
83E
330
83B
100
AcDbEntity
  8
G-r_conc
 62
7
420
16118767
100
AcDbHatch
 10
0.0
 20
0.0
 30
0.0
210
0.0
220
0.0
230
1.0
  2
SOLID
 70
1
 71
0
 91
1
 92
3
 72
0
 73
1
 93
4
 10
-34.666666666666664
 20
-12.203800000000001
 10
34.666666666666664
 20
-12.203800000000001
 10
34.666666666666664
 20
7.7962
 10
-34.666666666666664
 20
7.7962
 97
0
 75
0
 76
1
 98
0
  0
LWPOLYLINE
  5
83F
330
83B
100
AcDbEntity
  8
G-r_conc
100
AcDbPolyline
 90
4
 70
1
 10
-34.666666666666664
 20
-12.203800000000001
 10
34.666666666666664
 20
-12.203800000000001
 10
34.666666666666664
 20
7.7962
 10
-34.666666666666664
 20
7.7962
  0
LINE
  5
840
330
83B
100
AcDbEntity
  8
G-edge
100
AcDbLine
 10
-34.666666666666664
 20
-12.203800000000001
 30
0.0
 11
-34.666666666666664
 21
7.7962
 31
0.0
  0
LINE
  5
841
330
83B
100
AcDbEntity
  8
G-edge
100
AcDbLine
 10
34.666666666666664
 20
-12.203800000000001
 30
0.0
 11
34.666666666666664
 21
7.7962
 31
0.0
  0
HATCH
  5
842
330
83B
100
AcDbEntity
  8
G-r_tieS
 62
7
420
9460135
100
AcDbHatch
 10
0.0
 20
0.0
 30
0.0
210
0.0
220
0.0
230
1.0
  2
SOLID
 70
1
 71
0
 91
1
 92
3
 72
0
 73
1
 93
4
 10
-25.4
 20
-9.203800000000001
 10
-25.4
 20
4.7962
 10
-24.733333333333334
 20
4.7962
 10
-24.733333333333334
 20
-9.203800000000001
 97
0
 75
0
 76
1
 98
0
  0
LWPOLYLINE
  5
843
330
83B
100
AcDbEntity
  8
G-r_tieS
100
AcDbPolyline
 90
4
 70
1
 10
-25.4
 20
-9.203800000000001
 10
-25.4
 20
4.7962
 10
-24.733333333333334
 20
4.7962
 10
-24.733333333333334
 20
-9.203800000000001
  0
HATCH
  5
844
330
83B
100
AcDbEntity
  8
G-r_tieS
 62
7
420
9460135
100
AcDbHatch
 10
0.0
 20
0.0
 30
0.0
210
0.0
220
0.0
230
1.0
  2
SOLID
 70
1
 71
0
 91
1
 92
3
 72
0
 73
1
 93
4
 10
-18.066666666666666
 20
-9.203800000000001
 10
-18.066666666666666
 20
4.7962
 10
-17.4
 20
4.7962
 10
-17.4
 20
-9.203800000000001
 97
0
 75
0
 76
1
 98
0
  0
LWPOLYLINE
  5
845
330
83B
100
AcDbEntity
  8
G-r_tieS
100
AcDbPolyline
 90
4
 70
1
 10
-18.066666666666666
 20
-9.203800000000001
 10
-18.066666666666666
 20
4.7962
 10
-17.4
 20
4.7962
 10
-17.4
 20
-9.203800000000001
  0
HATCH
  5
846
330
83B
100
AcDbEntity
  8
G-r_tieS
 62
7
420
9460135
100
AcDbHatch
 10
0.0
 20
0.0
 30
0.0
210
0.0
220
0.0
230
1.0
  2
SOLID
 70
1
 71
0
 91
1
 92
3
 72
0
 73
1
 93
4
 10
-10.733333333333333
 20
-9.203800000000001
 10
-10.733333333333333
 20
4.7962
 10
-10.066666666666666
 20
4.7962
 10
-10.066666666666666
 20
-9.203800000000001
 97
0
 75
0
 76
1
 98
0
  0
LWPOLYLINE
  5
847
330
83B
100
AcDbEntity
  8
G-r_tieS
100
AcDbPolyline
 90
4
 70
1
 10
-10.733333333333333
 20
-9.203800000000001
 10
-10.733333333333333
 20
4.7962
 10
-10.066666666666666
 20
4.7962
 10
-10.066666666666666
 20
-9.203800000000001
  0
HATCH
  5
848
330
83B
100
AcDbEntity
  8
G-r_tieS
 62
7
420
9460135
100
AcDbHatch
 10
0.0
 20
0.0
 30
0.0
210
0.0
220
0.0
230
1.0
  2
SOLID
 70
1
 71
0
 91
1
 92
3
 72
0
 73
1
 93
4
 10
-3.4
 20
-9.203800000000001
 10
-3.4
 20
4.7962
 10
-2.7333333333333334
 20
4.7962
 10
-2.7333333333333334
 20
-9.203800000000001
 97
0
 75
0
 76
1
 98
0
  0
LWPOLYLINE
  5
849
330
83B
100
AcDbEntity
  8
G-r_tieS
100
AcDbPolyline
 90
4
 70
1
 10
-3.4
 20
-9.203800000000001
 10
-3.4
 20
4.7962
 10
-2.7333333333333334
 20
4.7962
 10
-2.7333333333333334
 20
-9.203800000000001
  0
HATCH
  5
84A
330
83B
100
AcDbEntity
  8
G-r_tieS
 62
7
420
9460135
100
AcDbHatch
 10
0.0
 20
0.0
 30
0.0
210
0.0
220
0.0
230
1.0
  2
SOLID
 70
1
 71
0
 91
1
 92
3
 72
0
 73
1
 93
4
 10
2.7333333333333334
 20
-9.203800000000001
 10
2.7333333333333334
 20
4.7962
 10
3.4
 20
4.7962
 10
3.4
 20
-9.203800000000001
 97
0
 75
0
 76
1
 98
0
  0
LWPOLYLINE
  5
84B
330
83B
100
AcDbEntity
  8
G-r_tieS
100
AcDbPolyline
 90
4
 70
1
 10
2.7333333333333334
 20
-9.203800000000001
 10
2.7333333333333334
 20
4.7962
 10
3.4
 20
4.7962
 10
3.4
 20
-9.203800000000001
  0
HATCH
  5
84C
330
83B
100
AcDbEntity
  8
G-r_tieS
 62
7
420
9460135
100
AcDbHatch
 10
0.0
 20
0.0
 30
0.0
210
0.0
220
0.0
230
1.0
  2
SOLID
 70
1
 71
0
 91
1
 92
3
 72
0
 73
1
 93
4
 10
10.066666666666666
 20
-9.203800000000001
 10
10.066666666666666
 20
4.7962
 10
10.733333333333333
 20
4.7962
 10
10.733333333333333
 20
-9.203800000000001
 97
0
 75
0
 76
1
 98
0
  0
LWPOLYLINE
  5
84D
330
83B
100
AcDbEntity
  8
G-r_tieS
100
AcDbPolyline
 90
4
 70
1
 10
10.066666666666666
 20
-9.203800000000001
 10
10.066666666666666
 20
4.7962
 10
10.733333333333333
 20
4.7962
 10
10.733333333333333
 20
-9.203800000000001
  0
HATCH
  5
84E
330
83B
100
AcDbEntity
  8
G-r_tieS
 62
7
420
9460135
100
AcDbHatch
 10
0.0
 20
0.0
 30
0.0
210
0.0
220
0.0
230
1.0
  2
SOLID
 70
1
 71
0
 91
1
 92
3
 72
0
 73
1
 93
4
 10
17.4
 20
-9.203800000000001
 10
17.4
 20
4.7962
 10
18.066666666666666
 20
4.7962
 10
18.066666666666666
 20
-9.203800000000001
 97
0
 75
0
 76
1
 98
0
  0
LWPOLYLINE
  5
84F
330
83B
100
AcDbEntity
  8
G-r_tieS
100
AcDbPolyline
 90
4
 70
1
 10
17.4
 20
-9.203800000000001
 10
17.4
 20
4.7962
 10
18.066666666666666
 20
4.7962
 10
18.066666666666666
 20
-9.203800000000001
  0
HATCH
  5
850
330
83B
100
AcDbEntity
  8
G-r_tieS
 62
7
420
9460135
100
AcDbHatch
 10
0.0
 20
0.0
 30
0.0
210
0.0
220
0.0
230
1.0
  2
SOLID
 70
1
 71
0
 91
1
 92
3
 72
0
 73
1
 93
4
 10
24.733333333333334
 20
-9.203800000000001
 10
24.733333333333334
 20
4.7962
 10
25.4
 20
4.7962
 10
25.4
 20
-9.203800000000001
 97
0
 75
0
 76
1
 98
0
  0
LWPOLYLINE
  5
851
330
83B
100
AcDbEntity
  8
G-r_tieS
100
AcDbPolyline
 90
4
 70
1
 10
24.733333333333334
 20
-9.203800000000001
 10
24.733333333333334
 20
4.7962
 10
25.4
 20
4.7962
 10
25.4
 20
-9.203800000000001
  0
HATCH
  5
852
330
83B
100
AcDbEntity
  8
G-r_bm1
 62
7
420
1725046
100
AcDbHatch
 10
0.0
 20
0.0
 30
0.0
210
0.0
220
0.0
230
1.0
  2
SOLID
 70
1
 71
0
 91
1
 92
3
 72
0
 73
1
 93
4
 10
-34.666666666666664
 20
-8.070466666666666
 10
34.666666666666664
 20
-8.070466666666666
 10
34.666666666666664
 20
-8.870466666666667
 10
-34.666666666666664
 20
-8.870466666666667
 97
0
 75
0
 76
1
 98
0
  0
LWPOLYLINE
  5
853
330
83B
100
AcDbEntity
  8
G-r_bm1
100
AcDbPolyline
 90
4
 70
1
 10
-34.666666666666664
 20
-8.070466666666666
 10
34.666666666666664
 20
-8.070466666666666
 10
34.666666666666664
 20
-8.870466666666667
 10
-34.666666666666664
 20
-8.870466666666667
  0
HATCH
  5
854
330
83B
100
AcDbEntity
  8
G-r_bm1
 62
7
420
1725046
100
AcDbHatch
 10
0.0
 20
0.0
 30
0.0
210
0.0
220
0.0
230
1.0
  2
SOLID
 70
1
 71
0
 91
1
 92
3
 72
0
 73
1
 93
4
 10
-34.666666666666664
 20
-1.8038000000000003
 10
34.666666666666664
 20
-1.8038000000000003
 10
34.666666666666664
 20
-2.6038
 10
-34.666666666666664
 20
-2.6038
 97
0
 75
0
 76
1
 98
0
  0
LWPOLYLINE
  5
855
330
83B
100
AcDbEntity
  8
G-r_bm1
100
AcDbPolyline
 90
4
 70
1
 10
-34.666666666666664
 20
-1.8038000000000003
 10
34.666666666666664
 20
-1.8038000000000003
 10
34.666666666666664
 20
-2.6038
 10
-34.666666666666664
 20
-2.6038
  0
HATCH
  5
856
330
83B
100
AcDbEntity
  8
G-r_bm1
 62
7
420
1725046
100
AcDbHatch
 10
0.0
 20
0.0
 30
0.0
210
0.0
220
0.0
230
1.0
  2
SOLID
 70
1
 71
0
 91
1
 92
3
 72
0
 73
1
 93
4
 10
-34.666666666666664
 20
4.462866666666667
 10
34.666666666666664
 20
4.462866666666667
 10
34.666666666666664
 20
3.662866666666666
 10
-34.666666666666664
 20
3.662866666666666
 97
0
 75
0
 76
1
 98
0
  0
LWPOLYLINE
  5
857
330
83B
100
AcDbEntity
  8
G-r_bm1
100
AcDbPolyline
 90
4
 70
1
 10
-34.666666666666664
 20
4.462866666666667
 10
34.666666666666664
 20
4.462866666666667
 10
34.666666666666664
 20
3.662866666666666
 10
-34.666666666666664
 20
3.662866666666666
  0
HATCH
  5
858
330
83B
100
AcDbEntity
  8
G-r_grout
 62
7
420
15395042
100
AcDbHatch
 10
0.0
 20
0.0
 30
0.0
210
0.0
220
0.0
230
1.0
  2
SOLID
 70
1
 71
0
 91
1
 92
3
 72
0
 73
1
 93
4
 10
-5.333333333333333
 20
-12.203800000000001
 10
5.333333333333333
 20
-12.203800000000001
 10
5.333333333333333
 20
-13.870466666666665
 10
-5.333333333333333
 20
-13.870466666666665
 97
0
 75
0
 76
1
 98
0
  0
LWPOLYLINE
  5
859
330
83B
100
AcDbEntity
  8
G-r_grout
100
AcDbPolyline
 90
4
 70
1
 10
-5.333333333333333
 20
-12.203800000000001
 10
5.333333333333333
 20
-12.203800000000001
 10
5.333333333333333
 20
-13.870466666666665
 10
-5.333333333333333
 20
-13.870466666666665
  0
HATCH
  5
85A
330
83B
100
AcDbEntity
  8
G-r_eplate
 62
7
420
15068145
100
AcDbHatch
 10
0.0
 20
0.0
 30
0.0
210
0.0
220
0.0
230
1.0
  2
SOLID
 70
1
 71
0
 91
1
 92
3
 72
0
 73
1
 93
4
 10
-4.666666666666667
 20
-13.870466666666665
 10
4.666666666666667
 20
-13.870466666666665
 10
4.666666666666667
 20
-14.670466666666666
 10
-4.666666666666667
 20
-14.670466666666666
 97
0
 75
0
 76
1
 98
0
  0
LWPOLYLINE
  5
85B
330
83B
100
AcDbEntity
  8
G-r_eplate
100
AcDbPolyline
 90
4
 70
1
 10
-4.666666666666667
 20
-13.870466666666665
 10
4.666666666666667
 20
-13.870466666666665
 10
4.666666666666667
 20
-14.670466666666666
 10
-4.666666666666667
 20
-14.670466666666666
  0
HATCH
  5
85C
330
83B
100
AcDbEntity
  8
G-r_ipe
 62
7
420
15199730
100
AcDbHatch
 10
0.0
 20
0.0
 30
0.0
210
0.0
220
0.0
230
1.0
  2
SOLID
 70
1
 71
0
 91
1
 92
3
 72
0
 73
1
 93
4
 10
-3.3333333333333335
 20
-14.670466666666666
 10
3.3333333333333335
 20
-14.670466666666666
 10
3.3333333333333335
 20
-31.337133333333334
 10
-3.3333333333333335
 20
-31.337133333333334
 97
0
 75
0
 76
1
 98
0
  0
LWPOLYLINE
  5
85D
330
83B
100
AcDbEntity
  8
G-r_ipe
100
AcDbPolyline
 90
4
 70
1
 10
-3.3333333333333335
 20
-14.670466666666666
 10
3.3333333333333335
 20
-14.670466666666666
 10
3.3333333333333335
 20
-31.337133333333334
 10
-3.3333333333333335
 20
-31.337133333333334
  0
HATCH
  5
85E
330
83B
100
AcDbEntity
  8
G-r_grout
 62
7
420
15395042
100
AcDbHatch
 10
0.0
 20
0.0
 30
0.0
210
0.0
220
0.0
230
1.0
  2
SOLID
 70
1
 71
0
 91
1
 92
3
 72
0
 73
1
 93
4
 10
-5.333333333333333
 20
7.7962
 10
5.333333333333333
 20
7.7962
 10
5.333333333333333
 20
9.462866666666667
 10
-5.333333333333333
 20
9.462866666666667
 97
0
 75
0
 76
1
 98
0
  0
LWPOLYLINE
  5
85F
330
83B
100
AcDbEntity
  8
G-r_grout
100
AcDbPolyline
 90
4
 70
1
 10
-5.333333333333333
 20
7.7962
 10
5.333333333333333
 20
7.7962
 10
5.333333333333333
 20
9.462866666666667
 10
-5.333333333333333
 20
9.462866666666667
  0
HATCH
  5
860
330
83B
100
AcDbEntity
  8
G-r_eplate
 62
7
420
15068145
100
AcDbHatch
 10
0.0
 20
0.0
 30
0.0
210
0.0
220
0.0
230
1.0
  2
SOLID
 70
1
 71
0
 91
1
 92
3
 72
0
 73
1
 93
4
 10
-4.666666666666667
 20
9.462866666666667
 10
4.666666666666667
 20
9.462866666666667
 10
4.666666666666667
 20
10.262866666666667
 10
-4.666666666666667
 20
10.262866666666667
 97
0
 75
0
 76
1
 98
0
  0
LWPOLYLINE
  5
861
330
83B
100
AcDbEntity
  8
G-r_eplate
100
AcDbPolyline
 90
4
 70
1
 10
-4.666666666666667
 20
9.462866666666667
 10
4.666666666666667
 20
9.462866666666667
 10
4.666666666666667
 20
10.262866666666667
 10
-4.666666666666667
 20
10.262866666666667
  0
HATCH
  5
862
330
83B
100
AcDbEntity
  8
G-r_ipe
 62
7
420
15199730
100
AcDbHatch
 10
0.0
 20
0.0
 30
0.0
210
0.0
220
0.0
230
1.0
  2
SOLID
 70
1
 71
0
 91
1
 92
3
 72
0
 73
1
 93
4
 10
-3.3333333333333335
 20
10.262866666666667
 10
3.3333333333333335
 20
10.262866666666667
 10
3.3333333333333335
 20
26.92953333333333
 10
-3.3333333333333335
 20
26.92953333333333
 97
0
 75
0
 76
1
 98
0
  0
LWPOLYLINE
  5
863
330
83B
100
AcDbEntity
  8
G-r_ipe
100
AcDbPolyline
 90
4
 70
1
 10
-3.3333333333333335
 20
10.262866666666667
 10
3.3333333333333335
 20
10.262866666666667
 10
3.3333333333333335
 20
26.92953333333333
 10
-3.3333333333333335
 20
26.92953333333333
  0
HATCH
  5
864
330
83B
100
AcDbEntity
  8
G-r_anc
 62
7
420
12597547
100
AcDbHatch
 10
0.0
 20
0.0
 30
0.0
210
0.0
220
0.0
230
1.0
  2
SOLID
 70
1
 71
0
 91
1
 92
3
 72
0
 73
1
 93
4
 10
-2.3666666666666667
 20
-16.870466666666665
 10
-2.3666666666666667
 20
12.462866666666667
 10
-1.3
 20
12.462866666666667
 10
-1.3
 20
-16.870466666666665
 97
0
 75
0
 76
1
 98
0
  0
LWPOLYLINE
  5
865
330
83B
100
AcDbEntity
  8
G-r_anc
100
AcDbPolyline
 90
4
 70
1
 10
-2.3666666666666667
 20
-16.870466666666665
 10
-2.3666666666666667
 20
12.462866666666667
 10
-1.3
 20
12.462866666666667
 10
-1.3
 20
-16.870466666666665
  0
HATCH
  5
866
330
83B
100
AcDbEntity
  8
G-r_ancg
 62
7
420
16047065
100
AcDbHatch
 10
0.0
 20
0.0
 30
0.0
210
0.0
220
0.0
230
1.0
  2
SOLID
 70
1
 71
0
 91
1
 92
3
 72
0
 73
1
 93
4
 10
-2.8333333333333335
 20
-14.670466666666666
 10
-0.8333333333333334
 20
-14.670466666666666
 10
-0.8333333333333334
 20
-14.870466666666665
 10
-2.8333333333333335
 20
-14.870466666666665
 97
0
 75
0
 76
1
 98
0
  0
LWPOLYLINE
  5
867
330
83B
100
AcDbEntity
  8
G-r_ancg
100
AcDbPolyline
 90
4
 70
1
 10
-2.8333333333333335
 20
-14.670466666666666
 10
-0.8333333333333334
 20
-14.670466666666666
 10
-0.8333333333333334
 20
-14.870466666666665
 10
-2.8333333333333335
 20
-14.870466666666665
  0
HATCH
  5
868
330
83B
100
AcDbEntity
  8
G-r_ancg
 62
7
420
16047065
100
AcDbHatch
 10
0.0
 20
0.0
 30
0.0
210
0.0
220
0.0
230
1.0
  2
SOLID
 70
1
 71
0
 91
1
 92
3
 72
0
 73
1
 93
4
 10
-2.6333333333333333
 20
-14.870466666666665
 10
-1.0333333333333332
 20
-14.870466666666665
 10
-1.0333333333333332
 20
-15.937133333333332
 10
-2.6333333333333333
 20
-15.937133333333332
 97
0
 75
0
 76
1
 98
0
  0
LWPOLYLINE
  5
869
330
83B
100
AcDbEntity
  8
G-r_ancg
100
AcDbPolyline
 90
4
 70
1
 10
-2.6333333333333333
 20
-14.870466666666665
 10
-1.0333333333333332
 20
-14.870466666666665
 10
-1.0333333333333332
 20
-15.937133333333332
 10
-2.6333333333333333
 20
-15.937133333333332
  0
HATCH
  5
86A
330
83B
100
AcDbEntity
  8
G-r_ancg
 62
7
420
16047065
100
AcDbHatch
 10
0.0
 20
0.0
 30
0.0
210
0.0
220
0.0
230
1.0
  2
SOLID
 70
1
 71
0
 91
1
 92
3
 72
0
 73
1
 93
4
 10
-2.8333333333333335
 20
-13.870466666666665
 10
-0.8333333333333334
 20
-13.870466666666665
 10
-0.8333333333333334
 20
-13.670466666666666
 10
-2.8333333333333335
 20
-13.670466666666666
 97
0
 75
0
 76
1
 98
0
  0
LWPOLYLINE
  5
86B
330
83B
100
AcDbEntity
  8
G-r_ancg
100
AcDbPolyline
 90
4
 70
1
 10
-2.8333333333333335
 20
-13.870466666666665
 10
-0.8333333333333334
 20
-13.870466666666665
 10
-0.8333333333333334
 20
-13.670466666666666
 10
-2.8333333333333335
 20
-13.670466666666666
  0
HATCH
  5
86C
330
83B
100
AcDbEntity
  8
G-r_ancg
 62
7
420
16047065
100
AcDbHatch
 10
0.0
 20
0.0
 30
0.0
210
0.0
220
0.0
230
1.0
  2
SOLID
 70
1
 71
0
 91
1
 92
3
 72
0
 73
1
 93
4
 10
-2.8333333333333335
 20
10.262866666666667
 10
-0.8333333333333334
 20
10.262866666666667
 10
-0.8333333333333334
 20
10.462866666666667
 10
-2.8333333333333335
 20
10.462866666666667
 97
0
 75
0
 76
1
 98
0
  0
LWPOLYLINE
  5
86D
330
83B
100
AcDbEntity
  8
G-r_ancg
100
AcDbPolyline
 90
4
 70
1
 10
-2.8333333333333335
 20
10.262866666666667
 10
-0.8333333333333334
 20
10.262866666666667
 10
-0.8333333333333334
 20
10.462866666666667
 10
-2.8333333333333335
 20
10.462866666666667
  0
HATCH
  5
86E
330
83B
100
AcDbEntity
  8
G-r_ancg
 62
7
420
16047065
100
AcDbHatch
 10
0.0
 20
0.0
 30
0.0
210
0.0
220
0.0
230
1.0
  2
SOLID
 70
1
 71
0
 91
1
 92
3
 72
0
 73
1
 93
4
 10
-2.6333333333333333
 20
10.462866666666667
 10
-1.0333333333333332
 20
10.462866666666667
 10
-1.0333333333333332
 20
11.529533333333333
 10
-2.6333333333333333
 20
11.529533333333333
 97
0
 75
0
 76
1
 98
0
  0
LWPOLYLINE
  5
86F
330
83B
100
AcDbEntity
  8
G-r_ancg
100
AcDbPolyline
 90
4
 70
1
 10
-2.6333333333333333
 20
10.462866666666667
 10
-1.0333333333333332
 20
10.462866666666667
 10
-1.0333333333333332
 20
11.529533333333333
 10
-2.6333333333333333
 20
11.529533333333333
  0
HATCH
  5
870
330
83B
100
AcDbEntity
  8
G-r_ancg
 62
7
420
16047065
100
AcDbHatch
 10
0.0
 20
0.0
 30
0.0
210
0.0
220
0.0
230
1.0
  2
SOLID
 70
1
 71
0
 91
1
 92
3
 72
0
 73
1
 93
4
 10
-2.8333333333333335
 20
9.462866666666667
 10
-0.8333333333333334
 20
9.462866666666667
 10
-0.8333333333333334
 20
9.262866666666667
 10
-2.8333333333333335
 20
9.262866666666667
 97
0
 75
0
 76
1
 98
0
  0
LWPOLYLINE
  5
871
330
83B
100
AcDbEntity
  8
G-r_ancg
100
AcDbPolyline
 90
4
 70
1
 10
-2.8333333333333335
 20
9.462866666666667
 10
-0.8333333333333334
 20
9.462866666666667
 10
-0.8333333333333334
 20
9.262866666666667
 10
-2.8333333333333335
 20
9.262866666666667
  0
HATCH
  5
872
330
83B
100
AcDbEntity
  8
G-r_anc
 62
7
420
12597547
100
AcDbHatch
 10
0.0
 20
0.0
 30
0.0
210
0.0
220
0.0
230
1.0
  2
SOLID
 70
1
 71
0
 91
1
 92
3
 72
0
 73
1
 93
4
 10
1.3
 20
-16.870466666666665
 10
1.3
 20
12.462866666666667
 10
2.3666666666666667
 20
12.462866666666667
 10
2.3666666666666667
 20
-16.870466666666665
 97
0
 75
0
 76
1
 98
0
  0
LWPOLYLINE
  5
873
330
83B
100
AcDbEntity
  8
G-r_anc
100
AcDbPolyline
 90
4
 70
1
 10
1.3
 20
-16.870466666666665
 10
1.3
 20
12.462866666666667
 10
2.3666666666666667
 20
12.462866666666667
 10
2.3666666666666667
 20
-16.870466666666665
  0
HATCH
  5
874
330
83B
100
AcDbEntity
  8
G-r_ancg
 62
7
420
16047065
100
AcDbHatch
 10
0.0
 20
0.0
 30
0.0
210
0.0
220
0.0
230
1.0
  2
SOLID
 70
1
 71
0
 91
1
 92
3
 72
0
 73
1
 93
4
 10
0.8333333333333334
 20
-14.670466666666666
 10
2.8333333333333335
 20
-14.670466666666666
 10
2.8333333333333335
 20
-14.870466666666665
 10
0.8333333333333334
 20
-14.870466666666665
 97
0
 75
0
 76
1
 98
0
  0
LWPOLYLINE
  5
875
330
83B
100
AcDbEntity
  8
G-r_ancg
100
AcDbPolyline
 90
4
 70
1
 10
0.8333333333333334
 20
-14.670466666666666
 10
2.8333333333333335
 20
-14.670466666666666
 10
2.8333333333333335
 20
-14.870466666666665
 10
0.8333333333333334
 20
-14.870466666666665
  0
HATCH
  5
876
330
83B
100
AcDbEntity
  8
G-r_ancg
 62
7
420
16047065
100
AcDbHatch
 10
0.0
 20
0.0
 30
0.0
210
0.0
220
0.0
230
1.0
  2
SOLID
 70
1
 71
0
 91
1
 92
3
 72
0
 73
1
 93
4
 10
1.0333333333333332
 20
-14.870466666666665
 10
2.6333333333333333
 20
-14.870466666666665
 10
2.6333333333333333
 20
-15.937133333333332
 10
1.0333333333333332
 20
-15.937133333333332
 97
0
 75
0
 76
1
 98
0
  0
LWPOLYLINE
  5
877
330
83B
100
AcDbEntity
  8
G-r_ancg
100
AcDbPolyline
 90
4
 70
1
 10
1.0333333333333332
 20
-14.870466666666665
 10
2.6333333333333333
 20
-14.870466666666665
 10
2.6333333333333333
 20
-15.937133333333332
 10
1.0333333333333332
 20
-15.937133333333332
  0
HATCH
  5
878
330
83B
100
AcDbEntity
  8
G-r_ancg
 62
7
420
16047065
100
AcDbHatch
 10
0.0
 20
0.0
 30
0.0
210
0.0
220
0.0
230
1.0
  2
SOLID
 70
1
 71
0
 91
1
 92
3
 72
0
 73
1
 93
4
 10
0.8333333333333334
 20
-13.870466666666665
 10
2.8333333333333335
 20
-13.870466666666665
 10
2.8333333333333335
 20
-13.670466666666666
 10
0.8333333333333334
 20
-13.670466666666666
 97
0
 75
0
 76
1
 98
0
  0
LWPOLYLINE
  5
879
330
83B
100
AcDbEntity
  8
G-r_ancg
100
AcDbPolyline
 90
4
 70
1
 10
0.8333333333333334
 20
-13.870466666666665
 10
2.8333333333333335
 20
-13.870466666666665
 10
2.8333333333333335
 20
-13.670466666666666
 10
0.8333333333333334
 20
-13.670466666666666
  0
HATCH
  5
87A
330
83B
100
AcDbEntity
  8
G-r_ancg
 62
7
420
16047065
100
AcDbHatch
 10
0.0
 20
0.0
 30
0.0
210
0.0
220
0.0
230
1.0
  2
SOLID
 70
1
 71
0
 91
1
 92
3
 72
0
 73
1
 93
4
 10
0.8333333333333334
 20
10.262866666666667
 10
2.8333333333333335
 20
10.262866666666667
 10
2.8333333333333335
 20
10.462866666666667
 10
0.8333333333333334
 20
10.462866666666667
 97
0
 75
0
 76
1
 98
0
  0
LWPOLYLINE
  5
87B
330
83B
100
AcDbEntity
  8
G-r_ancg
100
AcDbPolyline
 90
4
 70
1
 10
0.8333333333333334
 20
10.262866666666667
 10
2.8333333333333335
 20
10.262866666666667
 10
2.8333333333333335
 20
10.462866666666667
 10
0.8333333333333334
 20
10.462866666666667
  0
HATCH
  5
87C
330
83B
100
AcDbEntity
  8
G-r_ancg
 62
7
420
16047065
100
AcDbHatch
 10
0.0
 20
0.0
 30
0.0
210
0.0
220
0.0
230
1.0
  2
SOLID
 70
1
 71
0
 91
1
 92
3
 72
0
 73
1
 93
4
 10
1.0333333333333332
 20
10.462866666666667
 10
2.6333333333333333
 20
10.462866666666667
 10
2.6333333333333333
 20
11.529533333333333
 10
1.0333333333333332
 20
11.529533333333333
 97
0
 75
0
 76
1
 98
0
  0
LWPOLYLINE
  5
87D
330
83B
100
AcDbEntity
  8
G-r_ancg
100
AcDbPolyline
 90
4
 70
1
 10
1.0333333333333332
 20
10.462866666666667
 10
2.6333333333333333
 20
10.462866666666667
 10
2.6333333333333333
 20
11.529533333333333
 10
1.0333333333333332
 20
11.529533333333333
  0
HATCH
  5
87E
330
83B
100
AcDbEntity
  8
G-r_ancg
 62
7
420
16047065
100
AcDbHatch
 10
0.0
 20
0.0
 30
0.0
210
0.0
220
0.0
230
1.0
  2
SOLID
 70
1
 71
0
 91
1
 92
3
 72
0
 73
1
 93
4
 10
0.8333333333333334
 20
9.462866666666667
 10
2.8333333333333335
 20
9.462866666666667
 10
2.8333333333333335
 20
9.262866666666667
 10
0.8333333333333334
 20
9.262866666666667
 97
0
 75
0
 76
1
 98
0
  0
LWPOLYLINE
  5
87F
330
83B
100
AcDbEntity
  8
G-r_ancg
100
AcDbPolyline
 90
4
 70
1
 10
0.8333333333333334
 20
9.462866666666667
 10
2.8333333333333335
 20
9.462866666666667
 10
2.8333333333333335
 20
9.262866666666667
 10
0.8333333333333334
 20
9.262866666666667
  0
TEXT
  5
880
330
83B
100
AcDbEntity
  8
T-small
 62
47
420
4473924
100
AcDbText
 10
0.0
 20
28.92953333333333
 30
0.0
 40
2.286
  1
IPE 200 (después)
  7
ESTANDAR
 41
0.885
 72
1
 11
0.0
 21
28.92953333333333
 31
0.0
100
AcDbText
  0
DIMENSION
  5
881
330
83B
100
AcDbEntity
  8
COTAS
100
AcDbDimension
280
0
  2
*D60
  3
COTAS_PAPEL
 10
-38.666666666666664
 20
7.7962
 30
0.0
 11
-41.06301111111111
 21
8.629533333333333
 31
0.0
 70
32
 71
5
  1
25
100
AcDbAlignedDimension
 13
-34.666666666666664
 23
7.7962
 33
0.0
 14
-34.666666666666664
 24
9.462866666666667
 34
0.0
 50
90.0
100
AcDbRotatedDimension
  0
TEXT
  5
882
330
83B
100
AcDbEntity
  8
T-anc
 62
22
420
11088422
100
AcDbText
 10
3.8333333333333335
 20
-18.2038
 30
0.0
 40
2.286
  1
A2
  7
NEGRITA
 41
0.885
 11
3.8333333333333335
 21
-18.2038
 31
0.0
100
AcDbText
  0
DIMENSION
  5
883
330
83B
100
AcDbEntity
  8
COTAS
100
AcDbDimension
280
0
  2
*D61
  3
COTAS_PAPEL
 10
38.666666666666664
 20
-12.203800000000001
 30
0.0
 11
37.15226666666666
 21
-2.203800000000001
 31
0.0
 70
32
 71
5
  1
300
100
AcDbAlignedDimension
 13
34.666666666666664
 23
-12.203800000000001
 33
0.0
 14
34.666666666666664
 24
7.7962
 34
0.0
 50
90.0
100
AcDbRotatedDimension
  0
DIMENSION
  5
884
330
83B
100
AcDbEntity
  8
COTAS
100
AcDbDimension
280
0
  2
*D62
  3
COTAS_PAPEL
 10
-7.833333333333333
 20
-16.870466666666665
 30
0.0
 11
-9.347733333333332
 21
-2.2037999999999993
 31
0.0
 70
32
 71
5
  1
440
100
AcDbAlignedDimension
 13
-1.8333333333333333
 23
-16.870466666666665
 33
0.0
 14
-1.8333333333333333
 24
12.462866666666667
 34
0.0
 50
90.0
100
AcDbRotatedDimension
  0
DIMENSION
  5
885
330
83B
100
AcDbEntity
  8
COTAS
100
AcDbDimension
280
0
  2
*D63
  3
COTAS_PAPEL
 10
-1.8333333333333333
 20
11.796199999999999
 30
0.0
 11
0.0
 21
13.310599999999999
 31
0.0
 70
32
 71
5
  1
55
100
AcDbAlignedDimension
 13
-1.8333333333333333
 23
11.796199999999999
 33
0.0
 14
1.8333333333333333
 24
11.796199999999999
 34
0.0
 50
0.0
100
AcDbRotatedDimension
  0
ENDBLK
  5
83D
330
83B
100
AcDbEntity
  8
0
100
AcDbBlockEnd
  0
BLOCK
  5
887
330
886
100
AcDbEntity
  8
0
100
AcDbBlockBegin
  2
*D60
 70
1
 10
0.0
 20
0.0
 30
0.0
  3
*D60
  1

  0
LINE
  5
889
330
886
100
AcDbEntity
  8
0
 62
8
370
13
100
AcDbLine
 10
-35.19583333333333
 20
7.7962
 30
0.0
 11
-39.54861111111111
 21
7.7962
 31
0.0
  0
LINE
  5
88A
330
886
100
AcDbEntity
  8
0
 62
8
370
13
100
AcDbLine
 10
-35.19583333333333
 20
9.462866666666667
 30
0.0
 11
-39.54861111111111
 21
9.462866666666667
 31
0.0
  0
INSERT
  5
88B
330
886
100
AcDbEntity
  8
COTAS
 62
8
100
AcDbBlockReference
  2
_OBLIQUE
 10
-38.666666666666664
 20
7.7962
 30
0.0
 41
2.188633333333333
 42
2.188633333333333
 50
90.0
  0
INSERT
  5
88D
330
886
100
AcDbEntity
  8
COTAS
 62
8
100
AcDbBlockReference
  2
_OBLIQUE
 10
-38.666666666666664
 20
9.462866666666667
 30
0.0
 41
2.188633333333333
 42
2.188633333333333
 50
90.0
  0
LINE
  5
88F
330
886
100
AcDbEntity
  8
0
 62
8
370
15
100
AcDbLine
 10
-38.666666666666664
 20
7.7962
 30
0.0
 11
-38.666666666666664
 21
9.462866666666667
 31
0.0
  0
MTEXT
  5
890
330
886
100
AcDbEntity
  8
COTAS
 62
250
100
AcDbMText
 10
-41.06301111111111
 20
8.629533333333333
 30
0.0
 40
1.8288
 71
5
  1
25
  7
ESTANDAR
 50
90.0
  0
POINT
  5
891
330
886
100
AcDbEntity
  8
Defpoints
100
AcDbPoint
 10
-38.666666666666664
 20
7.7962
 30
0.0
  0
POINT
  5
892
330
886
100
AcDbEntity
  8
Defpoints
100
AcDbPoint
 10
-34.666666666666664
 20
7.7962
 30
0.0
  0
POINT
  5
893
330
886
100
AcDbEntity
  8
Defpoints
100
AcDbPoint
 10
-34.666666666666664
 20
9.462866666666667
 30
0.0
  0
ENDBLK
  5
888
330
886
100
AcDbEntity
  8
0
100
AcDbBlockEnd
  0
BLOCK
  5
895
330
894
100
AcDbEntity
  8
0
100
AcDbBlockBegin
  2
*D61
 70
1
 10
0.0
 20
0.0
 30
0.0
  3
*D61
  1

  0
LINE
  5
897
330
894
100
AcDbEntity
  8
0
 62
8
370
13
100
AcDbLine
 10
35.19583333333333
 20
-12.203800000000001
 30
0.0
 11
39.54861111111111
 21
-12.203800000000001
 31
0.0
  0
LINE
  5
898
330
894
100
AcDbEntity
  8
0
 62
8
370
13
100
AcDbLine
 10
35.19583333333333
 20
7.7962
 30
0.0
 11
39.54861111111111
 21
7.7962
 31
0.0
  0
INSERT
  5
899
330
894
100
AcDbEntity
  8
COTAS
 62
8
100
AcDbBlockReference
  2
_OBLIQUE
 10
38.666666666666664
 20
-12.203800000000001
 30
0.0
 41
2.188633333333333
 42
2.188633333333333
 50
90.0
  0
INSERT
  5
89B
330
894
100
AcDbEntity
  8
COTAS
 62
8
100
AcDbBlockReference
  2
_OBLIQUE
 10
38.666666666666664
 20
7.7962
 30
0.0
 41
2.188633333333333
 42
2.188633333333333
 50
90.0
  0
LINE
  5
89D
330
894
100
AcDbEntity
  8
0
 62
8
370
15
100
AcDbLine
 10
38.666666666666664
 20
-12.203800000000001
 30
0.0
 11
38.666666666666664
 21
7.7962
 31
0.0
  0
MTEXT
  5
89E
330
894
100
AcDbEntity
  8
COTAS
 62
250
100
AcDbMText
 10
37.15226666666666
 20
-2.203800000000001
 30
0.0
 40
1.8288
 71
5
  1
300
  7
ESTANDAR
 50
90.0
  0
POINT
  5
89F
330
894
100
AcDbEntity
  8
Defpoints
100
AcDbPoint
 10
38.666666666666664
 20
-12.203800000000001
 30
0.0
  0
POINT
  5
8A0
330
894
100
AcDbEntity
  8
Defpoints
100
AcDbPoint
 10
34.666666666666664
 20
-12.203800000000001
 30
0.0
  0
POINT
  5
8A1
330
894
100
AcDbEntity
  8
Defpoints
100
AcDbPoint
 10
34.666666666666664
 20
7.7962
 30
0.0
  0
ENDBLK
  5
896
330
894
100
AcDbEntity
  8
0
100
AcDbBlockEnd
  0
BLOCK
  5
8A3
330
8A2
100
AcDbEntity
  8
0
100
AcDbBlockBegin
  2
*D62
 70
1
 10
0.0
 20
0.0
 30
0.0
  3
*D62
  1

  0
LINE
  5
8A5
330
8A2
100
AcDbEntity
  8
0
 62
8
370
13
100
AcDbLine
 10
-2.3625
 20
-16.870466666666665
 30
0.0
 11
-8.715277777777777
 21
-16.870466666666665
 31
0.0
  0
LINE
  5
8A6
330
8A2
100
AcDbEntity
  8
0
 62
8
370
13
100
AcDbLine
 10
-2.3625
 20
12.462866666666667
 30
0.0
 11
-8.715277777777777
 21
12.462866666666667
 31
0.0
  0
INSERT
  5
8A7
330
8A2
100
AcDbEntity
  8
COTAS
 62
8
100
AcDbBlockReference
  2
_OBLIQUE
 10
-7.833333333333333
 20
-16.870466666666665
 30
0.0
 41
2.188633333333333
 42
2.188633333333333
 50
90.0
  0
INSERT
  5
8A9
330
8A2
100
AcDbEntity
  8
COTAS
 62
8
100
AcDbBlockReference
  2
_OBLIQUE
 10
-7.833333333333333
 20
12.462866666666667
 30
0.0
 41
2.188633333333333
 42
2.188633333333333
 50
90.0
  0
LINE
  5
8AB
330
8A2
100
AcDbEntity
  8
0
 62
8
370
15
100
AcDbLine
 10
-7.833333333333333
 20
-16.870466666666665
 30
0.0
 11
-7.833333333333333
 21
12.462866666666667
 31
0.0
  0
MTEXT
  5
8AC
330
8A2
100
AcDbEntity
  8
COTAS
 62
250
100
AcDbMText
 10
-9.347733333333332
 20
-2.2037999999999993
 30
0.0
 40
1.8288
 71
5
  1
440
  7
ESTANDAR
 50
90.0
  0
POINT
  5
8AD
330
8A2
100
AcDbEntity
  8
Defpoints
100
AcDbPoint
 10
-7.833333333333333
 20
-16.870466666666665
 30
0.0
  0
POINT
  5
8AE
330
8A2
100
AcDbEntity
  8
Defpoints
100
AcDbPoint
 10
-1.8333333333333333
 20
-16.870466666666665
 30
0.0
  0
POINT
  5
8AF
330
8A2
100
AcDbEntity
  8
Defpoints
100
AcDbPoint
 10
-1.8333333333333333
 20
12.462866666666667
 30
0.0
  0
ENDBLK
  5
8A4
330
8A2
100
AcDbEntity
  8
0
100
AcDbBlockEnd
  0
BLOCK
  5
8B1
330
8B0
100
AcDbEntity
  8
0
100
AcDbBlockBegin
  2
*D63
 70
1
 10
0.0
 20
0.0
 30
0.0
  3
*D63
  1

  0
LINE
  5
8B3
330
8B0
100
AcDbEntity
  8
0
 62
8
370
13
100
AcDbLine
 10
-1.8333333333333333
 20
12.325366666666666
 30
0.0
 11
-1.8333333333333333
 21
12.678144444444444
 31
0.0
  0
LINE
  5
8B4
330
8B0
100
AcDbEntity
  8
0
 62
8
370
13
100
AcDbLine
 10
1.8333333333333333
 20
12.325366666666666
 30
0.0
 11
1.8333333333333333
 21
12.678144444444444
 31
0.0
  0
INSERT
  5
8B5
330
8B0
100
AcDbEntity
  8
COTAS
 62
8
100
AcDbBlockReference
  2
_OBLIQUE
 10
-1.8333333333333333
 20
11.796199999999999
 30
0.0
 41
2.188633333333333
 42
2.188633333333333
  0
INSERT
  5
8B7
330
8B0
100
AcDbEntity
  8
COTAS
 62
8
100
AcDbBlockReference
  2
_OBLIQUE
 10
1.8333333333333333
 20
11.796199999999999
 30
0.0
 41
2.188633333333333
 42
2.188633333333333
  0
LINE
  5
8B9
330
8B0
100
AcDbEntity
  8
0
 62
8
370
15
100
AcDbLine
 10
-1.8333333333333333
 20
11.796199999999999
 30
0.0
 11
1.8333333333333333
 21
11.796199999999999
 31
0.0
  0
MTEXT
  5
8BA
330
8B0
100
AcDbEntity
  8
COTAS
 62
250
100
AcDbMText
 10
0.0
 20
13.310599999999999
 30
0.0
 40
1.8288
 71
5
  1
55
  7
ESTANDAR
  0
POINT
  5
8BB
330
8B0
100
AcDbEntity
  8
Defpoints
100
AcDbPoint
 10
-1.8333333333333333
 20
11.796199999999999
 30
0.0
  0
POINT
  5
8BC
330
8B0
100
AcDbEntity
  8
Defpoints
100
AcDbPoint
 10
-1.8333333333333333
 20
11.796199999999999
 30
0.0
  0
POINT
  5
8BD
330
8B0
100
AcDbEntity
  8
Defpoints
100
AcDbPoint
 10
1.8333333333333333
 20
11.796199999999999
 30
0.0
  0
ENDBLK
  5
8B2
330
8B0
100
AcDbEntity
  8
0
100
AcDbBlockEnd
  0
BLOCK
  5
8C1
330
8C0
100
AcDbEntity
  8
0
100
AcDbBlockBegin
  2
DET_11_detalle-4-1-estribo-14
 70
0
 10
0.0
 20
0.0
 30
0.0
  3
DET_11_detalle-4-1-estribo-14
  1

  0
HATCH
  5
8C3
330
8C0
100
AcDbEntity
  8
G-r_conc
 62
7
420
16118767
100
AcDbHatch
 10
0.0
 20
0.0
 30
0.0
210
0.0
220
0.0
230
1.0
  2
SOLID
 70
1
 71
0
 91
1
 92
3
 72
0
 73
1
 93
4
 10
-22.7
 20
-17.3
 10
17.3
 20
-17.3
 10
17.3
 20
22.7
 10
-22.7
 20
22.7
 97
0
 75
0
 76
1
 98
0
  0
LWPOLYLINE
  5
8C4
330
8C0
100
AcDbEntity
  8
G-r_conc
100
AcDbPolyline
 90
4
 70
1
 10
-22.7
 20
-17.3
 10
17.3
 20
-17.3
 10
17.3
 20
22.7
 10
-22.7
 20
22.7
  0
HATCH
  5
8C5
330
8C0
100
AcDbEntity
  8
G-r_col
 62
7
420
15326919
100
AcDbHatch
 10
0.0
 20
0.0
 30
0.0
210
0.0
220
0.0
230
1.0
  2
SOLID
 70
1
 71
0
 91
1
 92
1
 93
1
 72
2
 10
-16.900000000000002
 20
-11.5
 40
0.8
 50
0.0
 51
360.0
 73
1
 97
0
 75
0
 76
1
 98
0
  0
CIRCLE
  5
8C6
330
8C0
100
AcDbEntity
  8
G-r_col
100
AcDbCircle
 10
-16.900000000000002
 20
-11.5
 30
0.0
 40
0.8
  0
HATCH
  5
8C7
330
8C0
100
AcDbEntity
  8
G-r_col
 62
7
420
15326919
100
AcDbHatch
 10
0.0
 20
0.0
 30
0.0
210
0.0
220
0.0
230
1.0
  2
SOLID
 70
1
 71
0
 91
1
 92
1
 93
1
 72
2
 10
-16.900000000000002
 20
2.7
 40
0.8
 50
0.0
 51
360.0
 73
1
 97
0
 75
0
 76
1
 98
0
  0
CIRCLE
  5
8C8
330
8C0
100
AcDbEntity
  8
G-r_col
100
AcDbCircle
 10
-16.900000000000002
 20
2.7
 30
0.0
 40
0.8
  0
HATCH
  5
8C9
330
8C0
100
AcDbEntity
  8
G-r_col
 62
7
420
15326919
100
AcDbHatch
 10
0.0
 20
0.0
 30
0.0
210
0.0
220
0.0
230
1.0
  2
SOLID
 70
1
 71
0
 91
1
 92
1
 93
1
 72
2
 10
-16.900000000000002
 20
16.900000000000002
 40
0.8
 50
0.0
 51
360.0
 73
1
 97
0
 75
0
 76
1
 98
0
  0
CIRCLE
  5
8CA
330
8C0
100
AcDbEntity
  8
G-r_col
100
AcDbCircle
 10
-16.900000000000002
 20
16.900000000000002
 30
0.0
 40
0.8
  0
HATCH
  5
8CB
330
8C0
100
AcDbEntity
  8
G-r_col
 62
7
420
15326919
100
AcDbHatch
 10
0.0
 20
0.0
 30
0.0
210
0.0
220
0.0
230
1.0
  2
SOLID
 70
1
 71
0
 91
1
 92
1
 93
1
 72
2
 10
-2.7
 20
-11.5
 40
0.8
 50
0.0
 51
360.0
 73
1
 97
0
 75
0
 76
1
 98
0
  0
CIRCLE
  5
8CC
330
8C0
100
AcDbEntity
  8
G-r_col
100
AcDbCircle
 10
-2.7
 20
-11.5
 30
0.0
 40
0.8
  0
HATCH
  5
8CD
330
8C0
100
AcDbEntity
  8
G-r_col
 62
7
420
15326919
100
AcDbHatch
 10
0.0
 20
0.0
 30
0.0
210
0.0
220
0.0
230
1.0
  2
SOLID
 70
1
 71
0
 91
1
 92
1
 93
1
 72
2
 10
-2.7
 20
16.900000000000002
 40
0.8
 50
0.0
 51
360.0
 73
1
 97
0
 75
0
 76
1
 98
0
  0
CIRCLE
  5
8CE
330
8C0
100
AcDbEntity
  8
G-r_col
100
AcDbCircle
 10
-2.7
 20
16.900000000000002
 30
0.0
 40
0.8
  0
HATCH
  5
8CF
330
8C0
100
AcDbEntity
  8
G-r_col
 62
7
420
15326919
100
AcDbHatch
 10
0.0
 20
0.0
 30
0.0
210
0.0
220
0.0
230
1.0
  2
SOLID
 70
1
 71
0
 91
1
 92
1
 93
1
 72
2
 10
11.5
 20
-11.5
 40
0.8
 50
0.0
 51
360.0
 73
1
 97
0
 75
0
 76
1
 98
0
  0
CIRCLE
  5
8D0
330
8C0
100
AcDbEntity
  8
G-r_col
100
AcDbCircle
 10
11.5
 20
-11.5
 30
0.0
 40
0.8
  0
HATCH
  5
8D1
330
8C0
100
AcDbEntity
  8
G-r_col
 62
7
420
15326919
100
AcDbHatch
 10
0.0
 20
0.0
 30
0.0
210
0.0
220
0.0
230
1.0
  2
SOLID
 70
1
 71
0
 91
1
 92
1
 93
1
 72
2
 10
11.5
 20
2.7
 40
0.8
 50
0.0
 51
360.0
 73
1
 97
0
 75
0
 76
1
 98
0
  0
CIRCLE
  5
8D2
330
8C0
100
AcDbEntity
  8
G-r_col
100
AcDbCircle
 10
11.5
 20
2.7
 30
0.0
 40
0.8
  0
HATCH
  5
8D3
330
8C0
100
AcDbEntity
  8
G-r_col
 62
7
420
15326919
100
AcDbHatch
 10
0.0
 20
0.0
 30
0.0
210
0.0
220
0.0
230
1.0
  2
SOLID
 70
1
 71
0
 91
1
 92
1
 93
1
 72
2
 10
11.5
 20
16.900000000000002
 40
0.8
 50
0.0
 51
360.0
 73
1
 97
0
 75
0
 76
1
 98
0
  0
CIRCLE
  5
8D4
330
8C0
100
AcDbEntity
  8
G-r_col
100
AcDbCircle
 10
11.5
 20
16.900000000000002
 30
0.0
 40
0.8
  0
HATCH
  5
8D5
330
8C0
100
AcDbEntity
  8
G-r_new
 62
7
420
3444827
100
AcDbHatch
 10
0.0
 20
0.0
 30
0.0
210
0.0
220
0.0
230
1.0
  2
SOLID
 70
1
 71
0
 91
1
 92
3
 72
0
 73
1
 93
90
 10
-11.525988462982241
 20
-4.994617613083763
 10
-17.463340979976667
 20
-10.931970130078192
 10
-17.57794617658676
 20
-11.08455404867118
 10
-17.656198401031997
 20
-11.254296245244873
 10
-17.692662981445903
 20
-11.437616070423513
 10
-17.685324879309483
 20
-11.624383241482366
 10
-17.634589599315046
 20
-11.80427697481451
 10
-17.543260781112387
 20
-11.967356314076095
 10
-17.41638526973535
 20
-12.104609469016541
 10
-17.260974226141805
 20
-12.208451808442494
 10
-17.085615689342884
 20
-12.273144988145095
 10
-16.898984037291584
 20
-12.295234299825207
 10
11.499548545499643
 20
-12.3
 10
11.624808963541366
 20
-12.288012782604305
 10
11.746544716183138
 20
-12.258786614174383
 10
11.86220971967748
 20
-12.210876601035096
 10
11.968955917768223
 20
-12.145462446714145
 10
12.064154864788051
 20
-12.064154864788051
 10
12.145462446714145
 20
-11.968955917768223
 10
12.210876601035096
 20
-11.86220971967748
 10
12.258786614174383
 20
-11.746544716183138
 10
12.288012782604305
 20
-11.624808963541366
 10
12.297871099359398
 20
-11.499547172497106
 10
12.3
 20
16.89954854549964
 10
12.288012782604305
 20
17.024808963541364
 10
12.258786614174383
 20
17.14654471618314
 10
12.210876601035096
 20
17.262209719677482
 10
12.145462446714145
 20
17.368955917768226
 10
12.064154864788051
 20
17.464154864788053
 10
11.968955917768223
 20
17.545462446714147
 10
11.86220971967748
 20
17.6108766010351
 10
11.746544716183138
 20
17.658786614174385
 10
11.624808963541366
 20
17.688012782604304
 10
11.499547172497106
 20
17.6978710993594
 10
-16.89954854549964
 20
17.7
 10
-17.024808963541364
 20
17.688012782604304
 10
-17.14654471618314
 20
17.658786614174385
 10
-17.26220971967748
 20
17.6108766010351
 10
-17.368955917768222
 20
17.545462446714147
 10
-17.464154864788053
 20
17.46415486478805
 10
-17.545462446714147
 20
17.368955917768226
 10
-17.6108766010351
 20
17.262209719677482
 10
-17.658786614174385
 20
17.14654471618314
 10
-17.688012782604304
 20
17.024808963541364
 10
-17.70215786638681
 20
16.845078632990504
 10
-19.09784213361319
 20
16.954921367009497
 10
-19.075052239181108
 20
17.24449443157933
 10
-18.994382934711076
 20
17.580506266941708
 10
-18.862142971530005
 20
17.899761779541162
 10
-18.681588536410697
 20
18.1943998391092
 10
-18.45716547877159
 20
18.457165478771596
 10
-18.194399839109195
 20
18.681588536410697
 10
-17.899761779541162
 20
18.862142971530005
 10
-17.580506266941708
 20
18.994382934711076
 10
-17.24449443157933
 20
19.075052239181108
 10
-16.90045145450036
 20
19.1
 10
11.500452827502894
 20
19.1021289006406
 10
11.844494431579331
 20
19.075052239181108
 10
12.180506266941705
 20
18.994382934711076
 10
12.49976177954116
 20
18.862142971530005
 10
12.7943998391092
 20
18.681588536410697
 10
13.05716547877159
 20
18.457165478771593
 10
13.281588536410698
 20
18.1943998391092
 10
13.462142971530007
 20
17.899761779541162
 10
13.594382934711078
 20
17.580506266941708
 10
13.67505223918111
 20
17.24449443157933
 10
13.700000000000003
 20
16.90045145450036
 10
13.702128900640602
 20
-11.500452827502894
 10
13.67505223918111
 20
-11.844494431579331
 10
13.594382934711078
 20
-12.180506266941705
 10
13.462142971530007
 20
-12.49976177954116
 10
13.281588536410698
 20
-12.7943998391092
 10
13.05716547877159
 20
-13.05716547877159
 10
12.7943998391092
 20
-13.281588536410698
 10
12.49976177954116
 20
-13.462142971530007
 10
12.180506266941705
 20
-13.594382934711078
 10
11.844494431579331
 20
-13.67505223918111
 10
11.50045145450036
 20
-13.700000000000003
 10
-16.901015962708417
 20
-13.704765700174793
 10
-17.41472040222483
 20
-13.643964773047937
 10
-17.900997273076836
 20
-13.46456776412261
 10
-18.331958875255204
 20
-13.176608427783552
 10
-18.683790202012457
 20
-12.795999442801321
 10
-18.937048998218813
 20
-12.343773322280757
 10
-19.07774014247593
 20
-11.844920153638327
 10
-19.09808901975348
 20
-11.327006642392952
 10
-18.996971147853465
 20
-10.818652771630283
 10
-18.779974316475517
 20
-10.347950257180976
 10
-18.457979363582975
 20
-9.946709526362167
 10
-12.515937956643405
 20
-4.004668119422597
 97
0
 75
0
 76
1
 98
0
  0
LWPOLYLINE
  5
8D6
330
8C0
100
AcDbEntity
  8
G-r_new
100
AcDbPolyline
 90
90
 70
1
 10
-11.525988462982241
 20
-4.994617613083763
 10
-17.463340979976667
 20
-10.931970130078192
 10
-17.57794617658676
 20
-11.08455404867118
 10
-17.656198401031997
 20
-11.254296245244873
 10
-17.692662981445903
 20
-11.437616070423513
 10
-17.685324879309483
 20
-11.624383241482366
 10
-17.634589599315046
 20
-11.80427697481451
 10
-17.543260781112387
 20
-11.967356314076095
 10
-17.41638526973535
 20
-12.104609469016541
 10
-17.260974226141805
 20
-12.208451808442494
 10
-17.085615689342884
 20
-12.273144988145095
 10
-16.898984037291584
 20
-12.295234299825207
 10
11.499548545499643
 20
-12.3
 10
11.624808963541366
 20
-12.288012782604305
 10
11.746544716183138
 20
-12.258786614174383
 10
11.86220971967748
 20
-12.210876601035096
 10
11.968955917768223
 20
-12.145462446714145
 10
12.064154864788051
 20
-12.064154864788051
 10
12.145462446714145
 20
-11.968955917768223
 10
12.210876601035096
 20
-11.86220971967748
 10
12.258786614174383
 20
-11.746544716183138
 10
12.288012782604305
 20
-11.624808963541366
 10
12.297871099359398
 20
-11.499547172497106
 10
12.3
 20
16.89954854549964
 10
12.288012782604305
 20
17.024808963541364
 10
12.258786614174383
 20
17.14654471618314
 10
12.210876601035096
 20
17.262209719677482
 10
12.145462446714145
 20
17.368955917768226
 10
12.064154864788051
 20
17.464154864788053
 10
11.968955917768223
 20
17.545462446714147
 10
11.86220971967748
 20
17.6108766010351
 10
11.746544716183138
 20
17.658786614174385
 10
11.624808963541366
 20
17.688012782604304
 10
11.499547172497106
 20
17.6978710993594
 10
-16.89954854549964
 20
17.7
 10
-17.024808963541364
 20
17.688012782604304
 10
-17.14654471618314
 20
17.658786614174385
 10
-17.26220971967748
 20
17.6108766010351
 10
-17.368955917768222
 20
17.545462446714147
 10
-17.464154864788053
 20
17.46415486478805
 10
-17.545462446714147
 20
17.368955917768226
 10
-17.6108766010351
 20
17.262209719677482
 10
-17.658786614174385
 20
17.14654471618314
 10
-17.688012782604304
 20
17.024808963541364
 10
-17.70215786638681
 20
16.845078632990504
 10
-19.09784213361319
 20
16.954921367009497
 10
-19.075052239181108
 20
17.24449443157933
 10
-18.994382934711076
 20
17.580506266941708
 10
-18.862142971530005
 20
17.899761779541162
 10
-18.681588536410697
 20
18.1943998391092
 10
-18.45716547877159
 20
18.457165478771596
 10
-18.194399839109195
 20
18.681588536410697
 10
-17.899761779541162
 20
18.862142971530005
 10
-17.580506266941708
 20
18.994382934711076
 10
-17.24449443157933
 20
19.075052239181108
 10
-16.90045145450036
 20
19.1
 10
11.500452827502894
 20
19.1021289006406
 10
11.844494431579331
 20
19.075052239181108
 10
12.180506266941705
 20
18.994382934711076
 10
12.49976177954116
 20
18.862142971530005
 10
12.7943998391092
 20
18.681588536410697
 10
13.05716547877159
 20
18.457165478771593
 10
13.281588536410698
 20
18.1943998391092
 10
13.462142971530007
 20
17.899761779541162
 10
13.594382934711078
 20
17.580506266941708
 10
13.67505223918111
 20
17.24449443157933
 10
13.700000000000003
 20
16.90045145450036
 10
13.702128900640602
 20
-11.500452827502894
 10
13.67505223918111
 20
-11.844494431579331
 10
13.594382934711078
 20
-12.180506266941705
 10
13.462142971530007
 20
-12.49976177954116
 10
13.281588536410698
 20
-12.7943998391092
 10
13.05716547877159
 20
-13.05716547877159
 10
12.7943998391092
 20
-13.281588536410698
 10
12.49976177954116
 20
-13.462142971530007
 10
12.180506266941705
 20
-13.594382934711078
 10
11.844494431579331
 20
-13.67505223918111
 10
11.50045145450036
 20
-13.700000000000003
 10
-16.901015962708417
 20
-13.704765700174793
 10
-17.41472040222483
 20
-13.643964773047937
 10
-17.900997273076836
 20
-13.46456776412261
 10
-18.331958875255204
 20
-13.176608427783552
 10
-18.683790202012457
 20
-12.795999442801321
 10
-18.937048998218813
 20
-12.343773322280757
 10
-19.07774014247593
 20
-11.844920153638327
 10
-19.09808901975348
 20
-11.327006642392952
 10
-18.996971147853465
 20
-10.818652771630283
 10
-18.779974316475517
 20
-10.347950257180976
 10
-18.457979363582975
 20
-9.946709526362167
 10
-12.515937956643405
 20
-4.004668119422597
  0
HATCH
  5
8D7
330
8C0
100
AcDbEntity
  8
G-r_new
 62
7
420
3444827
100
AcDbHatch
 10
0.0
 20
0.0
 30
0.0
210
0.0
220
0.0
230
1.0
  2
SOLID
 70
1
 71
0
 91
1
 92
3
 72
0
 73
1
 93
26
 10
-17.7
 20
16.900000000000002
 10
-17.7
 20
-11.498990907338829
 10
-17.673144988145093
 20
-11.685615689342885
 10
-17.608451808442492
 20
-11.860974226141803
 10
-17.50460946901654
 20
-12.016385269735352
 10
-17.3673563140761
 20
-12.143260781112385
 10
-17.204276974814512
 20
-12.234589599315047
 10
-17.024383241482365
 20
-12.285324879309481
 10
-16.83761607042352
 20
-12.292662981445904
 10
-16.654296245244876
 20
-12.256198401031995
 10
-16.484554048671182
 20
-12.177946176586762
 10
-16.335130711611594
 20
-12.060150315805398
 10
-10.394617613083764
 20
-6.12598846298224
 10
-9.404668119422597
 20
-7.115937956643406
 10
-15.343548944828765
 20
-13.061170027754248
 10
-15.747950257180975
 20
-13.379974316475518
 10
-16.218652771630286
 20
-13.596971147853466
 10
-16.727006642392954
 20
-13.698089019753482
 10
-17.24492015363833
 20
-13.67774014247593
 10
-17.743773322280756
 20
-13.537048998218815
 10
-18.195999442801323
 20
-13.283790202012458
 10
-18.57660842778355
 20
-12.931958875255201
 10
-18.864567764122608
 20
-12.500997273076838
 10
-19.043964773047936
 20
-12.014720402224832
 10
-19.1
 20
-11.501009092661175
 10
-19.1
 20
16.900000000000002
 97
0
 75
0
 76
1
 98
0
  0
LWPOLYLINE
  5
8D8
330
8C0
100
AcDbEntity
  8
G-r_new
100
AcDbPolyline
 90
26
 70
1
 10
-17.7
 20
16.900000000000002
 10
-17.7
 20
-11.498990907338829
 10
-17.673144988145093
 20
-11.685615689342885
 10
-17.608451808442492
 20
-11.860974226141803
 10
-17.50460946901654
 20
-12.016385269735352
 10
-17.3673563140761
 20
-12.143260781112385
 10
-17.204276974814512
 20
-12.234589599315047
 10
-17.024383241482365
 20
-12.285324879309481
 10
-16.83761607042352
 20
-12.292662981445904
 10
-16.654296245244876
 20
-12.256198401031995
 10
-16.484554048671182
 20
-12.177946176586762
 10
-16.335130711611594
 20
-12.060150315805398
 10
-10.394617613083764
 20
-6.12598846298224
 10
-9.404668119422597
 20
-7.115937956643406
 10
-15.343548944828765
 20
-13.061170027754248
 10
-15.747950257180975
 20
-13.379974316475518
 10
-16.218652771630286
 20
-13.596971147853466
 10
-16.727006642392954
 20
-13.698089019753482
 10
-17.24492015363833
 20
-13.67774014247593
 10
-17.743773322280756
 20
-13.537048998218815
 10
-18.195999442801323
 20
-13.283790202012458
 10
-18.57660842778355
 20
-12.931958875255201
 10
-18.864567764122608
 20
-12.500997273076838
 10
-19.043964773047936
 20
-12.014720402224832
 10
-19.1
 20
-11.501009092661175
 10
-19.1
 20
16.900000000000002
  0
DIMENSION
  5
8D9
330
8C0
100
AcDbEntity
  8
COTAS
100
AcDbDimension
280
0
  2
*D64
  3
COTAS_PAPEL
 10
-19.1
 20
-22.700000000000003
 30
0.0
 11
-2.6999999999999993
 21
-21.185600000000004
 31
0.0
 70
32
 71
5
  1
328
100
AcDbAlignedDimension
 13
-19.1
 23
-13.700000000000003
 33
0.0
 14
13.700000000000003
 24
-13.700000000000003
 34
0.0
 50
0.0
100
AcDbRotatedDimension
  0
DIMENSION
  5
8DA
330
8C0
100
AcDbEntity
  8
COTAS
100
AcDbDimension
280
0
  2
*D65
  3
COTAS_PAPEL
 10
22.700000000000003
 20
-13.700000000000003
 30
0.0
 11
21.185600000000004
 21
2.6999999999999993
 31
0.0
 70
32
 71
5
  1
328
100
AcDbAlignedDimension
 13
13.700000000000003
 23
-13.700000000000003
 33
0.0
 14
13.700000000000003
 24
19.1
 34
0.0
 50
90.0
100
AcDbRotatedDimension
  0
ENDBLK
  5
8C2
330
8C0
100
AcDbEntity
  8
0
100
AcDbBlockEnd
  0
BLOCK
  5
8DC
330
8DB
100
AcDbEntity
  8
0
100
AcDbBlockBegin
  2
*D64
 70
1
 10
0.0
 20
0.0
 30
0.0
  3
*D64
  1

  0
LINE
  5
8DE
330
8DB
100
AcDbEntity
  8
0
 62
8
370
13
100
AcDbLine
 10
-19.1
 20
-14.22916666666667
 30
0.0
 11
-19.1
 21
-23.581944444444446
 31
0.0
  0
LINE
  5
8DF
330
8DB
100
AcDbEntity
  8
0
 62
8
370
13
100
AcDbLine
 10
13.700000000000003
 20
-14.22916666666667
 30
0.0
 11
13.700000000000003
 21
-23.581944444444446
 31
0.0
  0
INSERT
  5
8E0
330
8DB
100
AcDbEntity
  8
COTAS
 62
8
100
AcDbBlockReference
  2
_OBLIQUE
 10
-19.1
 20
-22.700000000000003
 30
0.0
 41
2.188633333333333
 42
2.188633333333333
  0
INSERT
  5
8E2
330
8DB
100
AcDbEntity
  8
COTAS
 62
8
100
AcDbBlockReference
  2
_OBLIQUE
 10
13.700000000000003
 20
-22.700000000000003
 30
0.0
 41
2.188633333333333
 42
2.188633333333333
  0
LINE
  5
8E4
330
8DB
100
AcDbEntity
  8
0
 62
8
370
15
100
AcDbLine
 10
-19.1
 20
-22.700000000000003
 30
0.0
 11
13.700000000000003
 21
-22.700000000000003
 31
0.0
  0
MTEXT
  5
8E5
330
8DB
100
AcDbEntity
  8
COTAS
 62
250
100
AcDbMText
 10
-2.6999999999999993
 20
-21.185600000000004
 30
0.0
 40
1.8288
 71
5
  1
328
  7
ESTANDAR
  0
POINT
  5
8E6
330
8DB
100
AcDbEntity
  8
Defpoints
100
AcDbPoint
 10
-19.1
 20
-22.700000000000003
 30
0.0
  0
POINT
  5
8E7
330
8DB
100
AcDbEntity
  8
Defpoints
100
AcDbPoint
 10
-19.1
 20
-13.700000000000003
 30
0.0
  0
POINT
  5
8E8
330
8DB
100
AcDbEntity
  8
Defpoints
100
AcDbPoint
 10
13.700000000000003
 20
-13.700000000000003
 30
0.0
  0
ENDBLK
  5
8DD
330
8DB
100
AcDbEntity
  8
0
100
AcDbBlockEnd
  0
BLOCK
  5
8EA
330
8E9
100
AcDbEntity
  8
0
100
AcDbBlockBegin
  2
*D65
 70
1
 10
0.0
 20
0.0
 30
0.0
  3
*D65
  1

  0
LINE
  5
8EC
330
8E9
100
AcDbEntity
  8
0
 62
8
370
13
100
AcDbLine
 10
14.22916666666667
 20
-13.700000000000003
 30
0.0
 11
23.581944444444446
 21
-13.700000000000003
 31
0.0
  0
LINE
  5
8ED
330
8E9
100
AcDbEntity
  8
0
 62
8
370
13
100
AcDbLine
 10
14.22916666666667
 20
19.1
 30
0.0
 11
23.581944444444446
 21
19.1
 31
0.0
  0
INSERT
  5
8EE
330
8E9
100
AcDbEntity
  8
COTAS
 62
8
100
AcDbBlockReference
  2
_OBLIQUE
 10
22.700000000000003
 20
-13.700000000000003
 30
0.0
 41
2.188633333333333
 42
2.188633333333333
 50
90.0
  0
INSERT
  5
8F0
330
8E9
100
AcDbEntity
  8
COTAS
 62
8
100
AcDbBlockReference
  2
_OBLIQUE
 10
22.700000000000003
 20
19.1
 30
0.0
 41
2.188633333333333
 42
2.188633333333333
 50
90.0
  0
LINE
  5
8F2
330
8E9
100
AcDbEntity
  8
0
 62
8
370
15
100
AcDbLine
 10
22.700000000000003
 20
-13.700000000000003
 30
0.0
 11
22.700000000000003
 21
19.1
 31
0.0
  0
MTEXT
  5
8F3
330
8E9
100
AcDbEntity
  8
COTAS
 62
250
100
AcDbMText
 10
21.185600000000004
 20
2.6999999999999993
 30
0.0
 40
1.8288
 71
5
  1
328
  7
ESTANDAR
 50
90.0
  0
POINT
  5
8F4
330
8E9
100
AcDbEntity
  8
Defpoints
100
AcDbPoint
 10
22.700000000000003
 20
-13.700000000000003
 30
0.0
  0
POINT
  5
8F5
330
8E9
100
AcDbEntity
  8
Defpoints
100
AcDbPoint
 10
13.700000000000003
 20
-13.700000000000003
 30
0.0
  0
POINT
  5
8F6
330
8E9
100
AcDbEntity
  8
Defpoints
100
AcDbPoint
 10
13.700000000000003
 20
19.1
 30
0.0
  0
ENDBLK
  5
8EB
330
8E9
100
AcDbEntity
  8
0
100
AcDbBlockEnd
  0
BLOCK
  5
8FA
330
8F9
100
AcDbEntity
  8
0
100
AcDbBlockBegin
  2
DET_12_detalle-4-2-estribo-del-nudo-10
 70
0
 10
0.0
 20
0.0
 30
0.0
  3
DET_12_detalle-4-2-estribo-del-nudo-10
  1

  0
HATCH
  5
8FC
330
8F9
100
AcDbEntity
  8
G-r_conc
 62
7
420
16118767
100
AcDbHatch
 10
0.0
 20
0.0
 30
0.0
210
0.0
220
0.0
230
1.0
  2
SOLID
 70
1
 71
0
 91
1
 92
3
 72
0
 73
1
 93
4
 10
-22.5
 20
-17.5
 10
17.5
 20
-17.5
 10
17.5
 20
22.5
 10
-22.5
 20
22.5
 97
0
 75
0
 76
1
 98
0
  0
LWPOLYLINE
  5
8FD
330
8F9
100
AcDbEntity
  8
G-r_conc
100
AcDbPolyline
 90
4
 70
1
 10
-22.5
 20
-17.5
 10
17.5
 20
-17.5
 10
17.5
 20
22.5
 10
-22.5
 20
22.5
  0
HATCH
  5
8FE
330
8F9
100
AcDbEntity
  8
G-r_col
 62
7
420
15326919
100
AcDbHatch
 10
0.0
 20
0.0
 30
0.0
210
0.0
220
0.0
230
1.0
  2
SOLID
 70
1
 71
0
 91
1
 92
1
 93
1
 72
2
 10
-16.700000000000003
 20
-11.700000000000001
 40
0.8
 50
0.0
 51
360.0
 73
1
 97
0
 75
0
 76
1
 98
0
  0
CIRCLE
  5
8FF
330
8F9
100
AcDbEntity
  8
G-r_col
100
AcDbCircle
 10
-16.700000000000003
 20
-11.700000000000001
 30
0.0
 40
0.8
  0
HATCH
  5
900
330
8F9
100
AcDbEntity
  8
G-r_col
 62
7
420
15326919
100
AcDbHatch
 10
0.0
 20
0.0
 30
0.0
210
0.0
220
0.0
230
1.0
  2
SOLID
 70
1
 71
0
 91
1
 92
1
 93
1
 72
2
 10
-16.700000000000003
 20
2.5
 40
0.8
 50
0.0
 51
360.0
 73
1
 97
0
 75
0
 76
1
 98
0
  0
CIRCLE
  5
901
330
8F9
100
AcDbEntity
  8
G-r_col
100
AcDbCircle
 10
-16.700000000000003
 20
2.5
 30
0.0
 40
0.8
  0
HATCH
  5
902
330
8F9
100
AcDbEntity
  8
G-r_col
 62
7
420
15326919
100
AcDbHatch
 10
0.0
 20
0.0
 30
0.0
210
0.0
220
0.0
230
1.0
  2
SOLID
 70
1
 71
0
 91
1
 92
1
 93
1
 72
2
 10
-16.700000000000003
 20
16.700000000000003
 40
0.8
 50
0.0
 51
360.0
 73
1
 97
0
 75
0
 76
1
 98
0
  0
CIRCLE
  5
903
330
8F9
100
AcDbEntity
  8
G-r_col
100
AcDbCircle
 10
-16.700000000000003
 20
16.700000000000003
 30
0.0
 40
0.8
  0
HATCH
  5
904
330
8F9
100
AcDbEntity
  8
G-r_col
 62
7
420
15326919
100
AcDbHatch
 10
0.0
 20
0.0
 30
0.0
210
0.0
220
0.0
230
1.0
  2
SOLID
 70
1
 71
0
 91
1
 92
1
 93
1
 72
2
 10
-2.5
 20
-11.700000000000001
 40
0.8
 50
0.0
 51
360.0
 73
1
 97
0
 75
0
 76
1
 98
0
  0
CIRCLE
  5
905
330
8F9
100
AcDbEntity
  8
G-r_col
100
AcDbCircle
 10
-2.5
 20
-11.700000000000001
 30
0.0
 40
0.8
  0
HATCH
  5
906
330
8F9
100
AcDbEntity
  8
G-r_col
 62
7
420
15326919
100
AcDbHatch
 10
0.0
 20
0.0
 30
0.0
210
0.0
220
0.0
230
1.0
  2
SOLID
 70
1
 71
0
 91
1
 92
1
 93
1
 72
2
 10
-2.5
 20
16.700000000000003
 40
0.8
 50
0.0
 51
360.0
 73
1
 97
0
 75
0
 76
1
 98
0
  0
CIRCLE
  5
907
330
8F9
100
AcDbEntity
  8
G-r_col
100
AcDbCircle
 10
-2.5
 20
16.700000000000003
 30
0.0
 40
0.8
  0
HATCH
  5
908
330
8F9
100
AcDbEntity
  8
G-r_col
 62
7
420
15326919
100
AcDbHatch
 10
0.0
 20
0.0
 30
0.0
210
0.0
220
0.0
230
1.0
  2
SOLID
 70
1
 71
0
 91
1
 92
1
 93
1
 72
2
 10
11.700000000000001
 20
-11.700000000000001
 40
0.8
 50
0.0
 51
360.0
 73
1
 97
0
 75
0
 76
1
 98
0
  0
CIRCLE
  5
909
330
8F9
100
AcDbEntity
  8
G-r_col
100
AcDbCircle
 10
11.700000000000001
 20
-11.700000000000001
 30
0.0
 40
0.8
  0
HATCH
  5
90A
330
8F9
100
AcDbEntity
  8
G-r_col
 62
7
420
15326919
100
AcDbHatch
 10
0.0
 20
0.0
 30
0.0
210
0.0
220
0.0
230
1.0
  2
SOLID
 70
1
 71
0
 91
1
 92
1
 93
1
 72
2
 10
11.700000000000001
 20
2.5
 40
0.8
 50
0.0
 51
360.0
 73
1
 97
0
 75
0
 76
1
 98
0
  0
CIRCLE
  5
90B
330
8F9
100
AcDbEntity
  8
G-r_col
100
AcDbCircle
 10
11.700000000000001
 20
2.5
 30
0.0
 40
0.8
  0
HATCH
  5
90C
330
8F9
100
AcDbEntity
  8
G-r_col
 62
7
420
15326919
100
AcDbHatch
 10
0.0
 20
0.0
 30
0.0
210
0.0
220
0.0
230
1.0
  2
SOLID
 70
1
 71
0
 91
1
 92
1
 93
1
 72
2
 10
11.700000000000001
 20
16.700000000000003
 40
0.8
 50
0.0
 51
360.0
 73
1
 97
0
 75
0
 76
1
 98
0
  0
CIRCLE
  5
90D
330
8F9
100
AcDbEntity
  8
G-r_col
100
AcDbCircle
 10
11.700000000000001
 20
16.700000000000003
 30
0.0
 40
0.8
  0
HATCH
  5
90E
330
8F9
100
AcDbEntity
  8
G-r_tieS
 62
7
420
9460135
100
AcDbHatch
 10
0.0
 20
0.0
 30
0.0
210
0.0
220
0.0
230
1.0
  2
SOLID
 70
1
 71
0
 91
1
 92
3
 72
0
 73
1
 93
90
 10
-11.962384566050131
 20
-5.8310137161516575
 10
-17.26405803274796
 20
-11.132687182849489
 10
-17.379136449414336
 20
-11.283824648544343
 10
-17.457526061604604
 20
-11.453864862174923
 10
-17.494054663028933
 20
-11.637506542707579
 10
-17.48670367735709
 20
-11.824601621639458
 10
-17.435879321227617
 20
-12.004811195122386
 10
-17.3443901566517
 20
-12.168176853435492
 10
-17.217291889429294
 20
-12.305670984291822
 10
-17.061607990041757
 20
-12.409695640130554
 10
-16.88594157555484
 20
-12.474502401908826
 10
-16.699370033510682
 20
-12.496584599100755
 10
11.69972022247495
 20
-12.5
 10
11.824905708824454
 20
-12.488623608281964
 10
11.946735824559376
 20
-12.459374785277738
 10
12.06249048542438
 20
-12.411427634839555
 10
12.169319427501293
 20
-12.345962774938664
 10
12.264592167691248
 20
-12.264592167691248
 10
12.345962774938664
 20
-12.169319427501293
 10
12.411427634839555
 20
-12.06249048542438
 10
12.459374785277738
 20
-11.946735824559372
 10
12.488623608281964
 20
-11.824905708824454
 10
12.498475986841738
 20
-11.69971936970569
 10
12.5
 20
16.69972022247495
 10
12.488623608281964
 20
16.824905708824453
 10
12.459374785277738
 20
16.946735824559372
 10
12.411427634839555
 20
17.06249048542438
 10
12.345962774938664
 20
17.169319427501293
 10
12.264592167691248
 20
17.264592167691248
 10
12.169319427501293
 20
17.345962774938663
 10
12.06249048542438
 20
17.411427634839555
 10
11.946735824559376
 20
17.45937478527774
 10
11.824905708824454
 20
17.488623608281962
 10
11.69971936970569
 20
17.49847598684174
 10
-16.69972022247495
 20
17.5
 10
-16.824905708824453
 20
17.488623608281962
 10
-16.946735824559372
 20
17.45937478527774
 10
-17.06249048542438
 20
17.411427634839555
 10
-17.169319427501293
 20
17.345962774938663
 10
-17.264592167691248
 20
17.264592167691248
 10
-17.345962774938663
 20
17.169319427501293
 10
-17.411427634839555
 20
17.06249048542438
 10
-17.45937478527774
 20
16.946735824559376
 10
-17.488623608281962
 20
16.824905708824453
 10
-17.50154133313344
 20
16.66077045213608
 10
-18.49845866686656
 20
16.73922954786392
 10
-18.479366077265396
 20
16.981823900280148
 10
-18.41337215708966
 20
17.256708360815495
 10
-18.305189328050204
 20
17.51788481389844
 10
-18.157481410436198
 20
17.75892222845914
 10
-17.973885463393774
 20
17.973885463393774
 10
-17.75892222845914
 20
18.157481410436198
 10
-17.51788481389844
 20
18.305189328050204
 10
-17.256708360815487
 20
18.41337215708966
 10
-16.981823900280148
 20
18.479366077265396
 10
-16.700279777525054
 20
18.5
 10
11.70028063029431
 20
18.501524013158264
 10
11.981823900280146
 20
18.479366077265396
 10
12.256708360815493
 20
18.41337215708966
 10
12.517884813898442
 20
18.305189328050204
 10
12.75892222845914
 20
18.157481410436198
 10
12.973885463393774
 20
17.973885463393774
 10
13.157481410436198
 20
17.75892222845914
 10
13.305189328050204
 20
17.51788481389844
 10
13.413372157089663
 20
17.256708360815487
 10
13.479366077265396
 20
16.981823900280148
 10
13.5
 20
16.700279777525054
 10
13.501524013158264
 20
-11.70028063029431
 10
13.479366077265396
 20
-11.981823900280146
 10
13.413372157089663
 20
-12.25670836081549
 10
13.305189328050204
 20
-12.517884813898442
 10
13.157481410436198
 20
-12.75892222845914
 10
12.973885463393774
 20
-12.973885463393774
 10
12.75892222845914
 20
-13.157481410436198
 10
12.517884813898442
 20
-13.305189328050204
 10
12.256708360815493
 20
-13.413372157089663
 10
11.981823900280146
 20
-13.479366077265396
 10
11.700279777525052
 20
-13.5
 10
-16.70062996648932
 20
-13.503415400899247
 10
-17.121016370470514
 20
-13.453659391125138
 10
-17.518767309281067
 20
-13.306921322759207
 10
-17.871273036229184
 20
-13.07138452626826
 10
-18.15905402872317
 20
-12.76006480252494
 10
-18.366207463301734
 20
-12.390165729026847
 10
-18.48128600819027
 20
-11.982127987465143
 10
-18.4979304046772
 20
-11.558499808400027
 10
-18.415220880762796
 20
-11.142690952450213
 10
-18.237727977906303
 20
-10.75767908319419
 10
-17.974419598337057
 20
-10.428835186065491
 10
-12.66949134723668
 20
-5.12390693496511
 97
0
 75
0
 76
1
 98
0
  0
LWPOLYLINE
  5
90F
330
8F9
100
AcDbEntity
  8
G-r_tieS
100
AcDbPolyline
 90
90
 70
1
 10
-11.962384566050131
 20
-5.8310137161516575
 10
-17.26405803274796
 20
-11.132687182849489
 10
-17.379136449414336
 20
-11.283824648544343
 10
-17.457526061604604
 20
-11.453864862174923
 10
-17.494054663028933
 20
-11.637506542707579
 10
-17.48670367735709
 20
-11.824601621639458
 10
-17.435879321227617
 20
-12.004811195122386
 10
-17.3443901566517
 20
-12.168176853435492
 10
-17.217291889429294
 20
-12.305670984291822
 10
-17.061607990041757
 20
-12.409695640130554
 10
-16.88594157555484
 20
-12.474502401908826
 10
-16.699370033510682
 20
-12.496584599100755
 10
11.69972022247495
 20
-12.5
 10
11.824905708824454
 20
-12.488623608281964
 10
11.946735824559376
 20
-12.459374785277738
 10
12.06249048542438
 20
-12.411427634839555
 10
12.169319427501293
 20
-12.345962774938664
 10
12.264592167691248
 20
-12.264592167691248
 10
12.345962774938664
 20
-12.169319427501293
 10
12.411427634839555
 20
-12.06249048542438
 10
12.459374785277738
 20
-11.946735824559372
 10
12.488623608281964
 20
-11.824905708824454
 10
12.498475986841738
 20
-11.69971936970569
 10
12.5
 20
16.69972022247495
 10
12.488623608281964
 20
16.824905708824453
 10
12.459374785277738
 20
16.946735824559372
 10
12.411427634839555
 20
17.06249048542438
 10
12.345962774938664
 20
17.169319427501293
 10
12.264592167691248
 20
17.264592167691248
 10
12.169319427501293
 20
17.345962774938663
 10
12.06249048542438
 20
17.411427634839555
 10
11.946735824559376
 20
17.45937478527774
 10
11.824905708824454
 20
17.488623608281962
 10
11.69971936970569
 20
17.49847598684174
 10
-16.69972022247495
 20
17.5
 10
-16.824905708824453
 20
17.488623608281962
 10
-16.946735824559372
 20
17.45937478527774
 10
-17.06249048542438
 20
17.411427634839555
 10
-17.169319427501293
 20
17.345962774938663
 10
-17.264592167691248
 20
17.264592167691248
 10
-17.345962774938663
 20
17.169319427501293
 10
-17.411427634839555
 20
17.06249048542438
 10
-17.45937478527774
 20
16.946735824559376
 10
-17.488623608281962
 20
16.824905708824453
 10
-17.50154133313344
 20
16.66077045213608
 10
-18.49845866686656
 20
16.73922954786392
 10
-18.479366077265396
 20
16.981823900280148
 10
-18.41337215708966
 20
17.256708360815495
 10
-18.305189328050204
 20
17.51788481389844
 10
-18.157481410436198
 20
17.75892222845914
 10
-17.973885463393774
 20
17.973885463393774
 10
-17.75892222845914
 20
18.157481410436198
 10
-17.51788481389844
 20
18.305189328050204
 10
-17.256708360815487
 20
18.41337215708966
 10
-16.981823900280148
 20
18.479366077265396
 10
-16.700279777525054
 20
18.5
 10
11.70028063029431
 20
18.501524013158264
 10
11.981823900280146
 20
18.479366077265396
 10
12.256708360815493
 20
18.41337215708966
 10
12.517884813898442
 20
18.305189328050204
 10
12.75892222845914
 20
18.157481410436198
 10
12.973885463393774
 20
17.973885463393774
 10
13.157481410436198
 20
17.75892222845914
 10
13.305189328050204
 20
17.51788481389844
 10
13.413372157089663
 20
17.256708360815487
 10
13.479366077265396
 20
16.981823900280148
 10
13.5
 20
16.700279777525054
 10
13.501524013158264
 20
-11.70028063029431
 10
13.479366077265396
 20
-11.981823900280146
 10
13.413372157089663
 20
-12.25670836081549
 10
13.305189328050204
 20
-12.517884813898442
 10
13.157481410436198
 20
-12.75892222845914
 10
12.973885463393774
 20
-12.973885463393774
 10
12.75892222845914
 20
-13.157481410436198
 10
12.517884813898442
 20
-13.305189328050204
 10
12.256708360815493
 20
-13.413372157089663
 10
11.981823900280146
 20
-13.479366077265396
 10
11.700279777525052
 20
-13.5
 10
-16.70062996648932
 20
-13.503415400899247
 10
-17.121016370470514
 20
-13.453659391125138
 10
-17.518767309281067
 20
-13.306921322759207
 10
-17.871273036229184
 20
-13.07138452626826
 10
-18.15905402872317
 20
-12.76006480252494
 10
-18.366207463301734
 20
-12.390165729026847
 10
-18.48128600819027
 20
-11.982127987465143
 10
-18.4979304046772
 20
-11.558499808400027
 10
-18.415220880762796
 20
-11.142690952450213
 10
-18.237727977906303
 20
-10.75767908319419
 10
-17.974419598337057
 20
-10.428835186065491
 10
-12.66949134723668
 20
-5.12390693496511
  0
HATCH
  5
910
330
8F9
100
AcDbEntity
  8
G-r_tieS
 62
7
420
9460135
100
AcDbHatch
 10
0.0
 20
0.0
 30
0.0
210
0.0
220
0.0
230
1.0
  2
SOLID
 70
1
 71
0
 91
1
 92
3
 72
0
 73
1
 93
26
 10
-17.5
 20
16.700000000000003
 10
-17.5
 20
-11.69937430749219
 10
-17.474502401908822
 20
-11.885941575554838
 10
-17.40969564013055
 20
-12.061607990041757
 10
-17.305670984291822
 20
-12.21729188942929
 10
-17.16817685343549
 20
-12.344390156651693
 10
-17.004811195122386
 20
-12.435879321227617
 10
-16.82460162163946
 20
-12.486703677357092
 10
-16.637506542707577
 20
-12.494054663028933
 10
-16.453864862174925
 20
-12.457526061604604
 10
-16.283824648544343
 20
-12.379136449414336
 10
-16.134950638730764
 20
-12.261773643315511
 10
-10.831013716151658
 20
-6.962384566050131
 10
-10.12390693496511
 20
-7.669491347236679
 10
-15.426571730184216
 20
-12.976703987769511
 10
-15.75767908319419
 20
-13.237727977906303
 10
-16.142690952450216
 20
-13.415220880762798
 10
-16.55849980840003
 20
-13.4979304046772
 10
-16.98212798746514
 20
-13.48128600819027
 10
-17.39016572902685
 20
-13.366207463301732
 10
-17.76006480252494
 20
-13.159054028723169
 10
-18.07138452626826
 20
-12.871273036229187
 10
-18.30692132275921
 20
-12.518767309281067
 10
-18.453659391125136
 20
-12.121016370470514
 10
-18.5
 20
-11.700625692507812
 10
-18.5
 20
16.700000000000003
 97
0
 75
0
 76
1
 98
0
  0
LWPOLYLINE
  5
911
330
8F9
100
AcDbEntity
  8
G-r_tieS
100
AcDbPolyline
 90
26
 70
1
 10
-17.5
 20
16.700000000000003
 10
-17.5
 20
-11.69937430749219
 10
-17.474502401908822
 20
-11.885941575554838
 10
-17.40969564013055
 20
-12.061607990041757
 10
-17.305670984291822
 20
-12.21729188942929
 10
-17.16817685343549
 20
-12.344390156651693
 10
-17.004811195122386
 20
-12.435879321227617
 10
-16.82460162163946
 20
-12.486703677357092
 10
-16.637506542707577
 20
-12.494054663028933
 10
-16.453864862174925
 20
-12.457526061604604
 10
-16.283824648544343
 20
-12.379136449414336
 10
-16.134950638730764
 20
-12.261773643315511
 10
-10.831013716151658
 20
-6.962384566050131
 10
-10.12390693496511
 20
-7.669491347236679
 10
-15.426571730184216
 20
-12.976703987769511
 10
-15.75767908319419
 20
-13.237727977906303
 10
-16.142690952450216
 20
-13.415220880762798
 10
-16.55849980840003
 20
-13.4979304046772
 10
-16.98212798746514
 20
-13.48128600819027
 10
-17.39016572902685
 20
-13.366207463301732
 10
-17.76006480252494
 20
-13.159054028723169
 10
-18.07138452626826
 20
-12.871273036229187
 10
-18.30692132275921
 20
-12.518767309281067
 10
-18.453659391125136
 20
-12.121016370470514
 10
-18.5
 20
-11.700625692507812
 10
-18.5
 20
16.700000000000003
  0
DIMENSION
  5
912
330
8F9
100
AcDbEntity
  8
COTAS
100
AcDbDimension
280
0
  2
*D66
  3
COTAS_PAPEL
 10
-18.5
 20
-22.5
 30
0.0
 11
-2.5
 21
-20.9856
 31
0.0
 70
32
 71
5
  1
320
100
AcDbAlignedDimension
 13
-18.5
 23
-13.5
 33
0.0
 14
13.5
 24
-13.5
 34
0.0
 50
0.0
100
AcDbRotatedDimension
  0
DIMENSION
  5
913
330
8F9
100
AcDbEntity
  8
COTAS
100
AcDbDimension
280
0
  2
*D67
  3
COTAS_PAPEL
 10
22.5
 20
-13.5
 30
0.0
 11
20.9856
 21
2.5
 31
0.0
 70
32
 71
5
  1
320
100
AcDbAlignedDimension
 13
13.5
 23
-13.5
 33
0.0
 14
13.5
 24
18.5
 34
0.0
 50
90.0
100
AcDbRotatedDimension
  0
ENDBLK
  5
8FB
330
8F9
100
AcDbEntity
  8
0
100
AcDbBlockEnd
  0
BLOCK
  5
915
330
914
100
AcDbEntity
  8
0
100
AcDbBlockBegin
  2
*D66
 70
1
 10
0.0
 20
0.0
 30
0.0
  3
*D66
  1

  0
LINE
  5
917
330
914
100
AcDbEntity
  8
0
 62
8
370
13
100
AcDbLine
 10
-18.5
 20
-14.029166666666667
 30
0.0
 11
-18.5
 21
-23.381944444444443
 31
0.0
  0
LINE
  5
918
330
914
100
AcDbEntity
  8
0
 62
8
370
13
100
AcDbLine
 10
13.5
 20
-14.029166666666667
 30
0.0
 11
13.5
 21
-23.381944444444443
 31
0.0
  0
INSERT
  5
919
330
914
100
AcDbEntity
  8
COTAS
 62
8
100
AcDbBlockReference
  2
_OBLIQUE
 10
-18.5
 20
-22.5
 30
0.0
 41
2.188633333333333
 42
2.188633333333333
  0
INSERT
  5
91B
330
914
100
AcDbEntity
  8
COTAS
 62
8
100
AcDbBlockReference
  2
_OBLIQUE
 10
13.5
 20
-22.5
 30
0.0
 41
2.188633333333333
 42
2.188633333333333
  0
LINE
  5
91D
330
914
100
AcDbEntity
  8
0
 62
8
370
15
100
AcDbLine
 10
-18.5
 20
-22.5
 30
0.0
 11
13.5
 21
-22.5
 31
0.0
  0
MTEXT
  5
91E
330
914
100
AcDbEntity
  8
COTAS
 62
250
100
AcDbMText
 10
-2.5
 20
-20.9856
 30
0.0
 40
1.8288
 71
5
  1
320
  7
ESTANDAR
  0
POINT
  5
91F
330
914
100
AcDbEntity
  8
Defpoints
100
AcDbPoint
 10
-18.5
 20
-22.5
 30
0.0
  0
POINT
  5
920
330
914
100
AcDbEntity
  8
Defpoints
100
AcDbPoint
 10
-18.5
 20
-13.5
 30
0.0
  0
POINT
  5
921
330
914
100
AcDbEntity
  8
Defpoints
100
AcDbPoint
 10
13.5
 20
-13.5
 30
0.0
  0
ENDBLK
  5
916
330
914
100
AcDbEntity
  8
0
100
AcDbBlockEnd
  0
BLOCK
  5
923
330
922
100
AcDbEntity
  8
0
100
AcDbBlockBegin
  2
*D67
 70
1
 10
0.0
 20
0.0
 30
0.0
  3
*D67
  1

  0
LINE
  5
925
330
922
100
AcDbEntity
  8
0
 62
8
370
13
100
AcDbLine
 10
14.029166666666667
 20
-13.5
 30
0.0
 11
23.381944444444443
 21
-13.5
 31
0.0
  0
LINE
  5
926
330
922
100
AcDbEntity
  8
0
 62
8
370
13
100
AcDbLine
 10
14.029166666666667
 20
18.5
 30
0.0
 11
23.381944444444443
 21
18.5
 31
0.0
  0
INSERT
  5
927
330
922
100
AcDbEntity
  8
COTAS
 62
8
100
AcDbBlockReference
  2
_OBLIQUE
 10
22.5
 20
-13.5
 30
0.0
 41
2.188633333333333
 42
2.188633333333333
 50
90.0
  0
INSERT
  5
929
330
922
100
AcDbEntity
  8
COTAS
 62
8
100
AcDbBlockReference
  2
_OBLIQUE
 10
22.5
 20
18.5
 30
0.0
 41
2.188633333333333
 42
2.188633333333333
 50
90.0
  0
LINE
  5
92B
330
922
100
AcDbEntity
  8
0
 62
8
370
15
100
AcDbLine
 10
22.5
 20
-13.5
 30
0.0
 11
22.5
 21
18.5
 31
0.0
  0
MTEXT
  5
92C
330
922
100
AcDbEntity
  8
COTAS
 62
250
100
AcDbMText
 10
20.9856
 20
2.5
 30
0.0
 40
1.8288
 71
5
  1
320
  7
ESTANDAR
 50
90.0
  0
POINT
  5
92D
330
922
100
AcDbEntity
  8
Defpoints
100
AcDbPoint
 10
22.5
 20
-13.5
 30
0.0
  0
POINT
  5
92E
330
922
100
AcDbEntity
  8
Defpoints
100
AcDbPoint
 10
13.5
 20
-13.5
 30
0.0
  0
POINT
  5
92F
330
922
100
AcDbEntity
  8
Defpoints
100
AcDbPoint
 10
13.5
 20
18.5
 30
0.0
  0
ENDBLK
  5
924
330
922
100
AcDbEntity
  8
0
100
AcDbBlockEnd
  0
BLOCK
  5
933
330
932
100
AcDbEntity
  8
0
100
AcDbBlockBegin
  2
DET_13_detalle-4-3-opcion-10-en-4-piezas
 70
0
 10
0.0
 20
0.0
 30
0.0
  3
DET_13_detalle-4-3-opcion-10-en-4-piezas
  1

  0
HATCH
  5
939
330
932
100
AcDbEntity
  8
G-r_conc
 62
7
420
16118767
100
AcDbHatch
 10
0.0
 20
0.0
 30
0.0
210
0.0
220
0.0
230
1.0
  2
SOLID
 70
1
 71
0
 91
1
 92
3
 72
0
 73
1
 93
4
 10
-20.0
 20
-17.0
 10
20.0
 20
-17.0
 10
20.0
 20
23.0
 10
-20.0
 20
23.0
 97
0
 75
0
 76
1
 98
0
  0
LWPOLYLINE
  5
93A
330
932
100
AcDbEntity
  8
G-r_conc
100
AcDbPolyline
 90
4
 70
1
 10
-20.0
 20
-17.0
 10
20.0
 20
-17.0
 10
20.0
 20
23.0
 10
-20.0
 20
23.0
  0
HATCH
  5
93B
330
932
100
AcDbEntity
  8
G-r_col
 62
7
420
15326919
100
AcDbHatch
 10
0.0
 20
0.0
 30
0.0
210
0.0
220
0.0
230
1.0
  2
SOLID
 70
1
 71
0
 91
1
 92
1
 93
1
 72
2
 10
-14.200000000000001
 20
-11.200000000000001
 40
0.8
 50
0.0
 51
360.0
 73
1
 97
0
 75
0
 76
1
 98
0
  0
CIRCLE
  5
93C
330
932
100
AcDbEntity
  8
G-r_col
100
AcDbCircle
 10
-14.200000000000001
 20
-11.200000000000001
 30
0.0
 40
0.8
  0
HATCH
  5
93D
330
932
100
AcDbEntity
  8
G-r_col
 62
7
420
15326919
100
AcDbHatch
 10
0.0
 20
0.0
 30
0.0
210
0.0
220
0.0
230
1.0
  2
SOLID
 70
1
 71
0
 91
1
 92
1
 93
1
 72
2
 10
-14.200000000000001
 20
3.0
 40
0.8
 50
0.0
 51
360.0
 73
1
 97
0
 75
0
 76
1
 98
0
  0
CIRCLE
  5
93E
330
932
100
AcDbEntity
  8
G-r_col
100
AcDbCircle
 10
-14.200000000000001
 20
3.0
 30
0.0
 40
0.8
  0
HATCH
  5
93F
330
932
100
AcDbEntity
  8
G-r_col
 62
7
420
15326919
100
AcDbHatch
 10
0.0
 20
0.0
 30
0.0
210
0.0
220
0.0
230
1.0
  2
SOLID
 70
1
 71
0
 91
1
 92
1
 93
1
 72
2
 10
-14.200000000000001
 20
17.200000000000003
 40
0.8
 50
0.0
 51
360.0
 73
1
 97
0
 75
0
 76
1
 98
0
  0
CIRCLE
  5
940
330
932
100
AcDbEntity
  8
G-r_col
100
AcDbCircle
 10
-14.200000000000001
 20
17.200000000000003
 30
0.0
 40
0.8
  0
HATCH
  5
941
330
932
100
AcDbEntity
  8
G-r_col
 62
7
420
15326919
100
AcDbHatch
 10
0.0
 20
0.0
 30
0.0
210
0.0
220
0.0
230
1.0
  2
SOLID
 70
1
 71
0
 91
1
 92
1
 93
1
 72
2
 10
0.0
 20
-11.200000000000001
 40
0.8
 50
0.0
 51
360.0
 73
1
 97
0
 75
0
 76
1
 98
0
  0
CIRCLE
  5
942
330
932
100
AcDbEntity
  8
G-r_col
100
AcDbCircle
 10
0.0
 20
-11.200000000000001
 30
0.0
 40
0.8
  0
HATCH
  5
943
330
932
100
AcDbEntity
  8
G-r_col
 62
7
420
15326919
100
AcDbHatch
 10
0.0
 20
0.0
 30
0.0
210
0.0
220
0.0
230
1.0
  2
SOLID
 70
1
 71
0
 91
1
 92
1
 93
1
 72
2
 10
0.0
 20
17.200000000000003
 40
0.8
 50
0.0
 51
360.0
 73
1
 97
0
 75
0
 76
1
 98
0
  0
CIRCLE
  5
944
330
932
100
AcDbEntity
  8
G-r_col
100
AcDbCircle
 10
0.0
 20
17.200000000000003
 30
0.0
 40
0.8
  0
HATCH
  5
945
330
932
100
AcDbEntity
  8
G-r_col
 62
7
420
15326919
100
AcDbHatch
 10
0.0
 20
0.0
 30
0.0
210
0.0
220
0.0
230
1.0
  2
SOLID
 70
1
 71
0
 91
1
 92
1
 93
1
 72
2
 10
14.200000000000001
 20
-11.200000000000001
 40
0.8
 50
0.0
 51
360.0
 73
1
 97
0
 75
0
 76
1
 98
0
  0
CIRCLE
  5
946
330
932
100
AcDbEntity
  8
G-r_col
100
AcDbCircle
 10
14.200000000000001
 20
-11.200000000000001
 30
0.0
 40
0.8
  0
HATCH
  5
947
330
932
100
AcDbEntity
  8
G-r_col
 62
7
420
15326919
100
AcDbHatch
 10
0.0
 20
0.0
 30
0.0
210
0.0
220
0.0
230
1.0
  2
SOLID
 70
1
 71
0
 91
1
 92
1
 93
1
 72
2
 10
14.200000000000001
 20
3.0
 40
0.8
 50
0.0
 51
360.0
 73
1
 97
0
 75
0
 76
1
 98
0
  0
CIRCLE
  5
948
330
932
100
AcDbEntity
  8
G-r_col
100
AcDbCircle
 10
14.200000000000001
 20
3.0
 30
0.0
 40
0.8
  0
HATCH
  5
949
330
932
100
AcDbEntity
  8
G-r_col
 62
7
420
15326919
100
AcDbHatch
 10
0.0
 20
0.0
 30
0.0
210
0.0
220
0.0
230
1.0
  2
SOLID
 70
1
 71
0
 91
1
 92
1
 93
1
 72
2
 10
14.200000000000001
 20
17.200000000000003
 40
0.8
 50
0.0
 51
360.0
 73
1
 97
0
 75
0
 76
1
 98
0
  0
CIRCLE
  5
94A
330
932
100
AcDbEntity
  8
G-r_col
100
AcDbCircle
 10
14.200000000000001
 20
17.200000000000003
 30
0.0
 40
0.8
  0
HATCH
  5
94B
330
932
100
AcDbEntity
  8
G-r_t1
 62
7
420
10049461
100
AcDbHatch
 10
0.0
 20
0.0
 30
0.0
210
0.0
220
0.0
230
1.0
  2
SOLID
 70
1
 71
0
 91
1
 92
3
 72
0
 73
1
 93
48
 10
-9.462384566050131
 20
-5.3310137161516575
 10
-14.764058032747963
 20
-10.632687182849489
 10
-14.879136449414336
 20
-10.783824648544343
 10
-14.957526061604604
 20
-10.953864862174923
 10
-14.994054663028933
 20
-11.137506542707579
 10
-14.986703677357092
 20
-11.324601621639458
 10
-14.935879321227615
 20
-11.504811195122386
 10
-14.844390156651697
 20
-11.668176853435492
 10
-14.717291889429294
 20
-11.805670984291822
 10
-14.561607990041757
 20
-11.909695640130554
 10
-14.385941575554838
 20
-11.974502401908826
 10
-14.199370033510682
 20
-11.996584599100755
 10
14.19937430749219
 20
-12.0
 10
14.385941575554838
 20
-11.974502401908822
 10
14.561607990041757
 20
-11.90969564013055
 10
14.71729188942929
 20
-11.805670984291822
 10
14.844390156651693
 20
-11.668176853435492
 10
14.935879321227617
 20
-11.504811195122384
 10
14.986703677357092
 20
-11.324601621639458
 10
14.994054663028933
 20
-11.137506542707579
 10
14.957526061604604
 20
-10.953864862174925
 10
14.879136449414336
 20
-10.783824648544343
 10
14.761773643315511
 20
-10.634950638730764
 10
9.462384566050131
 20
-5.3310137161516575
 10
10.16949134723668
 20
-4.62390693496511
 10
15.476703987769511
 20
-9.926571730184216
 10
15.737727977906303
 20
-10.25767908319419
 10
15.915220880762798
 20
-10.642690952450216
 10
15.9979304046772
 20
-11.058499808400027
 10
15.98128600819027
 20
-11.482127987465143
 10
15.866207463301732
 20
-11.890165729026851
 10
15.659054028723169
 20
-12.26006480252494
 10
15.371273036229187
 20
-12.57138452626826
 10
15.018767309281067
 20
-12.806921322759209
 10
14.621016370470514
 20
-12.953659391125136
 10
14.200625692507812
 20
-13.0
 10
-14.20062996648932
 20
-13.003415400899247
 10
-14.621016370470514
 20
-12.953659391125138
 10
-15.018767309281067
 20
-12.806921322759207
 10
-15.371273036229184
 20
-12.57138452626826
 10
-15.65905402872317
 20
-12.26006480252494
 10
-15.866207463301734
 20
-11.890165729026847
 10
-15.98128600819027
 20
-11.482127987465143
 10
-15.9979304046772
 20
-11.058499808400027
 10
-15.915220880762798
 20
-10.642690952450213
 10
-15.737727977906303
 20
-10.25767908319419
 10
-15.47441959833706
 20
-9.928835186065491
 10
-10.16949134723668
 20
-4.62390693496511
 97
0
 75
0
 76
1
 98
0
  0
LWPOLYLINE
  5
94C
330
932
100
AcDbEntity
  8
G-r_t1
100
AcDbPolyline
 90
48
 70
1
 10
-9.462384566050131
 20
-5.3310137161516575
 10
-14.764058032747963
 20
-10.632687182849489
 10
-14.879136449414336
 20
-10.783824648544343
 10
-14.957526061604604
 20
-10.953864862174923
 10
-14.994054663028933
 20
-11.137506542707579
 10
-14.986703677357092
 20
-11.324601621639458
 10
-14.935879321227615
 20
-11.504811195122386
 10
-14.844390156651697
 20
-11.668176853435492
 10
-14.717291889429294
 20
-11.805670984291822
 10
-14.561607990041757
 20
-11.909695640130554
 10
-14.385941575554838
 20
-11.974502401908826
 10
-14.199370033510682
 20
-11.996584599100755
 10
14.19937430749219
 20
-12.0
 10
14.385941575554838
 20
-11.974502401908822
 10
14.561607990041757
 20
-11.90969564013055
 10
14.71729188942929
 20
-11.805670984291822
 10
14.844390156651693
 20
-11.668176853435492
 10
14.935879321227617
 20
-11.504811195122384
 10
14.986703677357092
 20
-11.324601621639458
 10
14.994054663028933
 20
-11.137506542707579
 10
14.957526061604604
 20
-10.953864862174925
 10
14.879136449414336
 20
-10.783824648544343
 10
14.761773643315511
 20
-10.634950638730764
 10
9.462384566050131
 20
-5.3310137161516575
 10
10.16949134723668
 20
-4.62390693496511
 10
15.476703987769511
 20
-9.926571730184216
 10
15.737727977906303
 20
-10.25767908319419
 10
15.915220880762798
 20
-10.642690952450216
 10
15.9979304046772
 20
-11.058499808400027
 10
15.98128600819027
 20
-11.482127987465143
 10
15.866207463301732
 20
-11.890165729026851
 10
15.659054028723169
 20
-12.26006480252494
 10
15.371273036229187
 20
-12.57138452626826
 10
15.018767309281067
 20
-12.806921322759209
 10
14.621016370470514
 20
-12.953659391125136
 10
14.200625692507812
 20
-13.0
 10
-14.20062996648932
 20
-13.003415400899247
 10
-14.621016370470514
 20
-12.953659391125138
 10
-15.018767309281067
 20
-12.806921322759207
 10
-15.371273036229184
 20
-12.57138452626826
 10
-15.65905402872317
 20
-12.26006480252494
 10
-15.866207463301734
 20
-11.890165729026847
 10
-15.98128600819027
 20
-11.482127987465143
 10
-15.9979304046772
 20
-11.058499808400027
 10
-15.915220880762798
 20
-10.642690952450213
 10
-15.737727977906303
 20
-10.25767908319419
 10
-15.47441959833706
 20
-9.928835186065491
 10
-10.16949134723668
 20
-4.62390693496511
  0
HATCH
  5
94D
330
932
100
AcDbEntity
  8
G-r_t2
 62
7
420
4428487
100
AcDbHatch
 10
0.0
 20
0.0
 30
0.0
210
0.0
220
0.0
230
1.0
  2
SOLID
 70
1
 71
0
 91
1
 92
3
 72
0
 73
1
 93
48
 10
8.331013716151658
 20
-6.462384566050131
 10
13.632687182849489
 20
-11.764058032747963
 10
13.783824648544343
 20
-11.879136449414336
 10
13.953864862174923
 20
-11.957526061604604
 10
14.137506542707579
 20
-11.994054663028933
 10
14.324601621639458
 20
-11.986703677357092
 10
14.504811195122386
 20
-11.935879321227615
 10
14.668176853435492
 20
-11.844390156651697
 10
14.805670984291822
 20
-11.717291889429294
 10
14.909695640130554
 20
-11.561607990041757
 10
14.974502401908826
 20
-11.385941575554838
 10
14.996584599100755
 20
-11.199370033510682
 10
15.0
 20
17.199374307492192
 10
14.974502401908822
 20
17.38594157555484
 10
14.90969564013055
 20
17.561607990041757
 10
14.805670984291822
 20
17.71729188942929
 10
14.668176853435492
 20
17.84439015665169
 10
14.504811195122384
 20
17.935879321227617
 10
14.324601621639458
 20
17.98670367735709
 10
14.137506542707579
 20
17.994054663028933
 10
13.953864862174925
 20
17.957526061604604
 10
13.783824648544343
 20
17.879136449414336
 10
13.634950638730764
 20
17.76177364331551
 10
8.331013716151658
 20
12.462384566050131
 10
7.62390693496511
 20
13.16949134723668
 10
12.926571730184216
 20
18.47670398776951
 10
13.25767908319419
 20
18.737727977906303
 10
13.642690952450216
 20
18.915220880762796
 10
14.058499808400027
 20
18.9979304046772
 10
14.482127987465143
 20
18.98128600819027
 10
14.890165729026851
 20
18.866207463301734
 10
15.26006480252494
 20
18.65905402872317
 10
15.57138452626826
 20
18.371273036229187
 10
15.806921322759209
 20
18.018767309281067
 10
15.953659391125136
 20
17.621016370470514
 10
16.0
 20
17.200625692507813
 10
16.003415400899247
 20
-11.20062996648932
 10
15.953659391125138
 20
-11.621016370470514
 10
15.806921322759207
 20
-12.018767309281067
 10
15.57138452626826
 20
-12.371273036229184
 10
15.26006480252494
 20
-12.65905402872317
 10
14.890165729026847
 20
-12.866207463301734
 10
14.482127987465143
 20
-12.98128600819027
 10
14.058499808400027
 20
-12.9979304046772
 10
13.642690952450213
 20
-12.915220880762798
 10
13.25767908319419
 20
-12.737727977906303
 10
12.928835186065491
 20
-12.47441959833706
 10
7.62390693496511
 20
-7.169491347236679
 97
0
 75
0
 76
1
 98
0
  0
LWPOLYLINE
  5
94E
330
932
100
AcDbEntity
  8
G-r_t2
100
AcDbPolyline
 90
48
 70
1
 10
8.331013716151658
 20
-6.462384566050131
 10
13.632687182849489
 20
-11.764058032747963
 10
13.783824648544343
 20
-11.879136449414336
 10
13.953864862174923
 20
-11.957526061604604
 10
14.137506542707579
 20
-11.994054663028933
 10
14.324601621639458
 20
-11.986703677357092
 10
14.504811195122386
 20
-11.935879321227615
 10
14.668176853435492
 20
-11.844390156651697
 10
14.805670984291822
 20
-11.717291889429294
 10
14.909695640130554
 20
-11.561607990041757
 10
14.974502401908826
 20
-11.385941575554838
 10
14.996584599100755
 20
-11.199370033510682
 10
15.0
 20
17.199374307492192
 10
14.974502401908822
 20
17.38594157555484
 10
14.90969564013055
 20
17.561607990041757
 10
14.805670984291822
 20
17.71729188942929
 10
14.668176853435492
 20
17.84439015665169
 10
14.504811195122384
 20
17.935879321227617
 10
14.324601621639458
 20
17.98670367735709
 10
14.137506542707579
 20
17.994054663028933
 10
13.953864862174925
 20
17.957526061604604
 10
13.783824648544343
 20
17.879136449414336
 10
13.634950638730764
 20
17.76177364331551
 10
8.331013716151658
 20
12.462384566050131
 10
7.62390693496511
 20
13.16949134723668
 10
12.926571730184216
 20
18.47670398776951
 10
13.25767908319419
 20
18.737727977906303
 10
13.642690952450216
 20
18.915220880762796
 10
14.058499808400027
 20
18.9979304046772
 10
14.482127987465143
 20
18.98128600819027
 10
14.890165729026851
 20
18.866207463301734
 10
15.26006480252494
 20
18.65905402872317
 10
15.57138452626826
 20
18.371273036229187
 10
15.806921322759209
 20
18.018767309281067
 10
15.953659391125136
 20
17.621016370470514
 10
16.0
 20
17.200625692507813
 10
16.003415400899247
 20
-11.20062996648932
 10
15.953659391125138
 20
-11.621016370470514
 10
15.806921322759207
 20
-12.018767309281067
 10
15.57138452626826
 20
-12.371273036229184
 10
15.26006480252494
 20
-12.65905402872317
 10
14.890165729026847
 20
-12.866207463301734
 10
14.482127987465143
 20
-12.98128600819027
 10
14.058499808400027
 20
-12.9979304046772
 10
13.642690952450213
 20
-12.915220880762798
 10
13.25767908319419
 20
-12.737727977906303
 10
12.928835186065491
 20
-12.47441959833706
 10
7.62390693496511
 20
-7.169491347236679
  0
HATCH
  5
94F
330
932
100
AcDbEntity
  8
G-r_t3
 62
7
420
15239992
100
AcDbHatch
 10
0.0
 20
0.0
 30
0.0
210
0.0
220
0.0
230
1.0
  2
SOLID
 70
1
 71
0
 91
1
 92
3
 72
0
 73
1
 93
48
 10
9.462384566050131
 20
11.331013716151656
 10
14.764058032747966
 20
16.632687182849487
 10
14.87913644941434
 20
16.78382464854434
 10
14.957526061604606
 20
16.953864862174918
 10
14.994054663028937
 20
17.137506542707577
 10
14.986703677357093
 20
17.324601621639452
 10
14.935879321227617
 20
17.504811195122386
 10
14.844390156651698
 20
17.66817685343549
 10
14.717291889429298
 20
17.805670984291822
 10
14.56160799004176
 20
17.90969564013055
 10
14.385941575554842
 20
17.974502401908822
 10
14.199370033510684
 20
17.99658459910075
 10
-14.199374307492187
 20
18.000000000000004
 10
-14.385941575554837
 20
17.974502401908826
 10
-14.561607990041754
 20
17.909695640130554
 10
-14.717291889429289
 20
17.805670984291826
 10
-14.844390156651691
 20
17.668176853435497
 10
-14.935879321227615
 20
17.504811195122386
 10
-14.986703677357088
 20
17.32460162163946
 10
-14.994054663028932
 20
17.137506542707584
 10
-14.9575260616046
 20
16.953864862174928
 10
-14.879136449414332
 20
16.783824648544346
 10
-14.761773643315507
 20
16.634950638730764
 10
-9.46238456605013
 20
11.331013716151658
 10
-10.169491347236677
 20
10.62390693496511
 10
-15.47670398776951
 20
15.92657173018422
 10
-15.737727977906301
 20
16.257679083194194
 10
-15.915220880762796
 20
16.642690952450216
 10
-15.997930404677199
 20
17.05849980840003
 10
-15.981286008190267
 20
17.482127987465148
 10
-15.866207463301729
 20
17.890165729026855
 10
-15.659054028723165
 20
18.260064802524944
 10
-15.371273036229184
 20
18.57138452626826
 10
-15.018767309281063
 20
18.806921322759212
 10
-14.621016370470512
 20
18.953659391125136
 10
-14.200625692507808
 20
19.000000000000004
 10
14.200629966489323
 20
19.003415400899243
 10
14.621016370470517
 20
18.953659391125136
 10
15.018767309281069
 20
18.8069213227592
 10
15.371273036229187
 20
18.571384526268254
 10
15.659054028723174
 20
18.260064802524937
 10
15.866207463301738
 20
17.890165729026847
 10
15.981286008190274
 20
17.48212798746514
 10
15.997930404677204
 20
17.058499808400022
 10
15.915220880762801
 20
16.64269095245021
 10
15.737727977906307
 20
16.25767908319419
 10
15.474419598337063
 20
15.928835186065488
 10
10.16949134723668
 20
10.623906934965108
 97
0
 75
0
 76
1
 98
0
  0
LWPOLYLINE
  5
950
330
932
100
AcDbEntity
  8
G-r_t3
100
AcDbPolyline
 90
48
 70
1
 10
9.462384566050131
 20
11.331013716151656
 10
14.764058032747966
 20
16.632687182849487
 10
14.87913644941434
 20
16.78382464854434
 10
14.957526061604606
 20
16.953864862174918
 10
14.994054663028937
 20
17.137506542707577
 10
14.986703677357093
 20
17.324601621639452
 10
14.935879321227617
 20
17.504811195122386
 10
14.844390156651698
 20
17.66817685343549
 10
14.717291889429298
 20
17.805670984291822
 10
14.56160799004176
 20
17.90969564013055
 10
14.385941575554842
 20
17.974502401908822
 10
14.199370033510684
 20
17.99658459910075
 10
-14.199374307492187
 20
18.000000000000004
 10
-14.385941575554837
 20
17.974502401908826
 10
-14.561607990041754
 20
17.909695640130554
 10
-14.717291889429289
 20
17.805670984291826
 10
-14.844390156651691
 20
17.668176853435497
 10
-14.935879321227615
 20
17.504811195122386
 10
-14.986703677357088
 20
17.32460162163946
 10
-14.994054663028932
 20
17.137506542707584
 10
-14.9575260616046
 20
16.953864862174928
 10
-14.879136449414332
 20
16.783824648544346
 10
-14.761773643315507
 20
16.634950638730764
 10
-9.46238456605013
 20
11.331013716151658
 10
-10.169491347236677
 20
10.62390693496511
 10
-15.47670398776951
 20
15.92657173018422
 10
-15.737727977906301
 20
16.257679083194194
 10
-15.915220880762796
 20
16.642690952450216
 10
-15.997930404677199
 20
17.05849980840003
 10
-15.981286008190267
 20
17.482127987465148
 10
-15.866207463301729
 20
17.890165729026855
 10
-15.659054028723165
 20
18.260064802524944
 10
-15.371273036229184
 20
18.57138452626826
 10
-15.018767309281063
 20
18.806921322759212
 10
-14.621016370470512
 20
18.953659391125136
 10
-14.200625692507808
 20
19.000000000000004
 10
14.200629966489323
 20
19.003415400899243
 10
14.621016370470517
 20
18.953659391125136
 10
15.018767309281069
 20
18.8069213227592
 10
15.371273036229187
 20
18.571384526268254
 10
15.659054028723174
 20
18.260064802524937
 10
15.866207463301738
 20
17.890165729026847
 10
15.981286008190274
 20
17.48212798746514
 10
15.997930404677204
 20
17.058499808400022
 10
15.915220880762801
 20
16.64269095245021
 10
15.737727977906307
 20
16.25767908319419
 10
15.474419598337063
 20
15.928835186065488
 10
10.16949134723668
 20
10.623906934965108
  0
HATCH
  5
951
330
932
100
AcDbEntity
  8
G-r_t4
 62
7
420
3059349
100
AcDbHatch
 10
0.0
 20
0.0
 30
0.0
210
0.0
220
0.0
230
1.0
  2
SOLID
 70
1
 71
0
 91
1
 92
3
 72
0
 73
1
 93
48
 10
-8.331013716151656
 20
12.462384566050131
 10
-13.632687182849487
 20
17.76405803274797
 10
-13.78382464854434
 20
17.87913644941434
 10
-13.95386486217492
 20
17.957526061604604
 10
-14.137506542707577
 20
17.994054663028937
 10
-14.324601621639454
 20
17.98670367735709
 10
-14.504811195122384
 20
17.935879321227617
 10
-14.66817685343549
 20
17.8443901566517
 10
-14.80567098429182
 20
17.717291889429298
 10
-14.90969564013055
 20
17.561607990041757
 10
-14.974502401908822
 20
17.385941575554842
 10
-14.996584599100752
 20
17.199370033510682
 10
-15.000000000000004
 20
-11.199374307492187
 10
-14.974502401908826
 20
-11.385941575554837
 10
-14.909695640130554
 20
-11.561607990041754
 10
-14.805670984291826
 20
-11.717291889429289
 10
-14.668176853435495
 20
-11.844390156651691
 10
-14.504811195122386
 20
-11.935879321227615
 10
-14.32460162163946
 20
-11.986703677357088
 10
-14.137506542707582
 20
-11.994054663028932
 10
-13.953864862174928
 20
-11.9575260616046
 10
-13.783824648544346
 20
-11.879136449414332
 10
-13.634950638730766
 20
-11.761773643315507
 10
-8.331013716151658
 20
-6.46238456605013
 10
-7.6239069349651105
 20
-7.1694913472366775
 10
-12.92657173018422
 20
-12.47670398776951
 10
-13.257679083194194
 20
-12.737727977906301
 10
-13.642690952450218
 20
-12.915220880762796
 10
-14.058499808400029
 20
-12.997930404677199
 10
-14.482127987465146
 20
-12.981286008190267
 10
-14.890165729026855
 20
-12.866207463301729
 10
-15.260064802524944
 20
-12.659054028723165
 10
-15.571384526268261
 20
-12.371273036229184
 10
-15.806921322759212
 20
-12.018767309281063
 10
-15.953659391125138
 20
-11.621016370470512
 10
-16.000000000000004
 20
-11.200625692507808
 10
-16.003415400899243
 20
17.200629966489323
 10
-15.953659391125136
 20
17.621016370470517
 10
-15.806921322759203
 20
18.018767309281067
 10
-15.571384526268256
 20
18.371273036229187
 10
-15.260064802524937
 20
18.659054028723176
 10
-14.890165729026846
 20
18.866207463301738
 10
-14.482127987465141
 20
18.981286008190274
 10
-14.058499808400024
 20
18.997930404677206
 10
-13.64269095245021
 20
18.915220880762803
 10
-13.257679083194189
 20
18.737727977906307
 10
-12.928835186065488
 20
18.474419598337064
 10
-7.623906934965108
 20
13.16949134723668
 97
0
 75
0
 76
1
 98
0
  0
LWPOLYLINE
  5
952
330
932
100
AcDbEntity
  8
G-r_t4
100
AcDbPolyline
 90
48
 70
1
 10
-8.331013716151656
 20
12.462384566050131
 10
-13.632687182849487
 20
17.76405803274797
 10
-13.78382464854434
 20
17.87913644941434
 10
-13.95386486217492
 20
17.957526061604604
 10
-14.137506542707577
 20
17.994054663028937
 10
-14.324601621639454
 20
17.98670367735709
 10
-14.504811195122384
 20
17.935879321227617
 10
-14.66817685343549
 20
17.8443901566517
 10
-14.80567098429182
 20
17.717291889429298
 10
-14.90969564013055
 20
17.561607990041757
 10
-14.974502401908822
 20
17.385941575554842
 10
-14.996584599100752
 20
17.199370033510682
 10
-15.000000000000004
 20
-11.199374307492187
 10
-14.974502401908826
 20
-11.385941575554837
 10
-14.909695640130554
 20
-11.561607990041754
 10
-14.805670984291826
 20
-11.717291889429289
 10
-14.668176853435495
 20
-11.844390156651691
 10
-14.504811195122386
 20
-11.935879321227615
 10
-14.32460162163946
 20
-11.986703677357088
 10
-14.137506542707582
 20
-11.994054663028932
 10
-13.953864862174928
 20
-11.9575260616046
 10
-13.783824648544346
 20
-11.879136449414332
 10
-13.634950638730766
 20
-11.761773643315507
 10
-8.331013716151658
 20
-6.46238456605013
 10
-7.6239069349651105
 20
-7.1694913472366775
 10
-12.92657173018422
 20
-12.47670398776951
 10
-13.257679083194194
 20
-12.737727977906301
 10
-13.642690952450218
 20
-12.915220880762796
 10
-14.058499808400029
 20
-12.997930404677199
 10
-14.482127987465146
 20
-12.981286008190267
 10
-14.890165729026855
 20
-12.866207463301729
 10
-15.260064802524944
 20
-12.659054028723165
 10
-15.571384526268261
 20
-12.371273036229184
 10
-15.806921322759212
 20
-12.018767309281063
 10
-15.953659391125138
 20
-11.621016370470512
 10
-16.000000000000004
 20
-11.200625692507808
 10
-16.003415400899243
 20
17.200629966489323
 10
-15.953659391125136
 20
17.621016370470517
 10
-15.806921322759203
 20
18.018767309281067
 10
-15.571384526268256
 20
18.371273036229187
 10
-15.260064802524937
 20
18.659054028723176
 10
-14.890165729026846
 20
18.866207463301738
 10
-14.482127987465141
 20
18.981286008190274
 10
-14.058499808400024
 20
18.997930404677206
 10
-13.64269095245021
 20
18.915220880762803
 10
-13.257679083194189
 20
18.737727977906307
 10
-12.928835186065488
 20
18.474419598337064
 10
-7.623906934965108
 20
13.16949134723668
  0
DIMENSION
  5
953
330
932
100
AcDbEntity
  8
COTAS
100
AcDbDimension
280
0
  2
*D68
  3
COTAS_PAPEL
 10
-20.0
 20
-23.0
 30
0.0
 11
0.0
 21
-21.4856
 31
0.0
 70
32
 71
5
  1
400 (columna)
100
AcDbAlignedDimension
 13
-20.0
 23
-17.0
 33
0.0
 14
20.0
 24
-17.0
 34
0.0
 50
0.0
100
AcDbRotatedDimension
  0
ENDBLK
  5
934
330
932
100
AcDbEntity
  8
0
100
AcDbBlockEnd
  0
BLOCK
  5
955
330
954
100
AcDbEntity
  8
0
100
AcDbBlockBegin
  2
*D68
 70
1
 10
0.0
 20
0.0
 30
0.0
  3
*D68
  1

  0
LINE
  5
957
330
954
100
AcDbEntity
  8
0
 62
8
370
13
100
AcDbLine
 10
-20.0
 20
-17.529166666666665
 30
0.0
 11
-20.0
 21
-23.881944444444443
 31
0.0
  0
LINE
  5
958
330
954
100
AcDbEntity
  8
0
 62
8
370
13
100
AcDbLine
 10
20.0
 20
-17.529166666666665
 30
0.0
 11
20.0
 21
-23.881944444444443
 31
0.0
  0
INSERT
  5
959
330
954
100
AcDbEntity
  8
COTAS
 62
8
100
AcDbBlockReference
  2
_OBLIQUE
 10
-20.0
 20
-23.0
 30
0.0
 41
2.188633333333333
 42
2.188633333333333
  0
INSERT
  5
95B
330
954
100
AcDbEntity
  8
COTAS
 62
8
100
AcDbBlockReference
  2
_OBLIQUE
 10
20.0
 20
-23.0
 30
0.0
 41
2.188633333333333
 42
2.188633333333333
  0
LINE
  5
95D
330
954
100
AcDbEntity
  8
0
 62
8
370
15
100
AcDbLine
 10
-20.0
 20
-23.0
 30
0.0
 11
20.0
 21
-23.0
 31
0.0
  0
MTEXT
  5
95E
330
954
100
AcDbEntity
  8
COTAS
 62
250
100
AcDbMText
 10
0.0
 20
-21.4856
 30
0.0
 40
1.8288
 71
5
  1
400 (columna)
  7
ESTANDAR
  0
POINT
  5
95F
330
954
100
AcDbEntity
  8
Defpoints
100
AcDbPoint
 10
-20.0
 20
-23.0
 30
0.0
  0
POINT
  5
960
330
954
100
AcDbEntity
  8
Defpoints
100
AcDbPoint
 10
-20.0
 20
-17.0
 30
0.0
  0
POINT
  5
961
330
954
100
AcDbEntity
  8
Defpoints
100
AcDbPoint
 10
20.0
 20
-17.0
 30
0.0
  0
ENDBLK
  5
956
330
954
100
AcDbEntity
  8
0
100
AcDbBlockEnd
  0
BLOCK
  5
965
330
964
100
AcDbEntity
  8
0
100
AcDbBlockBegin
  2
DET_14_detalle-4-4-anclaje-a1-columnas
 70
0
 10
0.0
 20
0.0
 30
0.0
  3
DET_14_detalle-4-4-anclaje-a1-columnas
  1

  0
HATCH
  5
969
330
964
100
AcDbEntity
  8
G-r_concb
 62
7
420
16382198
100
AcDbHatch
 10
0.0
 20
0.0
 30
0.0
210
0.0
220
0.0
230
1.0
  2
SOLID
 70
1
 71
0
 91
1
 92
3
 72
0
 73
1
 93
4
 10
-13.25
 20
-5.8539
 10
22.75
 20
-5.8539
 10
22.75
 20
3.1460999999999997
 10
-13.25
 20
3.1460999999999997
 97
0
 75
0
 76
1
 98
0
  0
LWPOLYLINE
  5
96A
330
964
100
AcDbEntity
  8
G-r_concb
100
AcDbPolyline
 90
4
 70
1
 10
-13.25
 20
-5.8539
 10
22.75
 20
-5.8539
 10
22.75
 20
3.1460999999999997
 10
-13.25
 20
3.1460999999999997
  0
HATCH
  5
96B
330
964
100
AcDbEntity
  8
G-r_anc
 62
7
420
12597547
100
AcDbHatch
 10
0.0
 20
0.0
 30
0.0
210
0.0
220
0.0
230
1.0
  2
SOLID
 70
1
 71
0
 91
1
 92
3
 72
0
 73
1
 93
4
 10
-22.75
 20
-0.5539000000000001
 10
21.25
 20
-0.5539000000000001
 10
21.25
 20
-2.1539
 10
-22.75
 20
-2.1539
 97
0
 75
0
 76
1
 98
0
  0
LWPOLYLINE
  5
96C
330
964
100
AcDbEntity
  8
G-r_anc
100
AcDbPolyline
 90
4
 70
1
 10
-22.75
 20
-0.5539000000000001
 10
21.25
 20
-0.5539000000000001
 10
21.25
 20
-2.1539
 10
-22.75
 20
-2.1539
  0
HATCH
  5
96D
330
964
100
AcDbEntity
  8
G-r_bp
 62
7
420
3428459
100
AcDbHatch
 10
0.0
 20
0.0
 30
0.0
210
0.0
220
0.0
230
1.0
  2
SOLID
 70
1
 71
0
 91
1
 92
3
 72
0
 73
1
 93
4
 10
17.650000000000006
 20
-3.8539000000000003
 10
18.85
 20
-3.8539000000000003
 10
18.85
 20
1.1461
 10
17.650000000000006
 20
1.1461
 97
0
 75
0
 76
1
 98
0
  0
LWPOLYLINE
  5
96E
330
964
100
AcDbEntity
  8
G-r_bp
100
AcDbPolyline
 90
4
 70
1
 10
17.650000000000006
 20
-3.8539000000000003
 10
18.85
 20
-3.8539000000000003
 10
18.85
 20
1.1461
 10
17.650000000000006
 20
1.1461
  0
HATCH
  5
96F
330
964
100
AcDbEntity
  8
G-r_nut
 62
7
420
8070172
100
AcDbHatch
 10
0.0
 20
0.0
 30
0.0
210
0.0
220
0.0
230
1.0
  2
SOLID
 70
1
 71
0
 91
1
 92
3
 72
0
 73
1
 93
4
 10
18.85
 20
-2.8539000000000003
 10
19.150000000000006
 20
-2.8539000000000003
 10
19.150000000000006
 20
0.1460999999999999
 10
18.85
 20
0.1460999999999999
 97
0
 75
0
 76
1
 98
0
  0
LWPOLYLINE
  5
970
330
964
100
AcDbEntity
  8
G-r_nut
100
AcDbPolyline
 90
4
 70
1
 10
18.85
 20
-2.8539000000000003
 10
19.150000000000006
 20
-2.8539000000000003
 10
19.150000000000006
 20
0.1460999999999999
 10
18.85
 20
0.1460999999999999
  0
HATCH
  5
971
330
964
100
AcDbEntity
  8
G-r_nut
 62
7
420
8070172
100
AcDbHatch
 10
0.0
 20
0.0
 30
0.0
210
0.0
220
0.0
230
1.0
  2
SOLID
 70
1
 71
0
 91
1
 92
3
 72
0
 73
1
 93
4
 10
19.150000000000006
 20
-2.5539000000000005
 10
20.75
 20
-2.5539000000000005
 10
20.75
 20
-0.15389999999999993
 10
19.150000000000006
 20
-0.15389999999999993
 97
0
 75
0
 76
1
 98
0
  0
LWPOLYLINE
  5
972
330
964
100
AcDbEntity
  8
G-r_nut
100
AcDbPolyline
 90
4
 70
1
 10
19.150000000000006
 20
-2.5539000000000005
 10
20.75
 20
-2.5539000000000005
 10
20.75
 20
-0.15389999999999993
 10
19.150000000000006
 20
-0.15389999999999993
  0
HATCH
  5
973
330
964
100
AcDbEntity
  8
G-r_eplate
 62
7
420
15068145
100
AcDbHatch
 10
0.0
 20
0.0
 30
0.0
210
0.0
220
0.0
230
1.0
  2
SOLID
 70
1
 71
0
 91
1
 92
3
 72
0
 73
1
 93
4
 10
-16.95
 20
-7.8539
 10
-15.75
 20
-7.8539
 10
-15.75
 20
5.1461
 10
-16.95
 20
5.1461
 97
0
 75
0
 76
1
 98
0
  0
LWPOLYLINE
  5
974
330
964
100
AcDbEntity
  8
G-r_eplate
100
AcDbPolyline
 90
4
 70
1
 10
-16.95
 20
-7.8539
 10
-15.75
 20
-7.8539
 10
-15.75
 20
5.1461
 10
-16.95
 20
5.1461
  0
HATCH
  5
975
330
964
100
AcDbEntity
  8
G-r_ancg
 62
7
420
16047065
100
AcDbHatch
 10
0.0
 20
0.0
 30
0.0
210
0.0
220
0.0
230
1.0
  2
SOLID
 70
1
 71
0
 91
1
 92
3
 72
0
 73
1
 93
4
 10
-15.75
 20
-2.8539000000000003
 10
-15.45
 20
-2.8539000000000003
 10
-15.45
 20
0.1460999999999999
 10
-15.75
 20
0.1460999999999999
 97
0
 75
0
 76
1
 98
0
  0
LWPOLYLINE
  5
976
330
964
100
AcDbEntity
  8
G-r_ancg
100
AcDbPolyline
 90
4
 70
1
 10
-15.75
 20
-2.8539000000000003
 10
-15.45
 20
-2.8539000000000003
 10
-15.45
 20
0.1460999999999999
 10
-15.75
 20
0.1460999999999999
  0
HATCH
  5
977
330
964
100
AcDbEntity
  8
G-r_ancg
 62
7
420
16047065
100
AcDbHatch
 10
0.0
 20
0.0
 30
0.0
210
0.0
220
0.0
230
1.0
  2
SOLID
 70
1
 71
0
 91
1
 92
3
 72
0
 73
1
 93
4
 10
-15.45
 20
-2.5539000000000005
 10
-13.85
 20
-2.5539000000000005
 10
-13.85
 20
-0.15389999999999993
 10
-15.45
 20
-0.15389999999999993
 97
0
 75
0
 76
1
 98
0
  0
LWPOLYLINE
  5
978
330
964
100
AcDbEntity
  8
G-r_ancg
100
AcDbPolyline
 90
4
 70
1
 10
-15.45
 20
-2.5539000000000005
 10
-13.85
 20
-2.5539000000000005
 10
-13.85
 20
-0.15389999999999993
 10
-15.45
 20
-0.15389999999999993
  0
HATCH
  5
979
330
964
100
AcDbEntity
  8
G-r_ancg
 62
7
420
16047065
100
AcDbHatch
 10
0.0
 20
0.0
 30
0.0
210
0.0
220
0.0
230
1.0
  2
SOLID
 70
1
 71
0
 91
1
 92
3
 72
0
 73
1
 93
4
 10
-17.25
 20
-2.8539000000000003
 10
-16.95
 20
-2.8539000000000003
 10
-16.95
 20
0.1460999999999999
 10
-17.25
 20
0.1460999999999999
 97
0
 75
0
 76
1
 98
0
  0
LWPOLYLINE
  5
97A
330
964
100
AcDbEntity
  8
G-r_ancg
100
AcDbPolyline
 90
4
 70
1
 10
-17.25
 20
-2.8539000000000003
 10
-16.95
 20
-2.8539000000000003
 10
-16.95
 20
0.1460999999999999
 10
-17.25
 20
0.1460999999999999
  0
HATCH
  5
97B
330
964
100
AcDbEntity
  8
G-r_ancg
 62
7
420
16047065
100
AcDbHatch
 10
0.0
 20
0.0
 30
0.0
210
0.0
220
0.0
230
1.0
  2
SOLID
 70
1
 71
0
 91
1
 92
3
 72
0
 73
1
 93
4
 10
-18.85
 20
-2.5539000000000005
 10
-17.25
 20
-2.5539000000000005
 10
-17.25
 20
-0.15389999999999993
 10
-18.85
 20
-0.15389999999999993
 97
0
 75
0
 76
1
 98
0
  0
LWPOLYLINE
  5
97C
330
964
100
AcDbEntity
  8
G-r_ancg
100
AcDbPolyline
 90
4
 70
1
 10
-18.85
 20
-2.5539000000000005
 10
-17.25
 20
-2.5539000000000005
 10
-17.25
 20
-0.15389999999999993
 10
-18.85
 20
-0.15389999999999993
  0
TEXT
  5
97D
330
964
100
AcDbEntity
  8
T-small
 62
47
420
4473924
100
AcDbText
 10
-12.25
 20
9.1461
 30
0.0
 40
2.286
  1
cara de la columna
  7
ESTANDAR
 41
0.885
 11
-12.25
 21
9.1461
 31
0.0
100
AcDbText
  0
DIMENSION
  5
97E
330
964
100
AcDbEntity
  8
COTAS
100
AcDbDimension
280
0
  2
*D69
  3
COTAS_PAPEL
 10
-22.75
 20
-11.3539
 30
0.0
 11
-0.75
 21
-9.8395
 31
0.0
 70
32
 71
5
  1
L = 440
100
AcDbAlignedDimension
 13
-22.75
 23
-6.3539
 33
0.0
 14
21.25
 24
-6.3539
 34
0.0
 50
0.0
100
AcDbRotatedDimension
  0
DIMENSION
  5
97F
330
964
100
AcDbEntity
  8
COTAS
100
AcDbDimension
280
0
  2
*D70
  3
COTAS_PAPEL
 10
-13.25
 20
4.1461
 30
0.0
 11
2.200000000000003
 21
5.6605
 31
0.0
 70
32
 71
5
  1
309
100
AcDbAlignedDimension
 13
-13.25
 23
4.1461
 33
0.0
 14
17.650000000000006
 24
4.1461
 34
0.0
 50
0.0
100
AcDbRotatedDimension
  0
DIMENSION
  5
980
330
964
100
AcDbEntity
  8
COTAS
100
AcDbDimension
280
0
  2
*D71
  3
COTAS_PAPEL
 10
-16.95
 20
4.1461
 30
0.0
 11
-15.1
 21
5.6605
 31
0.0
 70
32
 71
5
  1
37
100
AcDbAlignedDimension
 13
-16.95
 23
4.1461
 33
0.0
 14
-13.25
 24
4.1461
 34
0.0
 50
0.0
100
AcDbRotatedDimension
  0
TEXT
  5
981
330
964
100
AcDbEntity
  8
T-anc
 62
22
420
11088422
100
AcDbText
 10
18.25
 20
-7.3539
 30
0.0
 40
2.286
  1
P1
  7
NEGRITA
 41
0.885
 72
1
 11
18.25
 21
-7.3539
 31
0.0
100
AcDbText
  0
ENDBLK
  5
966
330
964
100
AcDbEntity
  8
0
100
AcDbBlockEnd
  0
BLOCK
  5
983
330
982
100
AcDbEntity
  8
0
100
AcDbBlockBegin
  2
*D69
 70
1
 10
0.0
 20
0.0
 30
0.0
  3
*D69
  1

  0
LINE
  5
985
330
982
100
AcDbEntity
  8
0
 62
8
370
13
100
AcDbLine
 10
-22.75
 20
-6.883066666666667
 30
0.0
 11
-22.75
 21
-12.235844444444444
 31
0.0
  0
LINE
  5
986
330
982
100
AcDbEntity
  8
0
 62
8
370
13
100
AcDbLine
 10
21.25
 20
-6.883066666666667
 30
0.0
 11
21.25
 21
-12.235844444444444
 31
0.0
  0
INSERT
  5
987
330
982
100
AcDbEntity
  8
COTAS
 62
8
100
AcDbBlockReference
  2
_OBLIQUE
 10
-22.75
 20
-11.3539
 30
0.0
 41
2.188633333333333
 42
2.188633333333333
  0
INSERT
  5
989
330
982
100
AcDbEntity
  8
COTAS
 62
8
100
AcDbBlockReference
  2
_OBLIQUE
 10
21.25
 20
-11.3539
 30
0.0
 41
2.188633333333333
 42
2.188633333333333
  0
LINE
  5
98B
330
982
100
AcDbEntity
  8
0
 62
8
370
15
100
AcDbLine
 10
-22.75
 20
-11.3539
 30
0.0
 11
21.25
 21
-11.3539
 31
0.0
  0
MTEXT
  5
98C
330
982
100
AcDbEntity
  8
COTAS
 62
250
100
AcDbMText
 10
-0.75
 20
-9.8395
 30
0.0
 40
1.8288
 71
5
  1
L = 440
  7
ESTANDAR
  0
POINT
  5
98D
330
982
100
AcDbEntity
  8
Defpoints
100
AcDbPoint
 10
-22.75
 20
-11.3539
 30
0.0
  0
POINT
  5
98E
330
982
100
AcDbEntity
  8
Defpoints
100
AcDbPoint
 10
-22.75
 20
-6.3539
 30
0.0
  0
POINT
  5
98F
330
982
100
AcDbEntity
  8
Defpoints
100
AcDbPoint
 10
21.25
 20
-6.3539
 30
0.0
  0
ENDBLK
  5
984
330
982
100
AcDbEntity
  8
0
100
AcDbBlockEnd
  0
BLOCK
  5
991
330
990
100
AcDbEntity
  8
0
100
AcDbBlockBegin
  2
*D70
 70
1
 10
0.0
 20
0.0
 30
0.0
  3
*D70
  1

  0
LINE
  5
993
330
990
100
AcDbEntity
  8
0
 62
8
370
13
100
AcDbLine
 10
-13.25
 20
4.6752666666666665
 30
0.0
 11
-13.25
 21
5.028044444444444
 31
0.0
  0
LINE
  5
994
330
990
100
AcDbEntity
  8
0
 62
8
370
13
100
AcDbLine
 10
17.650000000000006
 20
4.6752666666666665
 30
0.0
 11
17.650000000000006
 21
5.028044444444444
 31
0.0
  0
INSERT
  5
995
330
990
100
AcDbEntity
  8
COTAS
 62
8
100
AcDbBlockReference
  2
_OBLIQUE
 10
-13.25
 20
4.1461
 30
0.0
 41
2.188633333333333
 42
2.188633333333333
  0
INSERT
  5
997
330
990
100
AcDbEntity
  8
COTAS
 62
8
100
AcDbBlockReference
  2
_OBLIQUE
 10
17.650000000000006
 20
4.1461
 30
0.0
 41
2.188633333333333
 42
2.188633333333333
  0
LINE
  5
999
330
990
100
AcDbEntity
  8
0
 62
8
370
15
100
AcDbLine
 10
-13.25
 20
4.1461
 30
0.0
 11
17.650000000000006
 21
4.1461
 31
0.0
  0
MTEXT
  5
99A
330
990
100
AcDbEntity
  8
COTAS
 62
250
100
AcDbMText
 10
2.200000000000003
 20
5.6605
 30
0.0
 40
1.8288
 71
5
  1
309
  7
ESTANDAR
  0
POINT
  5
99B
330
990
100
AcDbEntity
  8
Defpoints
100
AcDbPoint
 10
-13.25
 20
4.1461
 30
0.0
  0
POINT
  5
99C
330
990
100
AcDbEntity
  8
Defpoints
100
AcDbPoint
 10
-13.25
 20
4.1461
 30
0.0
  0
POINT
  5
99D
330
990
100
AcDbEntity
  8
Defpoints
100
AcDbPoint
 10
17.650000000000006
 20
4.1461
 30
0.0
  0
ENDBLK
  5
992
330
990
100
AcDbEntity
  8
0
100
AcDbBlockEnd
  0
BLOCK
  5
99F
330
99E
100
AcDbEntity
  8
0
100
AcDbBlockBegin
  2
*D71
 70
1
 10
0.0
 20
0.0
 30
0.0
  3
*D71
  1

  0
LINE
  5
9A1
330
99E
100
AcDbEntity
  8
0
 62
8
370
13
100
AcDbLine
 10
-16.95
 20
4.6752666666666665
 30
0.0
 11
-16.95
 21
5.028044444444444
 31
0.0
  0
LINE
  5
9A2
330
99E
100
AcDbEntity
  8
0
 62
8
370
13
100
AcDbLine
 10
-13.25
 20
4.6752666666666665
 30
0.0
 11
-13.25
 21
5.028044444444444
 31
0.0
  0
INSERT
  5
9A3
330
99E
100
AcDbEntity
  8
COTAS
 62
8
100
AcDbBlockReference
  2
_OBLIQUE
 10
-16.95
 20
4.1461
 30
0.0
 41
2.188633333333333
 42
2.188633333333333
  0
INSERT
  5
9A5
330
99E
100
AcDbEntity
  8
COTAS
 62
8
100
AcDbBlockReference
  2
_OBLIQUE
 10
-13.25
 20
4.1461
 30
0.0
 41
2.188633333333333
 42
2.188633333333333
  0
LINE
  5
9A7
330
99E
100
AcDbEntity
  8
0
 62
8
370
15
100
AcDbLine
 10
-16.95
 20
4.1461
 30
0.0
 11
-13.25
 21
4.1461
 31
0.0
  0
MTEXT
  5
9A8
330
99E
100
AcDbEntity
  8
COTAS
 62
250
100
AcDbMText
 10
-15.1
 20
5.6605
 30
0.0
 40
1.8288
 71
5
  1
37
  7
ESTANDAR
  0
POINT
  5
9A9
330
99E
100
AcDbEntity
  8
Defpoints
100
AcDbPoint
 10
-16.95
 20
4.1461
 30
0.0
  0
POINT
  5
9AA
330
99E
100
AcDbEntity
  8
Defpoints
100
AcDbPoint
 10
-16.95
 20
4.1461
 30
0.0
  0
POINT
  5
9AB
330
99E
100
AcDbEntity
  8
Defpoints
100
AcDbPoint
 10
-13.25
 20
4.1461
 30
0.0
  0
ENDBLK
  5
9A0
330
99E
100
AcDbEntity
  8
0
100
AcDbBlockEnd
  0
BLOCK
  5
9AF
330
9AE
100
AcDbEntity
  8
0
100
AcDbBlockBegin
  2
DET_15_detalle-4-5-anclaje-a2-sandwich
 70
0
 10
0.0
 20
0.0
 30
0.0
  3
DET_15_detalle-4-5-anclaje-a2-sandwich
  1

  0
HATCH
  5
9B2
330
9AE
100
AcDbEntity
  8
G-r_concb
 62
7
420
16382198
100
AcDbHatch
 10
0.0
 20
0.0
 30
0.0
210
0.0
220
0.0
230
1.0
  2
SOLID
 70
1
 71
0
 91
1
 92
3
 72
0
 73
1
 93
4
 10
-30.0
 20
-4.5
 10
30.0
 20
-4.5
 10
30.0
 20
13.5
 10
-30.0
 20
13.5
 97
0
 75
0
 76
1
 98
0
  0
LWPOLYLINE
  5
9B3
330
9AE
100
AcDbEntity
  8
G-r_concb
100
AcDbPolyline
 90
4
 70
1
 10
-30.0
 20
-4.5
 10
30.0
 20
-4.5
 10
30.0
 20
13.5
 10
-30.0
 20
13.5
  0
HATCH
  5
9B4
330
9AE
100
AcDbEntity
  8
G-r_anc
 62
7
420
12597547
100
AcDbHatch
 10
0.0
 20
0.0
 30
0.0
210
0.0
220
0.0
230
1.0
  2
SOLID
 70
1
 71
0
 91
1
 92
3
 72
0
 73
1
 93
4
 10
-44.0
 20
6.1
 10
44.0
 20
6.1
 10
44.0
 20
2.9
 10
-44.0
 20
2.9
 97
0
 75
0
 76
1
 98
0
  0
LWPOLYLINE
  5
9B5
330
9AE
100
AcDbEntity
  8
G-r_anc
100
AcDbPolyline
 90
4
 70
1
 10
-44.0
 20
6.1
 10
44.0
 20
6.1
 10
44.0
 20
2.9
 10
-44.0
 20
2.9
  0
HATCH
  5
9B6
330
9AE
100
AcDbEntity
  8
G-r_eplate
 62
7
420
15068145
100
AcDbHatch
 10
0.0
 20
0.0
 30
0.0
210
0.0
220
0.0
230
1.0
  2
SOLID
 70
1
 71
0
 91
1
 92
3
 72
0
 73
1
 93
4
 10
-37.4
 20
-6.5
 10
-35.0
 20
-6.5
 10
-35.0
 20
15.5
 10
-37.4
 20
15.5
 97
0
 75
0
 76
1
 98
0
  0
LWPOLYLINE
  5
9B7
330
9AE
100
AcDbEntity
  8
G-r_eplate
100
AcDbPolyline
 90
4
 70
1
 10
-37.4
 20
-6.5
 10
-35.0
 20
-6.5
 10
-35.0
 20
15.5
 10
-37.4
 20
15.5
  0
HATCH
  5
9B8
330
9AE
100
AcDbEntity
  8
G-r_ancg
 62
7
420
16047065
100
AcDbHatch
 10
0.0
 20
0.0
 30
0.0
210
0.0
220
0.0
230
1.0
  2
SOLID
 70
1
 71
0
 91
1
 92
3
 72
0
 73
1
 93
4
 10
-38.0
 20
1.5
 10
-37.4
 20
1.5
 10
-37.4
 20
7.5
 10
-38.0
 20
7.5
 97
0
 75
0
 76
1
 98
0
  0
LWPOLYLINE
  5
9B9
330
9AE
100
AcDbEntity
  8
G-r_ancg
100
AcDbPolyline
 90
4
 70
1
 10
-38.0
 20
1.5
 10
-37.4
 20
1.5
 10
-37.4
 20
7.5
 10
-38.0
 20
7.5
  0
HATCH
  5
9BA
330
9AE
100
AcDbEntity
  8
G-r_ancg
 62
7
420
16047065
100
AcDbHatch
 10
0.0
 20
0.0
 30
0.0
210
0.0
220
0.0
230
1.0
  2
SOLID
 70
1
 71
0
 91
1
 92
3
 72
0
 73
1
 93
4
 10
-41.2
 20
2.0999999999999996
 10
-38.0
 20
2.0999999999999996
 10
-38.0
 20
6.9
 10
-41.2
 20
6.9
 97
0
 75
0
 76
1
 98
0
  0
LWPOLYLINE
  5
9BB
330
9AE
100
AcDbEntity
  8
G-r_ancg
100
AcDbPolyline
 90
4
 70
1
 10
-41.2
 20
2.0999999999999996
 10
-38.0
 20
2.0999999999999996
 10
-38.0
 20
6.9
 10
-41.2
 20
6.9
  0
HATCH
  5
9BC
330
9AE
100
AcDbEntity
  8
G-r_eplate
 62
7
420
15068145
100
AcDbHatch
 10
0.0
 20
0.0
 30
0.0
210
0.0
220
0.0
230
1.0
  2
SOLID
 70
1
 71
0
 91
1
 92
3
 72
0
 73
1
 93
4
 10
35.0
 20
-6.5
 10
37.400000000000006
 20
-6.5
 10
37.400000000000006
 20
15.5
 10
35.0
 20
15.5
 97
0
 75
0
 76
1
 98
0
  0
LWPOLYLINE
  5
9BD
330
9AE
100
AcDbEntity
  8
G-r_eplate
100
AcDbPolyline
 90
4
 70
1
 10
35.0
 20
-6.5
 10
37.400000000000006
 20
-6.5
 10
37.400000000000006
 20
15.5
 10
35.0
 20
15.5
  0
HATCH
  5
9BE
330
9AE
100
AcDbEntity
  8
G-r_ancg
 62
7
420
16047065
100
AcDbHatch
 10
0.0
 20
0.0
 30
0.0
210
0.0
220
0.0
230
1.0
  2
SOLID
 70
1
 71
0
 91
1
 92
3
 72
0
 73
1
 93
4
 10
37.400000000000006
 20
1.5
 10
38.0
 20
1.5
 10
38.0
 20
7.5
 10
37.400000000000006
 20
7.5
 97
0
 75
0
 76
1
 98
0
  0
LWPOLYLINE
  5
9BF
330
9AE
100
AcDbEntity
  8
G-r_ancg
100
AcDbPolyline
 90
4
 70
1
 10
37.400000000000006
 20
1.5
 10
38.0
 20
1.5
 10
38.0
 20
7.5
 10
37.400000000000006
 20
7.5
  0
HATCH
  5
9C0
330
9AE
100
AcDbEntity
  8
G-r_ancg
 62
7
420
16047065
100
AcDbHatch
 10
0.0
 20
0.0
 30
0.0
210
0.0
220
0.0
230
1.0
  2
SOLID
 70
1
 71
0
 91
1
 92
3
 72
0
 73
1
 93
4
 10
38.0
 20
2.0999999999999996
 10
41.2
 20
2.0999999999999996
 10
41.2
 20
6.9
 10
38.0
 20
6.9
 97
0
 75
0
 76
1
 98
0
  0
LWPOLYLINE
  5
9C1
330
9AE
100
AcDbEntity
  8
G-r_ancg
100
AcDbPolyline
 90
4
 70
1
 10
38.0
 20
2.0999999999999996
 10
41.2
 20
2.0999999999999996
 10
41.2
 20
6.9
 10
38.0
 20
6.9
  0
DIMENSION
  5
9C2
330
9AE
100
AcDbEntity
  8
COTAS
100
AcDbDimension
280
0
  2
*D72
  3
COTAS_PAPEL
 10
-44.0
 20
-15.5
 30
0.0
 11
0.0
 21
-13.9856
 31
0.0
 70
32
 71
5
  1
L = 440
100
AcDbAlignedDimension
 13
-44.0
 23
-5.5
 33
0.0
 14
44.0
 24
-5.5
 34
0.0
 50
0.0
100
AcDbRotatedDimension
  0
DIMENSION
  5
9C3
330
9AE
100
AcDbEntity
  8
COTAS
100
AcDbDimension
280
0
  2
*D73
  3
COTAS_PAPEL
 10
-30.0
 20
15.5
 30
0.0
 11
0.0
 21
17.0144
 31
0.0
 70
32
 71
5
  1
300 (viga)
100
AcDbAlignedDimension
 13
-30.0
 23
15.5
 33
0.0
 14
30.0
 24
15.5
 34
0.0
 50
0.0
100
AcDbRotatedDimension
  0
ENDBLK
  5
9B0
330
9AE
100
AcDbEntity
  8
0
100
AcDbBlockEnd
  0
BLOCK
  5
9C5
330
9C4
100
AcDbEntity
  8
0
100
AcDbBlockBegin
  2
*D72
 70
1
 10
0.0
 20
0.0
 30
0.0
  3
*D72
  1

  0
LINE
  5
9C7
330
9C4
100
AcDbEntity
  8
0
 62
8
370
13
100
AcDbLine
 10
-44.0
 20
-6.029166666666667
 30
0.0
 11
-44.0
 21
-16.381944444444443
 31
0.0
  0
LINE
  5
9C8
330
9C4
100
AcDbEntity
  8
0
 62
8
370
13
100
AcDbLine
 10
44.0
 20
-6.029166666666667
 30
0.0
 11
44.0
 21
-16.381944444444443
 31
0.0
  0
INSERT
  5
9C9
330
9C4
100
AcDbEntity
  8
COTAS
 62
8
100
AcDbBlockReference
  2
_OBLIQUE
 10
-44.0
 20
-15.5
 30
0.0
 41
2.188633333333333
 42
2.188633333333333
  0
INSERT
  5
9CB
330
9C4
100
AcDbEntity
  8
COTAS
 62
8
100
AcDbBlockReference
  2
_OBLIQUE
 10
44.0
 20
-15.5
 30
0.0
 41
2.188633333333333
 42
2.188633333333333
  0
LINE
  5
9CD
330
9C4
100
AcDbEntity
  8
0
 62
8
370
15
100
AcDbLine
 10
-44.0
 20
-15.5
 30
0.0
 11
44.0
 21
-15.5
 31
0.0
  0
MTEXT
  5
9CE
330
9C4
100
AcDbEntity
  8
COTAS
 62
250
100
AcDbMText
 10
0.0
 20
-13.9856
 30
0.0
 40
1.8288
 71
5
  1
L = 440
  7
ESTANDAR
  0
POINT
  5
9CF
330
9C4
100
AcDbEntity
  8
Defpoints
100
AcDbPoint
 10
-44.0
 20
-15.5
 30
0.0
  0
POINT
  5
9D0
330
9C4
100
AcDbEntity
  8
Defpoints
100
AcDbPoint
 10
-44.0
 20
-5.5
 30
0.0
  0
POINT
  5
9D1
330
9C4
100
AcDbEntity
  8
Defpoints
100
AcDbPoint
 10
44.0
 20
-5.5
 30
0.0
  0
ENDBLK
  5
9C6
330
9C4
100
AcDbEntity
  8
0
100
AcDbBlockEnd
  0
BLOCK
  5
9D3
330
9D2
100
AcDbEntity
  8
0
100
AcDbBlockBegin
  2
*D73
 70
1
 10
0.0
 20
0.0
 30
0.0
  3
*D73
  1

  0
LINE
  5
9D5
330
9D2
100
AcDbEntity
  8
0
 62
8
370
13
100
AcDbLine
 10
-30.0
 20
16.029166666666665
 30
0.0
 11
-30.0
 21
16.381944444444443
 31
0.0
  0
LINE
  5
9D6
330
9D2
100
AcDbEntity
  8
0
 62
8
370
13
100
AcDbLine
 10
30.0
 20
16.029166666666665
 30
0.0
 11
30.0
 21
16.381944444444443
 31
0.0
  0
INSERT
  5
9D7
330
9D2
100
AcDbEntity
  8
COTAS
 62
8
100
AcDbBlockReference
  2
_OBLIQUE
 10
-30.0
 20
15.5
 30
0.0
 41
2.188633333333333
 42
2.188633333333333
  0
INSERT
  5
9D9
330
9D2
100
AcDbEntity
  8
COTAS
 62
8
100
AcDbBlockReference
  2
_OBLIQUE
 10
30.0
 20
15.5
 30
0.0
 41
2.188633333333333
 42
2.188633333333333
  0
LINE
  5
9DB
330
9D2
100
AcDbEntity
  8
0
 62
8
370
15
100
AcDbLine
 10
-30.0
 20
15.5
 30
0.0
 11
30.0
 21
15.5
 31
0.0
  0
MTEXT
  5
9DC
330
9D2
100
AcDbEntity
  8
COTAS
 62
250
100
AcDbMText
 10
0.0
 20
17.0144
 30
0.0
 40
1.8288
 71
5
  1
300 (viga)
  7
ESTANDAR
  0
POINT
  5
9DD
330
9D2
100
AcDbEntity
  8
Defpoints
100
AcDbPoint
 10
-30.0
 20
15.5
 30
0.0
  0
POINT
  5
9DE
330
9D2
100
AcDbEntity
  8
Defpoints
100
AcDbPoint
 10
-30.0
 20
15.5
 30
0.0
  0
POINT
  5
9DF
330
9D2
100
AcDbEntity
  8
Defpoints
100
AcDbPoint
 10
30.0
 20
15.5
 30
0.0
  0
ENDBLK
  5
9D4
330
9D2
100
AcDbEntity
  8
0
100
AcDbBlockEnd
  0
BLOCK
  5
9E3
330
9E2
100
AcDbEntity
  8
0
100
AcDbBlockBegin
  2
DET_16_p1-pl-50x50x12
 70
0
 10
0.0
 20
0.0
 30
0.0
  3
DET_16_p1-pl-50x50x12
  1

  0
HATCH
  5
9E7
330
9E2
100
AcDbEntity
  8
G-r_bp
 62
7
420
3428459
100
AcDbHatch
 10
0.0
 20
0.0
 30
0.0
210
0.0
220
0.0
230
1.0
  2
SOLID
 70
1
 71
0
 91
1
 92
3
 72
0
 73
1
 93
4
 10
-16.25
 20
-8.75
 10
8.75
 20
-8.75
 10
8.75
 20
16.25
 10
-16.25
 20
16.25
 97
0
 75
0
 76
1
 98
0
  0
LWPOLYLINE
  5
9E8
330
9E2
100
AcDbEntity
  8
G-r_bp
100
AcDbPolyline
 90
4
 70
1
 10
-16.25
 20
-8.75
 10
8.75
 20
-8.75
 10
8.75
 20
16.25
 10
-16.25
 20
16.25
  0
HATCH
  5
9E9
330
9E2
100
AcDbEntity
  8
G-void
 62
7
420
16777215
100
AcDbHatch
 10
0.0
 20
0.0
 30
0.0
210
0.0
220
0.0
230
1.0
  2
SOLID
 70
1
 71
0
 91
1
 92
1
 93
1
 72
2
 10
-3.75
 20
3.75
 40
4.5
 50
0.0
 51
360.0
 73
1
 97
0
 75
0
 76
1
 98
0
  0
CIRCLE
  5
9EA
330
9E2
100
AcDbEntity
  8
G-void
100
AcDbCircle
 10
-3.75
 20
3.75
 30
0.0
 40
4.5
  0
DIMENSION
  5
9EB
330
9E2
100
AcDbEntity
  8
COTAS
100
AcDbDimension
280
0
  2
*D74
  3
COTAS_PAPEL
 10
-16.25
 20
-16.25
 30
0.0
 11
-3.75
 21
-14.7356
 31
0.0
 70
32
 71
5
  1
50
100
AcDbAlignedDimension
 13
-16.25
 23
-8.75
 33
0.0
 14
8.75
 24
-8.75
 34
0.0
 50
0.0
100
AcDbRotatedDimension
  0
DIMENSION
  5
9EC
330
9E2
100
AcDbEntity
  8
COTAS
100
AcDbDimension
280
0
  2
*D75
  3
COTAS_PAPEL
 10
16.25
 20
-8.75
 30
0.0
 11
14.7356
 21
3.75
 31
0.0
 70
32
 71
5
  1
50
100
AcDbAlignedDimension
 13
8.75
 23
-8.75
 33
0.0
 14
8.75
 24
16.25
 34
0.0
 50
90.0
100
AcDbRotatedDimension
  0
ENDBLK
  5
9E4
330
9E2
100
AcDbEntity
  8
0
100
AcDbBlockEnd
  0
BLOCK
  5
9EE
330
9ED
100
AcDbEntity
  8
0
100
AcDbBlockBegin
  2
*D74
 70
1
 10
0.0
 20
0.0
 30
0.0
  3
*D74
  1

  0
LINE
  5
9F0
330
9ED
100
AcDbEntity
  8
0
 62
8
370
13
100
AcDbLine
 10
-16.25
 20
-9.279166666666667
 30
0.0
 11
-16.25
 21
-17.131944444444443
 31
0.0
  0
LINE
  5
9F1
330
9ED
100
AcDbEntity
  8
0
 62
8
370
13
100
AcDbLine
 10
8.75
 20
-9.279166666666667
 30
0.0
 11
8.75
 21
-17.131944444444443
 31
0.0
  0
INSERT
  5
9F2
330
9ED
100
AcDbEntity
  8
COTAS
 62
8
100
AcDbBlockReference
  2
_OBLIQUE
 10
-16.25
 20
-16.25
 30
0.0
 41
2.188633333333333
 42
2.188633333333333
  0
INSERT
  5
9F4
330
9ED
100
AcDbEntity
  8
COTAS
 62
8
100
AcDbBlockReference
  2
_OBLIQUE
 10
8.75
 20
-16.25
 30
0.0
 41
2.188633333333333
 42
2.188633333333333
  0
LINE
  5
9F6
330
9ED
100
AcDbEntity
  8
0
 62
8
370
15
100
AcDbLine
 10
-16.25
 20
-16.25
 30
0.0
 11
8.75
 21
-16.25
 31
0.0
  0
MTEXT
  5
9F7
330
9ED
100
AcDbEntity
  8
COTAS
 62
250
100
AcDbMText
 10
-3.75
 20
-14.7356
 30
0.0
 40
1.8288
 71
5
  1
50
  7
ESTANDAR
  0
POINT
  5
9F8
330
9ED
100
AcDbEntity
  8
Defpoints
100
AcDbPoint
 10
-16.25
 20
-16.25
 30
0.0
  0
POINT
  5
9F9
330
9ED
100
AcDbEntity
  8
Defpoints
100
AcDbPoint
 10
-16.25
 20
-8.75
 30
0.0
  0
POINT
  5
9FA
330
9ED
100
AcDbEntity
  8
Defpoints
100
AcDbPoint
 10
8.75
 20
-8.75
 30
0.0
  0
ENDBLK
  5
9EF
330
9ED
100
AcDbEntity
  8
0
100
AcDbBlockEnd
  0
BLOCK
  5
9FC
330
9FB
100
AcDbEntity
  8
0
100
AcDbBlockBegin
  2
*D75
 70
1
 10
0.0
 20
0.0
 30
0.0
  3
*D75
  1

  0
LINE
  5
9FE
330
9FB
100
AcDbEntity
  8
0
 62
8
370
13
100
AcDbLine
 10
9.279166666666667
 20
-8.75
 30
0.0
 11
17.131944444444443
 21
-8.75
 31
0.0
  0
LINE
  5
9FF
330
9FB
100
AcDbEntity
  8
0
 62
8
370
13
100
AcDbLine
 10
9.279166666666667
 20
16.25
 30
0.0
 11
17.131944444444443
 21
16.25
 31
0.0
  0
INSERT
  5
A00
330
9FB
100
AcDbEntity
  8
COTAS
 62
8
100
AcDbBlockReference
  2
_OBLIQUE
 10
16.25
 20
-8.75
 30
0.0
 41
2.188633333333333
 42
2.188633333333333
 50
90.0
  0
INSERT
  5
A02
330
9FB
100
AcDbEntity
  8
COTAS
 62
8
100
AcDbBlockReference
  2
_OBLIQUE
 10
16.25
 20
16.25
 30
0.0
 41
2.188633333333333
 42
2.188633333333333
 50
90.0
  0
LINE
  5
A04
330
9FB
100
AcDbEntity
  8
0
 62
8
370
15
100
AcDbLine
 10
16.25
 20
-8.75
 30
0.0
 11
16.25
 21
16.25
 31
0.0
  0
MTEXT
  5
A05
330
9FB
100
AcDbEntity
  8
COTAS
 62
250
100
AcDbMText
 10
14.7356
 20
3.75
 30
0.0
 40
1.8288
 71
5
  1
50
  7
ESTANDAR
 50
90.0
  0
POINT
  5
A06
330
9FB
100
AcDbEntity
  8
Defpoints
100
AcDbPoint
 10
16.25
 20
-8.75
 30
0.0
  0
POINT
  5
A07
330
9FB
100
AcDbEntity
  8
Defpoints
100
AcDbPoint
 10
8.75
 20
-8.75
 30
0.0
  0
POINT
  5
A08
330
9FB
100
AcDbEntity
  8
Defpoints
100
AcDbPoint
 10
8.75
 20
16.25
 30
0.0
  0
ENDBLK
  5
9FD
330
9FB
100
AcDbEntity
  8
0
100
AcDbBlockEnd
  0
BLOCK
  5
A0C
330
A0B
100
AcDbEntity
  8
0
100
AcDbBlockBegin
  2
DET_17_p2-pl-140x260x12-a36
 70
0
 10
0.0
 20
0.0
 30
0.0
  3
DET_17_p2-pl-140x260x12-a36
  1

  0
HATCH
  5
A0E
330
A0B
100
AcDbEntity
  8
G-r_eplate
 62
7
420
15068145
100
AcDbHatch
 10
0.0
 20
0.0
 30
0.0
210
0.0
220
0.0
230
1.0
  2
SOLID
 70
1
 71
0
 91
1
 92
3
 72
0
 73
1
 93
4
 10
-8.5
 20
-13.0
 10
5.5
 20
-13.0
 10
5.5
 20
13.0
 10
-8.5
 20
13.0
 97
0
 75
0
 76
1
 98
0
  0
LWPOLYLINE
  5
A0F
330
A0B
100
AcDbEntity
  8
G-r_eplate
100
AcDbPolyline
 90
4
 70
1
 10
-8.5
 20
-13.0
 10
5.5
 20
-13.0
 10
5.5
 20
13.0
 10
-8.5
 20
13.0
  0
HATCH
  5
A10
330
A0B
100
AcDbEntity
  8
G-void
 62
7
420
16777215
100
AcDbHatch
 10
0.0
 20
0.0
 30
0.0
210
0.0
220
0.0
230
1.0
  2
SOLID
 70
1
 71
0
 91
1
 92
1
 93
1
 72
2
 10
-5.5
 20
8.8
 40
0.9
 50
0.0
 51
360.0
 73
1
 97
0
 75
0
 76
1
 98
0
  0
CIRCLE
  5
A11
330
A0B
100
AcDbEntity
  8
G-void
100
AcDbCircle
 10
-5.5
 20
8.8
 30
0.0
 40
0.9
  0
HATCH
  5
A12
330
A0B
100
AcDbEntity
  8
G-void
 62
7
420
16777215
100
AcDbHatch
 10
0.0
 20
0.0
 30
0.0
210
0.0
220
0.0
230
1.0
  2
SOLID
 70
1
 71
0
 91
1
 92
1
 93
1
 72
2
 10
2.5
 20
8.8
 40
0.9
 50
0.0
 51
360.0
 73
1
 97
0
 75
0
 76
1
 98
0
  0
CIRCLE
  5
A13
330
A0B
100
AcDbEntity
  8
G-void
100
AcDbCircle
 10
2.5
 20
8.8
 30
0.0
 40
0.9
  0
HATCH
  5
A14
330
A0B
100
AcDbEntity
  8
G-void
 62
7
420
16777215
100
AcDbHatch
 10
0.0
 20
0.0
 30
0.0
210
0.0
220
0.0
230
1.0
  2
SOLID
 70
1
 71
0
 91
1
 92
1
 93
1
 72
2
 10
-5.5
 20
-6.800000000000001
 40
0.9
 50
0.0
 51
360.0
 73
1
 97
0
 75
0
 76
1
 98
0
  0
CIRCLE
  5
A15
330
A0B
100
AcDbEntity
  8
G-void
100
AcDbCircle
 10
-5.5
 20
-6.800000000000001
 30
0.0
 40
0.9
  0
HATCH
  5
A16
330
A0B
100
AcDbEntity
  8
G-void
 62
7
420
16777215
100
AcDbHatch
 10
0.0
 20
0.0
 30
0.0
210
0.0
220
0.0
230
1.0
  2
SOLID
 70
1
 71
0
 91
1
 92
1
 93
1
 72
2
 10
2.5
 20
-6.800000000000001
 40
0.9
 50
0.0
 51
360.0
 73
1
 97
0
 75
0
 76
1
 98
0
  0
CIRCLE
  5
A17
330
A0B
100
AcDbEntity
  8
G-void
100
AcDbCircle
 10
2.5
 20
-6.800000000000001
 30
0.0
 40
0.9
  0
DIMENSION
  5
A18
330
A0B
100
AcDbEntity
  8
COTAS
100
AcDbDimension
280
0
  2
*D76
  3
COTAS_PAPEL
 10
-8.5
 20
-16.0
 30
0.0
 11
-1.5
 21
-14.4856
 31
0.0
 70
32
 71
5
  1
140
100
AcDbAlignedDimension
 13
-8.5
 23
-13.0
 33
0.0
 14
5.5
 24
-13.0
 34
0.0
 50
0.0
100
AcDbRotatedDimension
  0
DIMENSION
  5
A19
330
A0B
100
AcDbEntity
  8
COTAS
100
AcDbDimension
280
0
  2
*D77
  3
COTAS_PAPEL
 10
-5.5
 20
16.0
 30
0.0
 11
-1.5
 21
17.5144
 31
0.0
 70
32
 71
5
  1
80
100
AcDbAlignedDimension
 13
-5.5
 23
13.0
 33
0.0
 14
2.5
 24
13.0
 34
0.0
 50
0.0
100
AcDbRotatedDimension
  0
DIMENSION
  5
A1A
330
A0B
100
AcDbEntity
  8
COTAS
100
AcDbDimension
280
0
  2
*D78
  3
COTAS_PAPEL
 10
8.5
 20
13.0
 30
0.0
 11
10.0144
 21
10.9
 31
0.0
 70
32
 71
5
  1
42
100
AcDbAlignedDimension
 13
5.5
 23
13.0
 33
0.0
 14
5.5
 24
8.8
 34
0.0
 50
-90.0
100
AcDbRotatedDimension
  0
DIMENSION
  5
A1B
330
A0B
100
AcDbEntity
  8
COTAS
100
AcDbDimension
280
0
  2
*D79
  3
COTAS_PAPEL
 10
8.5
 20
8.8
 30
0.0
 11
10.0144
 21
1.0
 31
0.0
 70
32
 71
5
  1
156
100
AcDbAlignedDimension
 13
5.5
 23
8.8
 33
0.0
 14
5.5
 24
-6.800000000000001
 34
0.0
 50
-90.0
100
AcDbRotatedDimension
  0
DIMENSION
  5
A1C
330
A0B
100
AcDbEntity
  8
COTAS
100
AcDbDimension
280
0
  2
*D80
  3
COTAS_PAPEL
 10
8.5
 20
-6.800000000000001
 30
0.0
 11
10.0144
 21
-9.9
 31
0.0
 70
32
 71
5
  1
62
100
AcDbAlignedDimension
 13
5.5
 23
-6.800000000000001
 33
0.0
 14
5.5
 24
-13.0
 34
0.0
 50
-90.0
100
AcDbRotatedDimension
  0
ENDBLK
  5
A0D
330
A0B
100
AcDbEntity
  8
0
100
AcDbBlockEnd
  0
BLOCK
  5
A1E
330
A1D
100
AcDbEntity
  8
0
100
AcDbBlockBegin
  2
*D76
 70
1
 10
0.0
 20
0.0
 30
0.0
  3
*D76
  1

  0
LINE
  5
A20
330
A1D
100
AcDbEntity
  8
0
 62
8
370
13
100
AcDbLine
 10
-8.5
 20
-13.529166666666667
 30
0.0
 11
-8.5
 21
-16.881944444444443
 31
0.0
  0
LINE
  5
A21
330
A1D
100
AcDbEntity
  8
0
 62
8
370
13
100
AcDbLine
 10
5.5
 20
-13.529166666666667
 30
0.0
 11
5.5
 21
-16.881944444444443
 31
0.0
  0
INSERT
  5
A22
330
A1D
100
AcDbEntity
  8
COTAS
 62
8
100
AcDbBlockReference
  2
_OBLIQUE
 10
-8.5
 20
-16.0
 30
0.0
 41
2.188633333333333
 42
2.188633333333333
  0
INSERT
  5
A24
330
A1D
100
AcDbEntity
  8
COTAS
 62
8
100
AcDbBlockReference
  2
_OBLIQUE
 10
5.5
 20
-16.0
 30
0.0
 41
2.188633333333333
 42
2.188633333333333
  0
LINE
  5
A26
330
A1D
100
AcDbEntity
  8
0
 62
8
370
15
100
AcDbLine
 10
-8.5
 20
-16.0
 30
0.0
 11
5.5
 21
-16.0
 31
0.0
  0
MTEXT
  5
A27
330
A1D
100
AcDbEntity
  8
COTAS
 62
250
100
AcDbMText
 10
-1.5
 20
-14.4856
 30
0.0
 40
1.8288
 71
5
  1
140
  7
ESTANDAR
  0
POINT
  5
A28
330
A1D
100
AcDbEntity
  8
Defpoints
100
AcDbPoint
 10
-8.5
 20
-16.0
 30
0.0
  0
POINT
  5
A29
330
A1D
100
AcDbEntity
  8
Defpoints
100
AcDbPoint
 10
-8.5
 20
-13.0
 30
0.0
  0
POINT
  5
A2A
330
A1D
100
AcDbEntity
  8
Defpoints
100
AcDbPoint
 10
5.5
 20
-13.0
 30
0.0
  0
ENDBLK
  5
A1F
330
A1D
100
AcDbEntity
  8
0
100
AcDbBlockEnd
  0
BLOCK
  5
A2C
330
A2B
100
AcDbEntity
  8
0
100
AcDbBlockBegin
  2
*D77
 70
1
 10
0.0
 20
0.0
 30
0.0
  3
*D77
  1

  0
LINE
  5
A2E
330
A2B
100
AcDbEntity
  8
0
 62
8
370
13
100
AcDbLine
 10
-5.5
 20
13.529166666666667
 30
0.0
 11
-5.5
 21
16.881944444444443
 31
0.0
  0
LINE
  5
A2F
330
A2B
100
AcDbEntity
  8
0
 62
8
370
13
100
AcDbLine
 10
2.5
 20
13.529166666666667
 30
0.0
 11
2.5
 21
16.881944444444443
 31
0.0
  0
INSERT
  5
A30
330
A2B
100
AcDbEntity
  8
COTAS
 62
8
100
AcDbBlockReference
  2
_OBLIQUE
 10
-5.5
 20
16.0
 30
0.0
 41
2.188633333333333
 42
2.188633333333333
  0
INSERT
  5
A32
330
A2B
100
AcDbEntity
  8
COTAS
 62
8
100
AcDbBlockReference
  2
_OBLIQUE
 10
2.5
 20
16.0
 30
0.0
 41
2.188633333333333
 42
2.188633333333333
  0
LINE
  5
A34
330
A2B
100
AcDbEntity
  8
0
 62
8
370
15
100
AcDbLine
 10
-5.5
 20
16.0
 30
0.0
 11
2.5
 21
16.0
 31
0.0
  0
MTEXT
  5
A35
330
A2B
100
AcDbEntity
  8
COTAS
 62
250
100
AcDbMText
 10
-1.5
 20
17.5144
 30
0.0
 40
1.8288
 71
5
  1
80
  7
ESTANDAR
  0
POINT
  5
A36
330
A2B
100
AcDbEntity
  8
Defpoints
100
AcDbPoint
 10
-5.5
 20
16.0
 30
0.0
  0
POINT
  5
A37
330
A2B
100
AcDbEntity
  8
Defpoints
100
AcDbPoint
 10
-5.5
 20
13.0
 30
0.0
  0
POINT
  5
A38
330
A2B
100
AcDbEntity
  8
Defpoints
100
AcDbPoint
 10
2.5
 20
13.0
 30
0.0
  0
ENDBLK
  5
A2D
330
A2B
100
AcDbEntity
  8
0
100
AcDbBlockEnd
  0
BLOCK
  5
A3A
330
A39
100
AcDbEntity
  8
0
100
AcDbBlockBegin
  2
*D78
 70
1
 10
0.0
 20
0.0
 30
0.0
  3
*D78
  1

  0
LINE
  5
A3C
330
A39
100
AcDbEntity
  8
0
 62
8
370
13
100
AcDbLine
 10
6.029166666666667
 20
13.0
 30
0.0
 11
9.381944444444445
 21
13.0
 31
0.0
  0
LINE
  5
A3D
330
A39
100
AcDbEntity
  8
0
 62
8
370
13
100
AcDbLine
 10
6.029166666666667
 20
8.8
 30
0.0
 11
9.381944444444445
 21
8.8
 31
0.0
  0
INSERT
  5
A3E
330
A39
100
AcDbEntity
  8
COTAS
 62
8
100
AcDbBlockReference
  2
_OBLIQUE
 10
8.5
 20
13.0
 30
0.0
 41
2.188633333333333
 42
2.188633333333333
 50
-90.0
  0
INSERT
  5
A40
330
A39
100
AcDbEntity
  8
COTAS
 62
8
100
AcDbBlockReference
  2
_OBLIQUE
 10
8.5
 20
8.8
 30
0.0
 41
2.188633333333333
 42
2.188633333333333
 50
-90.0
  0
LINE
  5
A42
330
A39
100
AcDbEntity
  8
0
 62
8
370
15
100
AcDbLine
 10
8.5
 20
13.0
 30
0.0
 11
8.5
 21
8.8
 31
0.0
  0
MTEXT
  5
A43
330
A39
100
AcDbEntity
  8
COTAS
 62
250
100
AcDbMText
 10
10.0144
 20
10.9
 30
0.0
 40
1.8288
 71
5
  1
42
  7
ESTANDAR
 50
-90.0
  0
POINT
  5
A44
330
A39
100
AcDbEntity
  8
Defpoints
100
AcDbPoint
 10
8.5
 20
13.0
 30
0.0
  0
POINT
  5
A45
330
A39
100
AcDbEntity
  8
Defpoints
100
AcDbPoint
 10
5.5
 20
13.0
 30
0.0
  0
POINT
  5
A46
330
A39
100
AcDbEntity
  8
Defpoints
100
AcDbPoint
 10
5.5
 20
8.8
 30
0.0
  0
ENDBLK
  5
A3B
330
A39
100
AcDbEntity
  8
0
100
AcDbBlockEnd
  0
BLOCK
  5
A48
330
A47
100
AcDbEntity
  8
0
100
AcDbBlockBegin
  2
*D79
 70
1
 10
0.0
 20
0.0
 30
0.0
  3
*D79
  1

  0
LINE
  5
A4A
330
A47
100
AcDbEntity
  8
0
 62
8
370
13
100
AcDbLine
 10
6.029166666666667
 20
8.8
 30
0.0
 11
9.381944444444445
 21
8.8
 31
0.0
  0
LINE
  5
A4B
330
A47
100
AcDbEntity
  8
0
 62
8
370
13
100
AcDbLine
 10
6.029166666666667
 20
-6.800000000000001
 30
0.0
 11
9.381944444444445
 21
-6.800000000000001
 31
0.0
  0
INSERT
  5
A4C
330
A47
100
AcDbEntity
  8
COTAS
 62
8
100
AcDbBlockReference
  2
_OBLIQUE
 10
8.5
 20
8.8
 30
0.0
 41
2.188633333333333
 42
2.188633333333333
 50
-90.0
  0
INSERT
  5
A4E
330
A47
100
AcDbEntity
  8
COTAS
 62
8
100
AcDbBlockReference
  2
_OBLIQUE
 10
8.5
 20
-6.800000000000001
 30
0.0
 41
2.188633333333333
 42
2.188633333333333
 50
-90.0
  0
LINE
  5
A50
330
A47
100
AcDbEntity
  8
0
 62
8
370
15
100
AcDbLine
 10
8.5
 20
8.8
 30
0.0
 11
8.5
 21
-6.800000000000001
 31
0.0
  0
MTEXT
  5
A51
330
A47
100
AcDbEntity
  8
COTAS
 62
250
100
AcDbMText
 10
10.0144
 20
1.0
 30
0.0
 40
1.8288
 71
5
  1
156
  7
ESTANDAR
 50
-90.0
  0
POINT
  5
A52
330
A47
100
AcDbEntity
  8
Defpoints
100
AcDbPoint
 10
8.5
 20
8.8
 30
0.0
  0
POINT
  5
A53
330
A47
100
AcDbEntity
  8
Defpoints
100
AcDbPoint
 10
5.5
 20
8.8
 30
0.0
  0
POINT
  5
A54
330
A47
100
AcDbEntity
  8
Defpoints
100
AcDbPoint
 10
5.5
 20
-6.800000000000001
 30
0.0
  0
ENDBLK
  5
A49
330
A47
100
AcDbEntity
  8
0
100
AcDbBlockEnd
  0
BLOCK
  5
A56
330
A55
100
AcDbEntity
  8
0
100
AcDbBlockBegin
  2
*D80
 70
1
 10
0.0
 20
0.0
 30
0.0
  3
*D80
  1

  0
LINE
  5
A58
330
A55
100
AcDbEntity
  8
0
 62
8
370
13
100
AcDbLine
 10
6.029166666666667
 20
-6.800000000000001
 30
0.0
 11
9.381944444444445
 21
-6.800000000000001
 31
0.0
  0
LINE
  5
A59
330
A55
100
AcDbEntity
  8
0
 62
8
370
13
100
AcDbLine
 10
6.029166666666667
 20
-13.0
 30
0.0
 11
9.381944444444445
 21
-13.0
 31
0.0
  0
INSERT
  5
A5A
330
A55
100
AcDbEntity
  8
COTAS
 62
8
100
AcDbBlockReference
  2
_OBLIQUE
 10
8.5
 20
-6.800000000000001
 30
0.0
 41
2.188633333333333
 42
2.188633333333333
 50
-90.0
  0
INSERT
  5
A5C
330
A55
100
AcDbEntity
  8
COTAS
 62
8
100
AcDbBlockReference
  2
_OBLIQUE
 10
8.5
 20
-13.0
 30
0.0
 41
2.188633333333333
 42
2.188633333333333
 50
-90.0
  0
LINE
  5
A5E
330
A55
100
AcDbEntity
  8
0
 62
8
370
15
100
AcDbLine
 10
8.5
 20
-6.800000000000001
 30
0.0
 11
8.5
 21
-13.0
 31
0.0
  0
MTEXT
  5
A5F
330
A55
100
AcDbEntity
  8
COTAS
 62
250
100
AcDbMText
 10
10.0144
 20
-9.9
 30
0.0
 40
1.8288
 71
5
  1
62
  7
ESTANDAR
 50
-90.0
  0
POINT
  5
A60
330
A55
100
AcDbEntity
  8
Defpoints
100
AcDbPoint
 10
8.5
 20
-6.800000000000001
 30
0.0
  0
POINT
  5
A61
330
A55
100
AcDbEntity
  8
Defpoints
100
AcDbPoint
 10
5.5
 20
-6.800000000000001
 30
0.0
  0
POINT
  5
A62
330
A55
100
AcDbEntity
  8
Defpoints
100
AcDbPoint
 10
5.5
 20
-13.0
 30
0.0
  0
ENDBLK
  5
A57
330
A55
100
AcDbEntity
  8
0
100
AcDbBlockEnd
  0
BLOCK
  5
A66
330
A65
100
AcDbEntity
  8
0
100
AcDbBlockBegin
  2
DET_18_p3-pl-140x220x12-a36
 70
0
 10
0.0
 20
0.0
 30
0.0
  3
DET_18_p3-pl-140x220x12-a36
  1

  0
HATCH
  5
A68
330
A65
100
AcDbEntity
  8
G-r_eplate
 62
7
420
15068145
100
AcDbHatch
 10
0.0
 20
0.0
 30
0.0
210
0.0
220
0.0
230
1.0
  2
SOLID
 70
1
 71
0
 91
1
 92
3
 72
0
 73
1
 93
4
 10
-8.5
 20
-11.0
 10
5.5
 20
-11.0
 10
5.5
 20
11.0
 10
-8.5
 20
11.0
 97
0
 75
0
 76
1
 98
0
  0
LWPOLYLINE
  5
A69
330
A65
100
AcDbEntity
  8
G-r_eplate
100
AcDbPolyline
 90
4
 70
1
 10
-8.5
 20
-11.0
 10
5.5
 20
-11.0
 10
5.5
 20
11.0
 10
-8.5
 20
11.0
  0
HATCH
  5
A6A
330
A65
100
AcDbEntity
  8
G-void
 62
7
420
16777215
100
AcDbHatch
 10
0.0
 20
0.0
 30
0.0
210
0.0
220
0.0
230
1.0
  2
SOLID
 70
1
 71
0
 91
1
 92
1
 93
1
 72
2
 10
-4.25
 20
6.8
 40
0.9
 50
0.0
 51
360.0
 73
1
 97
0
 75
0
 76
1
 98
0
  0
CIRCLE
  5
A6B
330
A65
100
AcDbEntity
  8
G-void
100
AcDbCircle
 10
-4.25
 20
6.8
 30
0.0
 40
0.9
  0
HATCH
  5
A6C
330
A65
100
AcDbEntity
  8
G-void
 62
7
420
16777215
100
AcDbHatch
 10
0.0
 20
0.0
 30
0.0
210
0.0
220
0.0
230
1.0
  2
SOLID
 70
1
 71
0
 91
1
 92
1
 93
1
 72
2
 10
1.25
 20
6.8
 40
0.9
 50
0.0
 51
360.0
 73
1
 97
0
 75
0
 76
1
 98
0
  0
CIRCLE
  5
A6D
330
A65
100
AcDbEntity
  8
G-void
100
AcDbCircle
 10
1.25
 20
6.8
 30
0.0
 40
0.9
  0
HATCH
  5
A6E
330
A65
100
AcDbEntity
  8
G-void
 62
7
420
16777215
100
AcDbHatch
 10
0.0
 20
0.0
 30
0.0
210
0.0
220
0.0
230
1.0
  2
SOLID
 70
1
 71
0
 91
1
 92
1
 93
1
 72
2
 10
-4.25
 20
-4.0
 40
0.9
 50
0.0
 51
360.0
 73
1
 97
0
 75
0
 76
1
 98
0
  0
CIRCLE
  5
A6F
330
A65
100
AcDbEntity
  8
G-void
100
AcDbCircle
 10
-4.25
 20
-4.0
 30
0.0
 40
0.9
  0
HATCH
  5
A70
330
A65
100
AcDbEntity
  8
G-void
 62
7
420
16777215
100
AcDbHatch
 10
0.0
 20
0.0
 30
0.0
210
0.0
220
0.0
230
1.0
  2
SOLID
 70
1
 71
0
 91
1
 92
1
 93
1
 72
2
 10
1.25
 20
-4.0
 40
0.9
 50
0.0
 51
360.0
 73
1
 97
0
 75
0
 76
1
 98
0
  0
CIRCLE
  5
A71
330
A65
100
AcDbEntity
  8
G-void
100
AcDbCircle
 10
1.25
 20
-4.0
 30
0.0
 40
0.9
  0
DIMENSION
  5
A72
330
A65
100
AcDbEntity
  8
COTAS
100
AcDbDimension
280
0
  2
*D81
  3
COTAS_PAPEL
 10
-8.5
 20
-14.0
 30
0.0
 11
-1.5
 21
-12.4856
 31
0.0
 70
32
 71
5
  1
140
100
AcDbAlignedDimension
 13
-8.5
 23
-11.0
 33
0.0
 14
5.5
 24
-11.0
 34
0.0
 50
0.0
100
AcDbRotatedDimension
  0
DIMENSION
  5
A73
330
A65
100
AcDbEntity
  8
COTAS
100
AcDbDimension
280
0
  2
*D82
  3
COTAS_PAPEL
 10
-4.25
 20
14.0
 30
0.0
 11
-1.5
 21
15.5144
 31
0.0
 70
32
 71
5
  1
55
100
AcDbAlignedDimension
 13
-4.25
 23
11.0
 33
0.0
 14
1.25
 24
11.0
 34
0.0
 50
0.0
100
AcDbRotatedDimension
  0
DIMENSION
  5
A74
330
A65
100
AcDbEntity
  8
COTAS
100
AcDbDimension
280
0
  2
*D83
  3
COTAS_PAPEL
 10
8.5
 20
11.0
 30
0.0
 11
10.0144
 21
8.9
 31
0.0
 70
32
 71
5
  1
42
100
AcDbAlignedDimension
 13
5.5
 23
11.0
 33
0.0
 14
5.5
 24
6.8
 34
0.0
 50
-90.0
100
AcDbRotatedDimension
  0
DIMENSION
  5
A75
330
A65
100
AcDbEntity
  8
COTAS
100
AcDbDimension
280
0
  2
*D84
  3
COTAS_PAPEL
 10
8.5
 20
6.8
 30
0.0
 11
10.0144
 21
1.3999999999999995
 31
0.0
 70
32
 71
5
  1
108
100
AcDbAlignedDimension
 13
5.5
 23
6.8
 33
0.0
 14
5.5
 24
-4.0
 34
0.0
 50
-90.0
100
AcDbRotatedDimension
  0
DIMENSION
  5
A76
330
A65
100
AcDbEntity
  8
COTAS
100
AcDbDimension
280
0
  2
*D85
  3
COTAS_PAPEL
 10
8.5
 20
-4.0
 30
0.0
 11
10.0144
 21
-7.5
 31
0.0
 70
32
 71
5
  1
70
100
AcDbAlignedDimension
 13
5.5
 23
-4.0
 33
0.0
 14
5.5
 24
-11.0
 34
0.0
 50
-90.0
100
AcDbRotatedDimension
  0
ENDBLK
  5
A67
330
A65
100
AcDbEntity
  8
0
100
AcDbBlockEnd
  0
BLOCK
  5
A78
330
A77
100
AcDbEntity
  8
0
100
AcDbBlockBegin
  2
*D81
 70
1
 10
0.0
 20
0.0
 30
0.0
  3
*D81
  1

  0
LINE
  5
A7A
330
A77
100
AcDbEntity
  8
0
 62
8
370
13
100
AcDbLine
 10
-8.5
 20
-11.529166666666667
 30
0.0
 11
-8.5
 21
-14.881944444444445
 31
0.0
  0
LINE
  5
A7B
330
A77
100
AcDbEntity
  8
0
 62
8
370
13
100
AcDbLine
 10
5.5
 20
-11.529166666666667
 30
0.0
 11
5.5
 21
-14.881944444444445
 31
0.0
  0
INSERT
  5
A7C
330
A77
100
AcDbEntity
  8
COTAS
 62
8
100
AcDbBlockReference
  2
_OBLIQUE
 10
-8.5
 20
-14.0
 30
0.0
 41
2.188633333333333
 42
2.188633333333333
  0
INSERT
  5
A7E
330
A77
100
AcDbEntity
  8
COTAS
 62
8
100
AcDbBlockReference
  2
_OBLIQUE
 10
5.5
 20
-14.0
 30
0.0
 41
2.188633333333333
 42
2.188633333333333
  0
LINE
  5
A80
330
A77
100
AcDbEntity
  8
0
 62
8
370
15
100
AcDbLine
 10
-8.5
 20
-14.0
 30
0.0
 11
5.5
 21
-14.0
 31
0.0
  0
MTEXT
  5
A81
330
A77
100
AcDbEntity
  8
COTAS
 62
250
100
AcDbMText
 10
-1.5
 20
-12.4856
 30
0.0
 40
1.8288
 71
5
  1
140
  7
ESTANDAR
  0
POINT
  5
A82
330
A77
100
AcDbEntity
  8
Defpoints
100
AcDbPoint
 10
-8.5
 20
-14.0
 30
0.0
  0
POINT
  5
A83
330
A77
100
AcDbEntity
  8
Defpoints
100
AcDbPoint
 10
-8.5
 20
-11.0
 30
0.0
  0
POINT
  5
A84
330
A77
100
AcDbEntity
  8
Defpoints
100
AcDbPoint
 10
5.5
 20
-11.0
 30
0.0
  0
ENDBLK
  5
A79
330
A77
100
AcDbEntity
  8
0
100
AcDbBlockEnd
  0
BLOCK
  5
A86
330
A85
100
AcDbEntity
  8
0
100
AcDbBlockBegin
  2
*D82
 70
1
 10
0.0
 20
0.0
 30
0.0
  3
*D82
  1

  0
LINE
  5
A88
330
A85
100
AcDbEntity
  8
0
 62
8
370
13
100
AcDbLine
 10
-4.25
 20
11.529166666666667
 30
0.0
 11
-4.25
 21
14.881944444444445
 31
0.0
  0
LINE
  5
A89
330
A85
100
AcDbEntity
  8
0
 62
8
370
13
100
AcDbLine
 10
1.25
 20
11.529166666666667
 30
0.0
 11
1.25
 21
14.881944444444445
 31
0.0
  0
INSERT
  5
A8A
330
A85
100
AcDbEntity
  8
COTAS
 62
8
100
AcDbBlockReference
  2
_OBLIQUE
 10
-4.25
 20
14.0
 30
0.0
 41
2.188633333333333
 42
2.188633333333333
  0
INSERT
  5
A8C
330
A85
100
AcDbEntity
  8
COTAS
 62
8
100
AcDbBlockReference
  2
_OBLIQUE
 10
1.25
 20
14.0
 30
0.0
 41
2.188633333333333
 42
2.188633333333333
  0
LINE
  5
A8E
330
A85
100
AcDbEntity
  8
0
 62
8
370
15
100
AcDbLine
 10
-4.25
 20
14.0
 30
0.0
 11
1.25
 21
14.0
 31
0.0
  0
MTEXT
  5
A8F
330
A85
100
AcDbEntity
  8
COTAS
 62
250
100
AcDbMText
 10
-1.5
 20
15.5144
 30
0.0
 40
1.8288
 71
5
  1
55
  7
ESTANDAR
  0
POINT
  5
A90
330
A85
100
AcDbEntity
  8
Defpoints
100
AcDbPoint
 10
-4.25
 20
14.0
 30
0.0
  0
POINT
  5
A91
330
A85
100
AcDbEntity
  8
Defpoints
100
AcDbPoint
 10
-4.25
 20
11.0
 30
0.0
  0
POINT
  5
A92
330
A85
100
AcDbEntity
  8
Defpoints
100
AcDbPoint
 10
1.25
 20
11.0
 30
0.0
  0
ENDBLK
  5
A87
330
A85
100
AcDbEntity
  8
0
100
AcDbBlockEnd
  0
BLOCK
  5
A94
330
A93
100
AcDbEntity
  8
0
100
AcDbBlockBegin
  2
*D83
 70
1
 10
0.0
 20
0.0
 30
0.0
  3
*D83
  1

  0
LINE
  5
A96
330
A93
100
AcDbEntity
  8
0
 62
8
370
13
100
AcDbLine
 10
6.029166666666667
 20
11.0
 30
0.0
 11
9.381944444444445
 21
11.0
 31
0.0
  0
LINE
  5
A97
330
A93
100
AcDbEntity
  8
0
 62
8
370
13
100
AcDbLine
 10
6.029166666666667
 20
6.8
 30
0.0
 11
9.381944444444445
 21
6.8
 31
0.0
  0
INSERT
  5
A98
330
A93
100
AcDbEntity
  8
COTAS
 62
8
100
AcDbBlockReference
  2
_OBLIQUE
 10
8.5
 20
11.0
 30
0.0
 41
2.188633333333333
 42
2.188633333333333
 50
-90.0
  0
INSERT
  5
A9A
330
A93
100
AcDbEntity
  8
COTAS
 62
8
100
AcDbBlockReference
  2
_OBLIQUE
 10
8.5
 20
6.8
 30
0.0
 41
2.188633333333333
 42
2.188633333333333
 50
-90.0
  0
LINE
  5
A9C
330
A93
100
AcDbEntity
  8
0
 62
8
370
15
100
AcDbLine
 10
8.5
 20
11.0
 30
0.0
 11
8.5
 21
6.8
 31
0.0
  0
MTEXT
  5
A9D
330
A93
100
AcDbEntity
  8
COTAS
 62
250
100
AcDbMText
 10
10.0144
 20
8.9
 30
0.0
 40
1.8288
 71
5
  1
42
  7
ESTANDAR
 50
-90.0
  0
POINT
  5
A9E
330
A93
100
AcDbEntity
  8
Defpoints
100
AcDbPoint
 10
8.5
 20
11.0
 30
0.0
  0
POINT
  5
A9F
330
A93
100
AcDbEntity
  8
Defpoints
100
AcDbPoint
 10
5.5
 20
11.0
 30
0.0
  0
POINT
  5
AA0
330
A93
100
AcDbEntity
  8
Defpoints
100
AcDbPoint
 10
5.5
 20
6.8
 30
0.0
  0
ENDBLK
  5
A95
330
A93
100
AcDbEntity
  8
0
100
AcDbBlockEnd
  0
BLOCK
  5
AA2
330
AA1
100
AcDbEntity
  8
0
100
AcDbBlockBegin
  2
*D84
 70
1
 10
0.0
 20
0.0
 30
0.0
  3
*D84
  1

  0
LINE
  5
AA4
330
AA1
100
AcDbEntity
  8
0
 62
8
370
13
100
AcDbLine
 10
6.029166666666667
 20
6.8
 30
0.0
 11
9.381944444444445
 21
6.8
 31
0.0
  0
LINE
  5
AA5
330
AA1
100
AcDbEntity
  8
0
 62
8
370
13
100
AcDbLine
 10
6.029166666666667
 20
-4.0
 30
0.0
 11
9.381944444444445
 21
-4.0
 31
0.0
  0
INSERT
  5
AA6
330
AA1
100
AcDbEntity
  8
COTAS
 62
8
100
AcDbBlockReference
  2
_OBLIQUE
 10
8.5
 20
6.8
 30
0.0
 41
2.188633333333333
 42
2.188633333333333
 50
-90.0
  0
INSERT
  5
AA8
330
AA1
100
AcDbEntity
  8
COTAS
 62
8
100
AcDbBlockReference
  2
_OBLIQUE
 10
8.5
 20
-4.0
 30
0.0
 41
2.188633333333333
 42
2.188633333333333
 50
-90.0
  0
LINE
  5
AAA
330
AA1
100
AcDbEntity
  8
0
 62
8
370
15
100
AcDbLine
 10
8.5
 20
6.8
 30
0.0
 11
8.5
 21
-4.0
 31
0.0
  0
MTEXT
  5
AAB
330
AA1
100
AcDbEntity
  8
COTAS
 62
250
100
AcDbMText
 10
10.0144
 20
1.3999999999999995
 30
0.0
 40
1.8288
 71
5
  1
108
  7
ESTANDAR
 50
-90.0
  0
POINT
  5
AAC
330
AA1
100
AcDbEntity
  8
Defpoints
100
AcDbPoint
 10
8.5
 20
6.8
 30
0.0
  0
POINT
  5
AAD
330
AA1
100
AcDbEntity
  8
Defpoints
100
AcDbPoint
 10
5.5
 20
6.8
 30
0.0
  0
POINT
  5
AAE
330
AA1
100
AcDbEntity
  8
Defpoints
100
AcDbPoint
 10
5.5
 20
-4.0
 30
0.0
  0
ENDBLK
  5
AA3
330
AA1
100
AcDbEntity
  8
0
100
AcDbBlockEnd
  0
BLOCK
  5
AB0
330
AAF
100
AcDbEntity
  8
0
100
AcDbBlockBegin
  2
*D85
 70
1
 10
0.0
 20
0.0
 30
0.0
  3
*D85
  1

  0
LINE
  5
AB2
330
AAF
100
AcDbEntity
  8
0
 62
8
370
13
100
AcDbLine
 10
6.029166666666667
 20
-4.0
 30
0.0
 11
9.381944444444445
 21
-4.0
 31
0.0
  0
LINE
  5
AB3
330
AAF
100
AcDbEntity
  8
0
 62
8
370
13
100
AcDbLine
 10
6.029166666666667
 20
-11.0
 30
0.0
 11
9.381944444444445
 21
-11.0
 31
0.0
  0
INSERT
  5
AB4
330
AAF
100
AcDbEntity
  8
COTAS
 62
8
100
AcDbBlockReference
  2
_OBLIQUE
 10
8.5
 20
-4.0
 30
0.0
 41
2.188633333333333
 42
2.188633333333333
 50
-90.0
  0
INSERT
  5
AB6
330
AAF
100
AcDbEntity
  8
COTAS
 62
8
100
AcDbBlockReference
  2
_OBLIQUE
 10
8.5
 20
-11.0
 30
0.0
 41
2.188633333333333
 42
2.188633333333333
 50
-90.0
  0
LINE
  5
AB8
330
AAF
100
AcDbEntity
  8
0
 62
8
370
15
100
AcDbLine
 10
8.5
 20
-4.0
 30
0.0
 11
8.5
 21
-11.0
 31
0.0
  0
MTEXT
  5
AB9
330
AAF
100
AcDbEntity
  8
COTAS
 62
250
100
AcDbMText
 10
10.0144
 20
-7.5
 30
0.0
 40
1.8288
 71
5
  1
70
  7
ESTANDAR
 50
-90.0
  0
POINT
  5
ABA
330
AAF
100
AcDbEntity
  8
Defpoints
100
AcDbPoint
 10
8.5
 20
-4.0
 30
0.0
  0
POINT
  5
ABB
330
AAF
100
AcDbEntity
  8
Defpoints
100
AcDbPoint
 10
5.5
 20
-4.0
 30
0.0
  0
POINT
  5
ABC
330
AAF
100
AcDbEntity
  8
Defpoints
100
AcDbPoint
 10
5.5
 20
-11.0
 30
0.0
  0
ENDBLK
  5
AB1
330
AAF
100
AcDbEntity
  8
0
100
AcDbBlockEnd
  0
ENDSEC
  0
SECTION
  2
ENTITIES
  0
HATCH
  5
37
330
17
100
AcDbEntity
  8
LAMINA_FONDO
 62
7
420
15132390
100
AcDbHatch
 10
0.0
 20
0.0
 30
0.0
210
0.0
220
0.0
230
1.0
  2
SOLID
 70
1
 71
0
 91
1
 92
3
 72
0
 73
1
 93
4
 10
607.9811111111111
 20
353.4715277777778
 10
823.588888888889
 20
353.4715277777778
 10
823.588888888889
 20
348.17986111111117
 10
607.9811111111111
 20
348.17986111111117
 97
0
 75
0
 76
1
 98
0
  0
LINE
  5
38
330
17
100
AcDbEntity
  8
LAMINA_MARCO
100
AcDbLine
 10
8.0
 20
8.0
 30
0.0
 11
833.0
 21
8.0
 31
0.0
  0
LINE
  5
39
330
17
100
AcDbEntity
  8
LAMINA_MARCO
100
AcDbLine
 10
833.0
 20
8.0
 30
0.0
 11
833.0
 21
586.0000000000001
 31
0.0
  0
LINE
  5
3A
330
17
100
AcDbEntity
  8
LAMINA_MARCO
100
AcDbLine
 10
833.0
 20
586.0000000000001
 30
0.0
 11
8.0
 21
586.0000000000001
 31
0.0
  0
LINE
  5
3B
330
17
100
AcDbEntity
  8
LAMINA_MARCO
100
AcDbLine
 10
8.0
 20
586.0000000000001
 30
0.0
 11
8.0
 21
8.0
 31
0.0
  0
LINE
  5
3C
330
17
100
AcDbEntity
  8
LAMINA_MARCO
100
AcDbLine
 10
8.0
 20
52.99999999999999
 30
0.0
 11
833.0
 21
52.99999999999999
 31
0.0
  0
LINE
  5
3D
330
17
100
AcDbEntity
  8
LAMINA_MARCO
100
AcDbLine
 10
115.25000000000001
 20
8.0
 30
0.0
 11
115.25000000000001
 21
52.99999999999999
 31
0.0
  0
LINE
  5
3E
330
17
100
AcDbEntity
  8
LAMINA_MARCO
100
AcDbLine
 10
206.00000000000003
 20
8.0
 30
0.0
 11
206.00000000000003
 21
52.99999999999999
 31
0.0
  0
LINE
  5
3F
330
17
100
AcDbEntity
  8
LAMINA_MARCO
100
AcDbLine
 10
354.50000000000006
 20
8.0
 30
0.0
 11
354.50000000000006
 21
52.99999999999999
 31
0.0
  0
LINE
  5
40
330
17
100
AcDbEntity
  8
LAMINA_MARCO
100
AcDbLine
 10
486.50000000000006
 20
8.0
 30
0.0
 11
486.50000000000006
 21
52.99999999999999
 31
0.0
  0
LINE
  5
41
330
17
100
AcDbEntity
  8
LAMINA_MARCO
100
AcDbLine
 10
659.75
 20
8.0
 30
0.0
 11
659.75
 21
52.99999999999999
 31
0.0
  0
LINE
  5
42
330
17
100
AcDbEntity
  8
LAMINA_MARCO
100
AcDbLine
 10
767.0000000000001
 20
8.0
 30
0.0
 11
767.0000000000001
 21
52.99999999999999
 31
0.0
  0
LINE
  5
43
330
17
100
AcDbEntity
  8
LAMINA_TABLAS
370
15
100
AcDbLine
 10
607.9811111111111
 20
353.4715277777778
 30
0.0
 11
823.588888888889
 21
353.4715277777778
 31
0.0
  0
LINE
  5
44
330
17
100
AcDbEntity
  8
LAMINA_TABLAS
370
15
100
AcDbLine
 10
607.9811111111111
 20
276.74236111111117
 30
0.0
 11
823.588888888889
 21
276.74236111111117
 31
0.0
  0
LINE
  5
45
330
17
100
AcDbEntity
  8
LAMINA_TABLAS
370
15
100
AcDbLine
 10
607.9811111111111
 20
276.74236111111117
 30
0.0
 11
607.9811111111111
 21
353.4715277777778
 31
0.0
  0
LINE
  5
46
330
17
100
AcDbEntity
  8
LAMINA_TABLAS
370
15
100
AcDbLine
 10
823.588888888889
 20
276.74236111111117
 30
0.0
 11
823.588888888889
 21
353.4715277777778
 31
0.0
  0
LINE
  5
47
330
17
100
AcDbEntity
  8
LAMINA_TABLAS
370
15
100
AcDbLine
 10
607.9811111111111
 20
348.17986111111117
 30
0.0
 11
823.588888888889
 21
348.17986111111117
 31
0.0
  0
LINE
  5
48
330
17
100
AcDbEntity
  8
LAMINA_TABLAS
370
15
100
AcDbLine
 10
607.9811111111111
 20
342.8881944444445
 30
0.0
 11
823.588888888889
 21
342.8881944444445
 31
0.0
  0
LINE
  5
49
330
17
100
AcDbEntity
  8
LAMINA_TABLAS
370
15
100
AcDbLine
 10
607.9811111111111
 20
337.5965277777778
 30
0.0
 11
823.588888888889
 21
337.5965277777778
 31
0.0
  0
LINE
  5
4A
330
17
100
AcDbEntity
  8
LAMINA_TABLAS
370
15
100
AcDbLine
 10
607.9811111111111
 20
332.30486111111117
 30
0.0
 11
823.588888888889
 21
332.30486111111117
 31
0.0
  0
LINE
  5
4B
330
17
100
AcDbEntity
  8
LAMINA_TABLAS
370
15
100
AcDbLine
 10
607.9811111111111
 20
327.0131944444445
 30
0.0
 11
823.588888888889
 21
327.0131944444445
 31
0.0
  0
LINE
  5
4C
330
17
100
AcDbEntity
  8
LAMINA_TABLAS
370
15
100
AcDbLine
 10
607.9811111111111
 20
321.7215277777778
 30
0.0
 11
823.588888888889
 21
321.7215277777778
 31
0.0
  0
LINE
  5
4D
330
17
100
AcDbEntity
  8
LAMINA_TABLAS
370
15
100
AcDbLine
 10
607.9811111111111
 20
312.46111111111117
 30
0.0
 11
823.588888888889
 21
312.46111111111117
 31
0.0
  0
LINE
  5
4E
330
17
100
AcDbEntity
  8
LAMINA_TABLAS
370
15
100
AcDbLine
 10
607.9811111111111
 20
307.1694444444445
 30
0.0
 11
823.588888888889
 21
307.1694444444445
 31
0.0
  0
LINE
  5
4F
330
17
100
AcDbEntity
  8
LAMINA_TABLAS
370
15
100
AcDbLine
 10
607.9811111111111
 20
301.8777777777778
 30
0.0
 11
823.588888888889
 21
301.8777777777778
 31
0.0
  0
LINE
  5
50
330
17
100
AcDbEntity
  8
LAMINA_TABLAS
370
15
100
AcDbLine
 10
607.9811111111111
 20
296.58611111111117
 30
0.0
 11
823.588888888889
 21
296.58611111111117
 31
0.0
  0
LINE
  5
51
330
17
100
AcDbEntity
  8
LAMINA_TABLAS
370
15
100
AcDbLine
 10
607.9811111111111
 20
291.2944444444445
 30
0.0
 11
823.588888888889
 21
291.2944444444445
 31
0.0
  0
LINE
  5
52
330
17
100
AcDbEntity
  8
LAMINA_TABLAS
370
15
100
AcDbLine
 10
607.9811111111111
 20
286.0027777777778
 30
0.0
 11
823.588888888889
 21
286.0027777777778
 31
0.0
  0
LINE
  5
53
330
17
100
AcDbEntity
  8
LAMINA_TABLAS
370
15
100
AcDbLine
 10
625.2297333333333
 20
276.74236111111117
 30
0.0
 11
625.2297333333333
 21
353.4715277777778
 31
0.0
  0
LINE
  5
54
330
17
100
AcDbEntity
  8
LAMINA_TABLAS
370
15
100
AcDbLine
 10
661.8830555555555
 20
276.74236111111117
 30
0.0
 11
661.8830555555555
 21
353.4715277777778
 31
0.0
  0
LINE
  5
55
330
17
100
AcDbEntity
  8
LAMINA_TABLAS
370
15
100
AcDbLine
 10
776.1551777777779
 20
276.74236111111117
 30
0.0
 11
776.1551777777779
 21
353.4715277777778
 31
0.0
  0
LINE
  5
56
330
17
100
AcDbEntity
  8
LAMINA_TABLAS
370
15
100
AcDbLine
 10
802.0281111111112
 20
276.74236111111117
 30
0.0
 11
802.0281111111112
 21
353.4715277777778
 31
0.0
  0
TEXT
  5
57
330
17
100
AcDbEntity
  8
LAMINA_TEXTO
 62
251
420
5592405
100
AcDbText
 10
12.5
 20
45.5
 30
0.0
 40
2.4764999999999997
  1
PROYECTO:
  7
NEGRITA
 41
0.885
 11
12.5
 21
45.5
 31
0.0
100
AcDbText
  0
TEXT
  5
58
330
17
100
AcDbEntity
  8
LAMINA_TEXTO
 62
19
420
1118481
100
AcDbText
 10
12.5
 20
37.24999999999999
 30
0.0
 40
3.2384999999999993
  1
VIVIENDA EDGAR ORTEGA Y FAMILIA
  7
ESTANDAR
 41
0.885
 11
12.5
 21
37.24999999999999
 31
0.0
100
AcDbText
  0
TEXT
  5
59
330
17
100
AcDbEntity
  8
LAMINA_TEXTO
 62
251
420
5592405
100
AcDbText
 10
119.75000000000001
 20
45.5
 30
0.0
 40
2.4764999999999997
  1
PROPIETARIO:
  7
NEGRITA
 41
0.885
 11
119.75000000000001
 21
45.5
 31
0.0
100
AcDbText
  0
TEXT
  5
5A
330
17
100
AcDbEntity
  8
LAMINA_TEXTO
 62
19
420
1118481
100
AcDbText
 10
119.75000000000001
 20
37.24999999999999
 30
0.0
 40
3.2384999999999993
  1
SR. EDGAR ORTEGA
  7
ESTANDAR
 41
0.885
 11
119.75000000000001
 21
37.24999999999999
 31
0.0
100
AcDbText
  0
TEXT
  5
5B
330
17
100
AcDbEntity
  8
LAMINA_TEXTO
 62
251
420
5592405
100
AcDbText
 10
210.50000000000006
 20
45.5
 30
0.0
 40
2.4764999999999997
  1
DISEÑO ARQUITECTÓNICO:
  7
NEGRITA
 41
0.885
 11
210.50000000000006
 21
45.5
 31
0.0
100
AcDbText
  0
TEXT
  5
5C
330
17
100
AcDbEntity
  8
LAMINA_TEXTO
 62
19
420
1118481
100
AcDbText
 10
210.50000000000006
 20
37.24999999999999
 30
0.0
 40
3.2384999999999993
  1
DAVID SAAVEDRA
  7
ESTANDAR
 41
0.885
 11
210.50000000000006
 21
37.24999999999999
 31
0.0
100
AcDbText
  0
TEXT
  5
5D
330
17
100
AcDbEntity
  8
LAMINA_TEXTO
 62
251
420
5592405
100
AcDbText
 10
359.00000000000006
 20
45.5
 30
0.0
 40
2.4764999999999997
  1
DISEÑO ESTRUCTURAL:
  7
NEGRITA
 41
0.885
 11
359.00000000000006
 21
45.5
 31
0.0
100
AcDbText
  0
TEXT
  5
5E
330
17
100
AcDbEntity
  8
LAMINA_TEXTO
 62
19
420
1118481
100
AcDbText
 10
359.00000000000006
 20
37.24999999999999
 30
0.0
 40
3.2384999999999993
  1
ING. PATRICIO RODRIGUEZ
  7
ESTANDAR
 41
0.885
 11
359.00000000000006
 21
37.24999999999999
 31
0.0
100
AcDbText
  0
TEXT
  5
5F
330
17
100
AcDbEntity
  8
LAMINA_TEXTO
 62
19
420
1118481
100
AcDbText
 10
359.00000000000006
 20
31.549999999999994
 30
0.0
 40
3.2384999999999993
  1
SENESCYT: 1007-15-1429459
  7
ESTANDAR
 41
0.885
 11
359.00000000000006
 21
31.549999999999994
 31
0.0
100
AcDbText
  0
TEXT
  5
60
330
17
100
AcDbEntity
  8
LAMINA_TEXTO
 62
251
420
5592405
100
AcDbText
 10
491.00000000000006
 20
45.5
 30
0.0
 40
2.4764999999999997
  1
CONTENIDO:
  7
NEGRITA
 41
0.885
 11
491.00000000000006
 21
45.5
 31
0.0
100
AcDbText
  0
TEXT
  5
61
330
17
100
AcDbEntity
  8
LAMINA_TEXTO
 62
19
420
1118481
100
AcDbText
 10
491.00000000000006
 20
36.5
 30
0.0
 40
4.191
  1
Conexiones de vigas de acero
  7
NEGRITA
 41
0.885
 11
491.00000000000006
 21
36.5
 31
0.0
100
AcDbText
  0
TEXT
  5
62
330
17
100
AcDbEntity
  8
LAMINA_TEXTO
 62
19
420
1118481
100
AcDbText
 10
491.00000000000006
 20
28.999999999999996
 30
0.0
 40
2.6669999999999994
  1
Anclajes, bastones, estribos y placas de las conexiones de las vigas IPE 240 e IPE 200.
  7
ESTANDAR
 41
0.885
 11
491.00000000000006
 21
28.999999999999996
 31
0.0
100
AcDbText
  0
TEXT
  5
63
330
17
100
AcDbEntity
  8
LAMINA_TEXTO
 62
251
420
5592405
100
AcDbText
 10
664.25
 20
45.5
 30
0.0
 40
2.4764999999999997
  1
FECHA:
  7
NEGRITA
 41
0.885
 11
664.25
 21
45.5
 31
0.0
100
AcDbText
  0
TEXT
  5
64
330
17
100
AcDbEntity
  8
LAMINA_TEXTO
 62
19
420
1118481
100
AcDbText
 10
664.25
 20
37.24999999999999
 30
0.0
 40
3.2384999999999993
  1
OCTUBRE 2026
  7
ESTANDAR
 41
0.885
 11
664.25
 21
37.24999999999999
 31
0.0
100
AcDbText
  0
TEXT
  5
65
330
17
100
AcDbEntity
  8
LAMINA_TEXTO
 62
251
420
5592405
100
AcDbText
 10
771.5
 20
45.5
 30
0.0
 40
2.4764999999999997
  1
LÁMINA:
  7
NEGRITA
 41
0.885
 11
771.5
 21
45.5
 31
0.0
100
AcDbText
  0
TEXT
  5
66
330
17
100
AcDbEntity
  8
LAMINA_TEXTO
 62
19
420
1118481
100
AcDbText
 10
790.7321750000001
 20
23.000000000000004
 30
0.0
 40
6.857999999999999
  1
1 / 1
  7
NEGRITA
 41
0.885
 11
790.7321750000001
 21
23.000000000000004
 31
0.0
100
AcDbText
  0
TEXT
  5
67
330
17
100
AcDbEntity
  8
LAMINA_TEXTO
 62
250
420
0
100
AcDbText
 10
17.41111111111103
 20
569.6513888888888
 30
0.0
 40
4.444999999999999
  1
Conexiones de vigas de acero a vigas y columnas de hormigón
  7
NEGRITA
 41
0.885
 11
17.41111111111103
 21
569.6513888888888
 31
0.0
100
AcDbText
  0
TEXT
  5
68
330
17
100
AcDbEntity
  8
LAMINA_TEXTO
 62
250
420
0
100
AcDbText
 10
17.41111111111103
 20
557.3923611111111
 30
0.0
 40
3.4924999999999993
  1
1. Planta de ubicación
  7
NEGRITA
 41
0.885
 11
17.41111111111103
 21
557.3923611111111
 31
0.0
100
AcDbText
  0
TEXT
  5
69
330
17
100
AcDbEntity
  8
LAMINA_TEXTO
 62
250
420
0
100
AcDbText
 10
17.41111111111103
 20
284.71833462412224
 30
0.0
 40
2.6987499999999995
  1
PLANTA DE UBICACIÓN
  7
NEGRITA
 41
0.885
 11
17.41111111111103
 21
284.71833462412224
 31
0.0
100
AcDbText
  0
TEXT
  5
6A
330
17
100
AcDbEntity
  8
LAMINA_TEXTO
 62
250
420
0
100
AcDbText
 10
17.41111111111103
 20
280.4409040685667
 30
0.0
 40
2.2859999999999996
  1
Rojo: unión placa extremo-columna
  7
NEGRITA
 41
0.885
 11
17.41111111111103
 21
280.4409040685667
 31
0.0
100
AcDbText
  0
TEXT
  5
6B
330
17
100
AcDbEntity
  8
LAMINA_TEXTO
 62
250
420
0
100
AcDbText
 10
71.39563611111102
 20
280.4409040685667
 30
0.0
 40
2.2859999999999996
  1
 (B4, C4, D4X, D4Y, D3), con 2 bastones Ø12 (naranja) en la viga en línea; punto naranja: pata hacia abajo.
  7
ESTANDAR
 41
0.885
 11
71.39563611111102
 21
280.4409040685667
 31
0.0
100
AcDbText
  0
TEXT
  5
6C
330
17
100
AcDbEntity
  8
LAMINA_TEXTO
 62
250
420
0
100
AcDbText
 10
224.23061111111102
 20
280.4409040685667
 30
0.0
 40
2.2859999999999996
  1
Círculos: conexión sándwich (10)
  7
NEGRITA
 41
0.885
 11
224.23061111111102
 21
280.4409040685667
 31
0.0
100
AcDbText
  0
TEXT
  5
6D
330
17
100
AcDbEntity
  8
LAMINA_TEXTO
 62
250
420
0
100
AcDbText
 10
274.690886111111
 20
280.4409040685667
 30
0.0
 40
2.2859999999999996
  1
, con los 2 anclajes que atraviesan
  7
ESTANDAR
 41
0.885
 11
274.690886111111
 21
280.4409040685667
 31
0.0
100
AcDbText
  0
TEXT
  5
6E
330
17
100
AcDbEntity
  8
LAMINA_TEXTO
 62
250
420
0
100
AcDbText
 10
17.41111111111103
 20
276.3839596241222
 30
0.0
 40
2.2859999999999996
  1
la viga. Viga D entre 3 y 4: estribos Ø10 cada 110 / 140 / 110. Ejes 4 (B-C y C-D):
  7
ESTANDAR
 41
0.885
 11
17.41111111111103
 21
276.3839596241222
 31
0.0
100
AcDbText
  0
TEXT
  5
6F
330
17
100
AcDbEntity
  8
LAMINA_TEXTO
 62
250
420
0
100
AcDbText
 10
133.17478611111102
 20
276.3839596241222
 30
0.0
 40
2.2859999999999996
  1
VCS+1Ø12
  7
NEGRITA
 41
0.885
 11
133.17478611111102
 21
276.3839596241222
 31
0.0
100
AcDbText
  0
TEXT
  5
70
330
17
100
AcDbEntity
  8
LAMINA_TEXTO
 62
250
420
0
100
AcDbText
 10
149.32283611111103
 20
276.3839596241222
 30
0.0
 40
2.2859999999999996
  1
, varilla extra abajo (celeste).
  7
ESTANDAR
 41
0.885
 11
149.32283611111103
 21
276.3839596241222
 31
0.0
100
AcDbText
  0
TEXT
  5
71
330
17
100
AcDbEntity
  8
LAMINA_TEXTO
 62
250
420
0
100
AcDbText
 10
18.82222222222214
 20
174.9898624019
 30
0.0
 40
2.6987499999999995
  1
CORTE A-A: VCS+1Ø12 (EJE 4)
  7
NEGRITA
 41
0.885
 11
18.82222222222214
 21
174.9898624019
 31
0.0
100
AcDbText
  0
TEXT
  5
72
330
17
100
AcDbEntity
  8
LAMINA_TEXTO
 62
250
420
0
100
AcDbText
 10
18.82222222222214
 20
170.71243184634446
 30
0.0
 40
2.2859999999999996
  1
3Ø12 arriba, 4Ø12 abajo (1-2-1).
  7
ESTANDAR
 41
0.885
 11
18.82222222222214
 21
170.71243184634446
 31
0.0
100
AcDbText
  0
TEXT
  5
73
330
17
100
AcDbEntity
  8
LAMINA_TEXTO
 62
250
420
0
100
AcDbText
 10
65.93922222222214
 20
170.71243184634446
 30
0.0
 40
2.2859999999999996
  1
Varilla extra Ø12, L = 1500,
  7
NEGRITA
 41
0.885
 11
65.93922222222214
 21
170.71243184634446
 31
0.0
100
AcDbText
  0
TEXT
  5
74
330
17
100
AcDbEntity
  8
LAMINA_TEXTO
 62
250
420
0
100
AcDbText
 10
18.82222222222214
 20
166.65548740190002
 30
0.0
 40
2.2859999999999996
  1
centrada en el cruce con la IPE 200 (ejes F y G).
  7
NEGRITA
 41
0.885
 11
18.82222222222214
 21
166.65548740190002
 31
0.0
100
AcDbText
  0
TEXT
  5
75
330
17
100
AcDbEntity
  8
LAMINA_TEXTO
 62
250
420
0
100
AcDbText
 10
120.35481481481474
 20
174.9898624019
 30
0.0
 40
2.6987499999999995
  1
CORTE B-B: VCM CON BASTONES
  7
NEGRITA
 41
0.885
 11
120.35481481481474
 21
174.9898624019
 31
0.0
100
AcDbText
  0
TEXT
  5
76
330
17
100
AcDbEntity
  8
LAMINA_TEXTO
 62
250
420
0
100
AcDbText
 10
120.35481481481474
 20
170.71243184634446
 30
0.0
 40
2.2859999999999996
  1
B4, C4, D4Y. VCM 5Ø12 + 5Ø12 (pares en las esquinas).
  7
ESTANDAR
 41
0.885
 11
120.35481481481474
 21
170.71243184634446
 31
0.0
100
AcDbText
  0
TEXT
  5
77
330
17
100
AcDbEntity
  8
LAMINA_TEXTO
 62
250
420
0
100
AcDbText
 10
202.50158981481474
 20
170.71243184634446
 30
0.0
 40
2.2859999999999996
  1
Bastones
  7
NEGRITA
 41
0.885
 11
202.50158981481474
 21
170.71243184634446
 31
0.0
100
AcDbText
  0
TEXT
  5
78
330
17
100
AcDbEntity
  8
LAMINA_TEXTO
 62
250
420
0
100
AcDbText
 10
120.35481481481474
 20
166.65548740190002
 30
0.0
 40
2.2859999999999996
  1
Ø12 junto al par de esquina, a 80 de arriba.
  7
NEGRITA
 41
0.885
 11
120.35481481481474
 21
166.65548740190002
 31
0.0
100
AcDbText
  0
TEXT
  5
79
330
17
100
AcDbEntity
  8
LAMINA_TEXTO
 62
250
420
0
100
AcDbText
 10
221.88740740740738
 20
174.9898624019
 30
0.0
 40
2.6987499999999995
  1
CORTE C-C: VCS CON BASTONES
  7
NEGRITA
 41
0.885
 11
221.88740740740738
 21
174.9898624019
 31
0.0
100
AcDbText
  0
TEXT
  5
7A
330
17
100
AcDbEntity
  8
LAMINA_TEXTO
 62
250
420
0
100
AcDbText
 10
221.88740740740738
 20
170.71243184634446
 30
0.0
 40
2.2859999999999996
  1
D4X y D3. VCS 3Ø12 + 3Ø12.
  7
ESTANDAR
 41
0.885
 11
221.88740740740738
 21
170.71243184634446
 31
0.0
100
AcDbText
  0
TEXT
  5
7B
330
17
100
AcDbEntity
  8
LAMINA_TEXTO
 62
250
420
0
100
AcDbText
 10
265.56588240740734
 20
170.71243184634446
 30
0.0
 40
2.2859999999999996
  1
Bastones Ø12 contra el estribo,
  7
NEGRITA
 41
0.885
 11
265.56588240740734
 21
170.71243184634446
 31
0.0
100
AcDbText
  0
TEXT
  5
7C
330
17
100
AcDbEntity
  8
LAMINA_TEXTO
 62
250
420
0
100
AcDbText
 10
221.88740740740738
 20
166.65548740190002
 30
0.0
 40
2.2859999999999996
  1
debajo de las esquinas, a 80 de arriba (en D4X: a 98).
  7
NEGRITA
 41
0.885
 11
221.88740740740738
 21
166.65548740190002
 31
0.0
100
AcDbText
  0
TEXT
  5
7D
330
17
100
AcDbEntity
  8
LAMINA_TEXTO
 62
250
420
0
100
AcDbText
 10
324.8311111111111
 20
570.9743055555556
 30
0.0
 40
3.4924999999999993
  1
2. Unión placa extremo - columna (C4; igual en B4, D4X, D4Y, D3)
  7
NEGRITA
 41
0.885
 11
324.8311111111111
 21
570.9743055555556
 31
0.0
100
AcDbText
  0
TEXT
  5
7E
330
17
100
AcDbEntity
  8
LAMINA_TEXTO
 62
250
420
0
100
AcDbText
 10
324.8311111111111
 20
462.31952675937265
 30
0.0
 40
2.6987499999999995
  1
DETALLE 2.1 - C4: CORTE POR EL EJE DEL VOLADIZO
  7
NEGRITA
 41
0.885
 11
324.8311111111111
 21
462.31952675937265
 31
0.0
100
AcDbText
  0
TEXT
  5
7F
330
17
100
AcDbEntity
  8
LAMINA_TEXTO
 62
250
420
0
100
AcDbText
 10
324.8311111111111
 20
458.0420962038171
 30
0.0
 40
2.2859999999999996
  1
Anclajes A1 (rojo) con placa de cabeza P1 dentro de la jaula de estribos. Bastones Ø12 (naranja) con pata de 200 hacia abajo. Estribos del nudo Ø10 (morado) en 4 niveles; 2 estribos Ø14 (verde) en
  7
ESTANDAR
 41
0.885
 11
324.8311111111111
 21
458.0420962038171
 31
0.0
100
AcDbText
  0
TEXT
  5
80
330
17
100
AcDbEntity
  8
LAMINA_TEXTO
 62
250
420
0
100
AcDbText
 10
324.8311111111111
 20
453.9851517593726
 30
0.0
 40
2.2859999999999996
  1
la cabeza de la columna. Transparente: va después.
  7
ESTANDAR
 41
0.885
 11
324.8311111111111
 21
453.9851517593726
 31
0.0
100
AcDbText
  0
TEXT
  5
81
330
17
100
AcDbEntity
  8
LAMINA_TEXTO
 62
250
420
0
100
AcDbText
 10
326.2422222222222
 20
371.78632417396864
 30
0.0
 40
2.6987499999999995
  1
DETALLE 2.2 - C4: VISTA DESDE EL VOLADIZO
  7
NEGRITA
 41
0.885
 11
326.2422222222222
 21
371.78632417396864
 31
0.0
100
AcDbText
  0
TEXT
  5
82
330
17
100
AcDbEntity
  8
LAMINA_TEXTO
 62
250
420
0
100
AcDbText
 10
326.2422222222222
 20
367.5088936184131
 30
0.0
 40
2.2859999999999996
  1
Placa P2 140x260x12 sobre grout de 25.
  7
ESTANDAR
 41
0.885
 11
326.2422222222222
 21
367.5088936184131
 31
0.0
100
AcDbText
  0
TEXT
  5
83
330
17
100
AcDbEntity
  8
LAMINA_TEXTO
 62
250
420
0
100
AcDbText
 10
384.66222222222217
 20
367.5088936184131
 30
0.0
 40
2.2859999999999996
  1
En D4X los A1 van a 62 y 173
  7
NEGRITA
 41
0.885
 11
384.66222222222217
 21
367.5088936184131
 31
0.0
100
AcDbText
  0
TEXT
  5
84
330
17
100
AcDbEntity
  8
LAMINA_TEXTO
 62
250
420
0
100
AcDbText
 10
428.4295972222222
 20
367.5088936184131
 30
0.0
 40
2.2859999999999996
  1
 (cruzan debajo de los de
  7
ESTANDAR
 41
0.885
 11
428.4295972222222
 21
367.5088936184131
 31
0.0
100
AcDbText
  0
TEXT
  5
85
330
17
100
AcDbEntity
  8
LAMINA_TEXTO
 62
250
420
0
100
AcDbText
 10
326.2422222222222
 20
363.45194917396867
 30
0.0
 40
2.2859999999999996
  1
D4Y).
  7
ESTANDAR
 41
0.885
 11
326.2422222222222
 21
363.45194917396867
 31
0.0
100
AcDbText
  0
TEXT
  5
86
330
17
100
AcDbEntity
  8
LAMINA_TEXTO
 62
250
420
0
100
AcDbText
 10
466.40611111111116
 20
312.5910545371504
 30
0.0
 40
2.6987499999999995
  1
DETALLE 2.3 - C4: PLANTA A LA ALTURA DE LOS A1
  7
NEGRITA
 41
0.885
 11
466.40611111111116
 21
312.5910545371504
 31
0.0
100
AcDbText
  0
TEXT
  5
87
330
17
100
AcDbEntity
  8
LAMINA_TEXTO
 62
250
420
0
100
AcDbText
 10
466.40611111111116
 20
308.31362398159484
 30
0.0
 40
2.2859999999999996
  1
Bastones a ±82 del eje, junto a las barras de esquina de la VCM. Tramo recto 1220 desde la cara
  7
ESTANDAR
 41
0.885
 11
466.40611111111116
 21
308.31362398159484
 31
0.0
100
AcDbText
  0
TEXT
  5
88
330
17
100
AcDbEntity
  8
LAMINA_TEXTO
 62
250
420
0
100
AcDbText
 10
466.40611111111116
 20
304.2566795371504
 30
0.0
 40
2.2859999999999996
  1
exterior de la pata.
  7
ESTANDAR
 41
0.885
 11
466.40611111111116
 21
304.2566795371504
 31
0.0
100
AcDbText
  0
TEXT
  5
89
330
17
100
AcDbEntity
  8
LAMINA_TEXTO
 62
250
420
0
100
AcDbText
 10
324.8311111111111
 20
189.8625823149282
 30
0.0
 40
2.6987499999999995
  1
DETALLE 2.4 - D4: VISTA DESDE EL SUR
  7
NEGRITA
 41
0.885
 11
324.8311111111111
 21
189.8625823149282
 31
0.0
100
AcDbText
  0
TEXT
  5
8A
330
17
100
AcDbEntity
  8
LAMINA_TEXTO
 62
250
420
0
100
AcDbText
 10
324.8311111111111
 20
185.58515175937265
 30
0.0
 40
2.2859999999999996
  1
Dos voladizos.
  7
ESTANDAR
 41
0.885
 11
324.8311111111111
 21
185.58515175937265
 31
0.0
100
AcDbText
  0
TEXT
  5
8B
330
17
100
AcDbEntity
  8
LAMINA_TEXTO
 62
250
420
0
100
AcDbText
 10
346.3576111111111
 20
185.58515175937265
 30
0.0
 40
2.2859999999999996
  1
A1 de D4X a 62 y 173, debajo de los de D4Y; bastones de D4X a 98, hacia el oeste por la VCS del eje 4.
  7
NEGRITA
 41
0.885
 11
346.3576111111111
 21
185.58515175937265
 31
0.0
100
AcDbText
  0
TEXT
  5
8C
330
17
100
AcDbEntity
  8
LAMINA_TEXTO
 62
250
420
0
100
AcDbText
 10
500.0625361111111
 20
185.58515175937265
 30
0.0
 40
2.2859999999999996
  1
 D4Y igual a C4. Correr los estribos del nudo lo necesario.
  7
ESTANDAR
 41
0.885
 11
500.0625361111111
 21
185.58515175937265
 31
0.0
100
AcDbText
  0
TEXT
  5
8D
330
17
100
AcDbEntity
  8
LAMINA_TEXTO
 62
250
420
0
100
AcDbText
 10
324.8311111111111
 20
176.32473509270596
 30
0.0
 40
3.4924999999999993
  1
3. Conexión sándwich (A, B, C, D en 10 y 11; F4, G4)
  7
NEGRITA
 41
0.885
 11
324.8311111111111
 21
176.32473509270596
 31
0.0
100
AcDbText
  0
TEXT
  5
8E
330
17
100
AcDbEntity
  8
LAMINA_TEXTO
 62
250
420
0
100
AcDbText
 10
326.2422222222222
 20
90.83037077646664
 30
0.0
 40
2.6987499999999995
  1
DETALLE 3.1 - SÁNDWICH: VISTA LATERAL DE LA VIGA
  7
NEGRITA
 41
0.885
 11
326.2422222222222
 21
90.83037077646664
 31
0.0
100
AcDbText
  0
TEXT
  5
8F
330
17
100
AcDbEntity
  8
LAMINA_TEXTO
 62
250
420
0
100
AcDbText
 10
326.2422222222222
 20
86.55294022091108
 30
0.0
 40
2.2859999999999996
  1
Placa P3 140x220x12 sobre grout de 25 a cada lado (después).
  7
ESTANDAR
 41
0.885
 11
326.2422222222222
 21
86.55294022091108
 31
0.0
100
AcDbText
  0
TEXT
  5
90
330
17
100
AcDbEntity
  8
LAMINA_TEXTO
 62
250
420
0
100
AcDbText
 10
416.9583222222222
 20
86.55294022091108
 30
0.0
 40
2.2859999999999996
  1
Un estribo a cada lado de los
  7
NEGRITA
 41
0.885
 11
416.9583222222222
 21
86.55294022091108
 31
0.0
100
AcDbText
  0
TEXT
  5
91
330
17
100
AcDbEntity
  8
LAMINA_TEXTO
 62
250
420
0
100
AcDbText
 10
326.2422222222222
 20
82.49599577646663
 30
0.0
 40
2.2859999999999996
  1
anclajes
  7
NEGRITA
 41
0.885
 11
326.2422222222222
 21
82.49599577646663
 31
0.0
100
AcDbText
  0
TEXT
  5
92
330
17
100
AcDbEntity
  8
LAMINA_TEXTO
 62
250
420
0
100
AcDbText
 10
338.77394722222226
 20
82.49599577646663
 30
0.0
 40
2.2859999999999996
  1
, los demás cada 110 desde ellos.
  7
ESTANDAR
 41
0.885
 11
338.77394722222226
 21
82.49599577646663
 31
0.0
100
AcDbText
  0
TEXT
  5
93
330
17
100
AcDbEntity
  8
LAMINA_TEXTO
 62
250
420
0
100
AcDbText
 10
466.40611111111116
 20
73.0785545371504
 30
0.0
 40
2.6987499999999995
  1
DETALLE 3.2 - SÁNDWICH: PLANTA POR LOS ANCLAJES
  7
NEGRITA
 41
0.885
 11
466.40611111111116
 21
73.0785545371504
 31
0.0
100
AcDbText
  0
TEXT
  5
94
330
17
100
AcDbEntity
  8
LAMINA_TEXTO
 62
250
420
0
100
AcDbText
 10
466.40611111111116
 20
68.80112398159484
 30
0.0
 40
2.2859999999999996
  1
Anclajes A2 pasantes, L = 440, entre estribos. Grout 25, placas, tuercas e IPE 200: después.
  7
ESTANDAR
 41
0.885
 11
466.40611111111116
 21
68.80112398159484
 31
0.0
100
AcDbText
  0
TEXT
  5
95
330
17
100
AcDbEntity
  8
LAMINA_TEXTO
 62
250
420
0
100
AcDbText
 10
607.9811111111111
 20
570.9743055555556
 30
0.0
 40
3.4924999999999993
  1
4. Piezas, cantidades y notas
  7
NEGRITA
 41
0.885
 11
607.9811111111111
 21
570.9743055555556
 31
0.0
100
AcDbText
  0
TEXT
  5
96
330
17
100
AcDbEntity
  8
LAMINA_TEXTO
 62
250
420
0
100
AcDbText
 10
609.3922222222222
 20
502.72812500000003
 30
0.0
 40
2.6987499999999995
  1
DETALLE 4.1 - ESTRIBO Ø14
  7
NEGRITA
 41
0.885
 11
609.3922222222222
 21
502.72812500000003
 31
0.0
100
AcDbText
  0
TEXT
  5
97
330
17
100
AcDbEntity
  8
LAMINA_TEXTO
 62
250
420
0
100
AcDbText
 10
609.3922222222222
 20
498.4506944444445
 30
0.0
 40
2.2859999999999996
  1
Cabeza de la columna (105 sobre las vigas): 2
  7
ESTANDAR
 41
0.885
 11
609.3922222222222
 21
498.4506944444445
 31
0.0
100
AcDbText
  0
TEXT
  5
98
330
17
100
AcDbEntity
  8
LAMINA_TEXTO
 62
250
420
0
100
AcDbText
 10
609.3922222222222
 20
494.39375
 30
0.0
 40
2.2859999999999996
  1
por columna, juntos, a 63 de la cara superior de
  7
ESTANDAR
 41
0.885
 11
609.3922222222222
 21
494.39375
 31
0.0
100
AcDbText
  0
TEXT
  5
99
330
17
100
AcDbEntity
  8
LAMINA_TEXTO
 62
250
420
0
100
AcDbText
 10
609.3922222222222
 20
490.3368055555556
 30
0.0
 40
2.2859999999999996
  1
la columna.
  7
ESTANDAR
 41
0.885
 11
609.3922222222222
 21
490.3368055555556
 31
0.0
100
AcDbText
  0
TEXT
  5
9A
330
17
100
AcDbEntity
  8
LAMINA_TEXTO
 62
250
420
0
100
AcDbText
 10
681.2614814814815
 20
502.72812500000003
 30
0.0
 40
2.6987499999999995
  1
DETALLE 4.2 - ESTRIBO DEL NUDO
  7
NEGRITA
 41
0.885
 11
681.2614814814815
 21
502.72812500000003
 31
0.0
100
AcDbText
  0
TEXT
  5
9B
330
17
100
AcDbEntity
  8
LAMINA_TEXTO
 62
250
420
0
100
AcDbText
 10
681.2614814814815
 20
497.8774305555556
 30
0.0
 40
2.6987499999999995
  1
Ø10
  7
NEGRITA
 41
0.885
 11
681.2614814814815
 21
497.8774305555556
 31
0.0
100
AcDbText
  0
TEXT
  5
9C
330
17
100
AcDbEntity
  8
LAMINA_TEXTO
 62
250
420
0
100
AcDbText
 10
681.2614814814815
 20
493.6
 30
0.0
 40
2.2859999999999996
  1
4 niveles: 110, 155, 230 y 305 bajo la cara
  7
ESTANDAR
 41
0.885
 11
681.2614814814815
 21
493.6
 31
0.0
100
AcDbText
  0
TEXT
  5
9D
330
17
100
AcDbEntity
  8
LAMINA_TEXTO
 62
250
420
0
100
AcDbText
 10
681.2614814814815
 20
489.54305555555555
 30
0.0
 40
2.2859999999999996
  1
superior de las vigas (cada 75 o menos).
  7
ESTANDAR
 41
0.885
 11
681.2614814814815
 21
489.54305555555555
 31
0.0
100
AcDbText
  0
TEXT
  5
9E
330
17
100
AcDbEntity
  8
LAMINA_TEXTO
 62
250
420
0
100
AcDbText
 10
753.1307407407407
 20
502.72812500000003
 30
0.0
 40
2.6987499999999995
  1
DETALLE 4.3 - OPCIÓN: Ø10 EN 4
  7
NEGRITA
 41
0.885
 11
753.1307407407407
 21
502.72812500000003
 31
0.0
100
AcDbText
  0
TEXT
  5
9F
330
17
100
AcDbEntity
  8
LAMINA_TEXTO
 62
250
420
0
100
AcDbText
 10
753.1307407407407
 20
497.8774305555556
 30
0.0
 40
2.6987499999999995
  1
PIEZAS
  7
NEGRITA
 41
0.885
 11
753.1307407407407
 21
497.8774305555556
 31
0.0
100
AcDbText
  0
TEXT
  5
A0
330
17
100
AcDbEntity
  8
LAMINA_TEXTO
 62
250
420
0
100
AcDbText
 10
753.1307407407407
 20
493.6
 30
0.0
 40
2.2859999999999996
  1
4 piezas rectas con ganchos de 135° a las
  7
ESTANDAR
 41
0.885
 11
753.1307407407407
 21
493.6
 31
0.0
100
AcDbText
  0
TEXT
  5
A1
330
17
100
AcDbEntity
  8
LAMINA_TEXTO
 62
250
420
0
100
AcDbText
 10
753.1307407407407
 20
489.54305555555555
 30
0.0
 40
2.2859999999999996
  1
barras de esquina, una por cara.
  7
ESTANDAR
 41
0.885
 11
753.1307407407407
 21
489.54305555555555
 31
0.0
100
AcDbText
  0
TEXT
  5
A2
330
17
100
AcDbEntity
  8
LAMINA_TEXTO
 62
250
420
0
100
AcDbText
 10
609.3922222222222
 20
437.090625
 30
0.0
 40
2.6987499999999995
  1
DETALLE 4.4 - ANCLAJE A1 (COLUMNAS)
  7
NEGRITA
 41
0.885
 11
609.3922222222222
 21
437.090625
 31
0.0
100
AcDbText
  0
TEXT
  5
A3
330
17
100
AcDbEntity
  8
LAMINA_TEXTO
 62
250
420
0
100
AcDbText
 10
609.3922222222222
 20
432.81319444444443
 30
0.0
 40
2.2859999999999996
  1
Desde la cara de la columna. Placa de cabeza P1, arandela y tuerca:
  7
ESTANDAR
 41
0.885
 11
609.3922222222222
 21
432.81319444444443
 31
0.0
100
AcDbText
  0
TEXT
  5
A4
330
17
100
AcDbEntity
  8
LAMINA_TEXTO
 62
250
420
0
100
AcDbText
 10
609.3922222222222
 20
428.75624999999997
 30
0.0
 40
2.2859999999999996
  1
antes. Tuercas de nivelación y exterior: después.
  7
ESTANDAR
 41
0.885
 11
609.3922222222222
 21
428.75624999999997
 31
0.0
100
AcDbText
  0
TEXT
  5
A5
330
17
100
AcDbEntity
  8
LAMINA_TEXTO
 62
250
420
0
100
AcDbText
 10
717.1961111111111
 20
437.1108143939394
 30
0.0
 40
2.6987499999999995
  1
DETALLE 4.5 - ANCLAJE A2 (SÁNDWICH)
  7
NEGRITA
 41
0.885
 11
717.1961111111111
 21
437.1108143939394
 31
0.0
100
AcDbText
  0
TEXT
  5
A6
330
17
100
AcDbEntity
  8
LAMINA_TEXTO
 62
250
420
0
100
AcDbText
 10
717.1961111111111
 20
432.83338383838384
 30
0.0
 40
2.2859999999999996
  1
Pasante. Grout 25, placas P3, tuercas de nivelación y exteriores: después.
  7
ESTANDAR
 41
0.885
 11
717.1961111111111
 21
432.83338383838384
 31
0.0
100
AcDbText
  0
TEXT
  5
A7
330
17
100
AcDbEntity
  8
LAMINA_TEXTO
 62
250
420
0
100
AcDbText
 10
609.3922222222222
 20
370.2240972222222
 30
0.0
 40
2.6987499999999995
  1
P1 - PL 50x50x12
  7
NEGRITA
 41
0.885
 11
609.3922222222222
 21
370.2240972222222
 31
0.0
100
AcDbText
  0
TEXT
  5
A8
330
17
100
AcDbEntity
  8
LAMINA_TEXTO
 62
250
420
0
100
AcDbText
 10
609.3922222222222
 20
365.94666666666666
 30
0.0
 40
2.2859999999999996
  1
Agujero Ø18.
  7
ESTANDAR
 41
0.885
 11
609.3922222222222
 21
365.94666666666666
 31
0.0
100
AcDbText
  0
TEXT
  5
A9
330
17
100
AcDbEntity
  8
LAMINA_TEXTO
 62
250
420
0
100
AcDbText
 10
663.2941666666667
 20
366.30381944444446
 30
0.0
 40
2.6987499999999995
  1
P2 - PL 140x260x12 A36
  7
NEGRITA
 41
0.885
 11
663.2941666666667
 21
366.30381944444446
 31
0.0
100
AcDbText
  0
TEXT
  5
AA
330
17
100
AcDbEntity
  8
LAMINA_TEXTO
 62
250
420
0
100
AcDbText
 10
663.2941666666667
 20
362.0263888888889
 30
0.0
 40
2.2859999999999996
  1
Columnas. 4 agujeros Ø18.
  7
ESTANDAR
 41
0.885
 11
663.2941666666667
 21
362.0263888888889
 31
0.0
100
AcDbText
  0
TEXT
  5
AB
330
17
100
AcDbEntity
  8
LAMINA_TEXTO
 62
250
420
0
100
AcDbText
 10
744.1470833333334
 20
366.30381944444446
 30
0.0
 40
2.6987499999999995
  1
P3 - PL 140x220x12 A36
  7
NEGRITA
 41
0.885
 11
744.1470833333334
 21
366.30381944444446
 31
0.0
100
AcDbText
  0
TEXT
  5
AC
330
17
100
AcDbEntity
  8
LAMINA_TEXTO
 62
250
420
0
100
AcDbText
 10
744.1470833333334
 20
362.0263888888889
 30
0.0
 40
2.2859999999999996
  1
Sándwich. 4 agujeros Ø18.
  7
ESTANDAR
 41
0.885
 11
744.1470833333334
 21
362.0263888888889
 31
0.0
100
AcDbText
  0
TEXT
  5
AD
330
17
100
AcDbEntity
  8
LAMINA_TEXTO
 62
250
420
0
100
AcDbText
 10
607.9811111111111
 20
354.92673611111115
 30
0.0
 40
2.6987499999999995
  1
Cantidades (solo lo que se añade)
  7
NEGRITA
 41
0.885
 11
607.9811111111111
 21
354.92673611111115
 31
0.0
100
AcDbText
  0
TEXT
  5
AE
330
17
100
AcDbEntity
  8
LAMINA_TEXTO
 62
250
420
0
100
AcDbText
 10
609.0394444444445
 20
349.5027777777778
 30
0.0
 40
2.3812499999999996
  1
Marca
  7
NEGRITA
 41
0.885
 11
609.0394444444445
 21
349.5027777777778
 31
0.0
100
AcDbText
  0
TEXT
  5
AF
330
17
100
AcDbEntity
  8
LAMINA_TEXTO
 62
250
420
0
100
AcDbText
 10
626.2880666666666
 20
349.5027777777778
 30
0.0
 40
2.3812499999999996
  1
Elemento
  7
NEGRITA
 41
0.885
 11
626.2880666666666
 21
349.5027777777778
 31
0.0
100
AcDbText
  0
TEXT
  5
B0
330
17
100
AcDbEntity
  8
LAMINA_TEXTO
 62
250
420
0
100
AcDbText
 10
662.9413888888889
 20
349.5027777777778
 30
0.0
 40
2.3812499999999996
  1
Descripción
  7
NEGRITA
 41
0.885
 11
662.9413888888889
 21
349.5027777777778
 31
0.0
100
AcDbText
  0
TEXT
  5
B1
330
17
100
AcDbEntity
  8
LAMINA_TEXTO
 62
250
420
0
100
AcDbText
 10
780.0180850694445
 20
349.5027777777778
 30
0.0
 40
2.3812499999999996
  1
Por conexión
  7
NEGRITA
 41
0.885
 11
780.0180850694445
 21
349.5027777777778
 31
0.0
100
AcDbText
  0
TEXT
  5
B2
330
17
100
AcDbEntity
  8
LAMINA_TEXTO
 62
250
420
0
100
AcDbText
 10
814.629435763889
 20
349.5027777777778
 30
0.0
 40
2.3812499999999996
  1
Total
  7
NEGRITA
 41
0.885
 11
814.629435763889
 21
349.5027777777778
 31
0.0
100
AcDbText
  0
TEXT
  5
B3
330
17
100
AcDbEntity
  8
LAMINA_TEXTO
 62
250
420
0
100
AcDbText
 10
609.0394444444445
 20
344.21111111111117
 30
0.0
 40
2.3812499999999996
  1
A1
  7
ESTANDAR
 41
0.885
 11
609.0394444444445
 21
344.21111111111117
 31
0.0
100
AcDbText
  0
TEXT
  5
B4
330
17
100
AcDbEntity
  8
LAMINA_TEXTO
 62
250
420
0
100
AcDbText
 10
626.2880666666666
 20
344.21111111111117
 30
0.0
 40
2.3812499999999996
  1
Anclaje columna
  7
ESTANDAR
 41
0.885
 11
626.2880666666666
 21
344.21111111111117
 31
0.0
100
AcDbText
  0
TEXT
  5
B5
330
17
100
AcDbEntity
  8
LAMINA_TEXTO
 62
250
420
0
100
AcDbText
 10
662.9413888888889
 20
344.21111111111117
 30
0.0
 40
2.3812499999999996
  1
varilla roscada Ø16 (5/8"-11 UNC) ASTM A193 B7, L = 440
  7
ESTANDAR
 41
0.885
 11
662.9413888888889
 21
344.21111111111117
 31
0.0
100
AcDbText
  0
TEXT
  5
B6
330
17
100
AcDbEntity
  8
LAMINA_TEXTO
 62
250
420
0
100
AcDbText
 10
799.1309236111114
 20
344.21111111111117
 30
0.0
 40
2.3812499999999996
  1
4
  7
ESTANDAR
 41
0.885
 11
799.1309236111114
 21
344.21111111111117
 31
0.0
100
AcDbText
  0
TEXT
  5
B7
330
17
100
AcDbEntity
  8
LAMINA_TEXTO
 62
250
420
0
100
AcDbText
 10
818.8528472222224
 20
344.21111111111117
 30
0.0
 40
2.3812499999999996
  1
20
  7
ESTANDAR
 41
0.885
 11
818.8528472222224
 21
344.21111111111117
 31
0.0
100
AcDbText
  0
TEXT
  5
B8
330
17
100
AcDbEntity
  8
LAMINA_TEXTO
 62
250
420
0
100
AcDbText
 10
609.0394444444445
 20
338.9194444444445
 30
0.0
 40
2.3812499999999996
  1
A2
  7
ESTANDAR
 41
0.885
 11
609.0394444444445
 21
338.9194444444445
 31
0.0
100
AcDbText
  0
TEXT
  5
B9
330
17
100
AcDbEntity
  8
LAMINA_TEXTO
 62
250
420
0
100
AcDbText
 10
626.2880666666666
 20
338.9194444444445
 30
0.0
 40
2.3812499999999996
  1
Anclaje sándwich
  7
ESTANDAR
 41
0.885
 11
626.2880666666666
 21
338.9194444444445
 31
0.0
100
AcDbText
  0
TEXT
  5
BA
330
17
100
AcDbEntity
  8
LAMINA_TEXTO
 62
250
420
0
100
AcDbText
 10
662.9413888888889
 20
338.9194444444445
 30
0.0
 40
2.3812499999999996
  1
varilla roscada Ø16 (5/8"-11 UNC) ASTM A193 B7, L = 440
  7
ESTANDAR
 41
0.885
 11
662.9413888888889
 21
338.9194444444445
 31
0.0
100
AcDbText
  0
TEXT
  5
BB
330
17
100
AcDbEntity
  8
LAMINA_TEXTO
 62
250
420
0
100
AcDbText
 10
799.1309236111114
 20
338.9194444444445
 30
0.0
 40
2.3812499999999996
  1
4
  7
ESTANDAR
 41
0.885
 11
799.1309236111114
 21
338.9194444444445
 31
0.0
100
AcDbText
  0
TEXT
  5
BC
330
17
100
AcDbEntity
  8
LAMINA_TEXTO
 62
250
420
0
100
AcDbText
 10
818.8528472222224
 20
338.9194444444445
 30
0.0
 40
2.3812499999999996
  1
40
  7
ESTANDAR
 41
0.885
 11
818.8528472222224
 21
338.9194444444445
 31
0.0
100
AcDbText
  0
TEXT
  5
BD
330
17
100
AcDbEntity
  8
LAMINA_TEXTO
 62
250
420
0
100
AcDbText
 10
609.0394444444445
 20
333.6277777777778
 30
0.0
 40
2.3812499999999996
  1
P1
  7
ESTANDAR
 41
0.885
 11
609.0394444444445
 21
333.6277777777778
 31
0.0
100
AcDbText
  0
TEXT
  5
BE
330
17
100
AcDbEntity
  8
LAMINA_TEXTO
 62
250
420
0
100
AcDbText
 10
626.2880666666666
 20
333.6277777777778
 30
0.0
 40
2.3812499999999996
  1
Placa de cabeza
  7
ESTANDAR
 41
0.885
 11
626.2880666666666
 21
333.6277777777778
 31
0.0
100
AcDbText
  0
TEXT
  5
BF
330
17
100
AcDbEntity
  8
LAMINA_TEXTO
 62
250
420
0
100
AcDbText
 10
662.9413888888889
 20
333.6277777777778
 30
0.0
 40
2.3812499999999996
  1
PL 50x50x12 A36, agujero Ø18 (una por A1)
  7
ESTANDAR
 41
0.885
 11
662.9413888888889
 21
333.6277777777778
 31
0.0
100
AcDbText
  0
TEXT
  5
C0
330
17
100
AcDbEntity
  8
LAMINA_TEXTO
 62
250
420
0
100
AcDbText
 10
799.1309236111114
 20
333.6277777777778
 30
0.0
 40
2.3812499999999996
  1
4
  7
ESTANDAR
 41
0.885
 11
799.1309236111114
 21
333.6277777777778
 31
0.0
100
AcDbText
  0
TEXT
  5
C1
330
17
100
AcDbEntity
  8
LAMINA_TEXTO
 62
250
420
0
100
AcDbText
 10
818.8528472222224
 20
333.6277777777778
 30
0.0
 40
2.3812499999999996
  1
20
  7
ESTANDAR
 41
0.885
 11
818.8528472222224
 21
333.6277777777778
 31
0.0
100
AcDbText
  0
TEXT
  5
C2
330
17
100
AcDbEntity
  8
LAMINA_TEXTO
 62
250
420
0
100
AcDbText
 10
609.0394444444445
 20
328.33611111111117
 30
0.0
 40
2.3812499999999996
  1
P2
  7
ESTANDAR
 41
0.885
 11
609.0394444444445
 21
328.33611111111117
 31
0.0
100
AcDbText
  0
TEXT
  5
C3
330
17
100
AcDbEntity
  8
LAMINA_TEXTO
 62
250
420
0
100
AcDbText
 10
626.2880666666666
 20
328.33611111111117
 30
0.0
 40
2.3812499999999996
  1
Placa extremo
  7
ESTANDAR
 41
0.885
 11
626.2880666666666
 21
328.33611111111117
 31
0.0
100
AcDbText
  0
TEXT
  5
C4
330
17
100
AcDbEntity
  8
LAMINA_TEXTO
 62
250
420
0
100
AcDbText
 10
662.9413888888889
 20
328.33611111111117
 30
0.0
 40
2.3812499999999996
  1
PL 140x260x12 A36, 4 agujeros Ø18 (después)
  7
ESTANDAR
 41
0.885
 11
662.9413888888889
 21
328.33611111111117
 31
0.0
100
AcDbText
  0
TEXT
  5
C5
330
17
100
AcDbEntity
  8
LAMINA_TEXTO
 62
250
420
0
100
AcDbText
 10
799.1309236111114
 20
328.33611111111117
 30
0.0
 40
2.3812499999999996
  1
1
  7
ESTANDAR
 41
0.885
 11
799.1309236111114
 21
328.33611111111117
 31
0.0
100
AcDbText
  0
TEXT
  5
C6
330
17
100
AcDbEntity
  8
LAMINA_TEXTO
 62
250
420
0
100
AcDbText
 10
820.6917013888889
 20
328.33611111111117
 30
0.0
 40
2.3812499999999996
  1
5
  7
ESTANDAR
 41
0.885
 11
820.6917013888889
 21
328.33611111111117
 31
0.0
100
AcDbText
  0
TEXT
  5
C7
330
17
100
AcDbEntity
  8
LAMINA_TEXTO
 62
250
420
0
100
AcDbText
 10
609.0394444444445
 20
323.0444444444445
 30
0.0
 40
2.3812499999999996
  1
P3
  7
ESTANDAR
 41
0.885
 11
609.0394444444445
 21
323.0444444444445
 31
0.0
100
AcDbText
  0
TEXT
  5
C8
330
17
100
AcDbEntity
  8
LAMINA_TEXTO
 62
250
420
0
100
AcDbText
 10
626.2880666666666
 20
323.0444444444445
 30
0.0
 40
2.3812499999999996
  1
Placa sándwich
  7
ESTANDAR
 41
0.885
 11
626.2880666666666
 21
323.0444444444445
 31
0.0
100
AcDbText
  0
TEXT
  5
C9
330
17
100
AcDbEntity
  8
LAMINA_TEXTO
 62
250
420
0
100
AcDbText
 10
662.9413888888889
 20
323.0444444444445
 30
0.0
 40
2.3812499999999996
  1
PL 140x220x12 A36, 4 agujeros Ø18 (después)
  7
ESTANDAR
 41
0.885
 11
662.9413888888889
 21
323.0444444444445
 31
0.0
100
AcDbText
  0
TEXT
  5
CA
330
17
100
AcDbEntity
  8
LAMINA_TEXTO
 62
250
420
0
100
AcDbText
 10
799.1309236111114
 20
323.0444444444445
 30
0.0
 40
2.3812499999999996
  1
2
  7
ESTANDAR
 41
0.885
 11
799.1309236111114
 21
323.0444444444445
 31
0.0
100
AcDbText
  0
TEXT
  5
CB
330
17
100
AcDbEntity
  8
LAMINA_TEXTO
 62
250
420
0
100
AcDbText
 10
818.8528472222224
 20
323.0444444444445
 30
0.0
 40
2.3812499999999996
  1
20
  7
ESTANDAR
 41
0.885
 11
818.8528472222224
 21
323.0444444444445
 31
0.0
100
AcDbText
  0
TEXT
  5
CC
330
17
100
AcDbEntity
  8
LAMINA_TEXTO
 62
250
420
0
100
AcDbText
 10
609.0394444444445
 20
315.7684027777778
 30
0.0
 40
2.3812499999999996
  1
T
  7
ESTANDAR
 41
0.885
 11
609.0394444444445
 21
315.7684027777778
 31
0.0
100
AcDbText
  0
TEXT
  5
CD
330
17
100
AcDbEntity
  8
LAMINA_TEXTO
 62
250
420
0
100
AcDbText
 10
626.2880666666666
 20
315.7684027777778
 30
0.0
 40
2.3812499999999996
  1
Tuerca
  7
ESTANDAR
 41
0.885
 11
626.2880666666666
 21
315.7684027777778
 31
0.0
100
AcDbText
  0
TEXT
  5
CE
330
17
100
AcDbEntity
  8
LAMINA_TEXTO
 62
250
420
0
100
AcDbText
 10
662.9413888888889
 20
317.7527777777778
 30
0.0
 40
2.3812499999999996
  1
5/8"-11 UNC grado 8 o A194 2H: 3 por A1 (cabeza, nivelación, exterior), 4
  7
ESTANDAR
 41
0.885
 11
662.9413888888889
 21
317.7527777777778
 31
0.0
100
AcDbText
  0
TEXT
  5
CF
330
17
100
AcDbEntity
  8
LAMINA_TEXTO
 62
250
420
0
100
AcDbText
 10
662.9413888888889
 20
313.7840277777778
 30
0.0
 40
2.3812499999999996
  1
por A2 (2 de nivelación, 2 exteriores)
  7
ESTANDAR
 41
0.885
 11
662.9413888888889
 21
313.7840277777778
 31
0.0
100
AcDbText
  0
TEXT
  5
D0
330
17
100
AcDbEntity
  8
LAMINA_TEXTO
 62
250
420
0
100
AcDbText
 10
799.8684496527779
 20
315.7684027777778
 30
0.0
 40
2.3812499999999996
  1
-
  7
ESTANDAR
 41
0.885
 11
799.8684496527779
 21
315.7684027777778
 31
0.0
100
AcDbText
  0
TEXT
  5
D1
330
17
100
AcDbEntity
  8
LAMINA_TEXTO
 62
250
420
0
100
AcDbText
 10
817.0139930555557
 20
315.7684027777778
 30
0.0
 40
2.3812499999999996
  1
220
  7
ESTANDAR
 41
0.885
 11
817.0139930555557
 21
315.7684027777778
 31
0.0
100
AcDbText
  0
TEXT
  5
D2
330
17
100
AcDbEntity
  8
LAMINA_TEXTO
 62
250
420
0
100
AcDbText
 10
609.0394444444445
 20
308.49236111111117
 30
0.0
 40
2.3812499999999996
  1
W
  7
ESTANDAR
 41
0.885
 11
609.0394444444445
 21
308.49236111111117
 31
0.0
100
AcDbText
  0
TEXT
  5
D3
330
17
100
AcDbEntity
  8
LAMINA_TEXTO
 62
250
420
0
100
AcDbText
 10
626.2880666666666
 20
308.49236111111117
 30
0.0
 40
2.3812499999999996
  1
Arandela
  7
ESTANDAR
 41
0.885
 11
626.2880666666666
 21
308.49236111111117
 31
0.0
100
AcDbText
  0
TEXT
  5
D4
330
17
100
AcDbEntity
  8
LAMINA_TEXTO
 62
250
420
0
100
AcDbText
 10
662.9413888888889
 20
308.49236111111117
 30
0.0
 40
2.3812499999999996
  1
plana Ø30 x 3: 3 por A1, 4 por A2
  7
ESTANDAR
 41
0.885
 11
662.9413888888889
 21
308.49236111111117
 31
0.0
100
AcDbText
  0
TEXT
  5
D5
330
17
100
AcDbEntity
  8
LAMINA_TEXTO
 62
250
420
0
100
AcDbText
 10
799.8684496527779
 20
308.49236111111117
 30
0.0
 40
2.3812499999999996
  1
-
  7
ESTANDAR
 41
0.885
 11
799.8684496527779
 21
308.49236111111117
 31
0.0
100
AcDbText
  0
TEXT
  5
D6
330
17
100
AcDbEntity
  8
LAMINA_TEXTO
 62
250
420
0
100
AcDbText
 10
817.0139930555557
 20
308.49236111111117
 30
0.0
 40
2.3812499999999996
  1
220
  7
ESTANDAR
 41
0.885
 11
817.0139930555557
 21
308.49236111111117
 31
0.0
100
AcDbText
  0
TEXT
  5
D7
330
17
100
AcDbEntity
  8
LAMINA_TEXTO
 62
250
420
0
100
AcDbText
 10
609.0394444444445
 20
303.2006944444445
 30
0.0
 40
2.3812499999999996
  1
BA
  7
ESTANDAR
 41
0.885
 11
609.0394444444445
 21
303.2006944444445
 31
0.0
100
AcDbText
  0
TEXT
  5
D8
330
17
100
AcDbEntity
  8
LAMINA_TEXTO
 62
250
420
0
100
AcDbText
 10
626.2880666666666
 20
303.2006944444445
 30
0.0
 40
2.3812499999999996
  1
Bastón
  7
ESTANDAR
 41
0.885
 11
626.2880666666666
 21
303.2006944444445
 31
0.0
100
AcDbText
  0
TEXT
  5
D9
330
17
100
AcDbEntity
  8
LAMINA_TEXTO
 62
250
420
0
100
AcDbText
 10
662.9413888888889
 20
303.2006944444445
 30
0.0
 40
2.3812499999999996
  1
Ø12 fy 4200, L = 1420 (recto 1220 + pata 200 hacia abajo)
  7
ESTANDAR
 41
0.885
 11
662.9413888888889
 21
303.2006944444445
 31
0.0
100
AcDbText
  0
TEXT
  5
DA
330
17
100
AcDbEntity
  8
LAMINA_TEXTO
 62
250
420
0
100
AcDbText
 10
799.1309236111114
 20
303.2006944444445
 30
0.0
 40
2.3812499999999996
  1
2
  7
ESTANDAR
 41
0.885
 11
799.1309236111114
 21
303.2006944444445
 31
0.0
100
AcDbText
  0
TEXT
  5
DB
330
17
100
AcDbEntity
  8
LAMINA_TEXTO
 62
250
420
0
100
AcDbText
 10
818.8528472222224
 20
303.2006944444445
 30
0.0
 40
2.3812499999999996
  1
10
  7
ESTANDAR
 41
0.885
 11
818.8528472222224
 21
303.2006944444445
 31
0.0
100
AcDbText
  0
TEXT
  5
DC
330
17
100
AcDbEntity
  8
LAMINA_TEXTO
 62
250
420
0
100
AcDbText
 10
609.0394444444445
 20
297.9090277777778
 30
0.0
 40
2.3812499999999996
  1
VE
  7
ESTANDAR
 41
0.885
 11
609.0394444444445
 21
297.9090277777778
 31
0.0
100
AcDbText
  0
TEXT
  5
DD
330
17
100
AcDbEntity
  8
LAMINA_TEXTO
 62
250
420
0
100
AcDbText
 10
626.2880666666666
 20
297.9090277777778
 30
0.0
 40
2.3812499999999996
  1
Varilla extra VCS
  7
ESTANDAR
 41
0.885
 11
626.2880666666666
 21
297.9090277777778
 31
0.0
100
AcDbText
  0
TEXT
  5
DE
330
17
100
AcDbEntity
  8
LAMINA_TEXTO
 62
250
420
0
100
AcDbText
 10
662.9413888888889
 20
297.9090277777778
 30
0.0
 40
2.3812499999999996
  1
Ø12 fy 4200, L = 1500, recta, abajo, centrada en F y G (eje 4)
  7
ESTANDAR
 41
0.885
 11
662.9413888888889
 21
297.9090277777778
 31
0.0
100
AcDbText
  0
TEXT
  5
DF
330
17
100
AcDbEntity
  8
LAMINA_TEXTO
 62
250
420
0
100
AcDbText
 10
799.8684496527779
 20
297.9090277777778
 30
0.0
 40
2.3812499999999996
  1
-
  7
ESTANDAR
 41
0.885
 11
799.8684496527779
 21
297.9090277777778
 31
0.0
100
AcDbText
  0
TEXT
  5
E0
330
17
100
AcDbEntity
  8
LAMINA_TEXTO
 62
250
420
0
100
AcDbText
 10
820.6917013888889
 20
297.9090277777778
 30
0.0
 40
2.3812499999999996
  1
2
  7
ESTANDAR
 41
0.885
 11
820.6917013888889
 21
297.9090277777778
 31
0.0
100
AcDbText
  0
TEXT
  5
E1
330
17
100
AcDbEntity
  8
LAMINA_TEXTO
 62
250
420
0
100
AcDbText
 10
609.0394444444445
 20
292.61736111111117
 30
0.0
 40
2.3812499999999996
  1
E14
  7
ESTANDAR
 41
0.885
 11
609.0394444444445
 21
292.61736111111117
 31
0.0
100
AcDbText
  0
TEXT
  5
E2
330
17
100
AcDbEntity
  8
LAMINA_TEXTO
 62
250
420
0
100
AcDbText
 10
626.2880666666666
 20
292.61736111111117
 30
0.0
 40
2.3812499999999996
  1
Estribo columna
  7
ESTANDAR
 41
0.885
 11
626.2880666666666
 21
292.61736111111117
 31
0.0
100
AcDbText
  0
TEXT
  5
E3
330
17
100
AcDbEntity
  8
LAMINA_TEXTO
 62
250
420
0
100
AcDbText
 10
662.9413888888889
 20
292.61736111111117
 30
0.0
 40
2.3812499999999996
  1
Ø14 cerrado, ganchos 135°, L ≈ 1450; 2 por columna, las 16 columnas
  7
ESTANDAR
 41
0.885
 11
662.9413888888889
 21
292.61736111111117
 31
0.0
100
AcDbText
  0
TEXT
  5
E4
330
17
100
AcDbEntity
  8
LAMINA_TEXTO
 62
250
420
0
100
AcDbText
 10
799.1309236111114
 20
292.61736111111117
 30
0.0
 40
2.3812499999999996
  1
2
  7
ESTANDAR
 41
0.885
 11
799.1309236111114
 21
292.61736111111117
 31
0.0
100
AcDbText
  0
TEXT
  5
E5
330
17
100
AcDbEntity
  8
LAMINA_TEXTO
 62
250
420
0
100
AcDbText
 10
818.8528472222224
 20
292.61736111111117
 30
0.0
 40
2.3812499999999996
  1
32
  7
ESTANDAR
 41
0.885
 11
818.8528472222224
 21
292.61736111111117
 31
0.0
100
AcDbText
  0
TEXT
  5
E6
330
17
100
AcDbEntity
  8
LAMINA_TEXTO
 62
250
420
0
100
AcDbText
 10
609.0394444444445
 20
287.3256944444445
 30
0.0
 40
2.3812499999999996
  1
E10
  7
ESTANDAR
 41
0.885
 11
609.0394444444445
 21
287.3256944444445
 31
0.0
100
AcDbText
  0
TEXT
  5
E7
330
17
100
AcDbEntity
  8
LAMINA_TEXTO
 62
250
420
0
100
AcDbText
 10
626.2880666666666
 20
287.3256944444445
 30
0.0
 40
2.3812499999999996
  1
Estribo del nudo
  7
ESTANDAR
 41
0.885
 11
626.2880666666666
 21
287.3256944444445
 31
0.0
100
AcDbText
  0
TEXT
  5
E8
330
17
100
AcDbEntity
  8
LAMINA_TEXTO
 62
250
420
0
100
AcDbText
 10
662.9413888888889
 20
287.3256944444445
 30
0.0
 40
2.3812499999999996
  1
Ø10 cerrado (o 4 piezas), L ≈ 1400; 4 niveles, las 16 columnas
  7
ESTANDAR
 41
0.885
 11
662.9413888888889
 21
287.3256944444445
 31
0.0
100
AcDbText
  0
TEXT
  5
E9
330
17
100
AcDbEntity
  8
LAMINA_TEXTO
 62
250
420
0
100
AcDbText
 10
799.1309236111114
 20
287.3256944444445
 30
0.0
 40
2.3812499999999996
  1
4
  7
ESTANDAR
 41
0.885
 11
799.1309236111114
 21
287.3256944444445
 31
0.0
100
AcDbText
  0
TEXT
  5
EA
330
17
100
AcDbEntity
  8
LAMINA_TEXTO
 62
250
420
0
100
AcDbText
 10
818.8528472222224
 20
287.3256944444445
 30
0.0
 40
2.3812499999999996
  1
64
  7
ESTANDAR
 41
0.885
 11
818.8528472222224
 21
287.3256944444445
 31
0.0
100
AcDbText
  0
TEXT
  5
EB
330
17
100
AcDbEntity
  8
LAMINA_TEXTO
 62
250
420
0
100
AcDbText
 10
609.0394444444445
 20
280.0496527777778
 30
0.0
 40
2.3812499999999996
  1
G
  7
ESTANDAR
 41
0.885
 11
609.0394444444445
 21
280.0496527777778
 31
0.0
100
AcDbText
  0
TEXT
  5
EC
330
17
100
AcDbEntity
  8
LAMINA_TEXTO
 62
250
420
0
100
AcDbText
 10
626.2880666666666
 20
280.0496527777778
 30
0.0
 40
2.3812499999999996
  1
Grout
  7
ESTANDAR
 41
0.885
 11
626.2880666666666
 21
280.0496527777778
 31
0.0
100
AcDbText
  0
TEXT
  5
ED
330
17
100
AcDbEntity
  8
LAMINA_TEXTO
 62
250
420
0
100
AcDbText
 10
662.9413888888889
 20
282.0340277777778
 30
0.0
 40
2.3812499999999996
  1
sin contracción, similar a SikaGrout-212, espesor 25: bajo P2 (5) y bajo P3
  7
ESTANDAR
 41
0.885
 11
662.9413888888889
 21
282.0340277777778
 31
0.0
100
AcDbText
  0
TEXT
  5
EE
330
17
100
AcDbEntity
  8
LAMINA_TEXTO
 62
250
420
0
100
AcDbText
 10
662.9413888888889
 20
278.0652777777778
 30
0.0
 40
2.3812499999999996
  1
(20). Después de fundir
  7
ESTANDAR
 41
0.885
 11
662.9413888888889
 21
278.0652777777778
 31
0.0
100
AcDbText
  0
TEXT
  5
EF
330
17
100
AcDbEntity
  8
LAMINA_TEXTO
 62
250
420
0
100
AcDbText
 10
793.6143611111112
 20
280.0496527777778
 30
0.0
 40
2.3812499999999996
  1
1 o 2
  7
ESTANDAR
 41
0.885
 11
793.6143611111112
 21
280.0496527777778
 31
0.0
100
AcDbText
  0
TEXT
  5
F0
330
17
100
AcDbEntity
  8
LAMINA_TEXTO
 62
250
420
0
100
AcDbText
 10
818.8528472222224
 20
280.0496527777778
 30
0.0
 40
2.3812499999999996
  1
25
  7
ESTANDAR
 41
0.885
 11
818.8528472222224
 21
280.0496527777778
 31
0.0
100
AcDbText
  0
TEXT
  5
F1
330
17
100
AcDbEntity
  8
LAMINA_TEXTO
 62
250
420
0
100
AcDbText
 10
607.9811111111111
 20
271.58298611111115
 30
0.0
 40
2.6987499999999995
  1
Notas
  7
NEGRITA
 41
0.885
 11
607.9811111111111
 21
271.58298611111115
 31
0.0
100
AcDbText
  0
TEXT
  5
F2
330
17
100
AcDbEntity
  8
LAMINA_TEXTO
 62
250
420
0
100
AcDbText
 10
607.9811111111111
 20
266.1149305555556
 30
0.0
 40
2.3812499999999996
  1
1. Medidas en mm. Cotas desde la cara superior de las vigas (= cara superior de las IPE).
  7
ESTANDAR
 41
0.885
 11
607.9811111111111
 21
266.1149305555556
 31
0.0
100
AcDbText
  0
TEXT
  5
F3
330
17
100
AcDbEntity
  8
LAMINA_TEXTO
 62
250
420
0
100
AcDbText
 10
607.9811111111111
 20
261.2201388888889
 30
0.0
 40
2.3812499999999996
  1
2. Hormigón fc = 240 kg/cm2. Acero de refuerzo fy = 4200 kg/cm2.
  7
ESTANDAR
 41
0.885
 11
607.9811111111111
 21
261.2201388888889
 31
0.0
100
AcDbText
  0
TEXT
  5
F4
330
17
100
AcDbEntity
  8
LAMINA_TEXTO
 62
250
420
0
100
AcDbText
 10
607.9811111111111
 20
256.32534722222226
 30
0.0
 40
2.3812499999999996
  1
3.
  7
ESTANDAR
 41
0.885
 11
607.9811111111111
 21
256.32534722222226
 31
0.0
100
AcDbText
  0
TEXT
  5
F5
330
17
100
AcDbEntity
  8
LAMINA_TEXTO
 62
250
420
0
100
AcDbText
 10
611.6588194444445
 20
256.32534722222226
 30
0.0
 40
2.3812499999999996
  1
Anclajes A1 y A2: varilla roscada ASTM A193 B7 con certificado del proveedor.
  7
NEGRITA
 41
0.885
 11
611.6588194444445
 21
256.32534722222226
 31
0.0
100
AcDbText
  0
TEXT
  5
F6
330
17
100
AcDbEntity
  8
LAMINA_TEXTO
 62
250
420
0
100
AcDbText
 10
735.9104600694444
 20
256.32534722222226
 30
0.0
 40
2.3812499999999996
  1
 Tuercas grado 8 o A194 2H. Apretar a mano (sin torque).
  7
ESTANDAR
 41
0.885
 11
735.9104600694444
 21
256.32534722222226
 31
0.0
100
AcDbText
  0
TEXT
  5
F7
330
17
100
AcDbEntity
  8
LAMINA_TEXTO
 62
250
420
0
100
AcDbText
 10
607.9811111111111
 20
251.4305555555556
 30
0.0
 40
2.3812499999999996
  1
4.
  7
ESTANDAR
 41
0.885
 11
607.9811111111111
 21
251.4305555555556
 31
0.0
100
AcDbText
  0
TEXT
  5
F8
330
17
100
AcDbEntity
  8
LAMINA_TEXTO
 62
250
420
0
100
AcDbText
 10
611.6588194444445
 20
251.4305555555556
 30
0.0
 40
2.3812499999999996
  1
Colocar A1 y A2 antes de fundir, con una plantilla de acero perforada igual a la placa
  7
NEGRITA
 41
0.885
 11
611.6588194444445
 21
251.4305555555556
 31
0.0
100
AcDbText
  0
TEXT
  5
F9
330
17
100
AcDbEntity
  8
LAMINA_TEXTO
 62
250
420
0
100
AcDbText
 10
744.7310069444444
 20
251.4305555555556
 30
0.0
 40
2.3812499999999996
  1
 (agujeros Ø18). Proteger las roscas con cinta.
  7
ESTANDAR
 41
0.885
 11
744.7310069444444
 21
251.4305555555556
 31
0.0
100
AcDbText
  0
TEXT
  5
FA
330
17
100
AcDbEntity
  8
LAMINA_TEXTO
 62
250
420
0
100
AcDbText
 10
607.9811111111111
 20
246.53576388888894
 30
0.0
 40
2.3812499999999996
  1
5. A1: placa de cabeza P1 dentro de la jaula de estribos de la columna, punta a 345 de la cara. Si choca con una barra, inclinarla o correrla unos
  7
ESTANDAR
 41
0.885
 11
607.9811111111111
 21
246.53576388888894
 31
0.0
100
AcDbText
  0
TEXT
  5
FB
330
17
100
AcDbEntity
  8
LAMINA_TEXTO
 62
250
420
0
100
AcDbText
 10
607.9811111111111
 20
242.34652777777782
 30
0.0
 40
2.3812499999999996
  1
mm.
  7
ESTANDAR
 41
0.885
 11
607.9811111111111
 21
242.34652777777782
 31
0.0
100
AcDbText
  0
TEXT
  5
FC
330
17
100
AcDbEntity
  8
LAMINA_TEXTO
 62
250
420
0
100
AcDbText
 10
607.9811111111111
 20
237.45173611111116
 30
0.0
 40
2.3812499999999996
  1
6.
  7
ESTANDAR
 41
0.885
 11
607.9811111111111
 21
237.45173611111116
 31
0.0
100
AcDbText
  0
TEXT
  5
FD
330
17
100
AcDbEntity
  8
LAMINA_TEXTO
 62
250
420
0
100
AcDbText
 10
611.6588194444445
 20
237.45173611111116
 30
0.0
 40
2.3812499999999996
  1
Bastones Ø12 (2 por unión):
  7
NEGRITA
 41
0.885
 11
611.6588194444445
 21
237.45173611111116
 31
0.0
100
AcDbText
  0
TEXT
  5
FE
330
17
100
AcDbEntity
  8
LAMINA_TEXTO
 62
250
420
0
100
AcDbText
 10
655.9467621527778
 20
237.45173611111116
 30
0.0
 40
2.3812499999999996
  1
 pata de 200 hacia abajo a 66 de la cara del voladizo, tramo recto de 1220 hacia la viga en línea, junto al par de
  7
ESTANDAR
 41
0.885
 11
655.9467621527778
 21
237.45173611111116
 31
0.0
100
AcDbText
  0
TEXT
  5
FF
330
17
100
AcDbEntity
  8
LAMINA_TEXTO
 62
250
420
0
100
AcDbText
 10
607.9811111111111
 20
233.26250000000005
 30
0.0
 40
2.3812499999999996
  1
esquina.
  7
ESTANDAR
 41
0.885
 11
607.9811111111111
 21
233.26250000000005
 31
0.0
100
AcDbText
  0
TEXT
  5
100
330
17
100
AcDbEntity
  8
LAMINA_TEXTO
 62
250
420
0
100
AcDbText
 10
607.9811111111111
 20
228.36770833333338
 30
0.0
 40
2.3812499999999996
  1
7.
  7
ESTANDAR
 41
0.885
 11
607.9811111111111
 21
228.36770833333338
 31
0.0
100
AcDbText
  0
TEXT
  5
101
330
17
100
AcDbEntity
  8
LAMINA_TEXTO
 62
250
420
0
100
AcDbText
 10
611.6588194444445
 20
228.36770833333338
 30
0.0
 40
2.3812499999999996
  1
D4: los A1 de D4X van a 62 y 173 (debajo de los de D4Y) y sus bastones a 98.
  7
NEGRITA
 41
0.885
 11
611.6588194444445
 21
228.36770833333338
 31
0.0
100
AcDbText
  0
TEXT
  5
102
330
17
100
AcDbEntity
  8
LAMINA_TEXTO
 62
250
420
0
100
AcDbText
 10
732.6097829861111
 20
228.36770833333338
 30
0.0
 40
2.3812499999999996
  1
 Correr los estribos del nudo lo necesario.
  7
ESTANDAR
 41
0.885
 11
732.6097829861111
 21
228.36770833333338
 31
0.0
100
AcDbText
  0
TEXT
  5
103
330
17
100
AcDbEntity
  8
LAMINA_TEXTO
 62
250
420
0
100
AcDbText
 10
607.9811111111111
 20
223.47291666666672
 30
0.0
 40
2.3812499999999996
  1
8. Estribos del nudo Ø10 en las 16 columnas, a 110, 155, 230 y 305; deben quedar a 13 o más de anclajes y bastones.
  7
ESTANDAR
 41
0.885
 11
607.9811111111111
 21
223.47291666666672
 31
0.0
100
AcDbText
  0
TEXT
  5
104
330
17
100
AcDbEntity
  8
LAMINA_TEXTO
 62
250
420
0
100
AcDbText
 10
607.9811111111111
 20
218.57812500000006
 30
0.0
 40
2.3812499999999996
  1
9. 2 estribos Ø14 juntos en los 105 de la columna sobre las vigas, en las 16 columnas. Ganchos Ø16 de la columna hacia el centro.
  7
ESTANDAR
 41
0.885
 11
607.9811111111111
 21
218.57812500000006
 31
0.0
100
AcDbText
  0
TEXT
  5
105
330
17
100
AcDbEntity
  8
LAMINA_TEXTO
 62
250
420
0
100
AcDbText
 10
607.9811111111111
 20
213.68333333333337
 30
0.0
 40
2.3812499999999996
  1
10. Sándwich: un estribo Ø10 a cada lado de los anclajes A2; los demás cada 110 desde ellos. A2 entre estribos, paralelos a sus ramas.
  7
ESTANDAR
 41
0.885
 11
607.9811111111111
 21
213.68333333333337
 31
0.0
100
AcDbText
  0
TEXT
  5
106
330
17
100
AcDbEntity
  8
LAMINA_TEXTO
 62
250
420
0
100
AcDbText
 10
607.9811111111111
 20
208.7885416666667
 30
0.0
 40
2.3812499999999996
  1
11. Viga D entre 3 y 4: estribos Ø10 cada 110 de 3 a 10 y de 11 a 4; cada 140 entre 10 y 11.
  7
ESTANDAR
 41
0.885
 11
607.9811111111111
 21
208.7885416666667
 31
0.0
100
AcDbText
  0
TEXT
  5
107
330
17
100
AcDbEntity
  8
LAMINA_TEXTO
 62
250
420
0
100
AcDbText
 10
607.9811111111111
 20
203.89375000000004
 30
0.0
 40
2.3812499999999996
  1
12.
  7
ESTANDAR
 41
0.885
 11
607.9811111111111
 21
203.89375000000004
 31
0.0
100
AcDbText
  0
TEXT
  5
108
330
17
100
AcDbEntity
  8
LAMINA_TEXTO
 62
250
420
0
100
AcDbText
 10
613.4976736111112
 20
203.89375000000004
 30
0.0
 40
2.3812499999999996
  1
Después de fundir:
  7
NEGRITA
 41
0.885
 11
613.4976736111112
 21
203.89375000000004
 31
0.0
100
AcDbText
  0
TEXT
  5
109
330
17
100
AcDbEntity
  8
LAMINA_TEXTO
 62
250
420
0
100
AcDbText
 10
643.4518142361111
 20
203.89375000000004
 30
0.0
 40
2.3812499999999996
  1
 placas P2 y P3, IPE, tuercas de nivelación y exteriores, grout sin contracción similar a SikaGrout-212, 25 bajo P2 y P3.
  7
ESTANDAR
 41
0.885
 11
643.4518142361111
 21
203.89375000000004
 31
0.0
100
AcDbText
  0
TEXT
  5
10A
330
17
100
AcDbEntity
  8
LAMINA_TEXTO
 62
250
420
0
100
AcDbText
 10
607.9811111111111
 20
198.99895833333338
 30
0.0
 40
2.3812499999999996
  1
13. Soldadura E70XX: ala superior de penetración completa; ala inferior y alma, filete de 6.
  7
ESTANDAR
 41
0.885
 11
607.9811111111111
 21
198.99895833333338
 31
0.0
100
AcDbText
  0
TEXT
  5
10B
330
17
100
AcDbEntity
  8
LAMINA_TEXTO
 62
250
420
0
100
AcDbText
 10
607.9811111111111
 20
194.1041666666667
 30
0.0
 40
2.3812499999999996
  1
14. La columna se funde hasta el fondo de las vigas; nudo, vigas y cabeza de columna en una sola fundida.
  7
ESTANDAR
 41
0.885
 11
607.9811111111111
 21
194.1041666666667
 31
0.0
100
AcDbText
  0
INSERT
  5
306
330
17
100
AcDbEntity
  8
DETALLES
100
AcDbBlockReference
  2
DET_01_planta-de-ubicacion
 10
169.71
 20
421.915
 30
0.0
  0
INSERT
  5
343
330
17
100
AcDbEntity
  8
DETALLES
100
AcDbBlockReference
  2
DET_02_corte-a-a-vcs-112-eje-4
 10
68.177
 20
226.944
 30
0.0
  0
INSERT
  5
3A4
330
17
100
AcDbEntity
  8
DETALLES
100
AcDbBlockReference
  2
DET_03_corte-b-b-vcm-con-bastones
 10
169.71
 20
226.944
 30
0.0
  0
INSERT
  5
3FD
330
17
100
AcDbEntity
  8
DETALLES
100
AcDbBlockReference
  2
DET_04_corte-c-c-vcs-con-bastones
 10
271.243
 20
226.944
 30
0.0
  0
INSERT
  5
502
330
17
100
AcDbEntity
  8
DETALLES
100
AcDbBlockReference
  2
DET_05_detalle-2-1-c4-corte-por-el-eje-del-voladizo
 10
464.995
 20
517.507
 30
0.0
  0
INSERT
  5
5D6
330
17
100
AcDbEntity
  8
DETALLES
100
AcDbBlockReference
  2
DET_06_detalle-2-2-c4-vista-desde-el-voladizo
 10
394.913
 20
414.143
 30
0.0
  0
INSERT
  5
68D
330
17
100
AcDbEntity
  8
DETALLES
100
AcDbBlockReference
  2
DET_07_detalle-2-3-c4-planta-a-la-altura-de-los-a1
 10
535.077
 20
384.545
 30
0.0
  0
INSERT
  5
778
330
17
100
AcDbEntity
  8
DETALLES
100
AcDbBlockReference
  2
DET_08_detalle-2-4-d4-vista-desde-el-sur
 10
464.995
 20
248.316
 30
0.0
  0
INSERT
  5
839
330
17
100
AcDbEntity
  8
DETALLES
100
AcDbBlockReference
  2
DET_09_detalle-3-1-sandwich-vista-lateral-de-la-viga
 10
394.913
 20
133.908
 30
0.0
  0
INSERT
  5
8BE
330
17
100
AcDbEntity
  8
DETALLES
100
AcDbBlockReference
  2
DET_10_detalle-3-2-sandwich-planta-por-los-anclajes
 10
535.077
 20
125.032
 30
0.0
  0
INSERT
  5
8F7
330
17
100
AcDbEntity
  8
DETALLES
100
AcDbBlockReference
  2
DET_11_detalle-4-1-estribo-14
 10
643.916
 20
537.182
 30
0.0
  0
INSERT
  5
930
330
17
100
AcDbEntity
  8
DETALLES
100
AcDbBlockReference
  2
DET_12_detalle-4-2-estribo-del-nudo-10
 10
715.785
 20
537.182
 30
0.0
  0
INSERT
  5
962
330
17
100
AcDbEntity
  8
DETALLES
100
AcDbBlockReference
  2
DET_13_detalle-4-3-opcion-10-en-4-piezas
 10
787.654
 20
537.182
 30
0.0
  0
INSERT
  5
9AC
330
17
100
AcDbEntity
  8
DETALLES
100
AcDbBlockReference
  2
DET_14_detalle-4-4-anclaje-a1-columnas
 10
661.883
 20
464.044
 30
0.0
  0
INSERT
  5
9E0
330
17
100
AcDbEntity
  8
DETALLES
100
AcDbBlockReference
  2
DET_15_detalle-4-5-anclaje-a2-sandwich
 10
769.687
 20
464.055
 30
0.0
  0
INSERT
  5
A09
330
17
100
AcDbEntity
  8
DETALLES
100
AcDbBlockReference
  2
DET_16_p1-pl-50x50x12
 10
634.932
 20
400.218
 30
0.0
  0
INSERT
  5
A63
330
17
100
AcDbEntity
  8
DETALLES
100
AcDbBlockReference
  2
DET_17_p2-pl-140x260x12-a36
 10
702.31
 20
398.258
 30
0.0
  0
INSERT
  5
ABD
330
17
100
AcDbEntity
  8
DETALLES
100
AcDbBlockReference
  2
DET_18_p3-pl-140x220x12-a36
 10
783.162
 20
398.258
 30
0.0
  0
ENDSEC
  0
SECTION
  2
OBJECTS
  0
DICTIONARY
  5
A
330
0
100
AcDbDictionary
281
1
  3
ACAD_COLOR
350
B
  3
ACAD_GROUP
350
C
  3
ACAD_LAYOUT
350
D
  3
ACAD_MATERIAL
350
E
  3
ACAD_MLEADERSTYLE
350
F
  3
ACAD_MLINESTYLE
350
10
  3
ACAD_PLOTSETTINGS
350
11
  3
ACAD_PLOTSTYLENAME
350
12
  3
ACAD_SCALELIST
350
14
  3
ACAD_TABLESTYLE
350
15
  3
ACAD_VISUALSTYLE
350
16
  3
EZDXF_META
350
2D
  0
DICTIONARY
  5
B
330
A
100
AcDbDictionary
281
1
  0
DICTIONARY
  5
C
330
A
100
AcDbDictionary
281
1
  0
DICTIONARY
  5
D
330
A
100
AcDbDictionary
281
1
  3
Model
350
1A
  3
Layout1
350
1E
  0
DICTIONARY
  5
E
330
A
100
AcDbDictionary
281
1
  3
ByBlock
350
1F
  3
ByLayer
350
20
  3
Global
350
21
  0
DICTIONARY
  5
F
330
A
100
AcDbDictionary
281
1
  3
Standard
350
2C
  0
DICTIONARY
  5
10
330
A
100
AcDbDictionary
281
1
  3
Standard
350
22
  0
DICTIONARY
  5
11
330
A
100
AcDbDictionary
281
1
  0
ACDBDICTIONARYWDFLT
  5
12
330
A
100
AcDbDictionary
281
1
  3
Normal
350
13
100
AcDbDictionaryWithDefault
340
13
  0
ACDBPLACEHOLDER
  5
13
330
12
  0
DICTIONARY
  5
14
330
A
100
AcDbDictionary
281
1
  0
DICTIONARY
  5
15
330
A
100
AcDbDictionary
281
1
  0
DICTIONARY
  5
16
330
A
100
AcDbDictionary
281
1
  0
LAYOUT
  5
1A
330
D
100
AcDbPlotSettings
  1

  4
A3
  6

 40
7.5
 41
20.0
 42
7.5
 43
20.0
 44
420.0
 45
297.0
 46
0.0
 47
0.0
 48
0.0
 49
0.0
140
0.0
141
0.0
142
1.0
143
1.0
 70
1024
 72
1
 73
0
 74
5
  7

 75
16
 76
0
 77
2
 78
300
147
1.0
148
0.0
149
0.0
100
AcDbLayout
  1
Model
 70
1
 71
0
 10
0.0
 20
0.0
 11
420.0
 21
297.0
 12
0.0
 22
0.0
 32
0.0
 14
1e+20
 24
1e+20
 34
1e+20
 15
-1e+20
 25
-1e+20
 35
-1e+20
146
0.0
 13
0.0
 23
0.0
 33
0.0
 16
1.0
 26
0.0
 36
0.0
 17
0.0
 27
1.0
 37
0.0
 76
1
330
17
  0
LAYOUT
  5
1E
330
D
100
AcDbPlotSettings
  1

  4
A3
  6

 40
7.5
 41
20.0
 42
7.5
 43
20.0
 44
420.0
 45
297.0
 46
0.0
 47
0.0
 48
0.0
 49
0.0
140
0.0
141
0.0
142
1.0
143
1.0
 70
0
 72
1
 73
0
 74
5
  7

 75
16
 76
0
 77
2
 78
300
147
1.0
148
0.0
149
0.0
100
AcDbLayout
  1
Layout1
 70
1
 71
1
 10
0.0
 20
0.0
 11
420.0
 21
297.0
 12
0.0
 22
0.0
 32
0.0
 14
1e+20
 24
1e+20
 34
1e+20
 15
-1e+20
 25
-1e+20
 35
-1e+20
146
0.0
 13
0.0
 23
0.0
 33
0.0
 16
1.0
 26
0.0
 36
0.0
 17
0.0
 27
1.0
 37
0.0
 76
1
330
1B
  0
MATERIAL
  5
1F
102
{ACAD_REACTORS
330
E
102
}
330
E
100
AcDbMaterial
  1
ByBlock
  2

 70
0
 40
1.0
 71
1
 41
1.0
 91
-1023410177
 42
1.0
 72
1
  3

 73
1
 74
1
 75
1
 44
0.5
 73
0
 45
1.0
 46
1.0
 77
1
  4

 78
1
 79
1
170
1
 48
1.0
171
1
  6

172
1
173
1
174
1
140
1.0
141
1.0
175
1
  7

176
1
177
1
178
1
143
1.0
179
1
  8

270
1
271
1
272
1
145
1.0
146
1.0
273
1
  9

274
1
275
1
276
1
 42
1.0
 72
1
  3

 73
1
 74
1
 75
1
 94
63
  0
MATERIAL
  5
20
102
{ACAD_REACTORS
330
E
102
}
330
E
100
AcDbMaterial
  1
ByLayer
  2

 70
0
 40
1.0
 71
1
 41
1.0
 91
-1023410177
 42
1.0
 72
1
  3

 73
1
 74
1
 75
1
 44
0.5
 73
0
 45
1.0
 46
1.0
 77
1
  4

 78
1
 79
1
170
1
 48
1.0
171
1
  6

172
1
173
1
174
1
140
1.0
141
1.0
175
1
  7

176
1
177
1
178
1
143
1.0
179
1
  8

270
1
271
1
272
1
145
1.0
146
1.0
273
1
  9

274
1
275
1
276
1
 42
1.0
 72
1
  3

 73
1
 74
1
 75
1
 94
63
  0
MATERIAL
  5
21
102
{ACAD_REACTORS
330
E
102
}
330
E
100
AcDbMaterial
  1
Global
  2

 70
0
 40
1.0
 71
1
 41
1.0
 91
-1023410177
 42
1.0
 72
1
  3

 73
1
 74
1
 75
1
 44
0.5
 73
0
 45
1.0
 46
1.0
 77
1
  4

 78
1
 79
1
170
1
 48
1.0
171
1
  6

172
1
173
1
174
1
140
1.0
141
1.0
175
1
  7

176
1
177
1
178
1
143
1.0
179
1
  8

270
1
271
1
272
1
145
1.0
146
1.0
273
1
  9

274
1
275
1
276
1
 42
1.0
 72
1
  3

 73
1
 74
1
 75
1
 94
63
  0
MLINESTYLE
  5
22
102
{ACAD_REACTORS
330
10
102
}
330
10
100
AcDbMlineStyle
  2
Standard
 70
0
  3

 62
256
 51
90.0
 52
90.0
 71
2
 49
0.5
 62
256
  6
BYLAYER
 49
-0.5
 62
256
  6
BYLAYER
  0
MLEADERSTYLE
  5
2C
102
{ACAD_REACTORS
330
F
102
}
330
F
100
AcDbMLeaderStyle
179
2
170
2
171
1
172
0
 90
2
 40
0.0
 41
0.0
173
1
 91
-1056964608
 92
-2
290
1
 42
2.0
291
1
 43
8.0
  3
Standard
 44
4.0
300

342
29
174
1
175
1
176
0
178
1
 93
-1056964608
 45
4.0
292
0
297
0
 46
4.0
 94
-1056964608
 47
1.0
 49
1.0
140
1.0
294
1
141
0.0
177
0
142
1.0
295
0
296
0
143
3.75
271
0
272
9
273
9
  0
DICTIONARY
  5
2D
330
A
100
AcDbDictionary
280
1
281
1
  3
CREATED_BY_EZDXF
350
2E
  3
WRITTEN_BY_EZDXF
350
AC1
  0
DICTIONARYVAR
  5
2E
330
2D
100
DictionaryVariables
280
0
  1
1.4.4 @ 2026-10-09T22:16:32.983628+00:00
  0
DICTIONARYVAR
  5
AC1
330
2D
100
DictionaryVariables
280
0
  1
1.4.4 @ 2026-10-09T22:16:33.348593+00:00
  0
ENDSEC
  0
EOF
